ISO-10303-21;
HEADER;
/* Generated by software containing ST-Developer
 * from STEP Tools, Inc. (www.steptools.com) 
 */

FILE_DESCRIPTION(
/* description */ (''),
/* implementation_level */ '2;1');

FILE_NAME(
/* name */ 'Steppertreiber.stp',
/* time_stamp */ '2025-04-14T12:09:25+02:00',
/* author */ ('mexen'),
/* organization */ (''),
/* preprocessor_version */ 'ST-DEVELOPER v20',
/* originating_system */ 'Autodesk Inventor 2025',
/* authorisation */ '');

FILE_SCHEMA (('AUTOMOTIVE_DESIGN { 1 0 10303 214 3 1 1 }'));
ENDSEC;

DATA;
#10=MECHANICAL_DESIGN_GEOMETRIC_PRESENTATION_REPRESENTATION('',(#116,#117,
#118,#119,#120,#121,#122,#123,#124,#125,#126,#127,#128,#129,#130,#131,#132,
#133,#134,#135,#136,#137,#138,#139,#140,#141,#142,#143,#144,#145,#146,#147,
#148,#149,#150,#151,#152,#153,#154),#8732);
#11=APPLIED_GROUP_ASSIGNMENT(#12,(#39,#40,#41,#42,#43,#44,#45,#46,#47,#48,
#49,#50,#51,#52,#53,#54,#55,#56));
#12=GROUP('Zusammengesetzt1',$);
#13=ITEM_DEFINED_TRANSFORMATION($,$,#5530,#5847);
#14=ITEM_DEFINED_TRANSFORMATION($,$,#5553,#5848);
#15=(
REPRESENTATION_RELATIONSHIP($,$,#8746,#8745)
REPRESENTATION_RELATIONSHIP_WITH_TRANSFORMATION(#13)
SHAPE_REPRESENTATION_RELATIONSHIP()
);
#16=(
REPRESENTATION_RELATIONSHIP($,$,#8747,#8745)
REPRESENTATION_RELATIONSHIP_WITH_TRANSFORMATION(#14)
SHAPE_REPRESENTATION_RELATIONSHIP()
);
#17=CONTEXT_DEPENDENT_SHAPE_REPRESENTATION(#15,#8743);
#18=CONTEXT_DEPENDENT_SHAPE_REPRESENTATION(#16,#8744);
#19=NEXT_ASSEMBLY_USAGE_OCCURRENCE('Heatsink for motor driver',
'Heatsink for motor driver','Heatsink for motor driver',#8749,#8750,
'Heatsink for motor driver');
#20=NEXT_ASSEMBLY_USAGE_OCCURRENCE('Stepper motor Driver',
'Stepper motor Driver','Stepper motor Driver',#8749,#8751,
'Stepper motor Driver');
#21=OPEN_SHELL('',(#5380));
#22=OPEN_SHELL('',(#5381));
#23=OPEN_SHELL('',(#5382));
#24=OPEN_SHELL('',(#5383));
#25=OPEN_SHELL('',(#5384));
#26=OPEN_SHELL('',(#5385));
#27=OPEN_SHELL('',(#5386));
#28=OPEN_SHELL('',(#5387));
#29=OPEN_SHELL('',(#5388));
#30=OPEN_SHELL('',(#5389));
#31=OPEN_SHELL('',(#5390));
#32=OPEN_SHELL('',(#5391));
#33=OPEN_SHELL('',(#5392));
#34=OPEN_SHELL('',(#5393));
#35=OPEN_SHELL('',(#5394));
#36=OPEN_SHELL('',(#5395));
#37=OPEN_SHELL('',(#5396));
#38=OPEN_SHELL('',(#5397));
#39=SHELL_BASED_SURFACE_MODEL('Fl\X\E41',(#21));
#40=SHELL_BASED_SURFACE_MODEL('Fl\X\E41',(#22));
#41=SHELL_BASED_SURFACE_MODEL('Fl\X\E41',(#23));
#42=SHELL_BASED_SURFACE_MODEL('Fl\X\E41',(#24));
#43=SHELL_BASED_SURFACE_MODEL('Fl\X\E41',(#25));
#44=SHELL_BASED_SURFACE_MODEL('Fl\X\E41',(#26));
#45=SHELL_BASED_SURFACE_MODEL('Fl\X\E41',(#27));
#46=SHELL_BASED_SURFACE_MODEL('Fl\X\E41',(#28));
#47=SHELL_BASED_SURFACE_MODEL('Fl\X\E41',(#29));
#48=SHELL_BASED_SURFACE_MODEL('Fl\X\E41',(#30));
#49=SHELL_BASED_SURFACE_MODEL('Fl\X\E41',(#31));
#50=SHELL_BASED_SURFACE_MODEL('Fl\X\E41',(#32));
#51=SHELL_BASED_SURFACE_MODEL('Fl\X\E41',(#33));
#52=SHELL_BASED_SURFACE_MODEL('Fl\X\E41',(#34));
#53=SHELL_BASED_SURFACE_MODEL('Fl\X\E41',(#35));
#54=SHELL_BASED_SURFACE_MODEL('Fl\X\E41',(#36));
#55=SHELL_BASED_SURFACE_MODEL('Fl\X\E41',(#37));
#56=SHELL_BASED_SURFACE_MODEL('Fl\X\E41',(#38));
#57=CYLINDRICAL_SURFACE('',#5801,1.15845478775849);
#58=CYLINDRICAL_SURFACE('',#5813,0.455888063224443);
#59=CYLINDRICAL_SURFACE('',#5817,0.455888063224443);
#60=CYLINDRICAL_SURFACE('',#5821,0.455888063224444);
#61=CYLINDRICAL_SURFACE('',#5825,0.455888063224443);
#62=CIRCLE('',#5793,1.15845478775849);
#63=CIRCLE('',#5794,0.455888063224443);
#64=CIRCLE('',#5796,1.15845478775849);
#65=CIRCLE('',#5797,0.455888063224443);
#66=CIRCLE('',#5799,1.15845478775849);
#67=CIRCLE('',#5800,0.455888063224444);
#68=CIRCLE('',#5802,1.15845478775849);
#69=CIRCLE('',#5803,1.15845478775849);
#70=CIRCLE('',#5804,1.15845478775849);
#71=CIRCLE('',#5805,1.15845478775849);
#72=CIRCLE('',#5806,1.15845478775849);
#73=CIRCLE('',#5807,1.15845478775849);
#74=CIRCLE('',#5808,1.15845478775849);
#75=CIRCLE('',#5810,0.455888063224443);
#76=CIRCLE('',#5814,0.455888063224443);
#77=CIRCLE('',#5818,0.455888063224443);
#78=CIRCLE('',#5822,0.455888063224444);
#79=CIRCLE('',#5826,0.455888063224443);
#80=FACE_BOUND('',#490,.T.);
#81=FACE_BOUND('',#491,.T.);
#82=FACE_BOUND('',#492,.T.);
#83=FACE_BOUND('',#493,.T.);
#84=FACE_BOUND('',#494,.T.);
#85=FACE_BOUND('',#495,.T.);
#86=FACE_BOUND('',#496,.T.);
#87=FACE_BOUND('',#497,.T.);
#88=FACE_BOUND('',#498,.T.);
#89=FACE_BOUND('',#499,.T.);
#90=FACE_BOUND('',#500,.T.);
#91=FACE_BOUND('',#501,.T.);
#92=FACE_BOUND('',#502,.T.);
#93=FACE_BOUND('',#503,.T.);
#94=FACE_BOUND('',#504,.T.);
#95=FACE_BOUND('',#505,.T.);
#96=FACE_BOUND('',#507,.T.);
#97=FACE_BOUND('',#508,.T.);
#98=FACE_BOUND('',#509,.T.);
#99=FACE_BOUND('',#510,.T.);
#100=FACE_BOUND('',#511,.T.);
#101=FACE_BOUND('',#512,.T.);
#102=FACE_BOUND('',#513,.T.);
#103=FACE_BOUND('',#514,.T.);
#104=FACE_BOUND('',#515,.T.);
#105=FACE_BOUND('',#516,.T.);
#106=FACE_BOUND('',#517,.T.);
#107=FACE_BOUND('',#518,.T.);
#108=FACE_BOUND('',#519,.T.);
#109=FACE_BOUND('',#520,.T.);
#110=FACE_BOUND('',#521,.T.);
#111=FACE_BOUND('',#522,.T.);
#112=SHAPE_REPRESENTATION_RELATIONSHIP('SRR','None',#8746,#114);
#113=SHAPE_REPRESENTATION_RELATIONSHIP('SRR','None',#8747,#115);
#114=ADVANCED_BREP_SHAPE_REPRESENTATION('',(#155),#8730);
#115=ADVANCED_BREP_SHAPE_REPRESENTATION('',(#156,#157,#158,#159,#160,#161,
#162,#163,#164,#165,#166,#167,#168,#169),#8731);
#116=STYLED_ITEM('',(#5440),#155);
#117=STYLED_ITEM('',(#5442),#5123);
#118=STYLED_ITEM('',(#5442),#5124);
#119=STYLED_ITEM('',(#5442),#5125);
#120=STYLED_ITEM('',(#5442),#5126);
#121=STYLED_ITEM('',(#5442),#5127);
#122=STYLED_ITEM('',(#5442),#5128);
#123=STYLED_ITEM('',(#5441),#156);
#124=STYLED_ITEM('',(#5441),#157);
#125=STYLED_ITEM('',(#5441),#158);
#126=STYLED_ITEM('',(#5443),#159);
#127=STYLED_ITEM('',(#5443),#160);
#128=STYLED_ITEM('',(#5443),#161);
#129=STYLED_ITEM('',(#5443),#162);
#130=STYLED_ITEM('',(#5443),#163);
#131=STYLED_ITEM('',(#5444),#164);
#132=STYLED_ITEM('',(#5443),#165);
#133=STYLED_ITEM('',(#5443),#166);
#134=STYLED_ITEM('',(#5441),#167);
#135=STYLED_ITEM('',(#5445),#168);
#136=STYLED_ITEM('',(#5441),#169);
#137=STYLED_ITEM('',(#5446),#5380);
#138=STYLED_ITEM('',(#5446),#5381);
#139=STYLED_ITEM('',(#5446),#5382);
#140=STYLED_ITEM('',(#5446),#5383);
#141=STYLED_ITEM('',(#5446),#5384);
#142=STYLED_ITEM('',(#5446),#5385);
#143=STYLED_ITEM('',(#5446),#5386);
#144=STYLED_ITEM('',(#5446),#5387);
#145=STYLED_ITEM('',(#5446),#5388);
#146=STYLED_ITEM('',(#5446),#5389);
#147=STYLED_ITEM('',(#5446),#5390);
#148=STYLED_ITEM('',(#5446),#5391);
#149=STYLED_ITEM('',(#5446),#5392);
#150=STYLED_ITEM('',(#5446),#5393);
#151=STYLED_ITEM('',(#5446),#5394);
#152=STYLED_ITEM('',(#5446),#5395);
#153=STYLED_ITEM('',(#5446),#5396);
#154=STYLED_ITEM('',(#5446),#5397);
#155=MANIFOLD_SOLID_BREP('Volumenk\X\F6rper1',#5398);
#156=MANIFOLD_SOLID_BREP('Volumenk\X\F6rper1',#5399);
#157=MANIFOLD_SOLID_BREP('Volumenk\X\F6rper2',#5400);
#158=MANIFOLD_SOLID_BREP('Volumenk\X\F6rper3',#5401);
#159=MANIFOLD_SOLID_BREP('Volumenk\X\F6rper4',#5402);
#160=MANIFOLD_SOLID_BREP('Volumenk\X\F6rper5',#5403);
#161=MANIFOLD_SOLID_BREP('Volumenk\X\F6rper6',#5404);
#162=MANIFOLD_SOLID_BREP('Volumenk\X\F6rper7',#5405);
#163=MANIFOLD_SOLID_BREP('Volumenk\X\F6rper8',#5406);
#164=MANIFOLD_SOLID_BREP('Volumenk\X\F6rper9',#5407);
#165=MANIFOLD_SOLID_BREP('Volumenk\X\F6rper10',#5408);
#166=MANIFOLD_SOLID_BREP('Volumenk\X\F6rper11',#5409);
#167=MANIFOLD_SOLID_BREP('Volumenk\X\F6rper12',#5410);
#168=MANIFOLD_SOLID_BREP('Volumenk\X\F6rper13',#5411);
#169=MANIFOLD_SOLID_BREP('Volumenk\X\F6rper14',#5412);
#170=FACE_OUTER_BOUND('',#467,.T.);
#171=FACE_OUTER_BOUND('',#468,.T.);
#172=FACE_OUTER_BOUND('',#469,.T.);
#173=FACE_OUTER_BOUND('',#470,.T.);
#174=FACE_OUTER_BOUND('',#471,.T.);
#175=FACE_OUTER_BOUND('',#472,.T.);
#176=FACE_OUTER_BOUND('',#473,.T.);
#177=FACE_OUTER_BOUND('',#474,.T.);
#178=FACE_OUTER_BOUND('',#475,.T.);
#179=FACE_OUTER_BOUND('',#476,.T.);
#180=FACE_OUTER_BOUND('',#477,.T.);
#181=FACE_OUTER_BOUND('',#478,.T.);
#182=FACE_OUTER_BOUND('',#479,.T.);
#183=FACE_OUTER_BOUND('',#480,.T.);
#184=FACE_OUTER_BOUND('',#481,.T.);
#185=FACE_OUTER_BOUND('',#482,.T.);
#186=FACE_OUTER_BOUND('',#483,.T.);
#187=FACE_OUTER_BOUND('',#484,.T.);
#188=FACE_OUTER_BOUND('',#485,.T.);
#189=FACE_OUTER_BOUND('',#486,.T.);
#190=FACE_OUTER_BOUND('',#487,.T.);
#191=FACE_OUTER_BOUND('',#488,.T.);
#192=FACE_OUTER_BOUND('',#489,.T.);
#193=FACE_OUTER_BOUND('',#506,.T.);
#194=FACE_OUTER_BOUND('',#523,.T.);
#195=FACE_OUTER_BOUND('',#524,.T.);
#196=FACE_OUTER_BOUND('',#525,.T.);
#197=FACE_OUTER_BOUND('',#526,.T.);
#198=FACE_OUTER_BOUND('',#527,.T.);
#199=FACE_OUTER_BOUND('',#528,.T.);
#200=FACE_OUTER_BOUND('',#529,.T.);
#201=FACE_OUTER_BOUND('',#530,.T.);
#202=FACE_OUTER_BOUND('',#531,.T.);
#203=FACE_OUTER_BOUND('',#532,.T.);
#204=FACE_OUTER_BOUND('',#533,.T.);
#205=FACE_OUTER_BOUND('',#534,.T.);
#206=FACE_OUTER_BOUND('',#535,.T.);
#207=FACE_OUTER_BOUND('',#536,.T.);
#208=FACE_OUTER_BOUND('',#537,.T.);
#209=FACE_OUTER_BOUND('',#538,.T.);
#210=FACE_OUTER_BOUND('',#539,.T.);
#211=FACE_OUTER_BOUND('',#540,.T.);
#212=FACE_OUTER_BOUND('',#541,.T.);
#213=FACE_OUTER_BOUND('',#542,.T.);
#214=FACE_OUTER_BOUND('',#543,.T.);
#215=FACE_OUTER_BOUND('',#544,.T.);
#216=FACE_OUTER_BOUND('',#545,.T.);
#217=FACE_OUTER_BOUND('',#546,.T.);
#218=FACE_OUTER_BOUND('',#547,.T.);
#219=FACE_OUTER_BOUND('',#548,.T.);
#220=FACE_OUTER_BOUND('',#549,.T.);
#221=FACE_OUTER_BOUND('',#550,.T.);
#222=FACE_OUTER_BOUND('',#551,.T.);
#223=FACE_OUTER_BOUND('',#552,.T.);
#224=FACE_OUTER_BOUND('',#553,.T.);
#225=FACE_OUTER_BOUND('',#554,.T.);
#226=FACE_OUTER_BOUND('',#555,.T.);
#227=FACE_OUTER_BOUND('',#556,.T.);
#228=FACE_OUTER_BOUND('',#557,.T.);
#229=FACE_OUTER_BOUND('',#558,.T.);
#230=FACE_OUTER_BOUND('',#559,.T.);
#231=FACE_OUTER_BOUND('',#560,.T.);
#232=FACE_OUTER_BOUND('',#561,.T.);
#233=FACE_OUTER_BOUND('',#562,.T.);
#234=FACE_OUTER_BOUND('',#563,.T.);
#235=FACE_OUTER_BOUND('',#564,.T.);
#236=FACE_OUTER_BOUND('',#565,.T.);
#237=FACE_OUTER_BOUND('',#566,.T.);
#238=FACE_OUTER_BOUND('',#567,.T.);
#239=FACE_OUTER_BOUND('',#568,.T.);
#240=FACE_OUTER_BOUND('',#569,.T.);
#241=FACE_OUTER_BOUND('',#570,.T.);
#242=FACE_OUTER_BOUND('',#571,.T.);
#243=FACE_OUTER_BOUND('',#572,.T.);
#244=FACE_OUTER_BOUND('',#573,.T.);
#245=FACE_OUTER_BOUND('',#574,.T.);
#246=FACE_OUTER_BOUND('',#575,.T.);
#247=FACE_OUTER_BOUND('',#576,.T.);
#248=FACE_OUTER_BOUND('',#577,.T.);
#249=FACE_OUTER_BOUND('',#578,.T.);
#250=FACE_OUTER_BOUND('',#579,.T.);
#251=FACE_OUTER_BOUND('',#580,.T.);
#252=FACE_OUTER_BOUND('',#581,.T.);
#253=FACE_OUTER_BOUND('',#582,.T.);
#254=FACE_OUTER_BOUND('',#583,.T.);
#255=FACE_OUTER_BOUND('',#584,.T.);
#256=FACE_OUTER_BOUND('',#585,.T.);
#257=FACE_OUTER_BOUND('',#586,.T.);
#258=FACE_OUTER_BOUND('',#587,.T.);
#259=FACE_OUTER_BOUND('',#588,.T.);
#260=FACE_OUTER_BOUND('',#589,.T.);
#261=FACE_OUTER_BOUND('',#590,.T.);
#262=FACE_OUTER_BOUND('',#591,.T.);
#263=FACE_OUTER_BOUND('',#592,.T.);
#264=FACE_OUTER_BOUND('',#593,.T.);
#265=FACE_OUTER_BOUND('',#594,.T.);
#266=FACE_OUTER_BOUND('',#595,.T.);
#267=FACE_OUTER_BOUND('',#596,.T.);
#268=FACE_OUTER_BOUND('',#597,.T.);
#269=FACE_OUTER_BOUND('',#598,.T.);
#270=FACE_OUTER_BOUND('',#599,.T.);
#271=FACE_OUTER_BOUND('',#600,.T.);
#272=FACE_OUTER_BOUND('',#601,.T.);
#273=FACE_OUTER_BOUND('',#602,.T.);
#274=FACE_OUTER_BOUND('',#603,.T.);
#275=FACE_OUTER_BOUND('',#604,.T.);
#276=FACE_OUTER_BOUND('',#605,.T.);
#277=FACE_OUTER_BOUND('',#606,.T.);
#278=FACE_OUTER_BOUND('',#607,.T.);
#279=FACE_OUTER_BOUND('',#608,.T.);
#280=FACE_OUTER_BOUND('',#609,.T.);
#281=FACE_OUTER_BOUND('',#610,.T.);
#282=FACE_OUTER_BOUND('',#611,.T.);
#283=FACE_OUTER_BOUND('',#612,.T.);
#284=FACE_OUTER_BOUND('',#613,.T.);
#285=FACE_OUTER_BOUND('',#614,.T.);
#286=FACE_OUTER_BOUND('',#615,.T.);
#287=FACE_OUTER_BOUND('',#616,.T.);
#288=FACE_OUTER_BOUND('',#617,.T.);
#289=FACE_OUTER_BOUND('',#618,.T.);
#290=FACE_OUTER_BOUND('',#619,.T.);
#291=FACE_OUTER_BOUND('',#620,.T.);
#292=FACE_OUTER_BOUND('',#621,.T.);
#293=FACE_OUTER_BOUND('',#622,.T.);
#294=FACE_OUTER_BOUND('',#623,.T.);
#295=FACE_OUTER_BOUND('',#624,.T.);
#296=FACE_OUTER_BOUND('',#625,.T.);
#297=FACE_OUTER_BOUND('',#626,.T.);
#298=FACE_OUTER_BOUND('',#627,.T.);
#299=FACE_OUTER_BOUND('',#628,.T.);
#300=FACE_OUTER_BOUND('',#629,.T.);
#301=FACE_OUTER_BOUND('',#630,.T.);
#302=FACE_OUTER_BOUND('',#631,.T.);
#303=FACE_OUTER_BOUND('',#632,.T.);
#304=FACE_OUTER_BOUND('',#633,.T.);
#305=FACE_OUTER_BOUND('',#634,.T.);
#306=FACE_OUTER_BOUND('',#635,.T.);
#307=FACE_OUTER_BOUND('',#636,.T.);
#308=FACE_OUTER_BOUND('',#637,.T.);
#309=FACE_OUTER_BOUND('',#638,.T.);
#310=FACE_OUTER_BOUND('',#639,.T.);
#311=FACE_OUTER_BOUND('',#640,.T.);
#312=FACE_OUTER_BOUND('',#641,.T.);
#313=FACE_OUTER_BOUND('',#642,.T.);
#314=FACE_OUTER_BOUND('',#643,.T.);
#315=FACE_OUTER_BOUND('',#644,.T.);
#316=FACE_OUTER_BOUND('',#645,.T.);
#317=FACE_OUTER_BOUND('',#646,.T.);
#318=FACE_OUTER_BOUND('',#647,.T.);
#319=FACE_OUTER_BOUND('',#648,.T.);
#320=FACE_OUTER_BOUND('',#649,.T.);
#321=FACE_OUTER_BOUND('',#650,.T.);
#322=FACE_OUTER_BOUND('',#651,.T.);
#323=FACE_OUTER_BOUND('',#652,.T.);
#324=FACE_OUTER_BOUND('',#653,.T.);
#325=FACE_OUTER_BOUND('',#654,.T.);
#326=FACE_OUTER_BOUND('',#655,.T.);
#327=FACE_OUTER_BOUND('',#656,.T.);
#328=FACE_OUTER_BOUND('',#657,.T.);
#329=FACE_OUTER_BOUND('',#658,.T.);
#330=FACE_OUTER_BOUND('',#659,.T.);
#331=FACE_OUTER_BOUND('',#660,.T.);
#332=FACE_OUTER_BOUND('',#661,.T.);
#333=FACE_OUTER_BOUND('',#662,.T.);
#334=FACE_OUTER_BOUND('',#663,.T.);
#335=FACE_OUTER_BOUND('',#664,.T.);
#336=FACE_OUTER_BOUND('',#665,.T.);
#337=FACE_OUTER_BOUND('',#666,.T.);
#338=FACE_OUTER_BOUND('',#667,.T.);
#339=FACE_OUTER_BOUND('',#668,.T.);
#340=FACE_OUTER_BOUND('',#669,.T.);
#341=FACE_OUTER_BOUND('',#670,.T.);
#342=FACE_OUTER_BOUND('',#671,.T.);
#343=FACE_OUTER_BOUND('',#672,.T.);
#344=FACE_OUTER_BOUND('',#673,.T.);
#345=FACE_OUTER_BOUND('',#674,.T.);
#346=FACE_OUTER_BOUND('',#675,.T.);
#347=FACE_OUTER_BOUND('',#676,.T.);
#348=FACE_OUTER_BOUND('',#677,.T.);
#349=FACE_OUTER_BOUND('',#678,.T.);
#350=FACE_OUTER_BOUND('',#679,.T.);
#351=FACE_OUTER_BOUND('',#680,.T.);
#352=FACE_OUTER_BOUND('',#681,.T.);
#353=FACE_OUTER_BOUND('',#682,.T.);
#354=FACE_OUTER_BOUND('',#683,.T.);
#355=FACE_OUTER_BOUND('',#684,.T.);
#356=FACE_OUTER_BOUND('',#685,.T.);
#357=FACE_OUTER_BOUND('',#686,.T.);
#358=FACE_OUTER_BOUND('',#687,.T.);
#359=FACE_OUTER_BOUND('',#688,.T.);
#360=FACE_OUTER_BOUND('',#689,.T.);
#361=FACE_OUTER_BOUND('',#690,.T.);
#362=FACE_OUTER_BOUND('',#691,.T.);
#363=FACE_OUTER_BOUND('',#692,.T.);
#364=FACE_OUTER_BOUND('',#693,.T.);
#365=FACE_OUTER_BOUND('',#694,.T.);
#366=FACE_OUTER_BOUND('',#695,.T.);
#367=FACE_OUTER_BOUND('',#696,.T.);
#368=FACE_OUTER_BOUND('',#697,.T.);
#369=FACE_OUTER_BOUND('',#698,.T.);
#370=FACE_OUTER_BOUND('',#699,.T.);
#371=FACE_OUTER_BOUND('',#700,.T.);
#372=FACE_OUTER_BOUND('',#701,.T.);
#373=FACE_OUTER_BOUND('',#702,.T.);
#374=FACE_OUTER_BOUND('',#703,.T.);
#375=FACE_OUTER_BOUND('',#704,.T.);
#376=FACE_OUTER_BOUND('',#705,.T.);
#377=FACE_OUTER_BOUND('',#706,.T.);
#378=FACE_OUTER_BOUND('',#707,.T.);
#379=FACE_OUTER_BOUND('',#708,.T.);
#380=FACE_OUTER_BOUND('',#709,.T.);
#381=FACE_OUTER_BOUND('',#710,.T.);
#382=FACE_OUTER_BOUND('',#711,.T.);
#383=FACE_OUTER_BOUND('',#712,.T.);
#384=FACE_OUTER_BOUND('',#713,.T.);
#385=FACE_OUTER_BOUND('',#714,.T.);
#386=FACE_OUTER_BOUND('',#715,.T.);
#387=FACE_OUTER_BOUND('',#716,.T.);
#388=FACE_OUTER_BOUND('',#717,.T.);
#389=FACE_OUTER_BOUND('',#718,.T.);
#390=FACE_OUTER_BOUND('',#719,.T.);
#391=FACE_OUTER_BOUND('',#720,.T.);
#392=FACE_OUTER_BOUND('',#721,.T.);
#393=FACE_OUTER_BOUND('',#722,.T.);
#394=FACE_OUTER_BOUND('',#723,.T.);
#395=FACE_OUTER_BOUND('',#724,.T.);
#396=FACE_OUTER_BOUND('',#725,.T.);
#397=FACE_OUTER_BOUND('',#726,.T.);
#398=FACE_OUTER_BOUND('',#727,.T.);
#399=FACE_OUTER_BOUND('',#728,.T.);
#400=FACE_OUTER_BOUND('',#729,.T.);
#401=FACE_OUTER_BOUND('',#730,.T.);
#402=FACE_OUTER_BOUND('',#731,.T.);
#403=FACE_OUTER_BOUND('',#732,.T.);
#404=FACE_OUTER_BOUND('',#733,.T.);
#405=FACE_OUTER_BOUND('',#734,.T.);
#406=FACE_OUTER_BOUND('',#735,.T.);
#407=FACE_OUTER_BOUND('',#736,.T.);
#408=FACE_OUTER_BOUND('',#737,.T.);
#409=FACE_OUTER_BOUND('',#738,.T.);
#410=FACE_OUTER_BOUND('',#739,.T.);
#411=FACE_OUTER_BOUND('',#740,.T.);
#412=FACE_OUTER_BOUND('',#741,.T.);
#413=FACE_OUTER_BOUND('',#742,.T.);
#414=FACE_OUTER_BOUND('',#743,.T.);
#415=FACE_OUTER_BOUND('',#744,.T.);
#416=FACE_OUTER_BOUND('',#745,.T.);
#417=FACE_OUTER_BOUND('',#746,.T.);
#418=FACE_OUTER_BOUND('',#747,.T.);
#419=FACE_OUTER_BOUND('',#748,.T.);
#420=FACE_OUTER_BOUND('',#749,.T.);
#421=FACE_OUTER_BOUND('',#750,.T.);
#422=FACE_OUTER_BOUND('',#751,.T.);
#423=FACE_OUTER_BOUND('',#752,.T.);
#424=FACE_OUTER_BOUND('',#753,.T.);
#425=FACE_OUTER_BOUND('',#754,.T.);
#426=FACE_OUTER_BOUND('',#755,.T.);
#427=FACE_OUTER_BOUND('',#756,.T.);
#428=FACE_OUTER_BOUND('',#757,.T.);
#429=FACE_OUTER_BOUND('',#758,.T.);
#430=FACE_OUTER_BOUND('',#759,.T.);
#431=FACE_OUTER_BOUND('',#760,.T.);
#432=FACE_OUTER_BOUND('',#761,.T.);
#433=FACE_OUTER_BOUND('',#762,.T.);
#434=FACE_OUTER_BOUND('',#763,.T.);
#435=FACE_OUTER_BOUND('',#764,.T.);
#436=FACE_OUTER_BOUND('',#765,.T.);
#437=FACE_OUTER_BOUND('',#766,.T.);
#438=FACE_OUTER_BOUND('',#767,.T.);
#439=FACE_OUTER_BOUND('',#768,.T.);
#440=FACE_OUTER_BOUND('',#769,.T.);
#441=FACE_OUTER_BOUND('',#770,.T.);
#442=FACE_OUTER_BOUND('',#771,.T.);
#443=FACE_OUTER_BOUND('',#772,.T.);
#444=FACE_OUTER_BOUND('',#773,.T.);
#445=FACE_OUTER_BOUND('',#774,.T.);
#446=FACE_OUTER_BOUND('',#775,.T.);
#447=FACE_OUTER_BOUND('',#776,.T.);
#448=FACE_OUTER_BOUND('',#777,.T.);
#449=FACE_OUTER_BOUND('',#778,.T.);
#450=FACE_OUTER_BOUND('',#779,.T.);
#451=FACE_OUTER_BOUND('',#780,.T.);
#452=FACE_OUTER_BOUND('',#781,.T.);
#453=FACE_OUTER_BOUND('',#782,.T.);
#454=FACE_OUTER_BOUND('',#783,.T.);
#455=FACE_OUTER_BOUND('',#784,.T.);
#456=FACE_OUTER_BOUND('',#785,.T.);
#457=FACE_OUTER_BOUND('',#786,.T.);
#458=FACE_OUTER_BOUND('',#787,.T.);
#459=FACE_OUTER_BOUND('',#788,.T.);
#460=FACE_OUTER_BOUND('',#789,.T.);
#461=FACE_OUTER_BOUND('',#790,.T.);
#462=FACE_OUTER_BOUND('',#791,.T.);
#463=FACE_OUTER_BOUND('',#792,.T.);
#464=FACE_OUTER_BOUND('',#793,.T.);
#465=FACE_OUTER_BOUND('',#794,.T.);
#466=FACE_OUTER_BOUND('',#795,.T.);
#467=EDGE_LOOP('',(#3435,#3436,#3437,#3438));
#468=EDGE_LOOP('',(#3439,#3440,#3441,#3442));
#469=EDGE_LOOP('',(#3443,#3444,#3445,#3446));
#470=EDGE_LOOP('',(#3447,#3448,#3449,#3450));
#471=EDGE_LOOP('',(#3451,#3452,#3453,#3454));
#472=EDGE_LOOP('',(#3455,#3456,#3457,#3458,#3459,#3460,#3461,#3462,#3463,
#3464,#3465,#3466,#3467,#3468,#3469,#3470,#3471,#3472,#3473,#3474));
#473=EDGE_LOOP('',(#3475,#3476,#3477,#3478));
#474=EDGE_LOOP('',(#3479,#3480,#3481,#3482));
#475=EDGE_LOOP('',(#3483,#3484,#3485,#3486));
#476=EDGE_LOOP('',(#3487,#3488,#3489,#3490,#3491,#3492,#3493,#3494,#3495,
#3496,#3497,#3498,#3499,#3500,#3501,#3502,#3503,#3504,#3505,#3506));
#477=EDGE_LOOP('',(#3507,#3508,#3509,#3510));
#478=EDGE_LOOP('',(#3511,#3512,#3513,#3514));
#479=EDGE_LOOP('',(#3515,#3516,#3517,#3518));
#480=EDGE_LOOP('',(#3519,#3520,#3521,#3522));
#481=EDGE_LOOP('',(#3523,#3524,#3525,#3526));
#482=EDGE_LOOP('',(#3527,#3528,#3529,#3530));
#483=EDGE_LOOP('',(#3531,#3532,#3533,#3534));
#484=EDGE_LOOP('',(#3535,#3536,#3537,#3538));
#485=EDGE_LOOP('',(#3539,#3540,#3541,#3542));
#486=EDGE_LOOP('',(#3543,#3544,#3545,#3546));
#487=EDGE_LOOP('',(#3547,#3548,#3549,#3550));
#488=EDGE_LOOP('',(#3551,#3552,#3553,#3554));
#489=EDGE_LOOP('',(#3555,#3556,#3557,#3558));
#490=EDGE_LOOP('',(#3559,#3560,#3561,#3562));
#491=EDGE_LOOP('',(#3563,#3564,#3565,#3566));
#492=EDGE_LOOP('',(#3567,#3568,#3569,#3570));
#493=EDGE_LOOP('',(#3571,#3572,#3573,#3574));
#494=EDGE_LOOP('',(#3575,#3576,#3577,#3578));
#495=EDGE_LOOP('',(#3579,#3580,#3581,#3582));
#496=EDGE_LOOP('',(#3583,#3584,#3585,#3586));
#497=EDGE_LOOP('',(#3587,#3588,#3589,#3590));
#498=EDGE_LOOP('',(#3591,#3592,#3593,#3594));
#499=EDGE_LOOP('',(#3595,#3596,#3597,#3598));
#500=EDGE_LOOP('',(#3599,#3600,#3601,#3602));
#501=EDGE_LOOP('',(#3603,#3604,#3605,#3606));
#502=EDGE_LOOP('',(#3607,#3608,#3609,#3610));
#503=EDGE_LOOP('',(#3611,#3612,#3613,#3614));
#504=EDGE_LOOP('',(#3615,#3616,#3617,#3618));
#505=EDGE_LOOP('',(#3619,#3620,#3621,#3622));
#506=EDGE_LOOP('',(#3623,#3624,#3625,#3626));
#507=EDGE_LOOP('',(#3627,#3628,#3629,#3630));
#508=EDGE_LOOP('',(#3631,#3632,#3633,#3634));
#509=EDGE_LOOP('',(#3635,#3636,#3637,#3638));
#510=EDGE_LOOP('',(#3639,#3640,#3641,#3642));
#511=EDGE_LOOP('',(#3643,#3644,#3645,#3646));
#512=EDGE_LOOP('',(#3647,#3648,#3649,#3650));
#513=EDGE_LOOP('',(#3651,#3652,#3653,#3654));
#514=EDGE_LOOP('',(#3655,#3656,#3657,#3658));
#515=EDGE_LOOP('',(#3659,#3660,#3661,#3662));
#516=EDGE_LOOP('',(#3663,#3664,#3665,#3666));
#517=EDGE_LOOP('',(#3667,#3668,#3669,#3670));
#518=EDGE_LOOP('',(#3671,#3672,#3673,#3674));
#519=EDGE_LOOP('',(#3675,#3676,#3677,#3678));
#520=EDGE_LOOP('',(#3679,#3680,#3681,#3682));
#521=EDGE_LOOP('',(#3683,#3684,#3685,#3686));
#522=EDGE_LOOP('',(#3687,#3688,#3689,#3690));
#523=EDGE_LOOP('',(#3691,#3692,#3693,#3694));
#524=EDGE_LOOP('',(#3695,#3696,#3697,#3698));
#525=EDGE_LOOP('',(#3699,#3700,#3701,#3702));
#526=EDGE_LOOP('',(#3703,#3704,#3705,#3706));
#527=EDGE_LOOP('',(#3707,#3708,#3709,#3710));
#528=EDGE_LOOP('',(#3711,#3712,#3713,#3714));
#529=EDGE_LOOP('',(#3715,#3716,#3717,#3718));
#530=EDGE_LOOP('',(#3719,#3720,#3721,#3722));
#531=EDGE_LOOP('',(#3723,#3724,#3725,#3726));
#532=EDGE_LOOP('',(#3727,#3728,#3729,#3730));
#533=EDGE_LOOP('',(#3731,#3732,#3733,#3734));
#534=EDGE_LOOP('',(#3735,#3736,#3737,#3738));
#535=EDGE_LOOP('',(#3739,#3740,#3741,#3742));
#536=EDGE_LOOP('',(#3743,#3744,#3745,#3746));
#537=EDGE_LOOP('',(#3747,#3748,#3749,#3750));
#538=EDGE_LOOP('',(#3751,#3752,#3753,#3754));
#539=EDGE_LOOP('',(#3755,#3756,#3757,#3758));
#540=EDGE_LOOP('',(#3759,#3760,#3761,#3762));
#541=EDGE_LOOP('',(#3763,#3764,#3765,#3766));
#542=EDGE_LOOP('',(#3767,#3768,#3769,#3770));
#543=EDGE_LOOP('',(#3771,#3772,#3773,#3774));
#544=EDGE_LOOP('',(#3775,#3776,#3777,#3778));
#545=EDGE_LOOP('',(#3779,#3780,#3781,#3782));
#546=EDGE_LOOP('',(#3783,#3784,#3785,#3786));
#547=EDGE_LOOP('',(#3787,#3788,#3789,#3790));
#548=EDGE_LOOP('',(#3791,#3792,#3793,#3794));
#549=EDGE_LOOP('',(#3795,#3796,#3797,#3798));
#550=EDGE_LOOP('',(#3799,#3800,#3801,#3802));
#551=EDGE_LOOP('',(#3803,#3804,#3805,#3806));
#552=EDGE_LOOP('',(#3807,#3808,#3809,#3810));
#553=EDGE_LOOP('',(#3811,#3812,#3813,#3814));
#554=EDGE_LOOP('',(#3815,#3816,#3817,#3818));
#555=EDGE_LOOP('',(#3819,#3820,#3821,#3822));
#556=EDGE_LOOP('',(#3823,#3824,#3825,#3826));
#557=EDGE_LOOP('',(#3827,#3828,#3829,#3830));
#558=EDGE_LOOP('',(#3831,#3832,#3833,#3834));
#559=EDGE_LOOP('',(#3835,#3836,#3837,#3838));
#560=EDGE_LOOP('',(#3839,#3840,#3841,#3842));
#561=EDGE_LOOP('',(#3843,#3844,#3845,#3846));
#562=EDGE_LOOP('',(#3847,#3848,#3849,#3850));
#563=EDGE_LOOP('',(#3851,#3852,#3853,#3854));
#564=EDGE_LOOP('',(#3855,#3856,#3857,#3858));
#565=EDGE_LOOP('',(#3859,#3860,#3861,#3862));
#566=EDGE_LOOP('',(#3863,#3864,#3865,#3866));
#567=EDGE_LOOP('',(#3867,#3868,#3869,#3870));
#568=EDGE_LOOP('',(#3871,#3872,#3873,#3874));
#569=EDGE_LOOP('',(#3875,#3876,#3877,#3878));
#570=EDGE_LOOP('',(#3879,#3880,#3881,#3882));
#571=EDGE_LOOP('',(#3883,#3884,#3885,#3886));
#572=EDGE_LOOP('',(#3887,#3888,#3889,#3890));
#573=EDGE_LOOP('',(#3891,#3892,#3893,#3894));
#574=EDGE_LOOP('',(#3895,#3896,#3897,#3898));
#575=EDGE_LOOP('',(#3899,#3900,#3901,#3902));
#576=EDGE_LOOP('',(#3903,#3904,#3905,#3906));
#577=EDGE_LOOP('',(#3907,#3908,#3909,#3910));
#578=EDGE_LOOP('',(#3911,#3912,#3913,#3914));
#579=EDGE_LOOP('',(#3915,#3916,#3917,#3918));
#580=EDGE_LOOP('',(#3919,#3920,#3921,#3922));
#581=EDGE_LOOP('',(#3923,#3924,#3925,#3926));
#582=EDGE_LOOP('',(#3927,#3928,#3929,#3930));
#583=EDGE_LOOP('',(#3931,#3932,#3933,#3934));
#584=EDGE_LOOP('',(#3935,#3936,#3937,#3938));
#585=EDGE_LOOP('',(#3939,#3940,#3941,#3942));
#586=EDGE_LOOP('',(#3943,#3944,#3945,#3946));
#587=EDGE_LOOP('',(#3947,#3948,#3949,#3950));
#588=EDGE_LOOP('',(#3951,#3952,#3953,#3954));
#589=EDGE_LOOP('',(#3955,#3956,#3957,#3958));
#590=EDGE_LOOP('',(#3959,#3960,#3961,#3962));
#591=EDGE_LOOP('',(#3963,#3964,#3965,#3966));
#592=EDGE_LOOP('',(#3967,#3968,#3969,#3970));
#593=EDGE_LOOP('',(#3971,#3972,#3973,#3974));
#594=EDGE_LOOP('',(#3975,#3976,#3977,#3978));
#595=EDGE_LOOP('',(#3979,#3980,#3981,#3982));
#596=EDGE_LOOP('',(#3983,#3984,#3985,#3986));
#597=EDGE_LOOP('',(#3987,#3988,#3989,#3990));
#598=EDGE_LOOP('',(#3991,#3992,#3993,#3994));
#599=EDGE_LOOP('',(#3995,#3996,#3997,#3998));
#600=EDGE_LOOP('',(#3999,#4000,#4001,#4002));
#601=EDGE_LOOP('',(#4003,#4004,#4005,#4006));
#602=EDGE_LOOP('',(#4007,#4008,#4009,#4010));
#603=EDGE_LOOP('',(#4011,#4012,#4013,#4014));
#604=EDGE_LOOP('',(#4015,#4016,#4017,#4018));
#605=EDGE_LOOP('',(#4019,#4020,#4021,#4022));
#606=EDGE_LOOP('',(#4023,#4024,#4025,#4026));
#607=EDGE_LOOP('',(#4027,#4028,#4029,#4030));
#608=EDGE_LOOP('',(#4031,#4032,#4033,#4034));
#609=EDGE_LOOP('',(#4035,#4036,#4037,#4038));
#610=EDGE_LOOP('',(#4039,#4040,#4041,#4042));
#611=EDGE_LOOP('',(#4043,#4044,#4045,#4046));
#612=EDGE_LOOP('',(#4047,#4048,#4049,#4050));
#613=EDGE_LOOP('',(#4051,#4052,#4053,#4054));
#614=EDGE_LOOP('',(#4055,#4056,#4057,#4058));
#615=EDGE_LOOP('',(#4059,#4060,#4061,#4062));
#616=EDGE_LOOP('',(#4063,#4064,#4065,#4066));
#617=EDGE_LOOP('',(#4067,#4068,#4069,#4070));
#618=EDGE_LOOP('',(#4071,#4072,#4073,#4074));
#619=EDGE_LOOP('',(#4075,#4076,#4077,#4078));
#620=EDGE_LOOP('',(#4079,#4080,#4081,#4082));
#621=EDGE_LOOP('',(#4083,#4084,#4085,#4086));
#622=EDGE_LOOP('',(#4087,#4088,#4089,#4090));
#623=EDGE_LOOP('',(#4091,#4092,#4093,#4094));
#624=EDGE_LOOP('',(#4095,#4096,#4097,#4098));
#625=EDGE_LOOP('',(#4099,#4100,#4101,#4102));
#626=EDGE_LOOP('',(#4103,#4104,#4105,#4106));
#627=EDGE_LOOP('',(#4107,#4108,#4109,#4110));
#628=EDGE_LOOP('',(#4111,#4112,#4113,#4114));
#629=EDGE_LOOP('',(#4115,#4116,#4117,#4118));
#630=EDGE_LOOP('',(#4119,#4120,#4121,#4122));
#631=EDGE_LOOP('',(#4123,#4124,#4125,#4126));
#632=EDGE_LOOP('',(#4127,#4128,#4129,#4130));
#633=EDGE_LOOP('',(#4131,#4132,#4133,#4134));
#634=EDGE_LOOP('',(#4135,#4136,#4137,#4138));
#635=EDGE_LOOP('',(#4139,#4140,#4141,#4142));
#636=EDGE_LOOP('',(#4143,#4144,#4145,#4146));
#637=EDGE_LOOP('',(#4147,#4148,#4149,#4150));
#638=EDGE_LOOP('',(#4151,#4152,#4153,#4154));
#639=EDGE_LOOP('',(#4155,#4156,#4157,#4158));
#640=EDGE_LOOP('',(#4159,#4160,#4161,#4162));
#641=EDGE_LOOP('',(#4163,#4164,#4165,#4166));
#642=EDGE_LOOP('',(#4167,#4168,#4169,#4170));
#643=EDGE_LOOP('',(#4171,#4172,#4173,#4174));
#644=EDGE_LOOP('',(#4175,#4176,#4177,#4178));
#645=EDGE_LOOP('',(#4179,#4180,#4181,#4182));
#646=EDGE_LOOP('',(#4183,#4184,#4185,#4186));
#647=EDGE_LOOP('',(#4187,#4188,#4189,#4190));
#648=EDGE_LOOP('',(#4191,#4192,#4193,#4194));
#649=EDGE_LOOP('',(#4195,#4196,#4197,#4198));
#650=EDGE_LOOP('',(#4199,#4200,#4201,#4202));
#651=EDGE_LOOP('',(#4203,#4204,#4205,#4206));
#652=EDGE_LOOP('',(#4207,#4208,#4209,#4210));
#653=EDGE_LOOP('',(#4211,#4212,#4213,#4214));
#654=EDGE_LOOP('',(#4215,#4216,#4217,#4218));
#655=EDGE_LOOP('',(#4219,#4220,#4221,#4222));
#656=EDGE_LOOP('',(#4223,#4224,#4225,#4226));
#657=EDGE_LOOP('',(#4227,#4228,#4229,#4230));
#658=EDGE_LOOP('',(#4231,#4232,#4233,#4234));
#659=EDGE_LOOP('',(#4235,#4236,#4237,#4238));
#660=EDGE_LOOP('',(#4239,#4240,#4241,#4242));
#661=EDGE_LOOP('',(#4243,#4244,#4245,#4246));
#662=EDGE_LOOP('',(#4247,#4248,#4249,#4250));
#663=EDGE_LOOP('',(#4251,#4252,#4253,#4254));
#664=EDGE_LOOP('',(#4255,#4256,#4257,#4258));
#665=EDGE_LOOP('',(#4259,#4260,#4261,#4262));
#666=EDGE_LOOP('',(#4263,#4264,#4265,#4266));
#667=EDGE_LOOP('',(#4267,#4268,#4269,#4270));
#668=EDGE_LOOP('',(#4271,#4272,#4273,#4274));
#669=EDGE_LOOP('',(#4275,#4276,#4277,#4278));
#670=EDGE_LOOP('',(#4279,#4280,#4281,#4282));
#671=EDGE_LOOP('',(#4283,#4284,#4285,#4286));
#672=EDGE_LOOP('',(#4287,#4288,#4289,#4290));
#673=EDGE_LOOP('',(#4291,#4292,#4293,#4294));
#674=EDGE_LOOP('',(#4295,#4296,#4297,#4298));
#675=EDGE_LOOP('',(#4299,#4300,#4301,#4302));
#676=EDGE_LOOP('',(#4303,#4304,#4305,#4306));
#677=EDGE_LOOP('',(#4307,#4308,#4309,#4310));
#678=EDGE_LOOP('',(#4311,#4312,#4313,#4314));
#679=EDGE_LOOP('',(#4315,#4316,#4317,#4318));
#680=EDGE_LOOP('',(#4319,#4320,#4321,#4322));
#681=EDGE_LOOP('',(#4323,#4324,#4325,#4326));
#682=EDGE_LOOP('',(#4327,#4328,#4329,#4330));
#683=EDGE_LOOP('',(#4331,#4332,#4333,#4334));
#684=EDGE_LOOP('',(#4335,#4336,#4337,#4338));
#685=EDGE_LOOP('',(#4339,#4340,#4341,#4342));
#686=EDGE_LOOP('',(#4343,#4344,#4345,#4346));
#687=EDGE_LOOP('',(#4347,#4348,#4349,#4350));
#688=EDGE_LOOP('',(#4351,#4352,#4353,#4354));
#689=EDGE_LOOP('',(#4355,#4356,#4357,#4358));
#690=EDGE_LOOP('',(#4359,#4360,#4361,#4362));
#691=EDGE_LOOP('',(#4363,#4364,#4365,#4366));
#692=EDGE_LOOP('',(#4367,#4368,#4369,#4370));
#693=EDGE_LOOP('',(#4371,#4372,#4373,#4374));
#694=EDGE_LOOP('',(#4375,#4376,#4377,#4378));
#695=EDGE_LOOP('',(#4379,#4380,#4381,#4382));
#696=EDGE_LOOP('',(#4383,#4384,#4385,#4386));
#697=EDGE_LOOP('',(#4387,#4388,#4389,#4390));
#698=EDGE_LOOP('',(#4391,#4392,#4393,#4394));
#699=EDGE_LOOP('',(#4395,#4396,#4397,#4398));
#700=EDGE_LOOP('',(#4399,#4400,#4401,#4402));
#701=EDGE_LOOP('',(#4403,#4404,#4405,#4406));
#702=EDGE_LOOP('',(#4407,#4408,#4409,#4410));
#703=EDGE_LOOP('',(#4411,#4412,#4413,#4414));
#704=EDGE_LOOP('',(#4415,#4416,#4417,#4418));
#705=EDGE_LOOP('',(#4419,#4420,#4421,#4422));
#706=EDGE_LOOP('',(#4423,#4424,#4425,#4426));
#707=EDGE_LOOP('',(#4427,#4428,#4429,#4430));
#708=EDGE_LOOP('',(#4431,#4432,#4433,#4434));
#709=EDGE_LOOP('',(#4435,#4436,#4437,#4438));
#710=EDGE_LOOP('',(#4439,#4440,#4441,#4442));
#711=EDGE_LOOP('',(#4443,#4444,#4445,#4446));
#712=EDGE_LOOP('',(#4447,#4448,#4449,#4450));
#713=EDGE_LOOP('',(#4451,#4452,#4453,#4454));
#714=EDGE_LOOP('',(#4455,#4456,#4457,#4458));
#715=EDGE_LOOP('',(#4459,#4460,#4461,#4462));
#716=EDGE_LOOP('',(#4463,#4464,#4465,#4466));
#717=EDGE_LOOP('',(#4467,#4468,#4469,#4470));
#718=EDGE_LOOP('',(#4471,#4472,#4473,#4474));
#719=EDGE_LOOP('',(#4475,#4476,#4477,#4478));
#720=EDGE_LOOP('',(#4479,#4480,#4481,#4482));
#721=EDGE_LOOP('',(#4483,#4484,#4485,#4486));
#722=EDGE_LOOP('',(#4487,#4488,#4489,#4490));
#723=EDGE_LOOP('',(#4491,#4492,#4493,#4494));
#724=EDGE_LOOP('',(#4495,#4496,#4497,#4498));
#725=EDGE_LOOP('',(#4499,#4500,#4501,#4502));
#726=EDGE_LOOP('',(#4503,#4504,#4505,#4506));
#727=EDGE_LOOP('',(#4507,#4508,#4509,#4510));
#728=EDGE_LOOP('',(#4511,#4512,#4513,#4514));
#729=EDGE_LOOP('',(#4515,#4516,#4517,#4518));
#730=EDGE_LOOP('',(#4519,#4520,#4521,#4522));
#731=EDGE_LOOP('',(#4523,#4524,#4525,#4526));
#732=EDGE_LOOP('',(#4527,#4528,#4529,#4530));
#733=EDGE_LOOP('',(#4531,#4532,#4533,#4534));
#734=EDGE_LOOP('',(#4535,#4536,#4537,#4538));
#735=EDGE_LOOP('',(#4539,#4540,#4541,#4542));
#736=EDGE_LOOP('',(#4543,#4544,#4545,#4546));
#737=EDGE_LOOP('',(#4547,#4548,#4549,#4550));
#738=EDGE_LOOP('',(#4551,#4552,#4553,#4554));
#739=EDGE_LOOP('',(#4555,#4556,#4557,#4558));
#740=EDGE_LOOP('',(#4559,#4560,#4561,#4562));
#741=EDGE_LOOP('',(#4563,#4564,#4565,#4566));
#742=EDGE_LOOP('',(#4567,#4568,#4569,#4570));
#743=EDGE_LOOP('',(#4571,#4572,#4573,#4574));
#744=EDGE_LOOP('',(#4575,#4576,#4577,#4578));
#745=EDGE_LOOP('',(#4579,#4580,#4581,#4582));
#746=EDGE_LOOP('',(#4583,#4584,#4585,#4586));
#747=EDGE_LOOP('',(#4587,#4588,#4589,#4590));
#748=EDGE_LOOP('',(#4591,#4592,#4593,#4594));
#749=EDGE_LOOP('',(#4595,#4596,#4597,#4598));
#750=EDGE_LOOP('',(#4599,#4600,#4601,#4602));
#751=EDGE_LOOP('',(#4603,#4604,#4605,#4606));
#752=EDGE_LOOP('',(#4607,#4608,#4609,#4610));
#753=EDGE_LOOP('',(#4611,#4612,#4613,#4614));
#754=EDGE_LOOP('',(#4615,#4616,#4617,#4618));
#755=EDGE_LOOP('',(#4619,#4620,#4621,#4622));
#756=EDGE_LOOP('',(#4623,#4624,#4625,#4626));
#757=EDGE_LOOP('',(#4627,#4628,#4629,#4630));
#758=EDGE_LOOP('',(#4631,#4632,#4633,#4634));
#759=EDGE_LOOP('',(#4635,#4636,#4637,#4638));
#760=EDGE_LOOP('',(#4639,#4640,#4641,#4642));
#761=EDGE_LOOP('',(#4643,#4644,#4645,#4646));
#762=EDGE_LOOP('',(#4647,#4648,#4649,#4650,#4651,#4652,#4653,#4654,#4655,
#4656,#4657,#4658,#4659,#4660,#4661,#4662,#4663,#4664,#4665,#4666));
#763=EDGE_LOOP('',(#4667,#4668,#4669,#4670));
#764=EDGE_LOOP('',(#4671));
#765=EDGE_LOOP('',(#4672,#4673,#4674,#4675));
#766=EDGE_LOOP('',(#4676,#4677,#4678,#4679));
#767=EDGE_LOOP('',(#4680,#4681,#4682,#4683));
#768=EDGE_LOOP('',(#4684,#4685,#4686,#4687));
#769=EDGE_LOOP('',(#4688,#4689,#4690,#4691));
#770=EDGE_LOOP('',(#4692,#4693,#4694,#4695));
#771=EDGE_LOOP('',(#4696,#4697,#4698,#4699));
#772=EDGE_LOOP('',(#4700,#4701,#4702,#4703));
#773=EDGE_LOOP('',(#4704,#4705,#4706,#4707));
#774=EDGE_LOOP('',(#4708,#4709,#4710,#4711));
#775=EDGE_LOOP('',(#4712,#4713,#4714,#4715));
#776=EDGE_LOOP('',(#4716,#4717,#4718,#4719));
#777=EDGE_LOOP('',(#4720,#4721,#4722,#4723,#4724,#4725,#4726,#4727,#4728,
#4729,#4730,#4731,#4732,#4733,#4734,#4735,#4736));
#778=EDGE_LOOP('',(#4737,#4738,#4739,#4740));
#779=EDGE_LOOP('',(#4741,#4742,#4743,#4744));
#780=EDGE_LOOP('',(#4745,#4746,#4747,#4748));
#781=EDGE_LOOP('',(#4749,#4750,#4751,#4752));
#782=EDGE_LOOP('',(#4753,#4754,#4755,#4756));
#783=EDGE_LOOP('',(#4757,#4758,#4759,#4760));
#784=EDGE_LOOP('',(#4761,#4762,#4763,#4764));
#785=EDGE_LOOP('',(#4765,#4766,#4767,#4768));
#786=EDGE_LOOP('',(#4769,#4770,#4771,#4772));
#787=EDGE_LOOP('',(#4773,#4774,#4775,#4776));
#788=EDGE_LOOP('',(#4777,#4778,#4779,#4780));
#789=EDGE_LOOP('',(#4781,#4782,#4783,#4784));
#790=EDGE_LOOP('',(#4785,#4786,#4787,#4788));
#791=EDGE_LOOP('',(#4789,#4790,#4791,#4792));
#792=EDGE_LOOP('',(#4793,#4794,#4795,#4796));
#793=EDGE_LOOP('',(#4797,#4798,#4799,#4800));
#794=EDGE_LOOP('',(#4801,#4802,#4803,#4804));
#795=EDGE_LOOP('',(#4805,#4806,#4807,#4808));
#796=LINE('',#7199,#1501);
#797=LINE('',#7201,#1502);
#798=LINE('',#7203,#1503);
#799=LINE('',#7204,#1504);
#800=LINE('',#7208,#1505);
#801=LINE('',#7210,#1506);
#802=LINE('',#7212,#1507);
#803=LINE('',#7213,#1508);
#804=LINE('',#7217,#1509);
#805=LINE('',#7219,#1510);
#806=LINE('',#7221,#1511);
#807=LINE('',#7222,#1512);
#808=LINE('',#7226,#1513);
#809=LINE('',#7228,#1514);
#810=LINE('',#7230,#1515);
#811=LINE('',#7231,#1516);
#812=LINE('',#7235,#1517);
#813=LINE('',#7237,#1518);
#814=LINE('',#7239,#1519);
#815=LINE('',#7240,#1520);
#816=LINE('',#7244,#1521);
#817=LINE('',#7245,#1522);
#818=LINE('',#7247,#1523);
#819=LINE('',#7249,#1524);
#820=LINE('',#7250,#1525);
#821=LINE('',#7252,#1526);
#822=LINE('',#7254,#1527);
#823=LINE('',#7255,#1528);
#824=LINE('',#7257,#1529);
#825=LINE('',#7259,#1530);
#826=LINE('',#7260,#1531);
#827=LINE('',#7262,#1532);
#828=LINE('',#7264,#1533);
#829=LINE('',#7265,#1534);
#830=LINE('',#7266,#1535);
#831=LINE('',#7269,#1536);
#832=LINE('',#7270,#1537);
#833=LINE('',#7273,#1538);
#834=LINE('',#7274,#1539);
#835=LINE('',#7276,#1540);
#836=LINE('',#7280,#1541);
#837=LINE('',#7281,#1542);
#838=LINE('',#7283,#1543);
#839=LINE('',#7285,#1544);
#840=LINE('',#7286,#1545);
#841=LINE('',#7288,#1546);
#842=LINE('',#7290,#1547);
#843=LINE('',#7291,#1548);
#844=LINE('',#7293,#1549);
#845=LINE('',#7295,#1550);
#846=LINE('',#7296,#1551);
#847=LINE('',#7297,#1552);
#848=LINE('',#7299,#1553);
#849=LINE('',#7301,#1554);
#850=LINE('',#7304,#1555);
#851=LINE('',#7306,#1556);
#852=LINE('',#7309,#1557);
#853=LINE('',#7311,#1558);
#854=LINE('',#7314,#1559);
#855=LINE('',#7316,#1560);
#856=LINE('',#7322,#1561);
#857=LINE('',#7324,#1562);
#858=LINE('',#7326,#1563);
#859=LINE('',#7327,#1564);
#860=LINE('',#7330,#1565);
#861=LINE('',#7332,#1566);
#862=LINE('',#7334,#1567);
#863=LINE('',#7335,#1568);
#864=LINE('',#7338,#1569);
#865=LINE('',#7340,#1570);
#866=LINE('',#7342,#1571);
#867=LINE('',#7343,#1572);
#868=LINE('',#7346,#1573);
#869=LINE('',#7348,#1574);
#870=LINE('',#7350,#1575);
#871=LINE('',#7351,#1576);
#872=LINE('',#7354,#1577);
#873=LINE('',#7356,#1578);
#874=LINE('',#7358,#1579);
#875=LINE('',#7359,#1580);
#876=LINE('',#7362,#1581);
#877=LINE('',#7364,#1582);
#878=LINE('',#7366,#1583);
#879=LINE('',#7367,#1584);
#880=LINE('',#7370,#1585);
#881=LINE('',#7372,#1586);
#882=LINE('',#7374,#1587);
#883=LINE('',#7375,#1588);
#884=LINE('',#7378,#1589);
#885=LINE('',#7380,#1590);
#886=LINE('',#7382,#1591);
#887=LINE('',#7383,#1592);
#888=LINE('',#7386,#1593);
#889=LINE('',#7388,#1594);
#890=LINE('',#7390,#1595);
#891=LINE('',#7391,#1596);
#892=LINE('',#7394,#1597);
#893=LINE('',#7396,#1598);
#894=LINE('',#7398,#1599);
#895=LINE('',#7399,#1600);
#896=LINE('',#7402,#1601);
#897=LINE('',#7404,#1602);
#898=LINE('',#7406,#1603);
#899=LINE('',#7407,#1604);
#900=LINE('',#7410,#1605);
#901=LINE('',#7412,#1606);
#902=LINE('',#7414,#1607);
#903=LINE('',#7415,#1608);
#904=LINE('',#7418,#1609);
#905=LINE('',#7420,#1610);
#906=LINE('',#7422,#1611);
#907=LINE('',#7423,#1612);
#908=LINE('',#7426,#1613);
#909=LINE('',#7428,#1614);
#910=LINE('',#7430,#1615);
#911=LINE('',#7431,#1616);
#912=LINE('',#7434,#1617);
#913=LINE('',#7436,#1618);
#914=LINE('',#7438,#1619);
#915=LINE('',#7439,#1620);
#916=LINE('',#7442,#1621);
#917=LINE('',#7444,#1622);
#918=LINE('',#7446,#1623);
#919=LINE('',#7447,#1624);
#920=LINE('',#7450,#1625);
#921=LINE('',#7452,#1626);
#922=LINE('',#7454,#1627);
#923=LINE('',#7455,#1628);
#924=LINE('',#7459,#1629);
#925=LINE('',#7461,#1630);
#926=LINE('',#7463,#1631);
#927=LINE('',#7464,#1632);
#928=LINE('',#7467,#1633);
#929=LINE('',#7469,#1634);
#930=LINE('',#7471,#1635);
#931=LINE('',#7472,#1636);
#932=LINE('',#7475,#1637);
#933=LINE('',#7477,#1638);
#934=LINE('',#7479,#1639);
#935=LINE('',#7480,#1640);
#936=LINE('',#7483,#1641);
#937=LINE('',#7485,#1642);
#938=LINE('',#7487,#1643);
#939=LINE('',#7488,#1644);
#940=LINE('',#7491,#1645);
#941=LINE('',#7493,#1646);
#942=LINE('',#7495,#1647);
#943=LINE('',#7496,#1648);
#944=LINE('',#7499,#1649);
#945=LINE('',#7501,#1650);
#946=LINE('',#7503,#1651);
#947=LINE('',#7504,#1652);
#948=LINE('',#7507,#1653);
#949=LINE('',#7509,#1654);
#950=LINE('',#7511,#1655);
#951=LINE('',#7512,#1656);
#952=LINE('',#7515,#1657);
#953=LINE('',#7517,#1658);
#954=LINE('',#7519,#1659);
#955=LINE('',#7520,#1660);
#956=LINE('',#7523,#1661);
#957=LINE('',#7525,#1662);
#958=LINE('',#7527,#1663);
#959=LINE('',#7528,#1664);
#960=LINE('',#7531,#1665);
#961=LINE('',#7533,#1666);
#962=LINE('',#7535,#1667);
#963=LINE('',#7536,#1668);
#964=LINE('',#7539,#1669);
#965=LINE('',#7541,#1670);
#966=LINE('',#7543,#1671);
#967=LINE('',#7544,#1672);
#968=LINE('',#7547,#1673);
#969=LINE('',#7549,#1674);
#970=LINE('',#7551,#1675);
#971=LINE('',#7552,#1676);
#972=LINE('',#7555,#1677);
#973=LINE('',#7557,#1678);
#974=LINE('',#7559,#1679);
#975=LINE('',#7560,#1680);
#976=LINE('',#7563,#1681);
#977=LINE('',#7565,#1682);
#978=LINE('',#7567,#1683);
#979=LINE('',#7568,#1684);
#980=LINE('',#7571,#1685);
#981=LINE('',#7573,#1686);
#982=LINE('',#7575,#1687);
#983=LINE('',#7576,#1688);
#984=LINE('',#7579,#1689);
#985=LINE('',#7581,#1690);
#986=LINE('',#7583,#1691);
#987=LINE('',#7584,#1692);
#988=LINE('',#7587,#1693);
#989=LINE('',#7589,#1694);
#990=LINE('',#7591,#1695);
#991=LINE('',#7592,#1696);
#992=LINE('',#7594,#1697);
#993=LINE('',#7595,#1698);
#994=LINE('',#7597,#1699);
#995=LINE('',#7599,#1700);
#996=LINE('',#7603,#1701);
#997=LINE('',#7605,#1702);
#998=LINE('',#7606,#1703);
#999=LINE('',#7609,#1704);
#1000=LINE('',#7610,#1705);
#1001=LINE('',#7613,#1706);
#1002=LINE('',#7614,#1707);
#1003=LINE('',#7616,#1708);
#1004=LINE('',#7620,#1709);
#1005=LINE('',#7622,#1710);
#1006=LINE('',#7623,#1711);
#1007=LINE('',#7626,#1712);
#1008=LINE('',#7627,#1713);
#1009=LINE('',#7630,#1714);
#1010=LINE('',#7631,#1715);
#1011=LINE('',#7633,#1716);
#1012=LINE('',#7637,#1717);
#1013=LINE('',#7639,#1718);
#1014=LINE('',#7640,#1719);
#1015=LINE('',#7643,#1720);
#1016=LINE('',#7644,#1721);
#1017=LINE('',#7647,#1722);
#1018=LINE('',#7648,#1723);
#1019=LINE('',#7650,#1724);
#1020=LINE('',#7654,#1725);
#1021=LINE('',#7656,#1726);
#1022=LINE('',#7657,#1727);
#1023=LINE('',#7660,#1728);
#1024=LINE('',#7661,#1729);
#1025=LINE('',#7664,#1730);
#1026=LINE('',#7665,#1731);
#1027=LINE('',#7667,#1732);
#1028=LINE('',#7671,#1733);
#1029=LINE('',#7673,#1734);
#1030=LINE('',#7674,#1735);
#1031=LINE('',#7677,#1736);
#1032=LINE('',#7678,#1737);
#1033=LINE('',#7681,#1738);
#1034=LINE('',#7682,#1739);
#1035=LINE('',#7684,#1740);
#1036=LINE('',#7688,#1741);
#1037=LINE('',#7690,#1742);
#1038=LINE('',#7691,#1743);
#1039=LINE('',#7694,#1744);
#1040=LINE('',#7695,#1745);
#1041=LINE('',#7698,#1746);
#1042=LINE('',#7699,#1747);
#1043=LINE('',#7701,#1748);
#1044=LINE('',#7705,#1749);
#1045=LINE('',#7707,#1750);
#1046=LINE('',#7708,#1751);
#1047=LINE('',#7711,#1752);
#1048=LINE('',#7712,#1753);
#1049=LINE('',#7715,#1754);
#1050=LINE('',#7716,#1755);
#1051=LINE('',#7718,#1756);
#1052=LINE('',#7722,#1757);
#1053=LINE('',#7724,#1758);
#1054=LINE('',#7725,#1759);
#1055=LINE('',#7728,#1760);
#1056=LINE('',#7729,#1761);
#1057=LINE('',#7732,#1762);
#1058=LINE('',#7733,#1763);
#1059=LINE('',#7735,#1764);
#1060=LINE('',#7739,#1765);
#1061=LINE('',#7741,#1766);
#1062=LINE('',#7742,#1767);
#1063=LINE('',#7745,#1768);
#1064=LINE('',#7746,#1769);
#1065=LINE('',#7749,#1770);
#1066=LINE('',#7750,#1771);
#1067=LINE('',#7752,#1772);
#1068=LINE('',#7756,#1773);
#1069=LINE('',#7758,#1774);
#1070=LINE('',#7759,#1775);
#1071=LINE('',#7762,#1776);
#1072=LINE('',#7763,#1777);
#1073=LINE('',#7766,#1778);
#1074=LINE('',#7767,#1779);
#1075=LINE('',#7769,#1780);
#1076=LINE('',#7773,#1781);
#1077=LINE('',#7775,#1782);
#1078=LINE('',#7776,#1783);
#1079=LINE('',#7779,#1784);
#1080=LINE('',#7780,#1785);
#1081=LINE('',#7783,#1786);
#1082=LINE('',#7784,#1787);
#1083=LINE('',#7786,#1788);
#1084=LINE('',#7790,#1789);
#1085=LINE('',#7792,#1790);
#1086=LINE('',#7793,#1791);
#1087=LINE('',#7796,#1792);
#1088=LINE('',#7797,#1793);
#1089=LINE('',#7800,#1794);
#1090=LINE('',#7801,#1795);
#1091=LINE('',#7803,#1796);
#1092=LINE('',#7807,#1797);
#1093=LINE('',#7809,#1798);
#1094=LINE('',#7810,#1799);
#1095=LINE('',#7813,#1800);
#1096=LINE('',#7814,#1801);
#1097=LINE('',#7817,#1802);
#1098=LINE('',#7818,#1803);
#1099=LINE('',#7820,#1804);
#1100=LINE('',#7824,#1805);
#1101=LINE('',#7826,#1806);
#1102=LINE('',#7827,#1807);
#1103=LINE('',#7830,#1808);
#1104=LINE('',#7831,#1809);
#1105=LINE('',#7834,#1810);
#1106=LINE('',#7835,#1811);
#1107=LINE('',#7837,#1812);
#1108=LINE('',#7841,#1813);
#1109=LINE('',#7843,#1814);
#1110=LINE('',#7844,#1815);
#1111=LINE('',#7847,#1816);
#1112=LINE('',#7848,#1817);
#1113=LINE('',#7851,#1818);
#1114=LINE('',#7852,#1819);
#1115=LINE('',#7854,#1820);
#1116=LINE('',#7858,#1821);
#1117=LINE('',#7860,#1822);
#1118=LINE('',#7861,#1823);
#1119=LINE('',#7864,#1824);
#1120=LINE('',#7865,#1825);
#1121=LINE('',#7868,#1826);
#1122=LINE('',#7869,#1827);
#1123=LINE('',#7871,#1828);
#1124=LINE('',#7875,#1829);
#1125=LINE('',#7877,#1830);
#1126=LINE('',#7878,#1831);
#1127=LINE('',#7881,#1832);
#1128=LINE('',#7882,#1833);
#1129=LINE('',#7885,#1834);
#1130=LINE('',#7886,#1835);
#1131=LINE('',#7888,#1836);
#1132=LINE('',#7892,#1837);
#1133=LINE('',#7894,#1838);
#1134=LINE('',#7895,#1839);
#1135=LINE('',#7898,#1840);
#1136=LINE('',#7899,#1841);
#1137=LINE('',#7902,#1842);
#1138=LINE('',#7903,#1843);
#1139=LINE('',#7905,#1844);
#1140=LINE('',#7909,#1845);
#1141=LINE('',#7911,#1846);
#1142=LINE('',#7912,#1847);
#1143=LINE('',#7915,#1848);
#1144=LINE('',#7916,#1849);
#1145=LINE('',#7919,#1850);
#1146=LINE('',#7920,#1851);
#1147=LINE('',#7922,#1852);
#1148=LINE('',#7926,#1853);
#1149=LINE('',#7928,#1854);
#1150=LINE('',#7929,#1855);
#1151=LINE('',#7932,#1856);
#1152=LINE('',#7933,#1857);
#1153=LINE('',#7936,#1858);
#1154=LINE('',#7937,#1859);
#1155=LINE('',#7939,#1860);
#1156=LINE('',#7943,#1861);
#1157=LINE('',#7945,#1862);
#1158=LINE('',#7946,#1863);
#1159=LINE('',#7949,#1864);
#1160=LINE('',#7950,#1865);
#1161=LINE('',#7953,#1866);
#1162=LINE('',#7954,#1867);
#1163=LINE('',#7956,#1868);
#1164=LINE('',#7960,#1869);
#1165=LINE('',#7962,#1870);
#1166=LINE('',#7963,#1871);
#1167=LINE('',#7966,#1872);
#1168=LINE('',#7967,#1873);
#1169=LINE('',#7970,#1874);
#1170=LINE('',#7971,#1875);
#1171=LINE('',#7973,#1876);
#1172=LINE('',#7977,#1877);
#1173=LINE('',#7979,#1878);
#1174=LINE('',#7980,#1879);
#1175=LINE('',#7983,#1880);
#1176=LINE('',#7984,#1881);
#1177=LINE('',#7987,#1882);
#1178=LINE('',#7988,#1883);
#1179=LINE('',#7990,#1884);
#1180=LINE('',#7994,#1885);
#1181=LINE('',#7996,#1886);
#1182=LINE('',#7997,#1887);
#1183=LINE('',#8000,#1888);
#1184=LINE('',#8001,#1889);
#1185=LINE('',#8004,#1890);
#1186=LINE('',#8005,#1891);
#1187=LINE('',#8007,#1892);
#1188=LINE('',#8011,#1893);
#1189=LINE('',#8013,#1894);
#1190=LINE('',#8014,#1895);
#1191=LINE('',#8017,#1896);
#1192=LINE('',#8018,#1897);
#1193=LINE('',#8021,#1898);
#1194=LINE('',#8022,#1899);
#1195=LINE('',#8024,#1900);
#1196=LINE('',#8028,#1901);
#1197=LINE('',#8030,#1902);
#1198=LINE('',#8031,#1903);
#1199=LINE('',#8034,#1904);
#1200=LINE('',#8035,#1905);
#1201=LINE('',#8038,#1906);
#1202=LINE('',#8039,#1907);
#1203=LINE('',#8041,#1908);
#1204=LINE('',#8045,#1909);
#1205=LINE('',#8047,#1910);
#1206=LINE('',#8048,#1911);
#1207=LINE('',#8051,#1912);
#1208=LINE('',#8052,#1913);
#1209=LINE('',#8055,#1914);
#1210=LINE('',#8056,#1915);
#1211=LINE('',#8058,#1916);
#1212=LINE('',#8062,#1917);
#1213=LINE('',#8064,#1918);
#1214=LINE('',#8065,#1919);
#1215=LINE('',#8068,#1920);
#1216=LINE('',#8069,#1921);
#1217=LINE('',#8072,#1922);
#1218=LINE('',#8073,#1923);
#1219=LINE('',#8075,#1924);
#1220=LINE('',#8079,#1925);
#1221=LINE('',#8081,#1926);
#1222=LINE('',#8082,#1927);
#1223=LINE('',#8085,#1928);
#1224=LINE('',#8086,#1929);
#1225=LINE('',#8089,#1930);
#1226=LINE('',#8090,#1931);
#1227=LINE('',#8092,#1932);
#1228=LINE('',#8096,#1933);
#1229=LINE('',#8098,#1934);
#1230=LINE('',#8099,#1935);
#1231=LINE('',#8102,#1936);
#1232=LINE('',#8103,#1937);
#1233=LINE('',#8106,#1938);
#1234=LINE('',#8107,#1939);
#1235=LINE('',#8109,#1940);
#1236=LINE('',#8113,#1941);
#1237=LINE('',#8115,#1942);
#1238=LINE('',#8116,#1943);
#1239=LINE('',#8119,#1944);
#1240=LINE('',#8120,#1945);
#1241=LINE('',#8123,#1946);
#1242=LINE('',#8124,#1947);
#1243=LINE('',#8126,#1948);
#1244=LINE('',#8130,#1949);
#1245=LINE('',#8132,#1950);
#1246=LINE('',#8133,#1951);
#1247=LINE('',#8136,#1952);
#1248=LINE('',#8137,#1953);
#1249=LINE('',#8140,#1954);
#1250=LINE('',#8141,#1955);
#1251=LINE('',#8143,#1956);
#1252=LINE('',#8148,#1957);
#1253=LINE('',#8150,#1958);
#1254=LINE('',#8152,#1959);
#1255=LINE('',#8153,#1960);
#1256=LINE('',#8156,#1961);
#1257=LINE('',#8158,#1962);
#1258=LINE('',#8159,#1963);
#1259=LINE('',#8162,#1964);
#1260=LINE('',#8164,#1965);
#1261=LINE('',#8165,#1966);
#1262=LINE('',#8167,#1967);
#1263=LINE('',#8168,#1968);
#1264=LINE('',#8174,#1969);
#1265=LINE('',#8176,#1970);
#1266=LINE('',#8178,#1971);
#1267=LINE('',#8179,#1972);
#1268=LINE('',#8182,#1973);
#1269=LINE('',#8184,#1974);
#1270=LINE('',#8185,#1975);
#1271=LINE('',#8188,#1976);
#1272=LINE('',#8190,#1977);
#1273=LINE('',#8191,#1978);
#1274=LINE('',#8193,#1979);
#1275=LINE('',#8194,#1980);
#1276=LINE('',#8200,#1981);
#1277=LINE('',#8202,#1982);
#1278=LINE('',#8204,#1983);
#1279=LINE('',#8205,#1984);
#1280=LINE('',#8208,#1985);
#1281=LINE('',#8210,#1986);
#1282=LINE('',#8211,#1987);
#1283=LINE('',#8214,#1988);
#1284=LINE('',#8216,#1989);
#1285=LINE('',#8217,#1990);
#1286=LINE('',#8219,#1991);
#1287=LINE('',#8220,#1992);
#1288=LINE('',#8226,#1993);
#1289=LINE('',#8228,#1994);
#1290=LINE('',#8230,#1995);
#1291=LINE('',#8231,#1996);
#1292=LINE('',#8234,#1997);
#1293=LINE('',#8236,#1998);
#1294=LINE('',#8237,#1999);
#1295=LINE('',#8240,#2000);
#1296=LINE('',#8242,#2001);
#1297=LINE('',#8243,#2002);
#1298=LINE('',#8245,#2003);
#1299=LINE('',#8246,#2004);
#1300=LINE('',#8252,#2005);
#1301=LINE('',#8254,#2006);
#1302=LINE('',#8256,#2007);
#1303=LINE('',#8257,#2008);
#1304=LINE('',#8260,#2009);
#1305=LINE('',#8262,#2010);
#1306=LINE('',#8263,#2011);
#1307=LINE('',#8266,#2012);
#1308=LINE('',#8268,#2013);
#1309=LINE('',#8269,#2014);
#1310=LINE('',#8271,#2015);
#1311=LINE('',#8272,#2016);
#1312=LINE('',#8278,#2017);
#1313=LINE('',#8280,#2018);
#1314=LINE('',#8282,#2019);
#1315=LINE('',#8283,#2020);
#1316=LINE('',#8286,#2021);
#1317=LINE('',#8288,#2022);
#1318=LINE('',#8289,#2023);
#1319=LINE('',#8292,#2024);
#1320=LINE('',#8294,#2025);
#1321=LINE('',#8295,#2026);
#1322=LINE('',#8297,#2027);
#1323=LINE('',#8298,#2028);
#1324=LINE('',#8304,#2029);
#1325=LINE('',#8306,#2030);
#1326=LINE('',#8308,#2031);
#1327=LINE('',#8309,#2032);
#1328=LINE('',#8312,#2033);
#1329=LINE('',#8314,#2034);
#1330=LINE('',#8315,#2035);
#1331=LINE('',#8318,#2036);
#1332=LINE('',#8320,#2037);
#1333=LINE('',#8321,#2038);
#1334=LINE('',#8323,#2039);
#1335=LINE('',#8324,#2040);
#1336=LINE('',#8330,#2041);
#1337=LINE('',#8332,#2042);
#1338=LINE('',#8334,#2043);
#1339=LINE('',#8335,#2044);
#1340=LINE('',#8338,#2045);
#1341=LINE('',#8340,#2046);
#1342=LINE('',#8341,#2047);
#1343=LINE('',#8344,#2048);
#1344=LINE('',#8346,#2049);
#1345=LINE('',#8347,#2050);
#1346=LINE('',#8349,#2051);
#1347=LINE('',#8350,#2052);
#1348=LINE('',#8356,#2053);
#1349=LINE('',#8358,#2054);
#1350=LINE('',#8360,#2055);
#1351=LINE('',#8361,#2056);
#1352=LINE('',#8364,#2057);
#1353=LINE('',#8366,#2058);
#1354=LINE('',#8367,#2059);
#1355=LINE('',#8370,#2060);
#1356=LINE('',#8372,#2061);
#1357=LINE('',#8373,#2062);
#1358=LINE('',#8375,#2063);
#1359=LINE('',#8376,#2064);
#1360=LINE('',#8382,#2065);
#1361=LINE('',#8384,#2066);
#1362=LINE('',#8386,#2067);
#1363=LINE('',#8387,#2068);
#1364=LINE('',#8390,#2069);
#1365=LINE('',#8392,#2070);
#1366=LINE('',#8393,#2071);
#1367=LINE('',#8396,#2072);
#1368=LINE('',#8398,#2073);
#1369=LINE('',#8399,#2074);
#1370=LINE('',#8401,#2075);
#1371=LINE('',#8402,#2076);
#1372=LINE('',#8408,#2077);
#1373=LINE('',#8410,#2078);
#1374=LINE('',#8412,#2079);
#1375=LINE('',#8413,#2080);
#1376=LINE('',#8416,#2081);
#1377=LINE('',#8418,#2082);
#1378=LINE('',#8419,#2083);
#1379=LINE('',#8422,#2084);
#1380=LINE('',#8424,#2085);
#1381=LINE('',#8425,#2086);
#1382=LINE('',#8427,#2087);
#1383=LINE('',#8428,#2088);
#1384=LINE('',#8434,#2089);
#1385=LINE('',#8436,#2090);
#1386=LINE('',#8438,#2091);
#1387=LINE('',#8439,#2092);
#1388=LINE('',#8442,#2093);
#1389=LINE('',#8444,#2094);
#1390=LINE('',#8445,#2095);
#1391=LINE('',#8448,#2096);
#1392=LINE('',#8450,#2097);
#1393=LINE('',#8451,#2098);
#1394=LINE('',#8453,#2099);
#1395=LINE('',#8454,#2100);
#1396=LINE('',#8460,#2101);
#1397=LINE('',#8464,#2102);
#1398=LINE('',#8469,#2103);
#1399=LINE('',#8473,#2104);
#1400=LINE('',#8478,#2105);
#1401=LINE('',#8482,#2106);
#1402=LINE('',#8488,#2107);
#1403=LINE('',#8491,#2108);
#1404=LINE('',#8493,#2109);
#1405=LINE('',#8496,#2110);
#1406=LINE('',#8498,#2111);
#1407=LINE('',#8502,#2112);
#1408=LINE('',#8506,#2113);
#1409=LINE('',#8509,#2114);
#1410=LINE('',#8511,#2115);
#1411=LINE('',#8515,#2116);
#1412=LINE('',#8517,#2117);
#1413=LINE('',#8522,#2118);
#1414=LINE('',#8523,#2119);
#1415=LINE('',#8526,#2120);
#1416=LINE('',#8529,#2121);
#1417=LINE('',#8532,#2122);
#1418=LINE('',#8533,#2123);
#1419=LINE('',#8536,#2124);
#1420=LINE('',#8539,#2125);
#1421=LINE('',#8542,#2126);
#1422=LINE('',#8543,#2127);
#1423=LINE('',#8546,#2128);
#1424=LINE('',#8549,#2129);
#1425=LINE('',#8552,#2130);
#1426=LINE('',#8553,#2131);
#1427=LINE('',#8556,#2132);
#1428=LINE('',#8559,#2133);
#1429=LINE('',#8564,#2134);
#1430=LINE('',#8566,#2135);
#1431=LINE('',#8568,#2136);
#1432=LINE('',#8569,#2137);
#1433=LINE('',#8573,#2138);
#1434=LINE('',#8575,#2139);
#1435=LINE('',#8577,#2140);
#1436=LINE('',#8578,#2141);
#1437=LINE('',#8582,#2142);
#1438=LINE('',#8584,#2143);
#1439=LINE('',#8586,#2144);
#1440=LINE('',#8587,#2145);
#1441=LINE('',#8591,#2146);
#1442=LINE('',#8593,#2147);
#1443=LINE('',#8595,#2148);
#1444=LINE('',#8596,#2149);
#1445=LINE('',#8600,#2150);
#1446=LINE('',#8602,#2151);
#1447=LINE('',#8604,#2152);
#1448=LINE('',#8605,#2153);
#1449=LINE('',#8609,#2154);
#1450=LINE('',#8611,#2155);
#1451=LINE('',#8613,#2156);
#1452=LINE('',#8614,#2157);
#1453=LINE('',#8618,#2158);
#1454=LINE('',#8620,#2159);
#1455=LINE('',#8622,#2160);
#1456=LINE('',#8623,#2161);
#1457=LINE('',#8627,#2162);
#1458=LINE('',#8629,#2163);
#1459=LINE('',#8631,#2164);
#1460=LINE('',#8632,#2165);
#1461=LINE('',#8636,#2166);
#1462=LINE('',#8638,#2167);
#1463=LINE('',#8640,#2168);
#1464=LINE('',#8641,#2169);
#1465=LINE('',#8645,#2170);
#1466=LINE('',#8647,#2171);
#1467=LINE('',#8649,#2172);
#1468=LINE('',#8650,#2173);
#1469=LINE('',#8654,#2174);
#1470=LINE('',#8656,#2175);
#1471=LINE('',#8658,#2176);
#1472=LINE('',#8659,#2177);
#1473=LINE('',#8663,#2178);
#1474=LINE('',#8665,#2179);
#1475=LINE('',#8667,#2180);
#1476=LINE('',#8668,#2181);
#1477=LINE('',#8672,#2182);
#1478=LINE('',#8674,#2183);
#1479=LINE('',#8676,#2184);
#1480=LINE('',#8677,#2185);
#1481=LINE('',#8681,#2186);
#1482=LINE('',#8683,#2187);
#1483=LINE('',#8685,#2188);
#1484=LINE('',#8686,#2189);
#1485=LINE('',#8690,#2190);
#1486=LINE('',#8692,#2191);
#1487=LINE('',#8694,#2192);
#1488=LINE('',#8695,#2193);
#1489=LINE('',#8699,#2194);
#1490=LINE('',#8701,#2195);
#1491=LINE('',#8703,#2196);
#1492=LINE('',#8704,#2197);
#1493=LINE('',#8708,#2198);
#1494=LINE('',#8710,#2199);
#1495=LINE('',#8712,#2200);
#1496=LINE('',#8713,#2201);
#1497=LINE('',#8717,#2202);
#1498=LINE('',#8719,#2203);
#1499=LINE('',#8721,#2204);
#1500=LINE('',#8722,#2205);
#1501=VECTOR('',#5855,8.44);
#1502=VECTOR('',#5856,0.55);
#1503=VECTOR('',#5857,8.44);
#1504=VECTOR('',#5858,0.549999999999999);
#1505=VECTOR('',#5861,8.44);
#1506=VECTOR('',#5862,0.580000000000007);
#1507=VECTOR('',#5863,8.44);
#1508=VECTOR('',#5864,0.580000000000006);
#1509=VECTOR('',#5867,8.44);
#1510=VECTOR('',#5868,0.509999999999995);
#1511=VECTOR('',#5869,8.44);
#1512=VECTOR('',#5870,0.509999999999993);
#1513=VECTOR('',#5873,8.44);
#1514=VECTOR('',#5874,0.55);
#1515=VECTOR('',#5875,8.44);
#1516=VECTOR('',#5876,0.549999999999999);
#1517=VECTOR('',#5879,8.44);
#1518=VECTOR('',#5880,0.580000000000001);
#1519=VECTOR('',#5881,8.44);
#1520=VECTOR('',#5882,0.580000000000001);
#1521=VECTOR('',#5885,1.51);
#1522=VECTOR('',#5886,3.04);
#1523=VECTOR('',#5887,3.04);
#1524=VECTOR('',#5888,1.49);
#1525=VECTOR('',#5889,3.04);
#1526=VECTOR('',#5890,3.04);
#1527=VECTOR('',#5891,1.49);
#1528=VECTOR('',#5892,3.04);
#1529=VECTOR('',#5893,3.04);
#1530=VECTOR('',#5894,1.51);
#1531=VECTOR('',#5895,3.04);
#1532=VECTOR('',#5896,4.82);
#1533=VECTOR('',#5897,8.77);
#1534=VECTOR('',#5898,4.82);
#1535=VECTOR('',#5899,3.04);
#1536=VECTOR('',#5902,4.82);
#1537=VECTOR('',#5903,8.44);
#1538=VECTOR('',#5906,8.77);
#1539=VECTOR('',#5907,8.44);
#1540=VECTOR('',#5910,4.82);
#1541=VECTOR('',#5913,1.51);
#1542=VECTOR('',#5914,3.04);
#1543=VECTOR('',#5915,3.04);
#1544=VECTOR('',#5916,1.51);
#1545=VECTOR('',#5917,3.04);
#1546=VECTOR('',#5918,3.04);
#1547=VECTOR('',#5919,1.49);
#1548=VECTOR('',#5920,3.04);
#1549=VECTOR('',#5921,3.04);
#1550=VECTOR('',#5922,1.49);
#1551=VECTOR('',#5923,3.04);
#1552=VECTOR('',#5924,3.04);
#1553=VECTOR('',#5927,8.44);
#1554=VECTOR('',#5930,8.44);
#1555=VECTOR('',#5935,8.44);
#1556=VECTOR('',#5938,8.44);
#1557=VECTOR('',#5943,8.44);
#1558=VECTOR('',#5946,8.44);
#1559=VECTOR('',#5951,8.44);
#1560=VECTOR('',#5954,8.44);
#1561=VECTOR('',#5961,20.45);
#1562=VECTOR('',#5962,15.2);
#1563=VECTOR('',#5963,20.45);
#1564=VECTOR('',#5964,15.2);
#1565=VECTOR('',#5965,0.670000000000001);
#1566=VECTOR('',#5966,0.670000000000001);
#1567=VECTOR('',#5967,0.670000000000001);
#1568=VECTOR('',#5968,0.670000000000001);
#1569=VECTOR('',#5969,0.670000000000002);
#1570=VECTOR('',#5970,0.669999999999998);
#1571=VECTOR('',#5971,0.669999999999997);
#1572=VECTOR('',#5972,0.669999999999997);
#1573=VECTOR('',#5973,0.67);
#1574=VECTOR('',#5974,0.669999999999945);
#1575=VECTOR('',#5975,0.670000000000002);
#1576=VECTOR('',#5976,0.669999999999938);
#1577=VECTOR('',#5977,0.669999999999999);
#1578=VECTOR('',#5978,0.670000000000001);
#1579=VECTOR('',#5979,0.670000000000001);
#1580=VECTOR('',#5980,0.669999999999999);
#1581=VECTOR('',#5981,0.669999999999999);
#1582=VECTOR('',#5982,0.670000000000001);
#1583=VECTOR('',#5983,0.670000000000001);
#1584=VECTOR('',#5984,0.670000000000001);
#1585=VECTOR('',#5985,0.669999999999997);
#1586=VECTOR('',#5986,0.669999999999997);
#1587=VECTOR('',#5987,0.670000000000002);
#1588=VECTOR('',#5988,0.669999999999998);
#1589=VECTOR('',#5989,0.670000000000002);
#1590=VECTOR('',#5990,0.66999999999994);
#1591=VECTOR('',#5991,0.669999999999999);
#1592=VECTOR('',#5992,0.669999999999945);
#1593=VECTOR('',#5993,0.670000000000001);
#1594=VECTOR('',#5994,0.669999999999999);
#1595=VECTOR('',#5995,0.670000000000001);
#1596=VECTOR('',#5996,0.670000000000001);
#1597=VECTOR('',#5997,0.669999999999998);
#1598=VECTOR('',#5998,0.670000000000002);
#1599=VECTOR('',#5999,0.669999999999997);
#1600=VECTOR('',#6000,0.669999999999997);
#1601=VECTOR('',#6001,0.66999999999994);
#1602=VECTOR('',#6002,0.670000000000002);
#1603=VECTOR('',#6003,0.669999999999945);
#1604=VECTOR('',#6004,0.669999999999999);
#1605=VECTOR('',#6005,0.670000000000001);
#1606=VECTOR('',#6006,0.670000000000001);
#1607=VECTOR('',#6007,0.670000000000001);
#1608=VECTOR('',#6008,0.670000000000001);
#1609=VECTOR('',#6009,0.669999999999999);
#1610=VECTOR('',#6010,0.670000000000001);
#1611=VECTOR('',#6011,0.670000000000001);
#1612=VECTOR('',#6012,0.670000000000001);
#1613=VECTOR('',#6013,0.670000000000001);
#1614=VECTOR('',#6014,0.669999999999999);
#1615=VECTOR('',#6015,0.669999999999999);
#1616=VECTOR('',#6016,0.670000000000001);
#1617=VECTOR('',#6017,0.670000000000001);
#1618=VECTOR('',#6018,0.669999999999999);
#1619=VECTOR('',#6019,0.670000000000001);
#1620=VECTOR('',#6020,0.670000000000001);
#1621=VECTOR('',#6021,0.669999999999945);
#1622=VECTOR('',#6022,0.67);
#1623=VECTOR('',#6023,0.669999999999938);
#1624=VECTOR('',#6024,0.670000000000002);
#1625=VECTOR('',#6025,0.669999999999997);
#1626=VECTOR('',#6026,0.669999999999997);
#1627=VECTOR('',#6027,0.669999999999998);
#1628=VECTOR('',#6028,0.670000000000002);
#1629=VECTOR('',#6031,20.45);
#1630=VECTOR('',#6032,15.2);
#1631=VECTOR('',#6033,20.45);
#1632=VECTOR('',#6034,15.2);
#1633=VECTOR('',#6035,0.669999999999938);
#1634=VECTOR('',#6036,0.67);
#1635=VECTOR('',#6037,0.669999999999945);
#1636=VECTOR('',#6038,0.670000000000002);
#1637=VECTOR('',#6039,0.670000000000001);
#1638=VECTOR('',#6040,0.669999999999999);
#1639=VECTOR('',#6041,0.670000000000001);
#1640=VECTOR('',#6042,0.670000000000001);
#1641=VECTOR('',#6043,0.669999999999999);
#1642=VECTOR('',#6044,0.669999999999999);
#1643=VECTOR('',#6045,0.670000000000001);
#1644=VECTOR('',#6046,0.670000000000001);
#1645=VECTOR('',#6047,0.670000000000001);
#1646=VECTOR('',#6048,0.670000000000001);
#1647=VECTOR('',#6049,0.669999999999999);
#1648=VECTOR('',#6050,0.670000000000001);
#1649=VECTOR('',#6051,0.670000000000001);
#1650=VECTOR('',#6052,0.670000000000001);
#1651=VECTOR('',#6053,0.670000000000001);
#1652=VECTOR('',#6054,0.670000000000001);
#1653=VECTOR('',#6055,0.669999999999945);
#1654=VECTOR('',#6056,0.670000000000002);
#1655=VECTOR('',#6057,0.66999999999994);
#1656=VECTOR('',#6058,0.669999999999999);
#1657=VECTOR('',#6059,0.669999999999997);
#1658=VECTOR('',#6060,0.670000000000002);
#1659=VECTOR('',#6061,0.669999999999998);
#1660=VECTOR('',#6062,0.669999999999997);
#1661=VECTOR('',#6063,0.669999999999999);
#1662=VECTOR('',#6064,0.669999999999999);
#1663=VECTOR('',#6065,0.670000000000001);
#1664=VECTOR('',#6066,0.670000000000001);
#1665=VECTOR('',#6067,0.669999999999999);
#1666=VECTOR('',#6068,0.670000000000001);
#1667=VECTOR('',#6069,0.670000000000001);
#1668=VECTOR('',#6070,0.670000000000001);
#1669=VECTOR('',#6071,0.67);
#1670=VECTOR('',#6072,0.669999999999938);
#1671=VECTOR('',#6073,0.670000000000002);
#1672=VECTOR('',#6074,0.669999999999945);
#1673=VECTOR('',#6075,0.669999999999997);
#1674=VECTOR('',#6076,0.669999999999998);
#1675=VECTOR('',#6077,0.670000000000002);
#1676=VECTOR('',#6078,0.669999999999997);
#1677=VECTOR('',#6079,0.670000000000002);
#1678=VECTOR('',#6080,0.669999999999997);
#1679=VECTOR('',#6081,0.669999999999997);
#1680=VECTOR('',#6082,0.669999999999998);
#1681=VECTOR('',#6083,0.670000000000002);
#1682=VECTOR('',#6084,0.669999999999945);
#1683=VECTOR('',#6085,0.669999999999999);
#1684=VECTOR('',#6086,0.66999999999994);
#1685=VECTOR('',#6087,0.670000000000001);
#1686=VECTOR('',#6088,0.670000000000001);
#1687=VECTOR('',#6089,0.670000000000001);
#1688=VECTOR('',#6090,0.670000000000001);
#1689=VECTOR('',#6091,0.670000000000001);
#1690=VECTOR('',#6092,0.670000000000001);
#1691=VECTOR('',#6093,0.670000000000001);
#1692=VECTOR('',#6094,0.669999999999999);
#1693=VECTOR('',#6095,0.669999999999997);
#1694=VECTOR('',#6096,0.669999999999997);
#1695=VECTOR('',#6097,0.670000000000002);
#1696=VECTOR('',#6098,0.669999999999998);
#1697=VECTOR('',#6101,1.75);
#1698=VECTOR('',#6102,1.75);
#1699=VECTOR('',#6105,1.75);
#1700=VECTOR('',#6108,1.75);
#1701=VECTOR('',#6113,1.65);
#1702=VECTOR('',#6114,0.669999999999997);
#1703=VECTOR('',#6115,1.65);
#1704=VECTOR('',#6118,1.65);
#1705=VECTOR('',#6119,0.669999999999998);
#1706=VECTOR('',#6122,1.65);
#1707=VECTOR('',#6123,0.670000000000002);
#1708=VECTOR('',#6126,0.669999999999997);
#1709=VECTOR('',#6131,1.65);
#1710=VECTOR('',#6132,0.67);
#1711=VECTOR('',#6133,1.65);
#1712=VECTOR('',#6136,1.65);
#1713=VECTOR('',#6137,0.669999999999938);
#1714=VECTOR('',#6140,1.65);
#1715=VECTOR('',#6141,0.670000000000002);
#1716=VECTOR('',#6144,0.669999999999945);
#1717=VECTOR('',#6149,1.65);
#1718=VECTOR('',#6150,0.669999999999999);
#1719=VECTOR('',#6151,1.65);
#1720=VECTOR('',#6154,1.65);
#1721=VECTOR('',#6155,0.670000000000001);
#1722=VECTOR('',#6158,1.65);
#1723=VECTOR('',#6159,0.670000000000001);
#1724=VECTOR('',#6162,0.670000000000001);
#1725=VECTOR('',#6167,1.65);
#1726=VECTOR('',#6168,0.669999999999999);
#1727=VECTOR('',#6169,1.65);
#1728=VECTOR('',#6172,1.65);
#1729=VECTOR('',#6173,0.669999999999999);
#1730=VECTOR('',#6176,1.65);
#1731=VECTOR('',#6177,0.670000000000001);
#1732=VECTOR('',#6180,0.670000000000001);
#1733=VECTOR('',#6185,1.65);
#1734=VECTOR('',#6186,0.670000000000001);
#1735=VECTOR('',#6187,1.65);
#1736=VECTOR('',#6190,1.65);
#1737=VECTOR('',#6191,0.670000000000001);
#1738=VECTOR('',#6194,1.65);
#1739=VECTOR('',#6195,0.670000000000001);
#1740=VECTOR('',#6198,0.669999999999999);
#1741=VECTOR('',#6203,1.65);
#1742=VECTOR('',#6204,0.670000000000001);
#1743=VECTOR('',#6205,1.65);
#1744=VECTOR('',#6208,1.65);
#1745=VECTOR('',#6209,0.670000000000001);
#1746=VECTOR('',#6212,1.65);
#1747=VECTOR('',#6213,0.670000000000001);
#1748=VECTOR('',#6216,0.670000000000001);
#1749=VECTOR('',#6221,1.65);
#1750=VECTOR('',#6222,0.670000000000002);
#1751=VECTOR('',#6223,1.65);
#1752=VECTOR('',#6226,1.65);
#1753=VECTOR('',#6227,0.669999999999945);
#1754=VECTOR('',#6230,1.65);
#1755=VECTOR('',#6231,0.669999999999999);
#1756=VECTOR('',#6234,0.66999999999994);
#1757=VECTOR('',#6239,1.65);
#1758=VECTOR('',#6240,0.670000000000002);
#1759=VECTOR('',#6241,1.65);
#1760=VECTOR('',#6244,1.65);
#1761=VECTOR('',#6245,0.669999999999997);
#1762=VECTOR('',#6248,1.65);
#1763=VECTOR('',#6249,0.669999999999997);
#1764=VECTOR('',#6252,0.669999999999998);
#1765=VECTOR('',#6257,1.65);
#1766=VECTOR('',#6258,0.670000000000001);
#1767=VECTOR('',#6259,1.65);
#1768=VECTOR('',#6262,0.670000000000001);
#1769=VECTOR('',#6263,1.65);
#1770=VECTOR('',#6266,0.670000000000001);
#1771=VECTOR('',#6267,1.65);
#1772=VECTOR('',#6270,0.669999999999999);
#1773=VECTOR('',#6275,1.65);
#1774=VECTOR('',#6276,0.670000000000001);
#1775=VECTOR('',#6277,1.65);
#1776=VECTOR('',#6280,0.670000000000001);
#1777=VECTOR('',#6281,1.65);
#1778=VECTOR('',#6284,0.670000000000001);
#1779=VECTOR('',#6285,1.65);
#1780=VECTOR('',#6288,0.670000000000001);
#1781=VECTOR('',#6293,1.65);
#1782=VECTOR('',#6294,0.670000000000002);
#1783=VECTOR('',#6295,1.65);
#1784=VECTOR('',#6298,0.669999999999945);
#1785=VECTOR('',#6299,1.65);
#1786=VECTOR('',#6302,0.669999999999999);
#1787=VECTOR('',#6303,1.65);
#1788=VECTOR('',#6306,0.66999999999994);
#1789=VECTOR('',#6311,1.65);
#1790=VECTOR('',#6312,0.670000000000002);
#1791=VECTOR('',#6313,1.65);
#1792=VECTOR('',#6316,0.669999999999997);
#1793=VECTOR('',#6317,1.65);
#1794=VECTOR('',#6320,0.669999999999997);
#1795=VECTOR('',#6321,1.65);
#1796=VECTOR('',#6324,0.669999999999998);
#1797=VECTOR('',#6329,1.65);
#1798=VECTOR('',#6330,0.669999999999997);
#1799=VECTOR('',#6331,1.65);
#1800=VECTOR('',#6334,0.669999999999998);
#1801=VECTOR('',#6335,1.65);
#1802=VECTOR('',#6338,0.670000000000002);
#1803=VECTOR('',#6339,1.65);
#1804=VECTOR('',#6342,0.669999999999997);
#1805=VECTOR('',#6347,1.65);
#1806=VECTOR('',#6348,0.67);
#1807=VECTOR('',#6349,1.65);
#1808=VECTOR('',#6352,0.669999999999938);
#1809=VECTOR('',#6353,1.65);
#1810=VECTOR('',#6356,0.670000000000002);
#1811=VECTOR('',#6357,1.65);
#1812=VECTOR('',#6360,0.669999999999945);
#1813=VECTOR('',#6365,1.65);
#1814=VECTOR('',#6366,0.669999999999999);
#1815=VECTOR('',#6367,1.65);
#1816=VECTOR('',#6370,0.670000000000001);
#1817=VECTOR('',#6371,1.65);
#1818=VECTOR('',#6374,0.670000000000001);
#1819=VECTOR('',#6375,1.65);
#1820=VECTOR('',#6378,0.670000000000001);
#1821=VECTOR('',#6383,1.65);
#1822=VECTOR('',#6384,0.669999999999999);
#1823=VECTOR('',#6385,1.65);
#1824=VECTOR('',#6388,0.669999999999999);
#1825=VECTOR('',#6389,1.65);
#1826=VECTOR('',#6392,0.670000000000001);
#1827=VECTOR('',#6393,1.65);
#1828=VECTOR('',#6396,0.670000000000001);
#1829=VECTOR('',#6401,8.16);
#1830=VECTOR('',#6402,0.669999999999997);
#1831=VECTOR('',#6403,8.16);
#1832=VECTOR('',#6406,0.669999999999998);
#1833=VECTOR('',#6407,8.16);
#1834=VECTOR('',#6410,0.670000000000002);
#1835=VECTOR('',#6411,8.16);
#1836=VECTOR('',#6414,0.669999999999997);
#1837=VECTOR('',#6419,8.16);
#1838=VECTOR('',#6420,0.67);
#1839=VECTOR('',#6421,8.16);
#1840=VECTOR('',#6424,0.669999999999938);
#1841=VECTOR('',#6425,8.16);
#1842=VECTOR('',#6428,0.670000000000002);
#1843=VECTOR('',#6429,8.16);
#1844=VECTOR('',#6432,0.669999999999945);
#1845=VECTOR('',#6437,8.16);
#1846=VECTOR('',#6438,0.669999999999999);
#1847=VECTOR('',#6439,8.16);
#1848=VECTOR('',#6442,0.670000000000001);
#1849=VECTOR('',#6443,8.16);
#1850=VECTOR('',#6446,0.670000000000001);
#1851=VECTOR('',#6447,8.16);
#1852=VECTOR('',#6450,0.670000000000001);
#1853=VECTOR('',#6455,8.16);
#1854=VECTOR('',#6456,0.669999999999999);
#1855=VECTOR('',#6457,8.16);
#1856=VECTOR('',#6460,0.669999999999999);
#1857=VECTOR('',#6461,8.16);
#1858=VECTOR('',#6464,0.670000000000001);
#1859=VECTOR('',#6465,8.16);
#1860=VECTOR('',#6468,0.670000000000001);
#1861=VECTOR('',#6473,8.16);
#1862=VECTOR('',#6474,0.670000000000001);
#1863=VECTOR('',#6475,8.16);
#1864=VECTOR('',#6478,0.670000000000001);
#1865=VECTOR('',#6479,8.16);
#1866=VECTOR('',#6482,0.670000000000001);
#1867=VECTOR('',#6483,8.16);
#1868=VECTOR('',#6486,0.669999999999999);
#1869=VECTOR('',#6491,8.16);
#1870=VECTOR('',#6492,0.670000000000001);
#1871=VECTOR('',#6493,8.16);
#1872=VECTOR('',#6496,0.670000000000001);
#1873=VECTOR('',#6497,8.16);
#1874=VECTOR('',#6500,0.670000000000001);
#1875=VECTOR('',#6501,8.16);
#1876=VECTOR('',#6504,0.670000000000001);
#1877=VECTOR('',#6509,8.16);
#1878=VECTOR('',#6510,0.670000000000002);
#1879=VECTOR('',#6511,8.16);
#1880=VECTOR('',#6514,0.669999999999945);
#1881=VECTOR('',#6515,8.16);
#1882=VECTOR('',#6518,0.669999999999999);
#1883=VECTOR('',#6519,8.16);
#1884=VECTOR('',#6522,0.66999999999994);
#1885=VECTOR('',#6527,8.16);
#1886=VECTOR('',#6528,0.670000000000002);
#1887=VECTOR('',#6529,8.16);
#1888=VECTOR('',#6532,0.669999999999997);
#1889=VECTOR('',#6533,8.16);
#1890=VECTOR('',#6536,0.669999999999997);
#1891=VECTOR('',#6537,8.16);
#1892=VECTOR('',#6540,0.669999999999998);
#1893=VECTOR('',#6545,8.16);
#1894=VECTOR('',#6546,8.16);
#1895=VECTOR('',#6547,0.670000000000001);
#1896=VECTOR('',#6550,8.16);
#1897=VECTOR('',#6551,0.670000000000001);
#1898=VECTOR('',#6554,8.16);
#1899=VECTOR('',#6555,0.670000000000001);
#1900=VECTOR('',#6558,0.669999999999999);
#1901=VECTOR('',#6563,8.16);
#1902=VECTOR('',#6564,8.16);
#1903=VECTOR('',#6565,0.670000000000001);
#1904=VECTOR('',#6568,8.16);
#1905=VECTOR('',#6569,0.670000000000001);
#1906=VECTOR('',#6572,8.16);
#1907=VECTOR('',#6573,0.670000000000001);
#1908=VECTOR('',#6576,0.670000000000001);
#1909=VECTOR('',#6581,8.16);
#1910=VECTOR('',#6582,8.16);
#1911=VECTOR('',#6583,0.670000000000002);
#1912=VECTOR('',#6586,8.16);
#1913=VECTOR('',#6587,0.669999999999945);
#1914=VECTOR('',#6590,8.16);
#1915=VECTOR('',#6591,0.669999999999999);
#1916=VECTOR('',#6594,0.66999999999994);
#1917=VECTOR('',#6599,8.16);
#1918=VECTOR('',#6600,8.16);
#1919=VECTOR('',#6601,0.670000000000002);
#1920=VECTOR('',#6604,8.16);
#1921=VECTOR('',#6605,0.669999999999997);
#1922=VECTOR('',#6608,8.16);
#1923=VECTOR('',#6609,0.669999999999997);
#1924=VECTOR('',#6612,0.669999999999998);
#1925=VECTOR('',#6617,8.16);
#1926=VECTOR('',#6618,8.16);
#1927=VECTOR('',#6619,0.669999999999997);
#1928=VECTOR('',#6622,8.16);
#1929=VECTOR('',#6623,0.669999999999998);
#1930=VECTOR('',#6626,8.16);
#1931=VECTOR('',#6627,0.670000000000002);
#1932=VECTOR('',#6630,0.669999999999997);
#1933=VECTOR('',#6635,8.16);
#1934=VECTOR('',#6636,8.16);
#1935=VECTOR('',#6637,0.67);
#1936=VECTOR('',#6640,8.16);
#1937=VECTOR('',#6641,0.669999999999938);
#1938=VECTOR('',#6644,8.16);
#1939=VECTOR('',#6645,0.670000000000002);
#1940=VECTOR('',#6648,0.669999999999945);
#1941=VECTOR('',#6653,8.16);
#1942=VECTOR('',#6654,8.16);
#1943=VECTOR('',#6655,0.669999999999999);
#1944=VECTOR('',#6658,8.16);
#1945=VECTOR('',#6659,0.670000000000001);
#1946=VECTOR('',#6662,8.16);
#1947=VECTOR('',#6663,0.670000000000001);
#1948=VECTOR('',#6666,0.670000000000001);
#1949=VECTOR('',#6671,8.16);
#1950=VECTOR('',#6672,8.16);
#1951=VECTOR('',#6673,0.669999999999999);
#1952=VECTOR('',#6676,8.16);
#1953=VECTOR('',#6677,0.669999999999999);
#1954=VECTOR('',#6680,8.16);
#1955=VECTOR('',#6681,0.670000000000001);
#1956=VECTOR('',#6684,0.670000000000001);
#1957=VECTOR('',#6689,0.996591410622152);
#1958=VECTOR('',#6690,0.9);
#1959=VECTOR('',#6691,0.996591410622152);
#1960=VECTOR('',#6692,0.9);
#1961=VECTOR('',#6695,2.);
#1962=VECTOR('',#6696,2.);
#1963=VECTOR('',#6697,0.9);
#1964=VECTOR('',#6700,0.996591410622151);
#1965=VECTOR('',#6701,0.996591410622151);
#1966=VECTOR('',#6702,0.9);
#1967=VECTOR('',#6705,2.);
#1968=VECTOR('',#6706,2.);
#1969=VECTOR('',#6713,0.996591410622152);
#1970=VECTOR('',#6714,0.9);
#1971=VECTOR('',#6715,0.996591410622152);
#1972=VECTOR('',#6716,0.9);
#1973=VECTOR('',#6719,2.);
#1974=VECTOR('',#6720,2.);
#1975=VECTOR('',#6721,0.9);
#1976=VECTOR('',#6724,0.996591410622151);
#1977=VECTOR('',#6725,0.996591410622151);
#1978=VECTOR('',#6726,0.9);
#1979=VECTOR('',#6729,2.);
#1980=VECTOR('',#6730,2.);
#1981=VECTOR('',#6737,1.7);
#1982=VECTOR('',#6738,0.9);
#1983=VECTOR('',#6739,1.7);
#1984=VECTOR('',#6740,0.9);
#1985=VECTOR('',#6743,0.963931102180613);
#1986=VECTOR('',#6744,0.963931102180613);
#1987=VECTOR('',#6745,0.9);
#1988=VECTOR('',#6748,1.7);
#1989=VECTOR('',#6749,1.7);
#1990=VECTOR('',#6750,0.9);
#1991=VECTOR('',#6753,0.963931102180614);
#1992=VECTOR('',#6754,0.963931102180614);
#1993=VECTOR('',#6761,0.963931102180616);
#1994=VECTOR('',#6762,0.9);
#1995=VECTOR('',#6763,0.963931102180616);
#1996=VECTOR('',#6764,0.9);
#1997=VECTOR('',#6767,1.7);
#1998=VECTOR('',#6768,1.7);
#1999=VECTOR('',#6769,0.9);
#2000=VECTOR('',#6772,0.963931102180616);
#2001=VECTOR('',#6773,0.963931102180616);
#2002=VECTOR('',#6774,0.9);
#2003=VECTOR('',#6777,1.7);
#2004=VECTOR('',#6778,1.7);
#2005=VECTOR('',#6785,1.7);
#2006=VECTOR('',#6786,0.9);
#2007=VECTOR('',#6787,1.7);
#2008=VECTOR('',#6788,0.9);
#2009=VECTOR('',#6791,0.963931102180613);
#2010=VECTOR('',#6792,0.963931102180613);
#2011=VECTOR('',#6793,0.9);
#2012=VECTOR('',#6796,1.7);
#2013=VECTOR('',#6797,1.7);
#2014=VECTOR('',#6798,0.9);
#2015=VECTOR('',#6801,0.963931102180613);
#2016=VECTOR('',#6802,0.963931102180613);
#2017=VECTOR('',#6809,0.963931102180616);
#2018=VECTOR('',#6810,0.9);
#2019=VECTOR('',#6811,0.963931102180616);
#2020=VECTOR('',#6812,0.9);
#2021=VECTOR('',#6815,1.7);
#2022=VECTOR('',#6816,1.7);
#2023=VECTOR('',#6817,0.9);
#2024=VECTOR('',#6820,0.963931102180589);
#2025=VECTOR('',#6821,0.963931102180589);
#2026=VECTOR('',#6822,0.9);
#2027=VECTOR('',#6825,1.7);
#2028=VECTOR('',#6826,1.7);
#2029=VECTOR('',#6833,1.7);
#2030=VECTOR('',#6834,0.9);
#2031=VECTOR('',#6835,1.7);
#2032=VECTOR('',#6836,0.9);
#2033=VECTOR('',#6839,0.963931102180613);
#2034=VECTOR('',#6840,0.963931102180613);
#2035=VECTOR('',#6841,0.9);
#2036=VECTOR('',#6844,1.7);
#2037=VECTOR('',#6845,1.7);
#2038=VECTOR('',#6846,0.9);
#2039=VECTOR('',#6849,0.963931102180613);
#2040=VECTOR('',#6850,0.963931102180613);
#2041=VECTOR('',#6857,5.);
#2042=VECTOR('',#6858,0.9);
#2043=VECTOR('',#6859,5.);
#2044=VECTOR('',#6860,0.9);
#2045=VECTOR('',#6863,5.);
#2046=VECTOR('',#6864,5.);
#2047=VECTOR('',#6865,0.9);
#2048=VECTOR('',#6868,5.);
#2049=VECTOR('',#6869,5.);
#2050=VECTOR('',#6870,0.9);
#2051=VECTOR('',#6873,5.);
#2052=VECTOR('',#6874,5.);
#2053=VECTOR('',#6881,0.963931102180616);
#2054=VECTOR('',#6882,0.9);
#2055=VECTOR('',#6883,0.963931102180616);
#2056=VECTOR('',#6884,0.9);
#2057=VECTOR('',#6887,1.70000000000001);
#2058=VECTOR('',#6888,1.70000000000001);
#2059=VECTOR('',#6889,0.9);
#2060=VECTOR('',#6892,0.96393110218061);
#2061=VECTOR('',#6893,0.96393110218061);
#2062=VECTOR('',#6894,0.9);
#2063=VECTOR('',#6897,1.70000000000001);
#2064=VECTOR('',#6898,1.70000000000001);
#2065=VECTOR('',#6905,1.7);
#2066=VECTOR('',#6906,0.9);
#2067=VECTOR('',#6907,1.7);
#2068=VECTOR('',#6908,0.9);
#2069=VECTOR('',#6911,0.963931102180613);
#2070=VECTOR('',#6912,0.963931102180613);
#2071=VECTOR('',#6913,0.9);
#2072=VECTOR('',#6916,1.7);
#2073=VECTOR('',#6917,1.7);
#2074=VECTOR('',#6918,0.9);
#2075=VECTOR('',#6921,0.963931102180612);
#2076=VECTOR('',#6922,0.963931102180612);
#2077=VECTOR('',#6929,1.9);
#2078=VECTOR('',#6930,1.4);
#2079=VECTOR('',#6931,1.9);
#2080=VECTOR('',#6932,1.4);
#2081=VECTOR('',#6935,3.6);
#2082=VECTOR('',#6936,1.4);
#2083=VECTOR('',#6937,3.6);
#2084=VECTOR('',#6940,1.9);
#2085=VECTOR('',#6941,1.4);
#2086=VECTOR('',#6942,1.9);
#2087=VECTOR('',#6945,3.6);
#2088=VECTOR('',#6946,3.6);
#2089=VECTOR('',#6953,2.90000000000001);
#2090=VECTOR('',#6954,0.4);
#2091=VECTOR('',#6955,2.90000000000001);
#2092=VECTOR('',#6956,0.4);
#2093=VECTOR('',#6959,3.38712515913022);
#2094=VECTOR('',#6960,3.38712515913022);
#2095=VECTOR('',#6961,0.4);
#2096=VECTOR('',#6964,2.9);
#2097=VECTOR('',#6965,2.9);
#2098=VECTOR('',#6966,0.4);
#2099=VECTOR('',#6969,3.38712515913023);
#2100=VECTOR('',#6970,3.38712515913023);
#2101=VECTOR('',#6977,0.720192391367812);
#2102=VECTOR('',#6980,0.715881668871444);
#2103=VECTOR('',#6985,0.715881668871355);
#2104=VECTOR('',#6988,0.720192391367871);
#2105=VECTOR('',#6993,0.716338587325773);
#2106=VECTOR('',#6996,0.71588166887137);
#2107=VECTOR('',#7003,1.15845478775849);
#2108=VECTOR('',#7006,0.2);
#2109=VECTOR('',#7007,0.2);
#2110=VECTOR('',#7010,0.2);
#2111=VECTOR('',#7011,0.2);
#2112=VECTOR('',#7014,0.2);
#2113=VECTOR('',#7017,0.2);
#2114=VECTOR('',#7020,0.2);
#2115=VECTOR('',#7021,0.2);
#2116=VECTOR('',#7026,0.715881668870899);
#2117=VECTOR('',#7027,0.71633858732614);
#2118=VECTOR('',#7034,0.2);
#2119=VECTOR('',#7035,0.720192391367812);
#2120=VECTOR('',#7038,0.2);
#2121=VECTOR('',#7043,0.715881668871444);
#2122=VECTOR('',#7046,0.2);
#2123=VECTOR('',#7047,0.715881668871355);
#2124=VECTOR('',#7050,0.2);
#2125=VECTOR('',#7055,0.720192391367871);
#2126=VECTOR('',#7058,0.2);
#2127=VECTOR('',#7059,0.716338587325773);
#2128=VECTOR('',#7062,0.2);
#2129=VECTOR('',#7067,0.71588166887137);
#2130=VECTOR('',#7070,0.2);
#2131=VECTOR('',#7071,0.715881668870898);
#2132=VECTOR('',#7074,0.2);
#2133=VECTOR('',#7079,0.71633858732614);
#2134=VECTOR('',#7084,0.996591410622153);
#2135=VECTOR('',#7085,0.9);
#2136=VECTOR('',#7086,0.996591410622153);
#2137=VECTOR('',#7087,0.9);
#2138=VECTOR('',#7090,0.996591410622153);
#2139=VECTOR('',#7091,0.9);
#2140=VECTOR('',#7092,0.996591410622153);
#2141=VECTOR('',#7093,0.9);
#2142=VECTOR('',#7096,0.963931102180616);
#2143=VECTOR('',#7097,0.9);
#2144=VECTOR('',#7098,0.963931102180616);
#2145=VECTOR('',#7099,0.9);
#2146=VECTOR('',#7102,0.963931102180614);
#2147=VECTOR('',#7103,0.9);
#2148=VECTOR('',#7104,0.963931102180614);
#2149=VECTOR('',#7105,0.9);
#2150=VECTOR('',#7108,0.963931102180616);
#2151=VECTOR('',#7109,0.9);
#2152=VECTOR('',#7110,0.963931102180616);
#2153=VECTOR('',#7111,0.9);
#2154=VECTOR('',#7114,0.996672879513937);
#2155=VECTOR('',#7115,0.9);
#2156=VECTOR('',#7116,0.996672879513937);
#2157=VECTOR('',#7117,0.9);
#2158=VECTOR('',#7120,0.996591410622151);
#2159=VECTOR('',#7121,0.9);
#2160=VECTOR('',#7122,0.996591410622151);
#2161=VECTOR('',#7123,0.9);
#2162=VECTOR('',#7126,0.963931102180616);
#2163=VECTOR('',#7127,0.9);
#2164=VECTOR('',#7128,0.963931102180616);
#2165=VECTOR('',#7129,0.9);
#2166=VECTOR('',#7132,0.963931102180613);
#2167=VECTOR('',#7133,0.9);
#2168=VECTOR('',#7134,0.963931102180613);
#2169=VECTOR('',#7135,0.9);
#2170=VECTOR('',#7138,0.963931102180616);
#2171=VECTOR('',#7139,0.9);
#2172=VECTOR('',#7140,0.963931102180616);
#2173=VECTOR('',#7141,0.9);
#2174=VECTOR('',#7144,0.963931102180615);
#2175=VECTOR('',#7145,0.9);
#2176=VECTOR('',#7146,0.963931102180615);
#2177=VECTOR('',#7147,0.9);
#2178=VECTOR('',#7150,0.963931102180613);
#2179=VECTOR('',#7151,0.9);
#2180=VECTOR('',#7152,0.963931102180613);
#2181=VECTOR('',#7153,0.9);
#2182=VECTOR('',#7156,0.963931102180615);
#2183=VECTOR('',#7157,0.9);
#2184=VECTOR('',#7158,0.963931102180615);
#2185=VECTOR('',#7159,0.9);
#2186=VECTOR('',#7162,0.963931102180586);
#2187=VECTOR('',#7163,0.9);
#2188=VECTOR('',#7164,0.963931102180586);
#2189=VECTOR('',#7165,0.9);
#2190=VECTOR('',#7168,0.963931102180616);
#2191=VECTOR('',#7169,0.9);
#2192=VECTOR('',#7170,0.963931102180616);
#2193=VECTOR('',#7171,0.9);
#2194=VECTOR('',#7174,0.96393110218061);
#2195=VECTOR('',#7175,0.9);
#2196=VECTOR('',#7176,0.96393110218061);
#2197=VECTOR('',#7177,0.9);
#2198=VECTOR('',#7180,0.963931102180612);
#2199=VECTOR('',#7181,0.9);
#2200=VECTOR('',#7182,0.963931102180612);
#2201=VECTOR('',#7183,0.9);
#2202=VECTOR('',#7186,0.963931102180616);
#2203=VECTOR('',#7187,0.9);
#2204=VECTOR('',#7188,0.963931102180616);
#2205=VECTOR('',#7189,0.9);
#2206=VERTEX_POINT('',#7197);
#2207=VERTEX_POINT('',#7198);
#2208=VERTEX_POINT('',#7200);
#2209=VERTEX_POINT('',#7202);
#2210=VERTEX_POINT('',#7206);
#2211=VERTEX_POINT('',#7207);
#2212=VERTEX_POINT('',#7209);
#2213=VERTEX_POINT('',#7211);
#2214=VERTEX_POINT('',#7215);
#2215=VERTEX_POINT('',#7216);
#2216=VERTEX_POINT('',#7218);
#2217=VERTEX_POINT('',#7220);
#2218=VERTEX_POINT('',#7224);
#2219=VERTEX_POINT('',#7225);
#2220=VERTEX_POINT('',#7227);
#2221=VERTEX_POINT('',#7229);
#2222=VERTEX_POINT('',#7233);
#2223=VERTEX_POINT('',#7234);
#2224=VERTEX_POINT('',#7236);
#2225=VERTEX_POINT('',#7238);
#2226=VERTEX_POINT('',#7242);
#2227=VERTEX_POINT('',#7243);
#2228=VERTEX_POINT('',#7246);
#2229=VERTEX_POINT('',#7248);
#2230=VERTEX_POINT('',#7251);
#2231=VERTEX_POINT('',#7253);
#2232=VERTEX_POINT('',#7256);
#2233=VERTEX_POINT('',#7258);
#2234=VERTEX_POINT('',#7261);
#2235=VERTEX_POINT('',#7263);
#2236=VERTEX_POINT('',#7268);
#2237=VERTEX_POINT('',#7272);
#2238=VERTEX_POINT('',#7278);
#2239=VERTEX_POINT('',#7279);
#2240=VERTEX_POINT('',#7282);
#2241=VERTEX_POINT('',#7284);
#2242=VERTEX_POINT('',#7287);
#2243=VERTEX_POINT('',#7289);
#2244=VERTEX_POINT('',#7292);
#2245=VERTEX_POINT('',#7294);
#2246=VERTEX_POINT('',#7320);
#2247=VERTEX_POINT('',#7321);
#2248=VERTEX_POINT('',#7323);
#2249=VERTEX_POINT('',#7325);
#2250=VERTEX_POINT('',#7328);
#2251=VERTEX_POINT('',#7329);
#2252=VERTEX_POINT('',#7331);
#2253=VERTEX_POINT('',#7333);
#2254=VERTEX_POINT('',#7336);
#2255=VERTEX_POINT('',#7337);
#2256=VERTEX_POINT('',#7339);
#2257=VERTEX_POINT('',#7341);
#2258=VERTEX_POINT('',#7344);
#2259=VERTEX_POINT('',#7345);
#2260=VERTEX_POINT('',#7347);
#2261=VERTEX_POINT('',#7349);
#2262=VERTEX_POINT('',#7352);
#2263=VERTEX_POINT('',#7353);
#2264=VERTEX_POINT('',#7355);
#2265=VERTEX_POINT('',#7357);
#2266=VERTEX_POINT('',#7360);
#2267=VERTEX_POINT('',#7361);
#2268=VERTEX_POINT('',#7363);
#2269=VERTEX_POINT('',#7365);
#2270=VERTEX_POINT('',#7368);
#2271=VERTEX_POINT('',#7369);
#2272=VERTEX_POINT('',#7371);
#2273=VERTEX_POINT('',#7373);
#2274=VERTEX_POINT('',#7376);
#2275=VERTEX_POINT('',#7377);
#2276=VERTEX_POINT('',#7379);
#2277=VERTEX_POINT('',#7381);
#2278=VERTEX_POINT('',#7384);
#2279=VERTEX_POINT('',#7385);
#2280=VERTEX_POINT('',#7387);
#2281=VERTEX_POINT('',#7389);
#2282=VERTEX_POINT('',#7392);
#2283=VERTEX_POINT('',#7393);
#2284=VERTEX_POINT('',#7395);
#2285=VERTEX_POINT('',#7397);
#2286=VERTEX_POINT('',#7400);
#2287=VERTEX_POINT('',#7401);
#2288=VERTEX_POINT('',#7403);
#2289=VERTEX_POINT('',#7405);
#2290=VERTEX_POINT('',#7408);
#2291=VERTEX_POINT('',#7409);
#2292=VERTEX_POINT('',#7411);
#2293=VERTEX_POINT('',#7413);
#2294=VERTEX_POINT('',#7416);
#2295=VERTEX_POINT('',#7417);
#2296=VERTEX_POINT('',#7419);
#2297=VERTEX_POINT('',#7421);
#2298=VERTEX_POINT('',#7424);
#2299=VERTEX_POINT('',#7425);
#2300=VERTEX_POINT('',#7427);
#2301=VERTEX_POINT('',#7429);
#2302=VERTEX_POINT('',#7432);
#2303=VERTEX_POINT('',#7433);
#2304=VERTEX_POINT('',#7435);
#2305=VERTEX_POINT('',#7437);
#2306=VERTEX_POINT('',#7440);
#2307=VERTEX_POINT('',#7441);
#2308=VERTEX_POINT('',#7443);
#2309=VERTEX_POINT('',#7445);
#2310=VERTEX_POINT('',#7448);
#2311=VERTEX_POINT('',#7449);
#2312=VERTEX_POINT('',#7451);
#2313=VERTEX_POINT('',#7453);
#2314=VERTEX_POINT('',#7457);
#2315=VERTEX_POINT('',#7458);
#2316=VERTEX_POINT('',#7460);
#2317=VERTEX_POINT('',#7462);
#2318=VERTEX_POINT('',#7465);
#2319=VERTEX_POINT('',#7466);
#2320=VERTEX_POINT('',#7468);
#2321=VERTEX_POINT('',#7470);
#2322=VERTEX_POINT('',#7473);
#2323=VERTEX_POINT('',#7474);
#2324=VERTEX_POINT('',#7476);
#2325=VERTEX_POINT('',#7478);
#2326=VERTEX_POINT('',#7481);
#2327=VERTEX_POINT('',#7482);
#2328=VERTEX_POINT('',#7484);
#2329=VERTEX_POINT('',#7486);
#2330=VERTEX_POINT('',#7489);
#2331=VERTEX_POINT('',#7490);
#2332=VERTEX_POINT('',#7492);
#2333=VERTEX_POINT('',#7494);
#2334=VERTEX_POINT('',#7497);
#2335=VERTEX_POINT('',#7498);
#2336=VERTEX_POINT('',#7500);
#2337=VERTEX_POINT('',#7502);
#2338=VERTEX_POINT('',#7505);
#2339=VERTEX_POINT('',#7506);
#2340=VERTEX_POINT('',#7508);
#2341=VERTEX_POINT('',#7510);
#2342=VERTEX_POINT('',#7513);
#2343=VERTEX_POINT('',#7514);
#2344=VERTEX_POINT('',#7516);
#2345=VERTEX_POINT('',#7518);
#2346=VERTEX_POINT('',#7521);
#2347=VERTEX_POINT('',#7522);
#2348=VERTEX_POINT('',#7524);
#2349=VERTEX_POINT('',#7526);
#2350=VERTEX_POINT('',#7529);
#2351=VERTEX_POINT('',#7530);
#2352=VERTEX_POINT('',#7532);
#2353=VERTEX_POINT('',#7534);
#2354=VERTEX_POINT('',#7537);
#2355=VERTEX_POINT('',#7538);
#2356=VERTEX_POINT('',#7540);
#2357=VERTEX_POINT('',#7542);
#2358=VERTEX_POINT('',#7545);
#2359=VERTEX_POINT('',#7546);
#2360=VERTEX_POINT('',#7548);
#2361=VERTEX_POINT('',#7550);
#2362=VERTEX_POINT('',#7553);
#2363=VERTEX_POINT('',#7554);
#2364=VERTEX_POINT('',#7556);
#2365=VERTEX_POINT('',#7558);
#2366=VERTEX_POINT('',#7561);
#2367=VERTEX_POINT('',#7562);
#2368=VERTEX_POINT('',#7564);
#2369=VERTEX_POINT('',#7566);
#2370=VERTEX_POINT('',#7569);
#2371=VERTEX_POINT('',#7570);
#2372=VERTEX_POINT('',#7572);
#2373=VERTEX_POINT('',#7574);
#2374=VERTEX_POINT('',#7577);
#2375=VERTEX_POINT('',#7578);
#2376=VERTEX_POINT('',#7580);
#2377=VERTEX_POINT('',#7582);
#2378=VERTEX_POINT('',#7585);
#2379=VERTEX_POINT('',#7586);
#2380=VERTEX_POINT('',#7588);
#2381=VERTEX_POINT('',#7590);
#2382=VERTEX_POINT('',#7602);
#2383=VERTEX_POINT('',#7604);
#2384=VERTEX_POINT('',#7608);
#2385=VERTEX_POINT('',#7612);
#2386=VERTEX_POINT('',#7619);
#2387=VERTEX_POINT('',#7621);
#2388=VERTEX_POINT('',#7625);
#2389=VERTEX_POINT('',#7629);
#2390=VERTEX_POINT('',#7636);
#2391=VERTEX_POINT('',#7638);
#2392=VERTEX_POINT('',#7642);
#2393=VERTEX_POINT('',#7646);
#2394=VERTEX_POINT('',#7653);
#2395=VERTEX_POINT('',#7655);
#2396=VERTEX_POINT('',#7659);
#2397=VERTEX_POINT('',#7663);
#2398=VERTEX_POINT('',#7670);
#2399=VERTEX_POINT('',#7672);
#2400=VERTEX_POINT('',#7676);
#2401=VERTEX_POINT('',#7680);
#2402=VERTEX_POINT('',#7687);
#2403=VERTEX_POINT('',#7689);
#2404=VERTEX_POINT('',#7693);
#2405=VERTEX_POINT('',#7697);
#2406=VERTEX_POINT('',#7704);
#2407=VERTEX_POINT('',#7706);
#2408=VERTEX_POINT('',#7710);
#2409=VERTEX_POINT('',#7714);
#2410=VERTEX_POINT('',#7721);
#2411=VERTEX_POINT('',#7723);
#2412=VERTEX_POINT('',#7727);
#2413=VERTEX_POINT('',#7731);
#2414=VERTEX_POINT('',#7738);
#2415=VERTEX_POINT('',#7740);
#2416=VERTEX_POINT('',#7744);
#2417=VERTEX_POINT('',#7748);
#2418=VERTEX_POINT('',#7755);
#2419=VERTEX_POINT('',#7757);
#2420=VERTEX_POINT('',#7761);
#2421=VERTEX_POINT('',#7765);
#2422=VERTEX_POINT('',#7772);
#2423=VERTEX_POINT('',#7774);
#2424=VERTEX_POINT('',#7778);
#2425=VERTEX_POINT('',#7782);
#2426=VERTEX_POINT('',#7789);
#2427=VERTEX_POINT('',#7791);
#2428=VERTEX_POINT('',#7795);
#2429=VERTEX_POINT('',#7799);
#2430=VERTEX_POINT('',#7806);
#2431=VERTEX_POINT('',#7808);
#2432=VERTEX_POINT('',#7812);
#2433=VERTEX_POINT('',#7816);
#2434=VERTEX_POINT('',#7823);
#2435=VERTEX_POINT('',#7825);
#2436=VERTEX_POINT('',#7829);
#2437=VERTEX_POINT('',#7833);
#2438=VERTEX_POINT('',#7840);
#2439=VERTEX_POINT('',#7842);
#2440=VERTEX_POINT('',#7846);
#2441=VERTEX_POINT('',#7850);
#2442=VERTEX_POINT('',#7857);
#2443=VERTEX_POINT('',#7859);
#2444=VERTEX_POINT('',#7863);
#2445=VERTEX_POINT('',#7867);
#2446=VERTEX_POINT('',#7874);
#2447=VERTEX_POINT('',#7876);
#2448=VERTEX_POINT('',#7880);
#2449=VERTEX_POINT('',#7884);
#2450=VERTEX_POINT('',#7891);
#2451=VERTEX_POINT('',#7893);
#2452=VERTEX_POINT('',#7897);
#2453=VERTEX_POINT('',#7901);
#2454=VERTEX_POINT('',#7908);
#2455=VERTEX_POINT('',#7910);
#2456=VERTEX_POINT('',#7914);
#2457=VERTEX_POINT('',#7918);
#2458=VERTEX_POINT('',#7925);
#2459=VERTEX_POINT('',#7927);
#2460=VERTEX_POINT('',#7931);
#2461=VERTEX_POINT('',#7935);
#2462=VERTEX_POINT('',#7942);
#2463=VERTEX_POINT('',#7944);
#2464=VERTEX_POINT('',#7948);
#2465=VERTEX_POINT('',#7952);
#2466=VERTEX_POINT('',#7959);
#2467=VERTEX_POINT('',#7961);
#2468=VERTEX_POINT('',#7965);
#2469=VERTEX_POINT('',#7969);
#2470=VERTEX_POINT('',#7976);
#2471=VERTEX_POINT('',#7978);
#2472=VERTEX_POINT('',#7982);
#2473=VERTEX_POINT('',#7986);
#2474=VERTEX_POINT('',#7993);
#2475=VERTEX_POINT('',#7995);
#2476=VERTEX_POINT('',#7999);
#2477=VERTEX_POINT('',#8003);
#2478=VERTEX_POINT('',#8010);
#2479=VERTEX_POINT('',#8012);
#2480=VERTEX_POINT('',#8016);
#2481=VERTEX_POINT('',#8020);
#2482=VERTEX_POINT('',#8027);
#2483=VERTEX_POINT('',#8029);
#2484=VERTEX_POINT('',#8033);
#2485=VERTEX_POINT('',#8037);
#2486=VERTEX_POINT('',#8044);
#2487=VERTEX_POINT('',#8046);
#2488=VERTEX_POINT('',#8050);
#2489=VERTEX_POINT('',#8054);
#2490=VERTEX_POINT('',#8061);
#2491=VERTEX_POINT('',#8063);
#2492=VERTEX_POINT('',#8067);
#2493=VERTEX_POINT('',#8071);
#2494=VERTEX_POINT('',#8078);
#2495=VERTEX_POINT('',#8080);
#2496=VERTEX_POINT('',#8084);
#2497=VERTEX_POINT('',#8088);
#2498=VERTEX_POINT('',#8095);
#2499=VERTEX_POINT('',#8097);
#2500=VERTEX_POINT('',#8101);
#2501=VERTEX_POINT('',#8105);
#2502=VERTEX_POINT('',#8112);
#2503=VERTEX_POINT('',#8114);
#2504=VERTEX_POINT('',#8118);
#2505=VERTEX_POINT('',#8122);
#2506=VERTEX_POINT('',#8129);
#2507=VERTEX_POINT('',#8131);
#2508=VERTEX_POINT('',#8135);
#2509=VERTEX_POINT('',#8139);
#2510=VERTEX_POINT('',#8146);
#2511=VERTEX_POINT('',#8147);
#2512=VERTEX_POINT('',#8149);
#2513=VERTEX_POINT('',#8151);
#2514=VERTEX_POINT('',#8155);
#2515=VERTEX_POINT('',#8157);
#2516=VERTEX_POINT('',#8161);
#2517=VERTEX_POINT('',#8163);
#2518=VERTEX_POINT('',#8172);
#2519=VERTEX_POINT('',#8173);
#2520=VERTEX_POINT('',#8175);
#2521=VERTEX_POINT('',#8177);
#2522=VERTEX_POINT('',#8181);
#2523=VERTEX_POINT('',#8183);
#2524=VERTEX_POINT('',#8187);
#2525=VERTEX_POINT('',#8189);
#2526=VERTEX_POINT('',#8198);
#2527=VERTEX_POINT('',#8199);
#2528=VERTEX_POINT('',#8201);
#2529=VERTEX_POINT('',#8203);
#2530=VERTEX_POINT('',#8207);
#2531=VERTEX_POINT('',#8209);
#2532=VERTEX_POINT('',#8213);
#2533=VERTEX_POINT('',#8215);
#2534=VERTEX_POINT('',#8224);
#2535=VERTEX_POINT('',#8225);
#2536=VERTEX_POINT('',#8227);
#2537=VERTEX_POINT('',#8229);
#2538=VERTEX_POINT('',#8233);
#2539=VERTEX_POINT('',#8235);
#2540=VERTEX_POINT('',#8239);
#2541=VERTEX_POINT('',#8241);
#2542=VERTEX_POINT('',#8250);
#2543=VERTEX_POINT('',#8251);
#2544=VERTEX_POINT('',#8253);
#2545=VERTEX_POINT('',#8255);
#2546=VERTEX_POINT('',#8259);
#2547=VERTEX_POINT('',#8261);
#2548=VERTEX_POINT('',#8265);
#2549=VERTEX_POINT('',#8267);
#2550=VERTEX_POINT('',#8276);
#2551=VERTEX_POINT('',#8277);
#2552=VERTEX_POINT('',#8279);
#2553=VERTEX_POINT('',#8281);
#2554=VERTEX_POINT('',#8285);
#2555=VERTEX_POINT('',#8287);
#2556=VERTEX_POINT('',#8291);
#2557=VERTEX_POINT('',#8293);
#2558=VERTEX_POINT('',#8302);
#2559=VERTEX_POINT('',#8303);
#2560=VERTEX_POINT('',#8305);
#2561=VERTEX_POINT('',#8307);
#2562=VERTEX_POINT('',#8311);
#2563=VERTEX_POINT('',#8313);
#2564=VERTEX_POINT('',#8317);
#2565=VERTEX_POINT('',#8319);
#2566=VERTEX_POINT('',#8328);
#2567=VERTEX_POINT('',#8329);
#2568=VERTEX_POINT('',#8331);
#2569=VERTEX_POINT('',#8333);
#2570=VERTEX_POINT('',#8337);
#2571=VERTEX_POINT('',#8339);
#2572=VERTEX_POINT('',#8343);
#2573=VERTEX_POINT('',#8345);
#2574=VERTEX_POINT('',#8354);
#2575=VERTEX_POINT('',#8355);
#2576=VERTEX_POINT('',#8357);
#2577=VERTEX_POINT('',#8359);
#2578=VERTEX_POINT('',#8363);
#2579=VERTEX_POINT('',#8365);
#2580=VERTEX_POINT('',#8369);
#2581=VERTEX_POINT('',#8371);
#2582=VERTEX_POINT('',#8380);
#2583=VERTEX_POINT('',#8381);
#2584=VERTEX_POINT('',#8383);
#2585=VERTEX_POINT('',#8385);
#2586=VERTEX_POINT('',#8389);
#2587=VERTEX_POINT('',#8391);
#2588=VERTEX_POINT('',#8395);
#2589=VERTEX_POINT('',#8397);
#2590=VERTEX_POINT('',#8406);
#2591=VERTEX_POINT('',#8407);
#2592=VERTEX_POINT('',#8409);
#2593=VERTEX_POINT('',#8411);
#2594=VERTEX_POINT('',#8415);
#2595=VERTEX_POINT('',#8417);
#2596=VERTEX_POINT('',#8421);
#2597=VERTEX_POINT('',#8423);
#2598=VERTEX_POINT('',#8432);
#2599=VERTEX_POINT('',#8433);
#2600=VERTEX_POINT('',#8435);
#2601=VERTEX_POINT('',#8437);
#2602=VERTEX_POINT('',#8441);
#2603=VERTEX_POINT('',#8443);
#2604=VERTEX_POINT('',#8447);
#2605=VERTEX_POINT('',#8449);
#2606=VERTEX_POINT('',#8458);
#2607=VERTEX_POINT('',#8459);
#2608=VERTEX_POINT('',#8461);
#2609=VERTEX_POINT('',#8463);
#2610=VERTEX_POINT('',#8467);
#2611=VERTEX_POINT('',#8468);
#2612=VERTEX_POINT('',#8470);
#2613=VERTEX_POINT('',#8472);
#2614=VERTEX_POINT('',#8476);
#2615=VERTEX_POINT('',#8477);
#2616=VERTEX_POINT('',#8479);
#2617=VERTEX_POINT('',#8481);
#2618=VERTEX_POINT('',#8485);
#2619=VERTEX_POINT('',#8487);
#2620=VERTEX_POINT('',#8489);
#2621=VERTEX_POINT('',#8492);
#2622=VERTEX_POINT('',#8494);
#2623=VERTEX_POINT('',#8497);
#2624=VERTEX_POINT('',#8499);
#2625=VERTEX_POINT('',#8501);
#2626=VERTEX_POINT('',#8503);
#2627=VERTEX_POINT('',#8505);
#2628=VERTEX_POINT('',#8507);
#2629=VERTEX_POINT('',#8510);
#2630=VERTEX_POINT('',#8514);
#2631=VERTEX_POINT('',#8516);
#2632=VERTEX_POINT('',#8521);
#2633=VERTEX_POINT('',#8525);
#2634=VERTEX_POINT('',#8531);
#2635=VERTEX_POINT('',#8535);
#2636=VERTEX_POINT('',#8541);
#2637=VERTEX_POINT('',#8545);
#2638=VERTEX_POINT('',#8551);
#2639=VERTEX_POINT('',#8555);
#2640=VERTEX_POINT('',#8562);
#2641=VERTEX_POINT('',#8563);
#2642=VERTEX_POINT('',#8565);
#2643=VERTEX_POINT('',#8567);
#2644=VERTEX_POINT('',#8571);
#2645=VERTEX_POINT('',#8572);
#2646=VERTEX_POINT('',#8574);
#2647=VERTEX_POINT('',#8576);
#2648=VERTEX_POINT('',#8580);
#2649=VERTEX_POINT('',#8581);
#2650=VERTEX_POINT('',#8583);
#2651=VERTEX_POINT('',#8585);
#2652=VERTEX_POINT('',#8589);
#2653=VERTEX_POINT('',#8590);
#2654=VERTEX_POINT('',#8592);
#2655=VERTEX_POINT('',#8594);
#2656=VERTEX_POINT('',#8598);
#2657=VERTEX_POINT('',#8599);
#2658=VERTEX_POINT('',#8601);
#2659=VERTEX_POINT('',#8603);
#2660=VERTEX_POINT('',#8607);
#2661=VERTEX_POINT('',#8608);
#2662=VERTEX_POINT('',#8610);
#2663=VERTEX_POINT('',#8612);
#2664=VERTEX_POINT('',#8616);
#2665=VERTEX_POINT('',#8617);
#2666=VERTEX_POINT('',#8619);
#2667=VERTEX_POINT('',#8621);
#2668=VERTEX_POINT('',#8625);
#2669=VERTEX_POINT('',#8626);
#2670=VERTEX_POINT('',#8628);
#2671=VERTEX_POINT('',#8630);
#2672=VERTEX_POINT('',#8634);
#2673=VERTEX_POINT('',#8635);
#2674=VERTEX_POINT('',#8637);
#2675=VERTEX_POINT('',#8639);
#2676=VERTEX_POINT('',#8643);
#2677=VERTEX_POINT('',#8644);
#2678=VERTEX_POINT('',#8646);
#2679=VERTEX_POINT('',#8648);
#2680=VERTEX_POINT('',#8652);
#2681=VERTEX_POINT('',#8653);
#2682=VERTEX_POINT('',#8655);
#2683=VERTEX_POINT('',#8657);
#2684=VERTEX_POINT('',#8661);
#2685=VERTEX_POINT('',#8662);
#2686=VERTEX_POINT('',#8664);
#2687=VERTEX_POINT('',#8666);
#2688=VERTEX_POINT('',#8670);
#2689=VERTEX_POINT('',#8671);
#2690=VERTEX_POINT('',#8673);
#2691=VERTEX_POINT('',#8675);
#2692=VERTEX_POINT('',#8679);
#2693=VERTEX_POINT('',#8680);
#2694=VERTEX_POINT('',#8682);
#2695=VERTEX_POINT('',#8684);
#2696=VERTEX_POINT('',#8688);
#2697=VERTEX_POINT('',#8689);
#2698=VERTEX_POINT('',#8691);
#2699=VERTEX_POINT('',#8693);
#2700=VERTEX_POINT('',#8697);
#2701=VERTEX_POINT('',#8698);
#2702=VERTEX_POINT('',#8700);
#2703=VERTEX_POINT('',#8702);
#2704=VERTEX_POINT('',#8706);
#2705=VERTEX_POINT('',#8707);
#2706=VERTEX_POINT('',#8709);
#2707=VERTEX_POINT('',#8711);
#2708=VERTEX_POINT('',#8715);
#2709=VERTEX_POINT('',#8716);
#2710=VERTEX_POINT('',#8718);
#2711=VERTEX_POINT('',#8720);
#2712=EDGE_CURVE('',#2206,#2207,#796,.T.);
#2713=EDGE_CURVE('',#2206,#2208,#797,.T.);
#2714=EDGE_CURVE('',#2209,#2208,#798,.T.);
#2715=EDGE_CURVE('',#2207,#2209,#799,.T.);
#2716=EDGE_CURVE('',#2210,#2211,#800,.T.);
#2717=EDGE_CURVE('',#2212,#2210,#801,.T.);
#2718=EDGE_CURVE('',#2212,#2213,#802,.T.);
#2719=EDGE_CURVE('',#2213,#2211,#803,.T.);
#2720=EDGE_CURVE('',#2214,#2215,#804,.T.);
#2721=EDGE_CURVE('',#2214,#2216,#805,.T.);
#2722=EDGE_CURVE('',#2217,#2216,#806,.T.);
#2723=EDGE_CURVE('',#2215,#2217,#807,.T.);
#2724=EDGE_CURVE('',#2218,#2219,#808,.T.);
#2725=EDGE_CURVE('',#2218,#2220,#809,.T.);
#2726=EDGE_CURVE('',#2221,#2220,#810,.T.);
#2727=EDGE_CURVE('',#2219,#2221,#811,.T.);
#2728=EDGE_CURVE('',#2222,#2223,#812,.T.);
#2729=EDGE_CURVE('',#2222,#2224,#813,.T.);
#2730=EDGE_CURVE('',#2225,#2224,#814,.T.);
#2731=EDGE_CURVE('',#2223,#2225,#815,.T.);
#2732=EDGE_CURVE('',#2226,#2227,#816,.T.);
#2733=EDGE_CURVE('',#2226,#2207,#817,.T.);
#2734=EDGE_CURVE('',#2228,#2209,#818,.T.);
#2735=EDGE_CURVE('',#2229,#2228,#819,.T.);
#2736=EDGE_CURVE('',#2229,#2215,#820,.T.);
#2737=EDGE_CURVE('',#2230,#2217,#821,.T.);
#2738=EDGE_CURVE('',#2231,#2230,#822,.T.);
#2739=EDGE_CURVE('',#2231,#2219,#823,.T.);
#2740=EDGE_CURVE('',#2232,#2221,#824,.T.);
#2741=EDGE_CURVE('',#2233,#2232,#825,.T.);
#2742=EDGE_CURVE('',#2233,#2223,#826,.T.);
#2743=EDGE_CURVE('',#2225,#2234,#827,.T.);
#2744=EDGE_CURVE('',#2234,#2235,#828,.T.);
#2745=EDGE_CURVE('',#2235,#2212,#829,.T.);
#2746=EDGE_CURVE('',#2227,#2210,#830,.T.);
#2747=EDGE_CURVE('',#2224,#2236,#831,.T.);
#2748=EDGE_CURVE('',#2234,#2236,#832,.T.);
#2749=EDGE_CURVE('',#2236,#2237,#833,.T.);
#2750=EDGE_CURVE('',#2235,#2237,#834,.T.);
#2751=EDGE_CURVE('',#2237,#2213,#835,.T.);
#2752=EDGE_CURVE('',#2238,#2239,#836,.T.);
#2753=EDGE_CURVE('',#2238,#2211,#837,.T.);
#2754=EDGE_CURVE('',#2240,#2222,#838,.T.);
#2755=EDGE_CURVE('',#2241,#2240,#839,.T.);
#2756=EDGE_CURVE('',#2241,#2220,#840,.T.);
#2757=EDGE_CURVE('',#2242,#2218,#841,.T.);
#2758=EDGE_CURVE('',#2243,#2242,#842,.T.);
#2759=EDGE_CURVE('',#2243,#2216,#843,.T.);
#2760=EDGE_CURVE('',#2244,#2214,#844,.T.);
#2761=EDGE_CURVE('',#2245,#2244,#845,.T.);
#2762=EDGE_CURVE('',#2245,#2208,#846,.T.);
#2763=EDGE_CURVE('',#2239,#2206,#847,.T.);
#2764=EDGE_CURVE('',#2233,#2240,#848,.F.);
#2765=EDGE_CURVE('',#2241,#2232,#849,.F.);
#2766=EDGE_CURVE('',#2231,#2242,#850,.F.);
#2767=EDGE_CURVE('',#2243,#2230,#851,.F.);
#2768=EDGE_CURVE('',#2229,#2244,#852,.F.);
#2769=EDGE_CURVE('',#2245,#2228,#853,.F.);
#2770=EDGE_CURVE('',#2226,#2239,#854,.F.);
#2771=EDGE_CURVE('',#2238,#2227,#855,.F.);
#2772=EDGE_CURVE('',#2246,#2247,#856,.T.);
#2773=EDGE_CURVE('',#2248,#2246,#857,.T.);
#2774=EDGE_CURVE('',#2249,#2248,#858,.T.);
#2775=EDGE_CURVE('',#2247,#2249,#859,.T.);
#2776=EDGE_CURVE('',#2250,#2251,#860,.T.);
#2777=EDGE_CURVE('',#2252,#2250,#861,.T.);
#2778=EDGE_CURVE('',#2253,#2252,#862,.T.);
#2779=EDGE_CURVE('',#2251,#2253,#863,.T.);
#2780=EDGE_CURVE('',#2254,#2255,#864,.T.);
#2781=EDGE_CURVE('',#2256,#2254,#865,.T.);
#2782=EDGE_CURVE('',#2257,#2256,#866,.T.);
#2783=EDGE_CURVE('',#2255,#2257,#867,.T.);
#2784=EDGE_CURVE('',#2258,#2259,#868,.T.);
#2785=EDGE_CURVE('',#2260,#2258,#869,.T.);
#2786=EDGE_CURVE('',#2261,#2260,#870,.T.);
#2787=EDGE_CURVE('',#2259,#2261,#871,.T.);
#2788=EDGE_CURVE('',#2262,#2263,#872,.T.);
#2789=EDGE_CURVE('',#2264,#2262,#873,.T.);
#2790=EDGE_CURVE('',#2265,#2264,#874,.T.);
#2791=EDGE_CURVE('',#2263,#2265,#875,.T.);
#2792=EDGE_CURVE('',#2266,#2267,#876,.T.);
#2793=EDGE_CURVE('',#2268,#2266,#877,.T.);
#2794=EDGE_CURVE('',#2269,#2268,#878,.T.);
#2795=EDGE_CURVE('',#2267,#2269,#879,.T.);
#2796=EDGE_CURVE('',#2270,#2271,#880,.T.);
#2797=EDGE_CURVE('',#2272,#2270,#881,.T.);
#2798=EDGE_CURVE('',#2273,#2272,#882,.T.);
#2799=EDGE_CURVE('',#2271,#2273,#883,.T.);
#2800=EDGE_CURVE('',#2274,#2275,#884,.T.);
#2801=EDGE_CURVE('',#2276,#2274,#885,.T.);
#2802=EDGE_CURVE('',#2277,#2276,#886,.T.);
#2803=EDGE_CURVE('',#2275,#2277,#887,.T.);
#2804=EDGE_CURVE('',#2278,#2279,#888,.T.);
#2805=EDGE_CURVE('',#2280,#2278,#889,.T.);
#2806=EDGE_CURVE('',#2281,#2280,#890,.T.);
#2807=EDGE_CURVE('',#2279,#2281,#891,.T.);
#2808=EDGE_CURVE('',#2282,#2283,#892,.T.);
#2809=EDGE_CURVE('',#2283,#2284,#893,.T.);
#2810=EDGE_CURVE('',#2284,#2285,#894,.T.);
#2811=EDGE_CURVE('',#2285,#2282,#895,.T.);
#2812=EDGE_CURVE('',#2286,#2287,#896,.T.);
#2813=EDGE_CURVE('',#2287,#2288,#897,.T.);
#2814=EDGE_CURVE('',#2288,#2289,#898,.T.);
#2815=EDGE_CURVE('',#2289,#2286,#899,.T.);
#2816=EDGE_CURVE('',#2290,#2291,#900,.T.);
#2817=EDGE_CURVE('',#2291,#2292,#901,.T.);
#2818=EDGE_CURVE('',#2292,#2293,#902,.T.);
#2819=EDGE_CURVE('',#2293,#2290,#903,.T.);
#2820=EDGE_CURVE('',#2294,#2295,#904,.T.);
#2821=EDGE_CURVE('',#2295,#2296,#905,.T.);
#2822=EDGE_CURVE('',#2296,#2297,#906,.T.);
#2823=EDGE_CURVE('',#2297,#2294,#907,.T.);
#2824=EDGE_CURVE('',#2298,#2299,#908,.T.);
#2825=EDGE_CURVE('',#2299,#2300,#909,.T.);
#2826=EDGE_CURVE('',#2300,#2301,#910,.T.);
#2827=EDGE_CURVE('',#2301,#2298,#911,.T.);
#2828=EDGE_CURVE('',#2302,#2303,#912,.T.);
#2829=EDGE_CURVE('',#2303,#2304,#913,.T.);
#2830=EDGE_CURVE('',#2304,#2305,#914,.T.);
#2831=EDGE_CURVE('',#2305,#2302,#915,.T.);
#2832=EDGE_CURVE('',#2306,#2307,#916,.T.);
#2833=EDGE_CURVE('',#2307,#2308,#917,.T.);
#2834=EDGE_CURVE('',#2308,#2309,#918,.T.);
#2835=EDGE_CURVE('',#2309,#2306,#919,.T.);
#2836=EDGE_CURVE('',#2310,#2311,#920,.T.);
#2837=EDGE_CURVE('',#2311,#2312,#921,.T.);
#2838=EDGE_CURVE('',#2312,#2313,#922,.T.);
#2839=EDGE_CURVE('',#2313,#2310,#923,.T.);
#2840=EDGE_CURVE('',#2314,#2315,#924,.T.);
#2841=EDGE_CURVE('',#2315,#2316,#925,.T.);
#2842=EDGE_CURVE('',#2316,#2317,#926,.T.);
#2843=EDGE_CURVE('',#2317,#2314,#927,.T.);
#2844=EDGE_CURVE('',#2318,#2319,#928,.T.);
#2845=EDGE_CURVE('',#2320,#2318,#929,.T.);
#2846=EDGE_CURVE('',#2321,#2320,#930,.T.);
#2847=EDGE_CURVE('',#2319,#2321,#931,.T.);
#2848=EDGE_CURVE('',#2322,#2323,#932,.T.);
#2849=EDGE_CURVE('',#2324,#2322,#933,.T.);
#2850=EDGE_CURVE('',#2325,#2324,#934,.T.);
#2851=EDGE_CURVE('',#2323,#2325,#935,.T.);
#2852=EDGE_CURVE('',#2326,#2327,#936,.T.);
#2853=EDGE_CURVE('',#2328,#2326,#937,.T.);
#2854=EDGE_CURVE('',#2329,#2328,#938,.T.);
#2855=EDGE_CURVE('',#2327,#2329,#939,.T.);
#2856=EDGE_CURVE('',#2330,#2331,#940,.T.);
#2857=EDGE_CURVE('',#2332,#2330,#941,.T.);
#2858=EDGE_CURVE('',#2333,#2332,#942,.T.);
#2859=EDGE_CURVE('',#2331,#2333,#943,.T.);
#2860=EDGE_CURVE('',#2334,#2335,#944,.T.);
#2861=EDGE_CURVE('',#2336,#2334,#945,.T.);
#2862=EDGE_CURVE('',#2337,#2336,#946,.T.);
#2863=EDGE_CURVE('',#2335,#2337,#947,.T.);
#2864=EDGE_CURVE('',#2338,#2339,#948,.T.);
#2865=EDGE_CURVE('',#2340,#2338,#949,.T.);
#2866=EDGE_CURVE('',#2341,#2340,#950,.T.);
#2867=EDGE_CURVE('',#2339,#2341,#951,.T.);
#2868=EDGE_CURVE('',#2342,#2343,#952,.T.);
#2869=EDGE_CURVE('',#2344,#2342,#953,.T.);
#2870=EDGE_CURVE('',#2345,#2344,#954,.T.);
#2871=EDGE_CURVE('',#2343,#2345,#955,.T.);
#2872=EDGE_CURVE('',#2346,#2347,#956,.T.);
#2873=EDGE_CURVE('',#2347,#2348,#957,.T.);
#2874=EDGE_CURVE('',#2348,#2349,#958,.T.);
#2875=EDGE_CURVE('',#2349,#2346,#959,.T.);
#2876=EDGE_CURVE('',#2350,#2351,#960,.T.);
#2877=EDGE_CURVE('',#2351,#2352,#961,.T.);
#2878=EDGE_CURVE('',#2352,#2353,#962,.T.);
#2879=EDGE_CURVE('',#2353,#2350,#963,.T.);
#2880=EDGE_CURVE('',#2354,#2355,#964,.T.);
#2881=EDGE_CURVE('',#2355,#2356,#965,.T.);
#2882=EDGE_CURVE('',#2356,#2357,#966,.T.);
#2883=EDGE_CURVE('',#2357,#2354,#967,.T.);
#2884=EDGE_CURVE('',#2358,#2359,#968,.T.);
#2885=EDGE_CURVE('',#2359,#2360,#969,.T.);
#2886=EDGE_CURVE('',#2360,#2361,#970,.T.);
#2887=EDGE_CURVE('',#2361,#2358,#971,.T.);
#2888=EDGE_CURVE('',#2362,#2363,#972,.T.);
#2889=EDGE_CURVE('',#2363,#2364,#973,.T.);
#2890=EDGE_CURVE('',#2364,#2365,#974,.T.);
#2891=EDGE_CURVE('',#2365,#2362,#975,.T.);
#2892=EDGE_CURVE('',#2366,#2367,#976,.T.);
#2893=EDGE_CURVE('',#2367,#2368,#977,.T.);
#2894=EDGE_CURVE('',#2368,#2369,#978,.T.);
#2895=EDGE_CURVE('',#2369,#2366,#979,.T.);
#2896=EDGE_CURVE('',#2370,#2371,#980,.T.);
#2897=EDGE_CURVE('',#2371,#2372,#981,.T.);
#2898=EDGE_CURVE('',#2372,#2373,#982,.T.);
#2899=EDGE_CURVE('',#2373,#2370,#983,.T.);
#2900=EDGE_CURVE('',#2374,#2375,#984,.T.);
#2901=EDGE_CURVE('',#2375,#2376,#985,.T.);
#2902=EDGE_CURVE('',#2376,#2377,#986,.T.);
#2903=EDGE_CURVE('',#2377,#2374,#987,.T.);
#2904=EDGE_CURVE('',#2378,#2379,#988,.T.);
#2905=EDGE_CURVE('',#2380,#2378,#989,.T.);
#2906=EDGE_CURVE('',#2381,#2380,#990,.T.);
#2907=EDGE_CURVE('',#2379,#2381,#991,.T.);
#2908=EDGE_CURVE('',#2315,#2247,#992,.T.);
#2909=EDGE_CURVE('',#2314,#2246,#993,.T.);
#2910=EDGE_CURVE('',#2316,#2249,#994,.T.);
#2911=EDGE_CURVE('',#2317,#2248,#995,.T.);
#2912=EDGE_CURVE('',#2382,#2379,#996,.T.);
#2913=EDGE_CURVE('',#2383,#2382,#997,.T.);
#2914=EDGE_CURVE('',#2383,#2378,#998,.T.);
#2915=EDGE_CURVE('',#2384,#2381,#999,.T.);
#2916=EDGE_CURVE('',#2382,#2384,#1000,.T.);
#2917=EDGE_CURVE('',#2385,#2380,#1001,.T.);
#2918=EDGE_CURVE('',#2384,#2385,#1002,.T.);
#2919=EDGE_CURVE('',#2385,#2383,#1003,.T.);
#2920=EDGE_CURVE('',#2386,#2318,#1004,.T.);
#2921=EDGE_CURVE('',#2387,#2386,#1005,.T.);
#2922=EDGE_CURVE('',#2387,#2320,#1006,.T.);
#2923=EDGE_CURVE('',#2388,#2319,#1007,.T.);
#2924=EDGE_CURVE('',#2386,#2388,#1008,.T.);
#2925=EDGE_CURVE('',#2389,#2321,#1009,.T.);
#2926=EDGE_CURVE('',#2388,#2389,#1010,.T.);
#2927=EDGE_CURVE('',#2389,#2387,#1011,.T.);
#2928=EDGE_CURVE('',#2390,#2322,#1012,.T.);
#2929=EDGE_CURVE('',#2391,#2390,#1013,.T.);
#2930=EDGE_CURVE('',#2391,#2324,#1014,.T.);
#2931=EDGE_CURVE('',#2392,#2323,#1015,.T.);
#2932=EDGE_CURVE('',#2390,#2392,#1016,.T.);
#2933=EDGE_CURVE('',#2393,#2325,#1017,.T.);
#2934=EDGE_CURVE('',#2392,#2393,#1018,.T.);
#2935=EDGE_CURVE('',#2393,#2391,#1019,.T.);
#2936=EDGE_CURVE('',#2394,#2326,#1020,.T.);
#2937=EDGE_CURVE('',#2395,#2394,#1021,.T.);
#2938=EDGE_CURVE('',#2395,#2328,#1022,.T.);
#2939=EDGE_CURVE('',#2396,#2327,#1023,.T.);
#2940=EDGE_CURVE('',#2394,#2396,#1024,.T.);
#2941=EDGE_CURVE('',#2397,#2329,#1025,.T.);
#2942=EDGE_CURVE('',#2396,#2397,#1026,.T.);
#2943=EDGE_CURVE('',#2397,#2395,#1027,.T.);
#2944=EDGE_CURVE('',#2398,#2330,#1028,.T.);
#2945=EDGE_CURVE('',#2399,#2398,#1029,.T.);
#2946=EDGE_CURVE('',#2399,#2332,#1030,.T.);
#2947=EDGE_CURVE('',#2400,#2331,#1031,.T.);
#2948=EDGE_CURVE('',#2398,#2400,#1032,.T.);
#2949=EDGE_CURVE('',#2401,#2333,#1033,.T.);
#2950=EDGE_CURVE('',#2400,#2401,#1034,.T.);
#2951=EDGE_CURVE('',#2401,#2399,#1035,.T.);
#2952=EDGE_CURVE('',#2402,#2334,#1036,.T.);
#2953=EDGE_CURVE('',#2403,#2402,#1037,.T.);
#2954=EDGE_CURVE('',#2403,#2336,#1038,.T.);
#2955=EDGE_CURVE('',#2404,#2335,#1039,.T.);
#2956=EDGE_CURVE('',#2402,#2404,#1040,.T.);
#2957=EDGE_CURVE('',#2405,#2337,#1041,.T.);
#2958=EDGE_CURVE('',#2404,#2405,#1042,.T.);
#2959=EDGE_CURVE('',#2405,#2403,#1043,.T.);
#2960=EDGE_CURVE('',#2406,#2338,#1044,.T.);
#2961=EDGE_CURVE('',#2407,#2406,#1045,.T.);
#2962=EDGE_CURVE('',#2407,#2340,#1046,.T.);
#2963=EDGE_CURVE('',#2408,#2339,#1047,.T.);
#2964=EDGE_CURVE('',#2406,#2408,#1048,.T.);
#2965=EDGE_CURVE('',#2409,#2341,#1049,.T.);
#2966=EDGE_CURVE('',#2408,#2409,#1050,.T.);
#2967=EDGE_CURVE('',#2409,#2407,#1051,.T.);
#2968=EDGE_CURVE('',#2410,#2342,#1052,.T.);
#2969=EDGE_CURVE('',#2411,#2410,#1053,.T.);
#2970=EDGE_CURVE('',#2411,#2344,#1054,.T.);
#2971=EDGE_CURVE('',#2412,#2343,#1055,.T.);
#2972=EDGE_CURVE('',#2410,#2412,#1056,.T.);
#2973=EDGE_CURVE('',#2413,#2345,#1057,.T.);
#2974=EDGE_CURVE('',#2412,#2413,#1058,.T.);
#2975=EDGE_CURVE('',#2413,#2411,#1059,.T.);
#2976=EDGE_CURVE('',#2414,#2374,#1060,.T.);
#2977=EDGE_CURVE('',#2414,#2415,#1061,.T.);
#2978=EDGE_CURVE('',#2415,#2375,#1062,.T.);
#2979=EDGE_CURVE('',#2415,#2416,#1063,.T.);
#2980=EDGE_CURVE('',#2416,#2376,#1064,.T.);
#2981=EDGE_CURVE('',#2416,#2417,#1065,.T.);
#2982=EDGE_CURVE('',#2417,#2377,#1066,.T.);
#2983=EDGE_CURVE('',#2417,#2414,#1067,.T.);
#2984=EDGE_CURVE('',#2418,#2370,#1068,.T.);
#2985=EDGE_CURVE('',#2418,#2419,#1069,.T.);
#2986=EDGE_CURVE('',#2419,#2371,#1070,.T.);
#2987=EDGE_CURVE('',#2419,#2420,#1071,.T.);
#2988=EDGE_CURVE('',#2420,#2372,#1072,.T.);
#2989=EDGE_CURVE('',#2420,#2421,#1073,.T.);
#2990=EDGE_CURVE('',#2421,#2373,#1074,.T.);
#2991=EDGE_CURVE('',#2421,#2418,#1075,.T.);
#2992=EDGE_CURVE('',#2422,#2366,#1076,.T.);
#2993=EDGE_CURVE('',#2422,#2423,#1077,.T.);
#2994=EDGE_CURVE('',#2423,#2367,#1078,.T.);
#2995=EDGE_CURVE('',#2423,#2424,#1079,.T.);
#2996=EDGE_CURVE('',#2424,#2368,#1080,.T.);
#2997=EDGE_CURVE('',#2424,#2425,#1081,.T.);
#2998=EDGE_CURVE('',#2425,#2369,#1082,.T.);
#2999=EDGE_CURVE('',#2425,#2422,#1083,.T.);
#3000=EDGE_CURVE('',#2426,#2362,#1084,.T.);
#3001=EDGE_CURVE('',#2426,#2427,#1085,.T.);
#3002=EDGE_CURVE('',#2427,#2363,#1086,.T.);
#3003=EDGE_CURVE('',#2427,#2428,#1087,.T.);
#3004=EDGE_CURVE('',#2428,#2364,#1088,.T.);
#3005=EDGE_CURVE('',#2428,#2429,#1089,.T.);
#3006=EDGE_CURVE('',#2429,#2365,#1090,.T.);
#3007=EDGE_CURVE('',#2429,#2426,#1091,.T.);
#3008=EDGE_CURVE('',#2430,#2358,#1092,.T.);
#3009=EDGE_CURVE('',#2430,#2431,#1093,.T.);
#3010=EDGE_CURVE('',#2431,#2359,#1094,.T.);
#3011=EDGE_CURVE('',#2431,#2432,#1095,.T.);
#3012=EDGE_CURVE('',#2432,#2360,#1096,.T.);
#3013=EDGE_CURVE('',#2432,#2433,#1097,.T.);
#3014=EDGE_CURVE('',#2433,#2361,#1098,.T.);
#3015=EDGE_CURVE('',#2433,#2430,#1099,.T.);
#3016=EDGE_CURVE('',#2434,#2354,#1100,.T.);
#3017=EDGE_CURVE('',#2434,#2435,#1101,.T.);
#3018=EDGE_CURVE('',#2435,#2355,#1102,.T.);
#3019=EDGE_CURVE('',#2435,#2436,#1103,.T.);
#3020=EDGE_CURVE('',#2436,#2356,#1104,.T.);
#3021=EDGE_CURVE('',#2436,#2437,#1105,.T.);
#3022=EDGE_CURVE('',#2437,#2357,#1106,.T.);
#3023=EDGE_CURVE('',#2437,#2434,#1107,.T.);
#3024=EDGE_CURVE('',#2438,#2350,#1108,.T.);
#3025=EDGE_CURVE('',#2438,#2439,#1109,.T.);
#3026=EDGE_CURVE('',#2439,#2351,#1110,.T.);
#3027=EDGE_CURVE('',#2439,#2440,#1111,.T.);
#3028=EDGE_CURVE('',#2440,#2352,#1112,.T.);
#3029=EDGE_CURVE('',#2440,#2441,#1113,.T.);
#3030=EDGE_CURVE('',#2441,#2353,#1114,.T.);
#3031=EDGE_CURVE('',#2441,#2438,#1115,.T.);
#3032=EDGE_CURVE('',#2442,#2346,#1116,.T.);
#3033=EDGE_CURVE('',#2442,#2443,#1117,.T.);
#3034=EDGE_CURVE('',#2443,#2347,#1118,.T.);
#3035=EDGE_CURVE('',#2443,#2444,#1119,.T.);
#3036=EDGE_CURVE('',#2444,#2348,#1120,.T.);
#3037=EDGE_CURVE('',#2444,#2445,#1121,.T.);
#3038=EDGE_CURVE('',#2445,#2349,#1122,.T.);
#3039=EDGE_CURVE('',#2445,#2442,#1123,.T.);
#3040=EDGE_CURVE('',#2446,#2311,#1124,.T.);
#3041=EDGE_CURVE('',#2446,#2447,#1125,.T.);
#3042=EDGE_CURVE('',#2447,#2312,#1126,.T.);
#3043=EDGE_CURVE('',#2447,#2448,#1127,.T.);
#3044=EDGE_CURVE('',#2448,#2313,#1128,.T.);
#3045=EDGE_CURVE('',#2448,#2449,#1129,.T.);
#3046=EDGE_CURVE('',#2449,#2310,#1130,.T.);
#3047=EDGE_CURVE('',#2449,#2446,#1131,.T.);
#3048=EDGE_CURVE('',#2450,#2307,#1132,.T.);
#3049=EDGE_CURVE('',#2450,#2451,#1133,.T.);
#3050=EDGE_CURVE('',#2451,#2308,#1134,.T.);
#3051=EDGE_CURVE('',#2451,#2452,#1135,.T.);
#3052=EDGE_CURVE('',#2452,#2309,#1136,.T.);
#3053=EDGE_CURVE('',#2452,#2453,#1137,.T.);
#3054=EDGE_CURVE('',#2453,#2306,#1138,.T.);
#3055=EDGE_CURVE('',#2453,#2450,#1139,.T.);
#3056=EDGE_CURVE('',#2454,#2303,#1140,.T.);
#3057=EDGE_CURVE('',#2454,#2455,#1141,.T.);
#3058=EDGE_CURVE('',#2455,#2304,#1142,.T.);
#3059=EDGE_CURVE('',#2455,#2456,#1143,.T.);
#3060=EDGE_CURVE('',#2456,#2305,#1144,.T.);
#3061=EDGE_CURVE('',#2456,#2457,#1145,.T.);
#3062=EDGE_CURVE('',#2457,#2302,#1146,.T.);
#3063=EDGE_CURVE('',#2457,#2454,#1147,.T.);
#3064=EDGE_CURVE('',#2458,#2299,#1148,.T.);
#3065=EDGE_CURVE('',#2458,#2459,#1149,.T.);
#3066=EDGE_CURVE('',#2459,#2300,#1150,.T.);
#3067=EDGE_CURVE('',#2459,#2460,#1151,.T.);
#3068=EDGE_CURVE('',#2460,#2301,#1152,.T.);
#3069=EDGE_CURVE('',#2460,#2461,#1153,.T.);
#3070=EDGE_CURVE('',#2461,#2298,#1154,.T.);
#3071=EDGE_CURVE('',#2461,#2458,#1155,.T.);
#3072=EDGE_CURVE('',#2462,#2295,#1156,.T.);
#3073=EDGE_CURVE('',#2462,#2463,#1157,.T.);
#3074=EDGE_CURVE('',#2463,#2296,#1158,.T.);
#3075=EDGE_CURVE('',#2463,#2464,#1159,.T.);
#3076=EDGE_CURVE('',#2464,#2297,#1160,.T.);
#3077=EDGE_CURVE('',#2464,#2465,#1161,.T.);
#3078=EDGE_CURVE('',#2465,#2294,#1162,.T.);
#3079=EDGE_CURVE('',#2465,#2462,#1163,.T.);
#3080=EDGE_CURVE('',#2466,#2291,#1164,.T.);
#3081=EDGE_CURVE('',#2466,#2467,#1165,.T.);
#3082=EDGE_CURVE('',#2467,#2292,#1166,.T.);
#3083=EDGE_CURVE('',#2467,#2468,#1167,.T.);
#3084=EDGE_CURVE('',#2468,#2293,#1168,.T.);
#3085=EDGE_CURVE('',#2468,#2469,#1169,.T.);
#3086=EDGE_CURVE('',#2469,#2290,#1170,.T.);
#3087=EDGE_CURVE('',#2469,#2466,#1171,.T.);
#3088=EDGE_CURVE('',#2470,#2287,#1172,.T.);
#3089=EDGE_CURVE('',#2470,#2471,#1173,.T.);
#3090=EDGE_CURVE('',#2471,#2288,#1174,.T.);
#3091=EDGE_CURVE('',#2471,#2472,#1175,.T.);
#3092=EDGE_CURVE('',#2472,#2289,#1176,.T.);
#3093=EDGE_CURVE('',#2472,#2473,#1177,.T.);
#3094=EDGE_CURVE('',#2473,#2286,#1178,.T.);
#3095=EDGE_CURVE('',#2473,#2470,#1179,.T.);
#3096=EDGE_CURVE('',#2474,#2283,#1180,.T.);
#3097=EDGE_CURVE('',#2474,#2475,#1181,.T.);
#3098=EDGE_CURVE('',#2475,#2284,#1182,.T.);
#3099=EDGE_CURVE('',#2475,#2476,#1183,.T.);
#3100=EDGE_CURVE('',#2476,#2285,#1184,.T.);
#3101=EDGE_CURVE('',#2476,#2477,#1185,.T.);
#3102=EDGE_CURVE('',#2477,#2282,#1186,.T.);
#3103=EDGE_CURVE('',#2477,#2474,#1187,.T.);
#3104=EDGE_CURVE('',#2478,#2278,#1188,.T.);
#3105=EDGE_CURVE('',#2479,#2279,#1189,.T.);
#3106=EDGE_CURVE('',#2478,#2479,#1190,.T.);
#3107=EDGE_CURVE('',#2480,#2281,#1191,.T.);
#3108=EDGE_CURVE('',#2479,#2480,#1192,.T.);
#3109=EDGE_CURVE('',#2481,#2280,#1193,.T.);
#3110=EDGE_CURVE('',#2480,#2481,#1194,.T.);
#3111=EDGE_CURVE('',#2481,#2478,#1195,.T.);
#3112=EDGE_CURVE('',#2482,#2250,#1196,.T.);
#3113=EDGE_CURVE('',#2483,#2251,#1197,.T.);
#3114=EDGE_CURVE('',#2482,#2483,#1198,.T.);
#3115=EDGE_CURVE('',#2484,#2253,#1199,.T.);
#3116=EDGE_CURVE('',#2483,#2484,#1200,.T.);
#3117=EDGE_CURVE('',#2485,#2252,#1201,.T.);
#3118=EDGE_CURVE('',#2484,#2485,#1202,.T.);
#3119=EDGE_CURVE('',#2485,#2482,#1203,.T.);
#3120=EDGE_CURVE('',#2486,#2274,#1204,.T.);
#3121=EDGE_CURVE('',#2487,#2275,#1205,.T.);
#3122=EDGE_CURVE('',#2486,#2487,#1206,.T.);
#3123=EDGE_CURVE('',#2488,#2277,#1207,.T.);
#3124=EDGE_CURVE('',#2487,#2488,#1208,.T.);
#3125=EDGE_CURVE('',#2489,#2276,#1209,.T.);
#3126=EDGE_CURVE('',#2488,#2489,#1210,.T.);
#3127=EDGE_CURVE('',#2489,#2486,#1211,.T.);
#3128=EDGE_CURVE('',#2490,#2254,#1212,.T.);
#3129=EDGE_CURVE('',#2491,#2255,#1213,.T.);
#3130=EDGE_CURVE('',#2490,#2491,#1214,.T.);
#3131=EDGE_CURVE('',#2492,#2257,#1215,.T.);
#3132=EDGE_CURVE('',#2491,#2492,#1216,.T.);
#3133=EDGE_CURVE('',#2493,#2256,#1217,.T.);
#3134=EDGE_CURVE('',#2492,#2493,#1218,.T.);
#3135=EDGE_CURVE('',#2493,#2490,#1219,.T.);
#3136=EDGE_CURVE('',#2494,#2270,#1220,.T.);
#3137=EDGE_CURVE('',#2495,#2271,#1221,.T.);
#3138=EDGE_CURVE('',#2494,#2495,#1222,.T.);
#3139=EDGE_CURVE('',#2496,#2273,#1223,.T.);
#3140=EDGE_CURVE('',#2495,#2496,#1224,.T.);
#3141=EDGE_CURVE('',#2497,#2272,#1225,.T.);
#3142=EDGE_CURVE('',#2496,#2497,#1226,.T.);
#3143=EDGE_CURVE('',#2497,#2494,#1227,.T.);
#3144=EDGE_CURVE('',#2498,#2258,#1228,.T.);
#3145=EDGE_CURVE('',#2499,#2259,#1229,.T.);
#3146=EDGE_CURVE('',#2498,#2499,#1230,.T.);
#3147=EDGE_CURVE('',#2500,#2261,#1231,.T.);
#3148=EDGE_CURVE('',#2499,#2500,#1232,.T.);
#3149=EDGE_CURVE('',#2501,#2260,#1233,.T.);
#3150=EDGE_CURVE('',#2500,#2501,#1234,.T.);
#3151=EDGE_CURVE('',#2501,#2498,#1235,.T.);
#3152=EDGE_CURVE('',#2502,#2266,#1236,.T.);
#3153=EDGE_CURVE('',#2503,#2267,#1237,.T.);
#3154=EDGE_CURVE('',#2502,#2503,#1238,.T.);
#3155=EDGE_CURVE('',#2504,#2269,#1239,.T.);
#3156=EDGE_CURVE('',#2503,#2504,#1240,.T.);
#3157=EDGE_CURVE('',#2505,#2268,#1241,.T.);
#3158=EDGE_CURVE('',#2504,#2505,#1242,.T.);
#3159=EDGE_CURVE('',#2505,#2502,#1243,.T.);
#3160=EDGE_CURVE('',#2506,#2262,#1244,.T.);
#3161=EDGE_CURVE('',#2507,#2263,#1245,.T.);
#3162=EDGE_CURVE('',#2506,#2507,#1246,.T.);
#3163=EDGE_CURVE('',#2508,#2265,#1247,.T.);
#3164=EDGE_CURVE('',#2507,#2508,#1248,.T.);
#3165=EDGE_CURVE('',#2509,#2264,#1249,.T.);
#3166=EDGE_CURVE('',#2508,#2509,#1250,.T.);
#3167=EDGE_CURVE('',#2509,#2506,#1251,.T.);
#3168=EDGE_CURVE('',#2510,#2511,#1252,.T.);
#3169=EDGE_CURVE('',#2512,#2510,#1253,.T.);
#3170=EDGE_CURVE('',#2512,#2513,#1254,.T.);
#3171=EDGE_CURVE('',#2513,#2511,#1255,.T.);
#3172=EDGE_CURVE('',#2511,#2514,#1256,.T.);
#3173=EDGE_CURVE('',#2513,#2515,#1257,.T.);
#3174=EDGE_CURVE('',#2515,#2514,#1258,.T.);
#3175=EDGE_CURVE('',#2514,#2516,#1259,.T.);
#3176=EDGE_CURVE('',#2515,#2517,#1260,.T.);
#3177=EDGE_CURVE('',#2517,#2516,#1261,.T.);
#3178=EDGE_CURVE('',#2516,#2510,#1262,.T.);
#3179=EDGE_CURVE('',#2517,#2512,#1263,.T.);
#3180=EDGE_CURVE('',#2518,#2519,#1264,.T.);
#3181=EDGE_CURVE('',#2520,#2518,#1265,.T.);
#3182=EDGE_CURVE('',#2520,#2521,#1266,.T.);
#3183=EDGE_CURVE('',#2521,#2519,#1267,.T.);
#3184=EDGE_CURVE('',#2519,#2522,#1268,.T.);
#3185=EDGE_CURVE('',#2521,#2523,#1269,.T.);
#3186=EDGE_CURVE('',#2523,#2522,#1270,.T.);
#3187=EDGE_CURVE('',#2522,#2524,#1271,.T.);
#3188=EDGE_CURVE('',#2523,#2525,#1272,.T.);
#3189=EDGE_CURVE('',#2525,#2524,#1273,.T.);
#3190=EDGE_CURVE('',#2524,#2518,#1274,.T.);
#3191=EDGE_CURVE('',#2525,#2520,#1275,.T.);
#3192=EDGE_CURVE('',#2526,#2527,#1276,.T.);
#3193=EDGE_CURVE('',#2528,#2526,#1277,.T.);
#3194=EDGE_CURVE('',#2528,#2529,#1278,.T.);
#3195=EDGE_CURVE('',#2529,#2527,#1279,.T.);
#3196=EDGE_CURVE('',#2527,#2530,#1280,.T.);
#3197=EDGE_CURVE('',#2529,#2531,#1281,.T.);
#3198=EDGE_CURVE('',#2531,#2530,#1282,.T.);
#3199=EDGE_CURVE('',#2530,#2532,#1283,.T.);
#3200=EDGE_CURVE('',#2531,#2533,#1284,.T.);
#3201=EDGE_CURVE('',#2533,#2532,#1285,.T.);
#3202=EDGE_CURVE('',#2532,#2526,#1286,.T.);
#3203=EDGE_CURVE('',#2533,#2528,#1287,.T.);
#3204=EDGE_CURVE('',#2534,#2535,#1288,.T.);
#3205=EDGE_CURVE('',#2536,#2534,#1289,.T.);
#3206=EDGE_CURVE('',#2536,#2537,#1290,.T.);
#3207=EDGE_CURVE('',#2537,#2535,#1291,.T.);
#3208=EDGE_CURVE('',#2535,#2538,#1292,.T.);
#3209=EDGE_CURVE('',#2537,#2539,#1293,.T.);
#3210=EDGE_CURVE('',#2539,#2538,#1294,.T.);
#3211=EDGE_CURVE('',#2538,#2540,#1295,.T.);
#3212=EDGE_CURVE('',#2539,#2541,#1296,.T.);
#3213=EDGE_CURVE('',#2541,#2540,#1297,.T.);
#3214=EDGE_CURVE('',#2540,#2534,#1298,.T.);
#3215=EDGE_CURVE('',#2541,#2536,#1299,.T.);
#3216=EDGE_CURVE('',#2542,#2543,#1300,.T.);
#3217=EDGE_CURVE('',#2544,#2542,#1301,.T.);
#3218=EDGE_CURVE('',#2544,#2545,#1302,.T.);
#3219=EDGE_CURVE('',#2545,#2543,#1303,.T.);
#3220=EDGE_CURVE('',#2543,#2546,#1304,.T.);
#3221=EDGE_CURVE('',#2545,#2547,#1305,.T.);
#3222=EDGE_CURVE('',#2547,#2546,#1306,.T.);
#3223=EDGE_CURVE('',#2546,#2548,#1307,.T.);
#3224=EDGE_CURVE('',#2547,#2549,#1308,.T.);
#3225=EDGE_CURVE('',#2549,#2548,#1309,.T.);
#3226=EDGE_CURVE('',#2548,#2542,#1310,.T.);
#3227=EDGE_CURVE('',#2549,#2544,#1311,.T.);
#3228=EDGE_CURVE('',#2550,#2551,#1312,.T.);
#3229=EDGE_CURVE('',#2552,#2550,#1313,.T.);
#3230=EDGE_CURVE('',#2552,#2553,#1314,.T.);
#3231=EDGE_CURVE('',#2553,#2551,#1315,.T.);
#3232=EDGE_CURVE('',#2551,#2554,#1316,.T.);
#3233=EDGE_CURVE('',#2553,#2555,#1317,.T.);
#3234=EDGE_CURVE('',#2555,#2554,#1318,.T.);
#3235=EDGE_CURVE('',#2554,#2556,#1319,.T.);
#3236=EDGE_CURVE('',#2555,#2557,#1320,.T.);
#3237=EDGE_CURVE('',#2557,#2556,#1321,.T.);
#3238=EDGE_CURVE('',#2556,#2550,#1322,.T.);
#3239=EDGE_CURVE('',#2557,#2552,#1323,.T.);
#3240=EDGE_CURVE('',#2558,#2559,#1324,.T.);
#3241=EDGE_CURVE('',#2560,#2558,#1325,.T.);
#3242=EDGE_CURVE('',#2560,#2561,#1326,.T.);
#3243=EDGE_CURVE('',#2561,#2559,#1327,.T.);
#3244=EDGE_CURVE('',#2559,#2562,#1328,.T.);
#3245=EDGE_CURVE('',#2561,#2563,#1329,.T.);
#3246=EDGE_CURVE('',#2563,#2562,#1330,.T.);
#3247=EDGE_CURVE('',#2562,#2564,#1331,.T.);
#3248=EDGE_CURVE('',#2563,#2565,#1332,.T.);
#3249=EDGE_CURVE('',#2565,#2564,#1333,.T.);
#3250=EDGE_CURVE('',#2564,#2558,#1334,.T.);
#3251=EDGE_CURVE('',#2565,#2560,#1335,.T.);
#3252=EDGE_CURVE('',#2566,#2567,#1336,.T.);
#3253=EDGE_CURVE('',#2568,#2566,#1337,.T.);
#3254=EDGE_CURVE('',#2568,#2569,#1338,.T.);
#3255=EDGE_CURVE('',#2569,#2567,#1339,.T.);
#3256=EDGE_CURVE('',#2567,#2570,#1340,.T.);
#3257=EDGE_CURVE('',#2569,#2571,#1341,.T.);
#3258=EDGE_CURVE('',#2571,#2570,#1342,.T.);
#3259=EDGE_CURVE('',#2570,#2572,#1343,.T.);
#3260=EDGE_CURVE('',#2571,#2573,#1344,.T.);
#3261=EDGE_CURVE('',#2573,#2572,#1345,.T.);
#3262=EDGE_CURVE('',#2572,#2566,#1346,.T.);
#3263=EDGE_CURVE('',#2573,#2568,#1347,.T.);
#3264=EDGE_CURVE('',#2574,#2575,#1348,.T.);
#3265=EDGE_CURVE('',#2576,#2574,#1349,.T.);
#3266=EDGE_CURVE('',#2576,#2577,#1350,.T.);
#3267=EDGE_CURVE('',#2577,#2575,#1351,.T.);
#3268=EDGE_CURVE('',#2575,#2578,#1352,.T.);
#3269=EDGE_CURVE('',#2577,#2579,#1353,.T.);
#3270=EDGE_CURVE('',#2579,#2578,#1354,.T.);
#3271=EDGE_CURVE('',#2578,#2580,#1355,.T.);
#3272=EDGE_CURVE('',#2579,#2581,#1356,.T.);
#3273=EDGE_CURVE('',#2581,#2580,#1357,.T.);
#3274=EDGE_CURVE('',#2580,#2574,#1358,.T.);
#3275=EDGE_CURVE('',#2581,#2576,#1359,.T.);
#3276=EDGE_CURVE('',#2582,#2583,#1360,.T.);
#3277=EDGE_CURVE('',#2584,#2582,#1361,.T.);
#3278=EDGE_CURVE('',#2584,#2585,#1362,.T.);
#3279=EDGE_CURVE('',#2585,#2583,#1363,.T.);
#3280=EDGE_CURVE('',#2583,#2586,#1364,.T.);
#3281=EDGE_CURVE('',#2585,#2587,#1365,.T.);
#3282=EDGE_CURVE('',#2587,#2586,#1366,.T.);
#3283=EDGE_CURVE('',#2586,#2588,#1367,.T.);
#3284=EDGE_CURVE('',#2587,#2589,#1368,.T.);
#3285=EDGE_CURVE('',#2589,#2588,#1369,.T.);
#3286=EDGE_CURVE('',#2588,#2582,#1370,.T.);
#3287=EDGE_CURVE('',#2589,#2584,#1371,.T.);
#3288=EDGE_CURVE('',#2590,#2591,#1372,.T.);
#3289=EDGE_CURVE('',#2592,#2591,#1373,.T.);
#3290=EDGE_CURVE('',#2593,#2592,#1374,.T.);
#3291=EDGE_CURVE('',#2593,#2590,#1375,.T.);
#3292=EDGE_CURVE('',#2591,#2594,#1376,.T.);
#3293=EDGE_CURVE('',#2595,#2594,#1377,.T.);
#3294=EDGE_CURVE('',#2592,#2595,#1378,.T.);
#3295=EDGE_CURVE('',#2594,#2596,#1379,.T.);
#3296=EDGE_CURVE('',#2597,#2596,#1380,.T.);
#3297=EDGE_CURVE('',#2595,#2597,#1381,.T.);
#3298=EDGE_CURVE('',#2596,#2590,#1382,.T.);
#3299=EDGE_CURVE('',#2597,#2593,#1383,.T.);
#3300=EDGE_CURVE('',#2598,#2599,#1384,.T.);
#3301=EDGE_CURVE('',#2600,#2598,#1385,.T.);
#3302=EDGE_CURVE('',#2600,#2601,#1386,.T.);
#3303=EDGE_CURVE('',#2601,#2599,#1387,.T.);
#3304=EDGE_CURVE('',#2599,#2602,#1388,.T.);
#3305=EDGE_CURVE('',#2601,#2603,#1389,.T.);
#3306=EDGE_CURVE('',#2603,#2602,#1390,.T.);
#3307=EDGE_CURVE('',#2602,#2604,#1391,.T.);
#3308=EDGE_CURVE('',#2603,#2605,#1392,.T.);
#3309=EDGE_CURVE('',#2605,#2604,#1393,.T.);
#3310=EDGE_CURVE('',#2604,#2598,#1394,.T.);
#3311=EDGE_CURVE('',#2605,#2600,#1395,.T.);
#3312=EDGE_CURVE('',#2606,#2607,#1396,.T.);
#3313=EDGE_CURVE('',#2606,#2608,#62,.T.);
#3314=EDGE_CURVE('',#2609,#2608,#1397,.T.);
#3315=EDGE_CURVE('',#2607,#2609,#63,.T.);
#3316=EDGE_CURVE('',#2610,#2611,#1398,.T.);
#3317=EDGE_CURVE('',#2610,#2612,#64,.T.);
#3318=EDGE_CURVE('',#2613,#2612,#1399,.T.);
#3319=EDGE_CURVE('',#2611,#2613,#65,.T.);
#3320=EDGE_CURVE('',#2614,#2615,#1400,.T.);
#3321=EDGE_CURVE('',#2614,#2616,#66,.T.);
#3322=EDGE_CURVE('',#2617,#2616,#1401,.T.);
#3323=EDGE_CURVE('',#2615,#2617,#67,.T.);
#3324=EDGE_CURVE('',#2618,#2618,#68,.T.);
#3325=EDGE_CURVE('',#2618,#2619,#1402,.T.);
#3326=EDGE_CURVE('',#2620,#2619,#69,.T.);
#3327=EDGE_CURVE('',#2620,#2612,#1403,.T.);
#3328=EDGE_CURVE('',#2621,#2610,#1404,.T.);
#3329=EDGE_CURVE('',#2622,#2621,#70,.T.);
#3330=EDGE_CURVE('',#2622,#2608,#1405,.T.);
#3331=EDGE_CURVE('',#2623,#2606,#1406,.T.);
#3332=EDGE_CURVE('',#2624,#2623,#71,.T.);
#3333=EDGE_CURVE('',#2624,#2625,#1407,.T.);
#3334=EDGE_CURVE('',#2626,#2625,#72,.T.);
#3335=EDGE_CURVE('',#2627,#2626,#1408,.T.);
#3336=EDGE_CURVE('',#2628,#2627,#73,.T.);
#3337=EDGE_CURVE('',#2628,#2616,#1409,.T.);
#3338=EDGE_CURVE('',#2629,#2614,#1410,.T.);
#3339=EDGE_CURVE('',#2619,#2629,#74,.T.);
#3340=EDGE_CURVE('',#2626,#2630,#1411,.T.);
#3341=EDGE_CURVE('',#2631,#2625,#1412,.T.);
#3342=EDGE_CURVE('',#2630,#2631,#75,.T.);
#3343=EDGE_CURVE('',#2607,#2632,#1413,.F.);
#3344=EDGE_CURVE('',#2632,#2623,#1414,.F.);
#3345=EDGE_CURVE('',#2609,#2633,#1415,.F.);
#3346=EDGE_CURVE('',#2633,#2632,#76,.F.);
#3347=EDGE_CURVE('',#2622,#2633,#1416,.F.);
#3348=EDGE_CURVE('',#2611,#2634,#1417,.F.);
#3349=EDGE_CURVE('',#2634,#2621,#1418,.F.);
#3350=EDGE_CURVE('',#2613,#2635,#1419,.F.);
#3351=EDGE_CURVE('',#2635,#2634,#77,.F.);
#3352=EDGE_CURVE('',#2620,#2635,#1420,.F.);
#3353=EDGE_CURVE('',#2615,#2636,#1421,.F.);
#3354=EDGE_CURVE('',#2636,#2629,#1422,.F.);
#3355=EDGE_CURVE('',#2617,#2637,#1423,.F.);
#3356=EDGE_CURVE('',#2637,#2636,#78,.F.);
#3357=EDGE_CURVE('',#2628,#2637,#1424,.F.);
#3358=EDGE_CURVE('',#2630,#2638,#1425,.F.);
#3359=EDGE_CURVE('',#2638,#2627,#1426,.F.);
#3360=EDGE_CURVE('',#2631,#2639,#1427,.F.);
#3361=EDGE_CURVE('',#2639,#2638,#79,.F.);
#3362=EDGE_CURVE('',#2624,#2639,#1428,.F.);
#3363=EDGE_CURVE('',#2640,#2641,#1429,.F.);
#3364=EDGE_CURVE('',#2641,#2642,#1430,.F.);
#3365=EDGE_CURVE('',#2642,#2643,#1431,.T.);
#3366=EDGE_CURVE('',#2643,#2640,#1432,.T.);
#3367=EDGE_CURVE('',#2644,#2645,#1433,.F.);
#3368=EDGE_CURVE('',#2645,#2646,#1434,.F.);
#3369=EDGE_CURVE('',#2646,#2647,#1435,.T.);
#3370=EDGE_CURVE('',#2647,#2644,#1436,.T.);
#3371=EDGE_CURVE('',#2648,#2649,#1437,.F.);
#3372=EDGE_CURVE('',#2649,#2650,#1438,.F.);
#3373=EDGE_CURVE('',#2650,#2651,#1439,.T.);
#3374=EDGE_CURVE('',#2651,#2648,#1440,.T.);
#3375=EDGE_CURVE('',#2652,#2653,#1441,.F.);
#3376=EDGE_CURVE('',#2653,#2654,#1442,.F.);
#3377=EDGE_CURVE('',#2654,#2655,#1443,.T.);
#3378=EDGE_CURVE('',#2655,#2652,#1444,.T.);
#3379=EDGE_CURVE('',#2656,#2657,#1445,.F.);
#3380=EDGE_CURVE('',#2657,#2658,#1446,.F.);
#3381=EDGE_CURVE('',#2658,#2659,#1447,.T.);
#3382=EDGE_CURVE('',#2659,#2656,#1448,.T.);
#3383=EDGE_CURVE('',#2660,#2661,#1449,.F.);
#3384=EDGE_CURVE('',#2661,#2662,#1450,.F.);
#3385=EDGE_CURVE('',#2662,#2663,#1451,.T.);
#3386=EDGE_CURVE('',#2663,#2660,#1452,.T.);
#3387=EDGE_CURVE('',#2664,#2665,#1453,.F.);
#3388=EDGE_CURVE('',#2665,#2666,#1454,.F.);
#3389=EDGE_CURVE('',#2666,#2667,#1455,.T.);
#3390=EDGE_CURVE('',#2667,#2664,#1456,.T.);
#3391=EDGE_CURVE('',#2668,#2669,#1457,.F.);
#3392=EDGE_CURVE('',#2669,#2670,#1458,.F.);
#3393=EDGE_CURVE('',#2670,#2671,#1459,.T.);
#3394=EDGE_CURVE('',#2671,#2668,#1460,.T.);
#3395=EDGE_CURVE('',#2672,#2673,#1461,.F.);
#3396=EDGE_CURVE('',#2673,#2674,#1462,.F.);
#3397=EDGE_CURVE('',#2674,#2675,#1463,.T.);
#3398=EDGE_CURVE('',#2675,#2672,#1464,.T.);
#3399=EDGE_CURVE('',#2676,#2677,#1465,.F.);
#3400=EDGE_CURVE('',#2677,#2678,#1466,.F.);
#3401=EDGE_CURVE('',#2678,#2679,#1467,.T.);
#3402=EDGE_CURVE('',#2679,#2676,#1468,.T.);
#3403=EDGE_CURVE('',#2680,#2681,#1469,.F.);
#3404=EDGE_CURVE('',#2681,#2682,#1470,.F.);
#3405=EDGE_CURVE('',#2682,#2683,#1471,.T.);
#3406=EDGE_CURVE('',#2683,#2680,#1472,.T.);
#3407=EDGE_CURVE('',#2684,#2685,#1473,.F.);
#3408=EDGE_CURVE('',#2685,#2686,#1474,.F.);
#3409=EDGE_CURVE('',#2686,#2687,#1475,.T.);
#3410=EDGE_CURVE('',#2687,#2684,#1476,.T.);
#3411=EDGE_CURVE('',#2688,#2689,#1477,.F.);
#3412=EDGE_CURVE('',#2689,#2690,#1478,.F.);
#3413=EDGE_CURVE('',#2690,#2691,#1479,.T.);
#3414=EDGE_CURVE('',#2691,#2688,#1480,.T.);
#3415=EDGE_CURVE('',#2692,#2693,#1481,.F.);
#3416=EDGE_CURVE('',#2693,#2694,#1482,.F.);
#3417=EDGE_CURVE('',#2694,#2695,#1483,.T.);
#3418=EDGE_CURVE('',#2695,#2692,#1484,.T.);
#3419=EDGE_CURVE('',#2696,#2697,#1485,.F.);
#3420=EDGE_CURVE('',#2697,#2698,#1486,.F.);
#3421=EDGE_CURVE('',#2698,#2699,#1487,.T.);
#3422=EDGE_CURVE('',#2699,#2696,#1488,.T.);
#3423=EDGE_CURVE('',#2700,#2701,#1489,.F.);
#3424=EDGE_CURVE('',#2701,#2702,#1490,.F.);
#3425=EDGE_CURVE('',#2702,#2703,#1491,.T.);
#3426=EDGE_CURVE('',#2703,#2700,#1492,.T.);
#3427=EDGE_CURVE('',#2704,#2705,#1493,.F.);
#3428=EDGE_CURVE('',#2705,#2706,#1494,.F.);
#3429=EDGE_CURVE('',#2706,#2707,#1495,.T.);
#3430=EDGE_CURVE('',#2707,#2704,#1496,.T.);
#3431=EDGE_CURVE('',#2708,#2709,#1497,.F.);
#3432=EDGE_CURVE('',#2709,#2710,#1498,.F.);
#3433=EDGE_CURVE('',#2710,#2711,#1499,.T.);
#3434=EDGE_CURVE('',#2711,#2708,#1500,.T.);
#3435=ORIENTED_EDGE('',*,*,#2712,.F.);
#3436=ORIENTED_EDGE('',*,*,#2713,.T.);
#3437=ORIENTED_EDGE('',*,*,#2714,.F.);
#3438=ORIENTED_EDGE('',*,*,#2715,.F.);
#3439=ORIENTED_EDGE('',*,*,#2716,.F.);
#3440=ORIENTED_EDGE('',*,*,#2717,.F.);
#3441=ORIENTED_EDGE('',*,*,#2718,.T.);
#3442=ORIENTED_EDGE('',*,*,#2719,.T.);
#3443=ORIENTED_EDGE('',*,*,#2720,.F.);
#3444=ORIENTED_EDGE('',*,*,#2721,.T.);
#3445=ORIENTED_EDGE('',*,*,#2722,.F.);
#3446=ORIENTED_EDGE('',*,*,#2723,.F.);
#3447=ORIENTED_EDGE('',*,*,#2724,.F.);
#3448=ORIENTED_EDGE('',*,*,#2725,.T.);
#3449=ORIENTED_EDGE('',*,*,#2726,.F.);
#3450=ORIENTED_EDGE('',*,*,#2727,.F.);
#3451=ORIENTED_EDGE('',*,*,#2728,.F.);
#3452=ORIENTED_EDGE('',*,*,#2729,.T.);
#3453=ORIENTED_EDGE('',*,*,#2730,.F.);
#3454=ORIENTED_EDGE('',*,*,#2731,.F.);
#3455=ORIENTED_EDGE('',*,*,#2732,.F.);
#3456=ORIENTED_EDGE('',*,*,#2733,.T.);
#3457=ORIENTED_EDGE('',*,*,#2715,.T.);
#3458=ORIENTED_EDGE('',*,*,#2734,.F.);
#3459=ORIENTED_EDGE('',*,*,#2735,.F.);
#3460=ORIENTED_EDGE('',*,*,#2736,.T.);
#3461=ORIENTED_EDGE('',*,*,#2723,.T.);
#3462=ORIENTED_EDGE('',*,*,#2737,.F.);
#3463=ORIENTED_EDGE('',*,*,#2738,.F.);
#3464=ORIENTED_EDGE('',*,*,#2739,.T.);
#3465=ORIENTED_EDGE('',*,*,#2727,.T.);
#3466=ORIENTED_EDGE('',*,*,#2740,.F.);
#3467=ORIENTED_EDGE('',*,*,#2741,.F.);
#3468=ORIENTED_EDGE('',*,*,#2742,.T.);
#3469=ORIENTED_EDGE('',*,*,#2731,.T.);
#3470=ORIENTED_EDGE('',*,*,#2743,.T.);
#3471=ORIENTED_EDGE('',*,*,#2744,.T.);
#3472=ORIENTED_EDGE('',*,*,#2745,.T.);
#3473=ORIENTED_EDGE('',*,*,#2717,.T.);
#3474=ORIENTED_EDGE('',*,*,#2746,.F.);
#3475=ORIENTED_EDGE('',*,*,#2747,.T.);
#3476=ORIENTED_EDGE('',*,*,#2748,.F.);
#3477=ORIENTED_EDGE('',*,*,#2743,.F.);
#3478=ORIENTED_EDGE('',*,*,#2730,.T.);
#3479=ORIENTED_EDGE('',*,*,#2749,.T.);
#3480=ORIENTED_EDGE('',*,*,#2750,.F.);
#3481=ORIENTED_EDGE('',*,*,#2744,.F.);
#3482=ORIENTED_EDGE('',*,*,#2748,.T.);
#3483=ORIENTED_EDGE('',*,*,#2751,.T.);
#3484=ORIENTED_EDGE('',*,*,#2718,.F.);
#3485=ORIENTED_EDGE('',*,*,#2745,.F.);
#3486=ORIENTED_EDGE('',*,*,#2750,.T.);
#3487=ORIENTED_EDGE('',*,*,#2752,.F.);
#3488=ORIENTED_EDGE('',*,*,#2753,.T.);
#3489=ORIENTED_EDGE('',*,*,#2719,.F.);
#3490=ORIENTED_EDGE('',*,*,#2751,.F.);
#3491=ORIENTED_EDGE('',*,*,#2749,.F.);
#3492=ORIENTED_EDGE('',*,*,#2747,.F.);
#3493=ORIENTED_EDGE('',*,*,#2729,.F.);
#3494=ORIENTED_EDGE('',*,*,#2754,.F.);
#3495=ORIENTED_EDGE('',*,*,#2755,.F.);
#3496=ORIENTED_EDGE('',*,*,#2756,.T.);
#3497=ORIENTED_EDGE('',*,*,#2725,.F.);
#3498=ORIENTED_EDGE('',*,*,#2757,.F.);
#3499=ORIENTED_EDGE('',*,*,#2758,.F.);
#3500=ORIENTED_EDGE('',*,*,#2759,.T.);
#3501=ORIENTED_EDGE('',*,*,#2721,.F.);
#3502=ORIENTED_EDGE('',*,*,#2760,.F.);
#3503=ORIENTED_EDGE('',*,*,#2761,.F.);
#3504=ORIENTED_EDGE('',*,*,#2762,.T.);
#3505=ORIENTED_EDGE('',*,*,#2713,.F.);
#3506=ORIENTED_EDGE('',*,*,#2763,.F.);
#3507=ORIENTED_EDGE('',*,*,#2728,.T.);
#3508=ORIENTED_EDGE('',*,*,#2742,.F.);
#3509=ORIENTED_EDGE('',*,*,#2764,.T.);
#3510=ORIENTED_EDGE('',*,*,#2754,.T.);
#3511=ORIENTED_EDGE('',*,*,#2726,.T.);
#3512=ORIENTED_EDGE('',*,*,#2756,.F.);
#3513=ORIENTED_EDGE('',*,*,#2765,.T.);
#3514=ORIENTED_EDGE('',*,*,#2740,.T.);
#3515=ORIENTED_EDGE('',*,*,#2755,.T.);
#3516=ORIENTED_EDGE('',*,*,#2764,.F.);
#3517=ORIENTED_EDGE('',*,*,#2741,.T.);
#3518=ORIENTED_EDGE('',*,*,#2765,.F.);
#3519=ORIENTED_EDGE('',*,*,#2724,.T.);
#3520=ORIENTED_EDGE('',*,*,#2739,.F.);
#3521=ORIENTED_EDGE('',*,*,#2766,.T.);
#3522=ORIENTED_EDGE('',*,*,#2757,.T.);
#3523=ORIENTED_EDGE('',*,*,#2722,.T.);
#3524=ORIENTED_EDGE('',*,*,#2759,.F.);
#3525=ORIENTED_EDGE('',*,*,#2767,.T.);
#3526=ORIENTED_EDGE('',*,*,#2737,.T.);
#3527=ORIENTED_EDGE('',*,*,#2758,.T.);
#3528=ORIENTED_EDGE('',*,*,#2766,.F.);
#3529=ORIENTED_EDGE('',*,*,#2738,.T.);
#3530=ORIENTED_EDGE('',*,*,#2767,.F.);
#3531=ORIENTED_EDGE('',*,*,#2720,.T.);
#3532=ORIENTED_EDGE('',*,*,#2736,.F.);
#3533=ORIENTED_EDGE('',*,*,#2768,.T.);
#3534=ORIENTED_EDGE('',*,*,#2760,.T.);
#3535=ORIENTED_EDGE('',*,*,#2714,.T.);
#3536=ORIENTED_EDGE('',*,*,#2762,.F.);
#3537=ORIENTED_EDGE('',*,*,#2769,.T.);
#3538=ORIENTED_EDGE('',*,*,#2734,.T.);
#3539=ORIENTED_EDGE('',*,*,#2761,.T.);
#3540=ORIENTED_EDGE('',*,*,#2768,.F.);
#3541=ORIENTED_EDGE('',*,*,#2735,.T.);
#3542=ORIENTED_EDGE('',*,*,#2769,.F.);
#3543=ORIENTED_EDGE('',*,*,#2712,.T.);
#3544=ORIENTED_EDGE('',*,*,#2733,.F.);
#3545=ORIENTED_EDGE('',*,*,#2770,.T.);
#3546=ORIENTED_EDGE('',*,*,#2763,.T.);
#3547=ORIENTED_EDGE('',*,*,#2716,.T.);
#3548=ORIENTED_EDGE('',*,*,#2753,.F.);
#3549=ORIENTED_EDGE('',*,*,#2771,.T.);
#3550=ORIENTED_EDGE('',*,*,#2746,.T.);
#3551=ORIENTED_EDGE('',*,*,#2752,.T.);
#3552=ORIENTED_EDGE('',*,*,#2770,.F.);
#3553=ORIENTED_EDGE('',*,*,#2732,.T.);
#3554=ORIENTED_EDGE('',*,*,#2771,.F.);
#3555=ORIENTED_EDGE('',*,*,#2772,.F.);
#3556=ORIENTED_EDGE('',*,*,#2773,.F.);
#3557=ORIENTED_EDGE('',*,*,#2774,.F.);
#3558=ORIENTED_EDGE('',*,*,#2775,.F.);
#3559=ORIENTED_EDGE('',*,*,#2776,.F.);
#3560=ORIENTED_EDGE('',*,*,#2777,.F.);
#3561=ORIENTED_EDGE('',*,*,#2778,.F.);
#3562=ORIENTED_EDGE('',*,*,#2779,.F.);
#3563=ORIENTED_EDGE('',*,*,#2780,.F.);
#3564=ORIENTED_EDGE('',*,*,#2781,.F.);
#3565=ORIENTED_EDGE('',*,*,#2782,.F.);
#3566=ORIENTED_EDGE('',*,*,#2783,.F.);
#3567=ORIENTED_EDGE('',*,*,#2784,.F.);
#3568=ORIENTED_EDGE('',*,*,#2785,.F.);
#3569=ORIENTED_EDGE('',*,*,#2786,.F.);
#3570=ORIENTED_EDGE('',*,*,#2787,.F.);
#3571=ORIENTED_EDGE('',*,*,#2788,.F.);
#3572=ORIENTED_EDGE('',*,*,#2789,.F.);
#3573=ORIENTED_EDGE('',*,*,#2790,.F.);
#3574=ORIENTED_EDGE('',*,*,#2791,.F.);
#3575=ORIENTED_EDGE('',*,*,#2792,.F.);
#3576=ORIENTED_EDGE('',*,*,#2793,.F.);
#3577=ORIENTED_EDGE('',*,*,#2794,.F.);
#3578=ORIENTED_EDGE('',*,*,#2795,.F.);
#3579=ORIENTED_EDGE('',*,*,#2796,.F.);
#3580=ORIENTED_EDGE('',*,*,#2797,.F.);
#3581=ORIENTED_EDGE('',*,*,#2798,.F.);
#3582=ORIENTED_EDGE('',*,*,#2799,.F.);
#3583=ORIENTED_EDGE('',*,*,#2800,.F.);
#3584=ORIENTED_EDGE('',*,*,#2801,.F.);
#3585=ORIENTED_EDGE('',*,*,#2802,.F.);
#3586=ORIENTED_EDGE('',*,*,#2803,.F.);
#3587=ORIENTED_EDGE('',*,*,#2804,.F.);
#3588=ORIENTED_EDGE('',*,*,#2805,.F.);
#3589=ORIENTED_EDGE('',*,*,#2806,.F.);
#3590=ORIENTED_EDGE('',*,*,#2807,.F.);
#3591=ORIENTED_EDGE('',*,*,#2808,.T.);
#3592=ORIENTED_EDGE('',*,*,#2809,.T.);
#3593=ORIENTED_EDGE('',*,*,#2810,.T.);
#3594=ORIENTED_EDGE('',*,*,#2811,.T.);
#3595=ORIENTED_EDGE('',*,*,#2812,.T.);
#3596=ORIENTED_EDGE('',*,*,#2813,.T.);
#3597=ORIENTED_EDGE('',*,*,#2814,.T.);
#3598=ORIENTED_EDGE('',*,*,#2815,.T.);
#3599=ORIENTED_EDGE('',*,*,#2816,.T.);
#3600=ORIENTED_EDGE('',*,*,#2817,.T.);
#3601=ORIENTED_EDGE('',*,*,#2818,.T.);
#3602=ORIENTED_EDGE('',*,*,#2819,.T.);
#3603=ORIENTED_EDGE('',*,*,#2820,.T.);
#3604=ORIENTED_EDGE('',*,*,#2821,.T.);
#3605=ORIENTED_EDGE('',*,*,#2822,.T.);
#3606=ORIENTED_EDGE('',*,*,#2823,.T.);
#3607=ORIENTED_EDGE('',*,*,#2824,.T.);
#3608=ORIENTED_EDGE('',*,*,#2825,.T.);
#3609=ORIENTED_EDGE('',*,*,#2826,.T.);
#3610=ORIENTED_EDGE('',*,*,#2827,.T.);
#3611=ORIENTED_EDGE('',*,*,#2828,.T.);
#3612=ORIENTED_EDGE('',*,*,#2829,.T.);
#3613=ORIENTED_EDGE('',*,*,#2830,.T.);
#3614=ORIENTED_EDGE('',*,*,#2831,.T.);
#3615=ORIENTED_EDGE('',*,*,#2832,.T.);
#3616=ORIENTED_EDGE('',*,*,#2833,.T.);
#3617=ORIENTED_EDGE('',*,*,#2834,.T.);
#3618=ORIENTED_EDGE('',*,*,#2835,.T.);
#3619=ORIENTED_EDGE('',*,*,#2836,.T.);
#3620=ORIENTED_EDGE('',*,*,#2837,.T.);
#3621=ORIENTED_EDGE('',*,*,#2838,.T.);
#3622=ORIENTED_EDGE('',*,*,#2839,.T.);
#3623=ORIENTED_EDGE('',*,*,#2840,.T.);
#3624=ORIENTED_EDGE('',*,*,#2841,.T.);
#3625=ORIENTED_EDGE('',*,*,#2842,.T.);
#3626=ORIENTED_EDGE('',*,*,#2843,.T.);
#3627=ORIENTED_EDGE('',*,*,#2844,.F.);
#3628=ORIENTED_EDGE('',*,*,#2845,.F.);
#3629=ORIENTED_EDGE('',*,*,#2846,.F.);
#3630=ORIENTED_EDGE('',*,*,#2847,.F.);
#3631=ORIENTED_EDGE('',*,*,#2848,.F.);
#3632=ORIENTED_EDGE('',*,*,#2849,.F.);
#3633=ORIENTED_EDGE('',*,*,#2850,.F.);
#3634=ORIENTED_EDGE('',*,*,#2851,.F.);
#3635=ORIENTED_EDGE('',*,*,#2852,.F.);
#3636=ORIENTED_EDGE('',*,*,#2853,.F.);
#3637=ORIENTED_EDGE('',*,*,#2854,.F.);
#3638=ORIENTED_EDGE('',*,*,#2855,.F.);
#3639=ORIENTED_EDGE('',*,*,#2856,.F.);
#3640=ORIENTED_EDGE('',*,*,#2857,.F.);
#3641=ORIENTED_EDGE('',*,*,#2858,.F.);
#3642=ORIENTED_EDGE('',*,*,#2859,.F.);
#3643=ORIENTED_EDGE('',*,*,#2860,.F.);
#3644=ORIENTED_EDGE('',*,*,#2861,.F.);
#3645=ORIENTED_EDGE('',*,*,#2862,.F.);
#3646=ORIENTED_EDGE('',*,*,#2863,.F.);
#3647=ORIENTED_EDGE('',*,*,#2864,.F.);
#3648=ORIENTED_EDGE('',*,*,#2865,.F.);
#3649=ORIENTED_EDGE('',*,*,#2866,.F.);
#3650=ORIENTED_EDGE('',*,*,#2867,.F.);
#3651=ORIENTED_EDGE('',*,*,#2868,.F.);
#3652=ORIENTED_EDGE('',*,*,#2869,.F.);
#3653=ORIENTED_EDGE('',*,*,#2870,.F.);
#3654=ORIENTED_EDGE('',*,*,#2871,.F.);
#3655=ORIENTED_EDGE('',*,*,#2872,.T.);
#3656=ORIENTED_EDGE('',*,*,#2873,.T.);
#3657=ORIENTED_EDGE('',*,*,#2874,.T.);
#3658=ORIENTED_EDGE('',*,*,#2875,.T.);
#3659=ORIENTED_EDGE('',*,*,#2876,.T.);
#3660=ORIENTED_EDGE('',*,*,#2877,.T.);
#3661=ORIENTED_EDGE('',*,*,#2878,.T.);
#3662=ORIENTED_EDGE('',*,*,#2879,.T.);
#3663=ORIENTED_EDGE('',*,*,#2880,.T.);
#3664=ORIENTED_EDGE('',*,*,#2881,.T.);
#3665=ORIENTED_EDGE('',*,*,#2882,.T.);
#3666=ORIENTED_EDGE('',*,*,#2883,.T.);
#3667=ORIENTED_EDGE('',*,*,#2884,.T.);
#3668=ORIENTED_EDGE('',*,*,#2885,.T.);
#3669=ORIENTED_EDGE('',*,*,#2886,.T.);
#3670=ORIENTED_EDGE('',*,*,#2887,.T.);
#3671=ORIENTED_EDGE('',*,*,#2888,.T.);
#3672=ORIENTED_EDGE('',*,*,#2889,.T.);
#3673=ORIENTED_EDGE('',*,*,#2890,.T.);
#3674=ORIENTED_EDGE('',*,*,#2891,.T.);
#3675=ORIENTED_EDGE('',*,*,#2892,.T.);
#3676=ORIENTED_EDGE('',*,*,#2893,.T.);
#3677=ORIENTED_EDGE('',*,*,#2894,.T.);
#3678=ORIENTED_EDGE('',*,*,#2895,.T.);
#3679=ORIENTED_EDGE('',*,*,#2896,.T.);
#3680=ORIENTED_EDGE('',*,*,#2897,.T.);
#3681=ORIENTED_EDGE('',*,*,#2898,.T.);
#3682=ORIENTED_EDGE('',*,*,#2899,.T.);
#3683=ORIENTED_EDGE('',*,*,#2900,.T.);
#3684=ORIENTED_EDGE('',*,*,#2901,.T.);
#3685=ORIENTED_EDGE('',*,*,#2902,.T.);
#3686=ORIENTED_EDGE('',*,*,#2903,.T.);
#3687=ORIENTED_EDGE('',*,*,#2904,.F.);
#3688=ORIENTED_EDGE('',*,*,#2905,.F.);
#3689=ORIENTED_EDGE('',*,*,#2906,.F.);
#3690=ORIENTED_EDGE('',*,*,#2907,.F.);
#3691=ORIENTED_EDGE('',*,*,#2772,.T.);
#3692=ORIENTED_EDGE('',*,*,#2908,.F.);
#3693=ORIENTED_EDGE('',*,*,#2840,.F.);
#3694=ORIENTED_EDGE('',*,*,#2909,.T.);
#3695=ORIENTED_EDGE('',*,*,#2775,.T.);
#3696=ORIENTED_EDGE('',*,*,#2910,.F.);
#3697=ORIENTED_EDGE('',*,*,#2841,.F.);
#3698=ORIENTED_EDGE('',*,*,#2908,.T.);
#3699=ORIENTED_EDGE('',*,*,#2774,.T.);
#3700=ORIENTED_EDGE('',*,*,#2911,.F.);
#3701=ORIENTED_EDGE('',*,*,#2842,.F.);
#3702=ORIENTED_EDGE('',*,*,#2910,.T.);
#3703=ORIENTED_EDGE('',*,*,#2773,.T.);
#3704=ORIENTED_EDGE('',*,*,#2909,.F.);
#3705=ORIENTED_EDGE('',*,*,#2843,.F.);
#3706=ORIENTED_EDGE('',*,*,#2911,.T.);
#3707=ORIENTED_EDGE('',*,*,#2904,.T.);
#3708=ORIENTED_EDGE('',*,*,#2912,.F.);
#3709=ORIENTED_EDGE('',*,*,#2913,.F.);
#3710=ORIENTED_EDGE('',*,*,#2914,.T.);
#3711=ORIENTED_EDGE('',*,*,#2907,.T.);
#3712=ORIENTED_EDGE('',*,*,#2915,.F.);
#3713=ORIENTED_EDGE('',*,*,#2916,.F.);
#3714=ORIENTED_EDGE('',*,*,#2912,.T.);
#3715=ORIENTED_EDGE('',*,*,#2906,.T.);
#3716=ORIENTED_EDGE('',*,*,#2917,.F.);
#3717=ORIENTED_EDGE('',*,*,#2918,.F.);
#3718=ORIENTED_EDGE('',*,*,#2915,.T.);
#3719=ORIENTED_EDGE('',*,*,#2905,.T.);
#3720=ORIENTED_EDGE('',*,*,#2914,.F.);
#3721=ORIENTED_EDGE('',*,*,#2919,.F.);
#3722=ORIENTED_EDGE('',*,*,#2917,.T.);
#3723=ORIENTED_EDGE('',*,*,#2913,.T.);
#3724=ORIENTED_EDGE('',*,*,#2916,.T.);
#3725=ORIENTED_EDGE('',*,*,#2918,.T.);
#3726=ORIENTED_EDGE('',*,*,#2919,.T.);
#3727=ORIENTED_EDGE('',*,*,#2845,.T.);
#3728=ORIENTED_EDGE('',*,*,#2920,.F.);
#3729=ORIENTED_EDGE('',*,*,#2921,.F.);
#3730=ORIENTED_EDGE('',*,*,#2922,.T.);
#3731=ORIENTED_EDGE('',*,*,#2844,.T.);
#3732=ORIENTED_EDGE('',*,*,#2923,.F.);
#3733=ORIENTED_EDGE('',*,*,#2924,.F.);
#3734=ORIENTED_EDGE('',*,*,#2920,.T.);
#3735=ORIENTED_EDGE('',*,*,#2847,.T.);
#3736=ORIENTED_EDGE('',*,*,#2925,.F.);
#3737=ORIENTED_EDGE('',*,*,#2926,.F.);
#3738=ORIENTED_EDGE('',*,*,#2923,.T.);
#3739=ORIENTED_EDGE('',*,*,#2846,.T.);
#3740=ORIENTED_EDGE('',*,*,#2922,.F.);
#3741=ORIENTED_EDGE('',*,*,#2927,.F.);
#3742=ORIENTED_EDGE('',*,*,#2925,.T.);
#3743=ORIENTED_EDGE('',*,*,#2921,.T.);
#3744=ORIENTED_EDGE('',*,*,#2924,.T.);
#3745=ORIENTED_EDGE('',*,*,#2926,.T.);
#3746=ORIENTED_EDGE('',*,*,#2927,.T.);
#3747=ORIENTED_EDGE('',*,*,#2849,.T.);
#3748=ORIENTED_EDGE('',*,*,#2928,.F.);
#3749=ORIENTED_EDGE('',*,*,#2929,.F.);
#3750=ORIENTED_EDGE('',*,*,#2930,.T.);
#3751=ORIENTED_EDGE('',*,*,#2848,.T.);
#3752=ORIENTED_EDGE('',*,*,#2931,.F.);
#3753=ORIENTED_EDGE('',*,*,#2932,.F.);
#3754=ORIENTED_EDGE('',*,*,#2928,.T.);
#3755=ORIENTED_EDGE('',*,*,#2851,.T.);
#3756=ORIENTED_EDGE('',*,*,#2933,.F.);
#3757=ORIENTED_EDGE('',*,*,#2934,.F.);
#3758=ORIENTED_EDGE('',*,*,#2931,.T.);
#3759=ORIENTED_EDGE('',*,*,#2850,.T.);
#3760=ORIENTED_EDGE('',*,*,#2930,.F.);
#3761=ORIENTED_EDGE('',*,*,#2935,.F.);
#3762=ORIENTED_EDGE('',*,*,#2933,.T.);
#3763=ORIENTED_EDGE('',*,*,#2929,.T.);
#3764=ORIENTED_EDGE('',*,*,#2932,.T.);
#3765=ORIENTED_EDGE('',*,*,#2934,.T.);
#3766=ORIENTED_EDGE('',*,*,#2935,.T.);
#3767=ORIENTED_EDGE('',*,*,#2853,.T.);
#3768=ORIENTED_EDGE('',*,*,#2936,.F.);
#3769=ORIENTED_EDGE('',*,*,#2937,.F.);
#3770=ORIENTED_EDGE('',*,*,#2938,.T.);
#3771=ORIENTED_EDGE('',*,*,#2852,.T.);
#3772=ORIENTED_EDGE('',*,*,#2939,.F.);
#3773=ORIENTED_EDGE('',*,*,#2940,.F.);
#3774=ORIENTED_EDGE('',*,*,#2936,.T.);
#3775=ORIENTED_EDGE('',*,*,#2855,.T.);
#3776=ORIENTED_EDGE('',*,*,#2941,.F.);
#3777=ORIENTED_EDGE('',*,*,#2942,.F.);
#3778=ORIENTED_EDGE('',*,*,#2939,.T.);
#3779=ORIENTED_EDGE('',*,*,#2854,.T.);
#3780=ORIENTED_EDGE('',*,*,#2938,.F.);
#3781=ORIENTED_EDGE('',*,*,#2943,.F.);
#3782=ORIENTED_EDGE('',*,*,#2941,.T.);
#3783=ORIENTED_EDGE('',*,*,#2937,.T.);
#3784=ORIENTED_EDGE('',*,*,#2940,.T.);
#3785=ORIENTED_EDGE('',*,*,#2942,.T.);
#3786=ORIENTED_EDGE('',*,*,#2943,.T.);
#3787=ORIENTED_EDGE('',*,*,#2857,.T.);
#3788=ORIENTED_EDGE('',*,*,#2944,.F.);
#3789=ORIENTED_EDGE('',*,*,#2945,.F.);
#3790=ORIENTED_EDGE('',*,*,#2946,.T.);
#3791=ORIENTED_EDGE('',*,*,#2856,.T.);
#3792=ORIENTED_EDGE('',*,*,#2947,.F.);
#3793=ORIENTED_EDGE('',*,*,#2948,.F.);
#3794=ORIENTED_EDGE('',*,*,#2944,.T.);
#3795=ORIENTED_EDGE('',*,*,#2859,.T.);
#3796=ORIENTED_EDGE('',*,*,#2949,.F.);
#3797=ORIENTED_EDGE('',*,*,#2950,.F.);
#3798=ORIENTED_EDGE('',*,*,#2947,.T.);
#3799=ORIENTED_EDGE('',*,*,#2858,.T.);
#3800=ORIENTED_EDGE('',*,*,#2946,.F.);
#3801=ORIENTED_EDGE('',*,*,#2951,.F.);
#3802=ORIENTED_EDGE('',*,*,#2949,.T.);
#3803=ORIENTED_EDGE('',*,*,#2945,.T.);
#3804=ORIENTED_EDGE('',*,*,#2948,.T.);
#3805=ORIENTED_EDGE('',*,*,#2950,.T.);
#3806=ORIENTED_EDGE('',*,*,#2951,.T.);
#3807=ORIENTED_EDGE('',*,*,#2861,.T.);
#3808=ORIENTED_EDGE('',*,*,#2952,.F.);
#3809=ORIENTED_EDGE('',*,*,#2953,.F.);
#3810=ORIENTED_EDGE('',*,*,#2954,.T.);
#3811=ORIENTED_EDGE('',*,*,#2860,.T.);
#3812=ORIENTED_EDGE('',*,*,#2955,.F.);
#3813=ORIENTED_EDGE('',*,*,#2956,.F.);
#3814=ORIENTED_EDGE('',*,*,#2952,.T.);
#3815=ORIENTED_EDGE('',*,*,#2863,.T.);
#3816=ORIENTED_EDGE('',*,*,#2957,.F.);
#3817=ORIENTED_EDGE('',*,*,#2958,.F.);
#3818=ORIENTED_EDGE('',*,*,#2955,.T.);
#3819=ORIENTED_EDGE('',*,*,#2862,.T.);
#3820=ORIENTED_EDGE('',*,*,#2954,.F.);
#3821=ORIENTED_EDGE('',*,*,#2959,.F.);
#3822=ORIENTED_EDGE('',*,*,#2957,.T.);
#3823=ORIENTED_EDGE('',*,*,#2953,.T.);
#3824=ORIENTED_EDGE('',*,*,#2956,.T.);
#3825=ORIENTED_EDGE('',*,*,#2958,.T.);
#3826=ORIENTED_EDGE('',*,*,#2959,.T.);
#3827=ORIENTED_EDGE('',*,*,#2865,.T.);
#3828=ORIENTED_EDGE('',*,*,#2960,.F.);
#3829=ORIENTED_EDGE('',*,*,#2961,.F.);
#3830=ORIENTED_EDGE('',*,*,#2962,.T.);
#3831=ORIENTED_EDGE('',*,*,#2864,.T.);
#3832=ORIENTED_EDGE('',*,*,#2963,.F.);
#3833=ORIENTED_EDGE('',*,*,#2964,.F.);
#3834=ORIENTED_EDGE('',*,*,#2960,.T.);
#3835=ORIENTED_EDGE('',*,*,#2867,.T.);
#3836=ORIENTED_EDGE('',*,*,#2965,.F.);
#3837=ORIENTED_EDGE('',*,*,#2966,.F.);
#3838=ORIENTED_EDGE('',*,*,#2963,.T.);
#3839=ORIENTED_EDGE('',*,*,#2866,.T.);
#3840=ORIENTED_EDGE('',*,*,#2962,.F.);
#3841=ORIENTED_EDGE('',*,*,#2967,.F.);
#3842=ORIENTED_EDGE('',*,*,#2965,.T.);
#3843=ORIENTED_EDGE('',*,*,#2961,.T.);
#3844=ORIENTED_EDGE('',*,*,#2964,.T.);
#3845=ORIENTED_EDGE('',*,*,#2966,.T.);
#3846=ORIENTED_EDGE('',*,*,#2967,.T.);
#3847=ORIENTED_EDGE('',*,*,#2869,.T.);
#3848=ORIENTED_EDGE('',*,*,#2968,.F.);
#3849=ORIENTED_EDGE('',*,*,#2969,.F.);
#3850=ORIENTED_EDGE('',*,*,#2970,.T.);
#3851=ORIENTED_EDGE('',*,*,#2868,.T.);
#3852=ORIENTED_EDGE('',*,*,#2971,.F.);
#3853=ORIENTED_EDGE('',*,*,#2972,.F.);
#3854=ORIENTED_EDGE('',*,*,#2968,.T.);
#3855=ORIENTED_EDGE('',*,*,#2871,.T.);
#3856=ORIENTED_EDGE('',*,*,#2973,.F.);
#3857=ORIENTED_EDGE('',*,*,#2974,.F.);
#3858=ORIENTED_EDGE('',*,*,#2971,.T.);
#3859=ORIENTED_EDGE('',*,*,#2870,.T.);
#3860=ORIENTED_EDGE('',*,*,#2970,.F.);
#3861=ORIENTED_EDGE('',*,*,#2975,.F.);
#3862=ORIENTED_EDGE('',*,*,#2973,.T.);
#3863=ORIENTED_EDGE('',*,*,#2969,.T.);
#3864=ORIENTED_EDGE('',*,*,#2972,.T.);
#3865=ORIENTED_EDGE('',*,*,#2974,.T.);
#3866=ORIENTED_EDGE('',*,*,#2975,.T.);
#3867=ORIENTED_EDGE('',*,*,#2900,.F.);
#3868=ORIENTED_EDGE('',*,*,#2976,.F.);
#3869=ORIENTED_EDGE('',*,*,#2977,.T.);
#3870=ORIENTED_EDGE('',*,*,#2978,.T.);
#3871=ORIENTED_EDGE('',*,*,#2901,.F.);
#3872=ORIENTED_EDGE('',*,*,#2978,.F.);
#3873=ORIENTED_EDGE('',*,*,#2979,.T.);
#3874=ORIENTED_EDGE('',*,*,#2980,.T.);
#3875=ORIENTED_EDGE('',*,*,#2902,.F.);
#3876=ORIENTED_EDGE('',*,*,#2980,.F.);
#3877=ORIENTED_EDGE('',*,*,#2981,.T.);
#3878=ORIENTED_EDGE('',*,*,#2982,.T.);
#3879=ORIENTED_EDGE('',*,*,#2903,.F.);
#3880=ORIENTED_EDGE('',*,*,#2982,.F.);
#3881=ORIENTED_EDGE('',*,*,#2983,.T.);
#3882=ORIENTED_EDGE('',*,*,#2976,.T.);
#3883=ORIENTED_EDGE('',*,*,#2977,.F.);
#3884=ORIENTED_EDGE('',*,*,#2983,.F.);
#3885=ORIENTED_EDGE('',*,*,#2981,.F.);
#3886=ORIENTED_EDGE('',*,*,#2979,.F.);
#3887=ORIENTED_EDGE('',*,*,#2896,.F.);
#3888=ORIENTED_EDGE('',*,*,#2984,.F.);
#3889=ORIENTED_EDGE('',*,*,#2985,.T.);
#3890=ORIENTED_EDGE('',*,*,#2986,.T.);
#3891=ORIENTED_EDGE('',*,*,#2897,.F.);
#3892=ORIENTED_EDGE('',*,*,#2986,.F.);
#3893=ORIENTED_EDGE('',*,*,#2987,.T.);
#3894=ORIENTED_EDGE('',*,*,#2988,.T.);
#3895=ORIENTED_EDGE('',*,*,#2898,.F.);
#3896=ORIENTED_EDGE('',*,*,#2988,.F.);
#3897=ORIENTED_EDGE('',*,*,#2989,.T.);
#3898=ORIENTED_EDGE('',*,*,#2990,.T.);
#3899=ORIENTED_EDGE('',*,*,#2899,.F.);
#3900=ORIENTED_EDGE('',*,*,#2990,.F.);
#3901=ORIENTED_EDGE('',*,*,#2991,.T.);
#3902=ORIENTED_EDGE('',*,*,#2984,.T.);
#3903=ORIENTED_EDGE('',*,*,#2985,.F.);
#3904=ORIENTED_EDGE('',*,*,#2991,.F.);
#3905=ORIENTED_EDGE('',*,*,#2989,.F.);
#3906=ORIENTED_EDGE('',*,*,#2987,.F.);
#3907=ORIENTED_EDGE('',*,*,#2892,.F.);
#3908=ORIENTED_EDGE('',*,*,#2992,.F.);
#3909=ORIENTED_EDGE('',*,*,#2993,.T.);
#3910=ORIENTED_EDGE('',*,*,#2994,.T.);
#3911=ORIENTED_EDGE('',*,*,#2893,.F.);
#3912=ORIENTED_EDGE('',*,*,#2994,.F.);
#3913=ORIENTED_EDGE('',*,*,#2995,.T.);
#3914=ORIENTED_EDGE('',*,*,#2996,.T.);
#3915=ORIENTED_EDGE('',*,*,#2894,.F.);
#3916=ORIENTED_EDGE('',*,*,#2996,.F.);
#3917=ORIENTED_EDGE('',*,*,#2997,.T.);
#3918=ORIENTED_EDGE('',*,*,#2998,.T.);
#3919=ORIENTED_EDGE('',*,*,#2895,.F.);
#3920=ORIENTED_EDGE('',*,*,#2998,.F.);
#3921=ORIENTED_EDGE('',*,*,#2999,.T.);
#3922=ORIENTED_EDGE('',*,*,#2992,.T.);
#3923=ORIENTED_EDGE('',*,*,#2993,.F.);
#3924=ORIENTED_EDGE('',*,*,#2999,.F.);
#3925=ORIENTED_EDGE('',*,*,#2997,.F.);
#3926=ORIENTED_EDGE('',*,*,#2995,.F.);
#3927=ORIENTED_EDGE('',*,*,#2888,.F.);
#3928=ORIENTED_EDGE('',*,*,#3000,.F.);
#3929=ORIENTED_EDGE('',*,*,#3001,.T.);
#3930=ORIENTED_EDGE('',*,*,#3002,.T.);
#3931=ORIENTED_EDGE('',*,*,#2889,.F.);
#3932=ORIENTED_EDGE('',*,*,#3002,.F.);
#3933=ORIENTED_EDGE('',*,*,#3003,.T.);
#3934=ORIENTED_EDGE('',*,*,#3004,.T.);
#3935=ORIENTED_EDGE('',*,*,#2890,.F.);
#3936=ORIENTED_EDGE('',*,*,#3004,.F.);
#3937=ORIENTED_EDGE('',*,*,#3005,.T.);
#3938=ORIENTED_EDGE('',*,*,#3006,.T.);
#3939=ORIENTED_EDGE('',*,*,#2891,.F.);
#3940=ORIENTED_EDGE('',*,*,#3006,.F.);
#3941=ORIENTED_EDGE('',*,*,#3007,.T.);
#3942=ORIENTED_EDGE('',*,*,#3000,.T.);
#3943=ORIENTED_EDGE('',*,*,#3001,.F.);
#3944=ORIENTED_EDGE('',*,*,#3007,.F.);
#3945=ORIENTED_EDGE('',*,*,#3005,.F.);
#3946=ORIENTED_EDGE('',*,*,#3003,.F.);
#3947=ORIENTED_EDGE('',*,*,#2884,.F.);
#3948=ORIENTED_EDGE('',*,*,#3008,.F.);
#3949=ORIENTED_EDGE('',*,*,#3009,.T.);
#3950=ORIENTED_EDGE('',*,*,#3010,.T.);
#3951=ORIENTED_EDGE('',*,*,#2885,.F.);
#3952=ORIENTED_EDGE('',*,*,#3010,.F.);
#3953=ORIENTED_EDGE('',*,*,#3011,.T.);
#3954=ORIENTED_EDGE('',*,*,#3012,.T.);
#3955=ORIENTED_EDGE('',*,*,#2886,.F.);
#3956=ORIENTED_EDGE('',*,*,#3012,.F.);
#3957=ORIENTED_EDGE('',*,*,#3013,.T.);
#3958=ORIENTED_EDGE('',*,*,#3014,.T.);
#3959=ORIENTED_EDGE('',*,*,#2887,.F.);
#3960=ORIENTED_EDGE('',*,*,#3014,.F.);
#3961=ORIENTED_EDGE('',*,*,#3015,.T.);
#3962=ORIENTED_EDGE('',*,*,#3008,.T.);
#3963=ORIENTED_EDGE('',*,*,#3009,.F.);
#3964=ORIENTED_EDGE('',*,*,#3015,.F.);
#3965=ORIENTED_EDGE('',*,*,#3013,.F.);
#3966=ORIENTED_EDGE('',*,*,#3011,.F.);
#3967=ORIENTED_EDGE('',*,*,#2880,.F.);
#3968=ORIENTED_EDGE('',*,*,#3016,.F.);
#3969=ORIENTED_EDGE('',*,*,#3017,.T.);
#3970=ORIENTED_EDGE('',*,*,#3018,.T.);
#3971=ORIENTED_EDGE('',*,*,#2881,.F.);
#3972=ORIENTED_EDGE('',*,*,#3018,.F.);
#3973=ORIENTED_EDGE('',*,*,#3019,.T.);
#3974=ORIENTED_EDGE('',*,*,#3020,.T.);
#3975=ORIENTED_EDGE('',*,*,#2882,.F.);
#3976=ORIENTED_EDGE('',*,*,#3020,.F.);
#3977=ORIENTED_EDGE('',*,*,#3021,.T.);
#3978=ORIENTED_EDGE('',*,*,#3022,.T.);
#3979=ORIENTED_EDGE('',*,*,#2883,.F.);
#3980=ORIENTED_EDGE('',*,*,#3022,.F.);
#3981=ORIENTED_EDGE('',*,*,#3023,.T.);
#3982=ORIENTED_EDGE('',*,*,#3016,.T.);
#3983=ORIENTED_EDGE('',*,*,#3017,.F.);
#3984=ORIENTED_EDGE('',*,*,#3023,.F.);
#3985=ORIENTED_EDGE('',*,*,#3021,.F.);
#3986=ORIENTED_EDGE('',*,*,#3019,.F.);
#3987=ORIENTED_EDGE('',*,*,#2876,.F.);
#3988=ORIENTED_EDGE('',*,*,#3024,.F.);
#3989=ORIENTED_EDGE('',*,*,#3025,.T.);
#3990=ORIENTED_EDGE('',*,*,#3026,.T.);
#3991=ORIENTED_EDGE('',*,*,#2877,.F.);
#3992=ORIENTED_EDGE('',*,*,#3026,.F.);
#3993=ORIENTED_EDGE('',*,*,#3027,.T.);
#3994=ORIENTED_EDGE('',*,*,#3028,.T.);
#3995=ORIENTED_EDGE('',*,*,#2878,.F.);
#3996=ORIENTED_EDGE('',*,*,#3028,.F.);
#3997=ORIENTED_EDGE('',*,*,#3029,.T.);
#3998=ORIENTED_EDGE('',*,*,#3030,.T.);
#3999=ORIENTED_EDGE('',*,*,#2879,.F.);
#4000=ORIENTED_EDGE('',*,*,#3030,.F.);
#4001=ORIENTED_EDGE('',*,*,#3031,.T.);
#4002=ORIENTED_EDGE('',*,*,#3024,.T.);
#4003=ORIENTED_EDGE('',*,*,#3025,.F.);
#4004=ORIENTED_EDGE('',*,*,#3031,.F.);
#4005=ORIENTED_EDGE('',*,*,#3029,.F.);
#4006=ORIENTED_EDGE('',*,*,#3027,.F.);
#4007=ORIENTED_EDGE('',*,*,#2872,.F.);
#4008=ORIENTED_EDGE('',*,*,#3032,.F.);
#4009=ORIENTED_EDGE('',*,*,#3033,.T.);
#4010=ORIENTED_EDGE('',*,*,#3034,.T.);
#4011=ORIENTED_EDGE('',*,*,#2873,.F.);
#4012=ORIENTED_EDGE('',*,*,#3034,.F.);
#4013=ORIENTED_EDGE('',*,*,#3035,.T.);
#4014=ORIENTED_EDGE('',*,*,#3036,.T.);
#4015=ORIENTED_EDGE('',*,*,#2874,.F.);
#4016=ORIENTED_EDGE('',*,*,#3036,.F.);
#4017=ORIENTED_EDGE('',*,*,#3037,.T.);
#4018=ORIENTED_EDGE('',*,*,#3038,.T.);
#4019=ORIENTED_EDGE('',*,*,#2875,.F.);
#4020=ORIENTED_EDGE('',*,*,#3038,.F.);
#4021=ORIENTED_EDGE('',*,*,#3039,.T.);
#4022=ORIENTED_EDGE('',*,*,#3032,.T.);
#4023=ORIENTED_EDGE('',*,*,#3033,.F.);
#4024=ORIENTED_EDGE('',*,*,#3039,.F.);
#4025=ORIENTED_EDGE('',*,*,#3037,.F.);
#4026=ORIENTED_EDGE('',*,*,#3035,.F.);
#4027=ORIENTED_EDGE('',*,*,#2837,.F.);
#4028=ORIENTED_EDGE('',*,*,#3040,.F.);
#4029=ORIENTED_EDGE('',*,*,#3041,.T.);
#4030=ORIENTED_EDGE('',*,*,#3042,.T.);
#4031=ORIENTED_EDGE('',*,*,#2838,.F.);
#4032=ORIENTED_EDGE('',*,*,#3042,.F.);
#4033=ORIENTED_EDGE('',*,*,#3043,.T.);
#4034=ORIENTED_EDGE('',*,*,#3044,.T.);
#4035=ORIENTED_EDGE('',*,*,#2839,.F.);
#4036=ORIENTED_EDGE('',*,*,#3044,.F.);
#4037=ORIENTED_EDGE('',*,*,#3045,.T.);
#4038=ORIENTED_EDGE('',*,*,#3046,.T.);
#4039=ORIENTED_EDGE('',*,*,#2836,.F.);
#4040=ORIENTED_EDGE('',*,*,#3046,.F.);
#4041=ORIENTED_EDGE('',*,*,#3047,.T.);
#4042=ORIENTED_EDGE('',*,*,#3040,.T.);
#4043=ORIENTED_EDGE('',*,*,#3041,.F.);
#4044=ORIENTED_EDGE('',*,*,#3047,.F.);
#4045=ORIENTED_EDGE('',*,*,#3045,.F.);
#4046=ORIENTED_EDGE('',*,*,#3043,.F.);
#4047=ORIENTED_EDGE('',*,*,#2833,.F.);
#4048=ORIENTED_EDGE('',*,*,#3048,.F.);
#4049=ORIENTED_EDGE('',*,*,#3049,.T.);
#4050=ORIENTED_EDGE('',*,*,#3050,.T.);
#4051=ORIENTED_EDGE('',*,*,#2834,.F.);
#4052=ORIENTED_EDGE('',*,*,#3050,.F.);
#4053=ORIENTED_EDGE('',*,*,#3051,.T.);
#4054=ORIENTED_EDGE('',*,*,#3052,.T.);
#4055=ORIENTED_EDGE('',*,*,#2835,.F.);
#4056=ORIENTED_EDGE('',*,*,#3052,.F.);
#4057=ORIENTED_EDGE('',*,*,#3053,.T.);
#4058=ORIENTED_EDGE('',*,*,#3054,.T.);
#4059=ORIENTED_EDGE('',*,*,#2832,.F.);
#4060=ORIENTED_EDGE('',*,*,#3054,.F.);
#4061=ORIENTED_EDGE('',*,*,#3055,.T.);
#4062=ORIENTED_EDGE('',*,*,#3048,.T.);
#4063=ORIENTED_EDGE('',*,*,#3049,.F.);
#4064=ORIENTED_EDGE('',*,*,#3055,.F.);
#4065=ORIENTED_EDGE('',*,*,#3053,.F.);
#4066=ORIENTED_EDGE('',*,*,#3051,.F.);
#4067=ORIENTED_EDGE('',*,*,#2829,.F.);
#4068=ORIENTED_EDGE('',*,*,#3056,.F.);
#4069=ORIENTED_EDGE('',*,*,#3057,.T.);
#4070=ORIENTED_EDGE('',*,*,#3058,.T.);
#4071=ORIENTED_EDGE('',*,*,#2830,.F.);
#4072=ORIENTED_EDGE('',*,*,#3058,.F.);
#4073=ORIENTED_EDGE('',*,*,#3059,.T.);
#4074=ORIENTED_EDGE('',*,*,#3060,.T.);
#4075=ORIENTED_EDGE('',*,*,#2831,.F.);
#4076=ORIENTED_EDGE('',*,*,#3060,.F.);
#4077=ORIENTED_EDGE('',*,*,#3061,.T.);
#4078=ORIENTED_EDGE('',*,*,#3062,.T.);
#4079=ORIENTED_EDGE('',*,*,#2828,.F.);
#4080=ORIENTED_EDGE('',*,*,#3062,.F.);
#4081=ORIENTED_EDGE('',*,*,#3063,.T.);
#4082=ORIENTED_EDGE('',*,*,#3056,.T.);
#4083=ORIENTED_EDGE('',*,*,#3057,.F.);
#4084=ORIENTED_EDGE('',*,*,#3063,.F.);
#4085=ORIENTED_EDGE('',*,*,#3061,.F.);
#4086=ORIENTED_EDGE('',*,*,#3059,.F.);
#4087=ORIENTED_EDGE('',*,*,#2825,.F.);
#4088=ORIENTED_EDGE('',*,*,#3064,.F.);
#4089=ORIENTED_EDGE('',*,*,#3065,.T.);
#4090=ORIENTED_EDGE('',*,*,#3066,.T.);
#4091=ORIENTED_EDGE('',*,*,#2826,.F.);
#4092=ORIENTED_EDGE('',*,*,#3066,.F.);
#4093=ORIENTED_EDGE('',*,*,#3067,.T.);
#4094=ORIENTED_EDGE('',*,*,#3068,.T.);
#4095=ORIENTED_EDGE('',*,*,#2827,.F.);
#4096=ORIENTED_EDGE('',*,*,#3068,.F.);
#4097=ORIENTED_EDGE('',*,*,#3069,.T.);
#4098=ORIENTED_EDGE('',*,*,#3070,.T.);
#4099=ORIENTED_EDGE('',*,*,#2824,.F.);
#4100=ORIENTED_EDGE('',*,*,#3070,.F.);
#4101=ORIENTED_EDGE('',*,*,#3071,.T.);
#4102=ORIENTED_EDGE('',*,*,#3064,.T.);
#4103=ORIENTED_EDGE('',*,*,#3065,.F.);
#4104=ORIENTED_EDGE('',*,*,#3071,.F.);
#4105=ORIENTED_EDGE('',*,*,#3069,.F.);
#4106=ORIENTED_EDGE('',*,*,#3067,.F.);
#4107=ORIENTED_EDGE('',*,*,#2821,.F.);
#4108=ORIENTED_EDGE('',*,*,#3072,.F.);
#4109=ORIENTED_EDGE('',*,*,#3073,.T.);
#4110=ORIENTED_EDGE('',*,*,#3074,.T.);
#4111=ORIENTED_EDGE('',*,*,#2822,.F.);
#4112=ORIENTED_EDGE('',*,*,#3074,.F.);
#4113=ORIENTED_EDGE('',*,*,#3075,.T.);
#4114=ORIENTED_EDGE('',*,*,#3076,.T.);
#4115=ORIENTED_EDGE('',*,*,#2823,.F.);
#4116=ORIENTED_EDGE('',*,*,#3076,.F.);
#4117=ORIENTED_EDGE('',*,*,#3077,.T.);
#4118=ORIENTED_EDGE('',*,*,#3078,.T.);
#4119=ORIENTED_EDGE('',*,*,#2820,.F.);
#4120=ORIENTED_EDGE('',*,*,#3078,.F.);
#4121=ORIENTED_EDGE('',*,*,#3079,.T.);
#4122=ORIENTED_EDGE('',*,*,#3072,.T.);
#4123=ORIENTED_EDGE('',*,*,#3073,.F.);
#4124=ORIENTED_EDGE('',*,*,#3079,.F.);
#4125=ORIENTED_EDGE('',*,*,#3077,.F.);
#4126=ORIENTED_EDGE('',*,*,#3075,.F.);
#4127=ORIENTED_EDGE('',*,*,#2817,.F.);
#4128=ORIENTED_EDGE('',*,*,#3080,.F.);
#4129=ORIENTED_EDGE('',*,*,#3081,.T.);
#4130=ORIENTED_EDGE('',*,*,#3082,.T.);
#4131=ORIENTED_EDGE('',*,*,#2818,.F.);
#4132=ORIENTED_EDGE('',*,*,#3082,.F.);
#4133=ORIENTED_EDGE('',*,*,#3083,.T.);
#4134=ORIENTED_EDGE('',*,*,#3084,.T.);
#4135=ORIENTED_EDGE('',*,*,#2819,.F.);
#4136=ORIENTED_EDGE('',*,*,#3084,.F.);
#4137=ORIENTED_EDGE('',*,*,#3085,.T.);
#4138=ORIENTED_EDGE('',*,*,#3086,.T.);
#4139=ORIENTED_EDGE('',*,*,#2816,.F.);
#4140=ORIENTED_EDGE('',*,*,#3086,.F.);
#4141=ORIENTED_EDGE('',*,*,#3087,.T.);
#4142=ORIENTED_EDGE('',*,*,#3080,.T.);
#4143=ORIENTED_EDGE('',*,*,#3081,.F.);
#4144=ORIENTED_EDGE('',*,*,#3087,.F.);
#4145=ORIENTED_EDGE('',*,*,#3085,.F.);
#4146=ORIENTED_EDGE('',*,*,#3083,.F.);
#4147=ORIENTED_EDGE('',*,*,#2813,.F.);
#4148=ORIENTED_EDGE('',*,*,#3088,.F.);
#4149=ORIENTED_EDGE('',*,*,#3089,.T.);
#4150=ORIENTED_EDGE('',*,*,#3090,.T.);
#4151=ORIENTED_EDGE('',*,*,#2814,.F.);
#4152=ORIENTED_EDGE('',*,*,#3090,.F.);
#4153=ORIENTED_EDGE('',*,*,#3091,.T.);
#4154=ORIENTED_EDGE('',*,*,#3092,.T.);
#4155=ORIENTED_EDGE('',*,*,#2815,.F.);
#4156=ORIENTED_EDGE('',*,*,#3092,.F.);
#4157=ORIENTED_EDGE('',*,*,#3093,.T.);
#4158=ORIENTED_EDGE('',*,*,#3094,.T.);
#4159=ORIENTED_EDGE('',*,*,#2812,.F.);
#4160=ORIENTED_EDGE('',*,*,#3094,.F.);
#4161=ORIENTED_EDGE('',*,*,#3095,.T.);
#4162=ORIENTED_EDGE('',*,*,#3088,.T.);
#4163=ORIENTED_EDGE('',*,*,#3089,.F.);
#4164=ORIENTED_EDGE('',*,*,#3095,.F.);
#4165=ORIENTED_EDGE('',*,*,#3093,.F.);
#4166=ORIENTED_EDGE('',*,*,#3091,.F.);
#4167=ORIENTED_EDGE('',*,*,#2809,.F.);
#4168=ORIENTED_EDGE('',*,*,#3096,.F.);
#4169=ORIENTED_EDGE('',*,*,#3097,.T.);
#4170=ORIENTED_EDGE('',*,*,#3098,.T.);
#4171=ORIENTED_EDGE('',*,*,#2810,.F.);
#4172=ORIENTED_EDGE('',*,*,#3098,.F.);
#4173=ORIENTED_EDGE('',*,*,#3099,.T.);
#4174=ORIENTED_EDGE('',*,*,#3100,.T.);
#4175=ORIENTED_EDGE('',*,*,#2811,.F.);
#4176=ORIENTED_EDGE('',*,*,#3100,.F.);
#4177=ORIENTED_EDGE('',*,*,#3101,.T.);
#4178=ORIENTED_EDGE('',*,*,#3102,.T.);
#4179=ORIENTED_EDGE('',*,*,#2808,.F.);
#4180=ORIENTED_EDGE('',*,*,#3102,.F.);
#4181=ORIENTED_EDGE('',*,*,#3103,.T.);
#4182=ORIENTED_EDGE('',*,*,#3096,.T.);
#4183=ORIENTED_EDGE('',*,*,#3097,.F.);
#4184=ORIENTED_EDGE('',*,*,#3103,.F.);
#4185=ORIENTED_EDGE('',*,*,#3101,.F.);
#4186=ORIENTED_EDGE('',*,*,#3099,.F.);
#4187=ORIENTED_EDGE('',*,*,#3104,.T.);
#4188=ORIENTED_EDGE('',*,*,#2804,.T.);
#4189=ORIENTED_EDGE('',*,*,#3105,.F.);
#4190=ORIENTED_EDGE('',*,*,#3106,.F.);
#4191=ORIENTED_EDGE('',*,*,#3105,.T.);
#4192=ORIENTED_EDGE('',*,*,#2807,.T.);
#4193=ORIENTED_EDGE('',*,*,#3107,.F.);
#4194=ORIENTED_EDGE('',*,*,#3108,.F.);
#4195=ORIENTED_EDGE('',*,*,#3107,.T.);
#4196=ORIENTED_EDGE('',*,*,#2806,.T.);
#4197=ORIENTED_EDGE('',*,*,#3109,.F.);
#4198=ORIENTED_EDGE('',*,*,#3110,.F.);
#4199=ORIENTED_EDGE('',*,*,#3109,.T.);
#4200=ORIENTED_EDGE('',*,*,#2805,.T.);
#4201=ORIENTED_EDGE('',*,*,#3104,.F.);
#4202=ORIENTED_EDGE('',*,*,#3111,.F.);
#4203=ORIENTED_EDGE('',*,*,#3106,.T.);
#4204=ORIENTED_EDGE('',*,*,#3108,.T.);
#4205=ORIENTED_EDGE('',*,*,#3110,.T.);
#4206=ORIENTED_EDGE('',*,*,#3111,.T.);
#4207=ORIENTED_EDGE('',*,*,#3112,.T.);
#4208=ORIENTED_EDGE('',*,*,#2776,.T.);
#4209=ORIENTED_EDGE('',*,*,#3113,.F.);
#4210=ORIENTED_EDGE('',*,*,#3114,.F.);
#4211=ORIENTED_EDGE('',*,*,#3113,.T.);
#4212=ORIENTED_EDGE('',*,*,#2779,.T.);
#4213=ORIENTED_EDGE('',*,*,#3115,.F.);
#4214=ORIENTED_EDGE('',*,*,#3116,.F.);
#4215=ORIENTED_EDGE('',*,*,#3115,.T.);
#4216=ORIENTED_EDGE('',*,*,#2778,.T.);
#4217=ORIENTED_EDGE('',*,*,#3117,.F.);
#4218=ORIENTED_EDGE('',*,*,#3118,.F.);
#4219=ORIENTED_EDGE('',*,*,#3117,.T.);
#4220=ORIENTED_EDGE('',*,*,#2777,.T.);
#4221=ORIENTED_EDGE('',*,*,#3112,.F.);
#4222=ORIENTED_EDGE('',*,*,#3119,.F.);
#4223=ORIENTED_EDGE('',*,*,#3114,.T.);
#4224=ORIENTED_EDGE('',*,*,#3116,.T.);
#4225=ORIENTED_EDGE('',*,*,#3118,.T.);
#4226=ORIENTED_EDGE('',*,*,#3119,.T.);
#4227=ORIENTED_EDGE('',*,*,#3120,.T.);
#4228=ORIENTED_EDGE('',*,*,#2800,.T.);
#4229=ORIENTED_EDGE('',*,*,#3121,.F.);
#4230=ORIENTED_EDGE('',*,*,#3122,.F.);
#4231=ORIENTED_EDGE('',*,*,#3121,.T.);
#4232=ORIENTED_EDGE('',*,*,#2803,.T.);
#4233=ORIENTED_EDGE('',*,*,#3123,.F.);
#4234=ORIENTED_EDGE('',*,*,#3124,.F.);
#4235=ORIENTED_EDGE('',*,*,#3123,.T.);
#4236=ORIENTED_EDGE('',*,*,#2802,.T.);
#4237=ORIENTED_EDGE('',*,*,#3125,.F.);
#4238=ORIENTED_EDGE('',*,*,#3126,.F.);
#4239=ORIENTED_EDGE('',*,*,#3125,.T.);
#4240=ORIENTED_EDGE('',*,*,#2801,.T.);
#4241=ORIENTED_EDGE('',*,*,#3120,.F.);
#4242=ORIENTED_EDGE('',*,*,#3127,.F.);
#4243=ORIENTED_EDGE('',*,*,#3122,.T.);
#4244=ORIENTED_EDGE('',*,*,#3124,.T.);
#4245=ORIENTED_EDGE('',*,*,#3126,.T.);
#4246=ORIENTED_EDGE('',*,*,#3127,.T.);
#4247=ORIENTED_EDGE('',*,*,#3128,.T.);
#4248=ORIENTED_EDGE('',*,*,#2780,.T.);
#4249=ORIENTED_EDGE('',*,*,#3129,.F.);
#4250=ORIENTED_EDGE('',*,*,#3130,.F.);
#4251=ORIENTED_EDGE('',*,*,#3129,.T.);
#4252=ORIENTED_EDGE('',*,*,#2783,.T.);
#4253=ORIENTED_EDGE('',*,*,#3131,.F.);
#4254=ORIENTED_EDGE('',*,*,#3132,.F.);
#4255=ORIENTED_EDGE('',*,*,#3131,.T.);
#4256=ORIENTED_EDGE('',*,*,#2782,.T.);
#4257=ORIENTED_EDGE('',*,*,#3133,.F.);
#4258=ORIENTED_EDGE('',*,*,#3134,.F.);
#4259=ORIENTED_EDGE('',*,*,#3133,.T.);
#4260=ORIENTED_EDGE('',*,*,#2781,.T.);
#4261=ORIENTED_EDGE('',*,*,#3128,.F.);
#4262=ORIENTED_EDGE('',*,*,#3135,.F.);
#4263=ORIENTED_EDGE('',*,*,#3130,.T.);
#4264=ORIENTED_EDGE('',*,*,#3132,.T.);
#4265=ORIENTED_EDGE('',*,*,#3134,.T.);
#4266=ORIENTED_EDGE('',*,*,#3135,.T.);
#4267=ORIENTED_EDGE('',*,*,#3136,.T.);
#4268=ORIENTED_EDGE('',*,*,#2796,.T.);
#4269=ORIENTED_EDGE('',*,*,#3137,.F.);
#4270=ORIENTED_EDGE('',*,*,#3138,.F.);
#4271=ORIENTED_EDGE('',*,*,#3137,.T.);
#4272=ORIENTED_EDGE('',*,*,#2799,.T.);
#4273=ORIENTED_EDGE('',*,*,#3139,.F.);
#4274=ORIENTED_EDGE('',*,*,#3140,.F.);
#4275=ORIENTED_EDGE('',*,*,#3139,.T.);
#4276=ORIENTED_EDGE('',*,*,#2798,.T.);
#4277=ORIENTED_EDGE('',*,*,#3141,.F.);
#4278=ORIENTED_EDGE('',*,*,#3142,.F.);
#4279=ORIENTED_EDGE('',*,*,#3141,.T.);
#4280=ORIENTED_EDGE('',*,*,#2797,.T.);
#4281=ORIENTED_EDGE('',*,*,#3136,.F.);
#4282=ORIENTED_EDGE('',*,*,#3143,.F.);
#4283=ORIENTED_EDGE('',*,*,#3138,.T.);
#4284=ORIENTED_EDGE('',*,*,#3140,.T.);
#4285=ORIENTED_EDGE('',*,*,#3142,.T.);
#4286=ORIENTED_EDGE('',*,*,#3143,.T.);
#4287=ORIENTED_EDGE('',*,*,#3144,.T.);
#4288=ORIENTED_EDGE('',*,*,#2784,.T.);
#4289=ORIENTED_EDGE('',*,*,#3145,.F.);
#4290=ORIENTED_EDGE('',*,*,#3146,.F.);
#4291=ORIENTED_EDGE('',*,*,#3145,.T.);
#4292=ORIENTED_EDGE('',*,*,#2787,.T.);
#4293=ORIENTED_EDGE('',*,*,#3147,.F.);
#4294=ORIENTED_EDGE('',*,*,#3148,.F.);
#4295=ORIENTED_EDGE('',*,*,#3147,.T.);
#4296=ORIENTED_EDGE('',*,*,#2786,.T.);
#4297=ORIENTED_EDGE('',*,*,#3149,.F.);
#4298=ORIENTED_EDGE('',*,*,#3150,.F.);
#4299=ORIENTED_EDGE('',*,*,#3149,.T.);
#4300=ORIENTED_EDGE('',*,*,#2785,.T.);
#4301=ORIENTED_EDGE('',*,*,#3144,.F.);
#4302=ORIENTED_EDGE('',*,*,#3151,.F.);
#4303=ORIENTED_EDGE('',*,*,#3146,.T.);
#4304=ORIENTED_EDGE('',*,*,#3148,.T.);
#4305=ORIENTED_EDGE('',*,*,#3150,.T.);
#4306=ORIENTED_EDGE('',*,*,#3151,.T.);
#4307=ORIENTED_EDGE('',*,*,#3152,.T.);
#4308=ORIENTED_EDGE('',*,*,#2792,.T.);
#4309=ORIENTED_EDGE('',*,*,#3153,.F.);
#4310=ORIENTED_EDGE('',*,*,#3154,.F.);
#4311=ORIENTED_EDGE('',*,*,#3153,.T.);
#4312=ORIENTED_EDGE('',*,*,#2795,.T.);
#4313=ORIENTED_EDGE('',*,*,#3155,.F.);
#4314=ORIENTED_EDGE('',*,*,#3156,.F.);
#4315=ORIENTED_EDGE('',*,*,#3155,.T.);
#4316=ORIENTED_EDGE('',*,*,#2794,.T.);
#4317=ORIENTED_EDGE('',*,*,#3157,.F.);
#4318=ORIENTED_EDGE('',*,*,#3158,.F.);
#4319=ORIENTED_EDGE('',*,*,#3157,.T.);
#4320=ORIENTED_EDGE('',*,*,#2793,.T.);
#4321=ORIENTED_EDGE('',*,*,#3152,.F.);
#4322=ORIENTED_EDGE('',*,*,#3159,.F.);
#4323=ORIENTED_EDGE('',*,*,#3154,.T.);
#4324=ORIENTED_EDGE('',*,*,#3156,.T.);
#4325=ORIENTED_EDGE('',*,*,#3158,.T.);
#4326=ORIENTED_EDGE('',*,*,#3159,.T.);
#4327=ORIENTED_EDGE('',*,*,#3160,.T.);
#4328=ORIENTED_EDGE('',*,*,#2788,.T.);
#4329=ORIENTED_EDGE('',*,*,#3161,.F.);
#4330=ORIENTED_EDGE('',*,*,#3162,.F.);
#4331=ORIENTED_EDGE('',*,*,#3161,.T.);
#4332=ORIENTED_EDGE('',*,*,#2791,.T.);
#4333=ORIENTED_EDGE('',*,*,#3163,.F.);
#4334=ORIENTED_EDGE('',*,*,#3164,.F.);
#4335=ORIENTED_EDGE('',*,*,#3163,.T.);
#4336=ORIENTED_EDGE('',*,*,#2790,.T.);
#4337=ORIENTED_EDGE('',*,*,#3165,.F.);
#4338=ORIENTED_EDGE('',*,*,#3166,.F.);
#4339=ORIENTED_EDGE('',*,*,#3165,.T.);
#4340=ORIENTED_EDGE('',*,*,#2789,.T.);
#4341=ORIENTED_EDGE('',*,*,#3160,.F.);
#4342=ORIENTED_EDGE('',*,*,#3167,.F.);
#4343=ORIENTED_EDGE('',*,*,#3162,.T.);
#4344=ORIENTED_EDGE('',*,*,#3164,.T.);
#4345=ORIENTED_EDGE('',*,*,#3166,.T.);
#4346=ORIENTED_EDGE('',*,*,#3167,.T.);
#4347=ORIENTED_EDGE('',*,*,#3168,.F.);
#4348=ORIENTED_EDGE('',*,*,#3169,.F.);
#4349=ORIENTED_EDGE('',*,*,#3170,.T.);
#4350=ORIENTED_EDGE('',*,*,#3171,.T.);
#4351=ORIENTED_EDGE('',*,*,#3172,.F.);
#4352=ORIENTED_EDGE('',*,*,#3171,.F.);
#4353=ORIENTED_EDGE('',*,*,#3173,.T.);
#4354=ORIENTED_EDGE('',*,*,#3174,.T.);
#4355=ORIENTED_EDGE('',*,*,#3175,.F.);
#4356=ORIENTED_EDGE('',*,*,#3174,.F.);
#4357=ORIENTED_EDGE('',*,*,#3176,.T.);
#4358=ORIENTED_EDGE('',*,*,#3177,.T.);
#4359=ORIENTED_EDGE('',*,*,#3178,.F.);
#4360=ORIENTED_EDGE('',*,*,#3177,.F.);
#4361=ORIENTED_EDGE('',*,*,#3179,.T.);
#4362=ORIENTED_EDGE('',*,*,#3169,.T.);
#4363=ORIENTED_EDGE('',*,*,#3170,.F.);
#4364=ORIENTED_EDGE('',*,*,#3179,.F.);
#4365=ORIENTED_EDGE('',*,*,#3176,.F.);
#4366=ORIENTED_EDGE('',*,*,#3173,.F.);
#4367=ORIENTED_EDGE('',*,*,#3168,.T.);
#4368=ORIENTED_EDGE('',*,*,#3172,.T.);
#4369=ORIENTED_EDGE('',*,*,#3175,.T.);
#4370=ORIENTED_EDGE('',*,*,#3178,.T.);
#4371=ORIENTED_EDGE('',*,*,#3180,.F.);
#4372=ORIENTED_EDGE('',*,*,#3181,.F.);
#4373=ORIENTED_EDGE('',*,*,#3182,.T.);
#4374=ORIENTED_EDGE('',*,*,#3183,.T.);
#4375=ORIENTED_EDGE('',*,*,#3184,.F.);
#4376=ORIENTED_EDGE('',*,*,#3183,.F.);
#4377=ORIENTED_EDGE('',*,*,#3185,.T.);
#4378=ORIENTED_EDGE('',*,*,#3186,.T.);
#4379=ORIENTED_EDGE('',*,*,#3187,.F.);
#4380=ORIENTED_EDGE('',*,*,#3186,.F.);
#4381=ORIENTED_EDGE('',*,*,#3188,.T.);
#4382=ORIENTED_EDGE('',*,*,#3189,.T.);
#4383=ORIENTED_EDGE('',*,*,#3190,.F.);
#4384=ORIENTED_EDGE('',*,*,#3189,.F.);
#4385=ORIENTED_EDGE('',*,*,#3191,.T.);
#4386=ORIENTED_EDGE('',*,*,#3181,.T.);
#4387=ORIENTED_EDGE('',*,*,#3182,.F.);
#4388=ORIENTED_EDGE('',*,*,#3191,.F.);
#4389=ORIENTED_EDGE('',*,*,#3188,.F.);
#4390=ORIENTED_EDGE('',*,*,#3185,.F.);
#4391=ORIENTED_EDGE('',*,*,#3180,.T.);
#4392=ORIENTED_EDGE('',*,*,#3184,.T.);
#4393=ORIENTED_EDGE('',*,*,#3187,.T.);
#4394=ORIENTED_EDGE('',*,*,#3190,.T.);
#4395=ORIENTED_EDGE('',*,*,#3192,.F.);
#4396=ORIENTED_EDGE('',*,*,#3193,.F.);
#4397=ORIENTED_EDGE('',*,*,#3194,.T.);
#4398=ORIENTED_EDGE('',*,*,#3195,.T.);
#4399=ORIENTED_EDGE('',*,*,#3196,.F.);
#4400=ORIENTED_EDGE('',*,*,#3195,.F.);
#4401=ORIENTED_EDGE('',*,*,#3197,.T.);
#4402=ORIENTED_EDGE('',*,*,#3198,.T.);
#4403=ORIENTED_EDGE('',*,*,#3199,.F.);
#4404=ORIENTED_EDGE('',*,*,#3198,.F.);
#4405=ORIENTED_EDGE('',*,*,#3200,.T.);
#4406=ORIENTED_EDGE('',*,*,#3201,.T.);
#4407=ORIENTED_EDGE('',*,*,#3202,.F.);
#4408=ORIENTED_EDGE('',*,*,#3201,.F.);
#4409=ORIENTED_EDGE('',*,*,#3203,.T.);
#4410=ORIENTED_EDGE('',*,*,#3193,.T.);
#4411=ORIENTED_EDGE('',*,*,#3194,.F.);
#4412=ORIENTED_EDGE('',*,*,#3203,.F.);
#4413=ORIENTED_EDGE('',*,*,#3200,.F.);
#4414=ORIENTED_EDGE('',*,*,#3197,.F.);
#4415=ORIENTED_EDGE('',*,*,#3192,.T.);
#4416=ORIENTED_EDGE('',*,*,#3196,.T.);
#4417=ORIENTED_EDGE('',*,*,#3199,.T.);
#4418=ORIENTED_EDGE('',*,*,#3202,.T.);
#4419=ORIENTED_EDGE('',*,*,#3204,.F.);
#4420=ORIENTED_EDGE('',*,*,#3205,.F.);
#4421=ORIENTED_EDGE('',*,*,#3206,.T.);
#4422=ORIENTED_EDGE('',*,*,#3207,.T.);
#4423=ORIENTED_EDGE('',*,*,#3208,.F.);
#4424=ORIENTED_EDGE('',*,*,#3207,.F.);
#4425=ORIENTED_EDGE('',*,*,#3209,.T.);
#4426=ORIENTED_EDGE('',*,*,#3210,.T.);
#4427=ORIENTED_EDGE('',*,*,#3211,.F.);
#4428=ORIENTED_EDGE('',*,*,#3210,.F.);
#4429=ORIENTED_EDGE('',*,*,#3212,.T.);
#4430=ORIENTED_EDGE('',*,*,#3213,.T.);
#4431=ORIENTED_EDGE('',*,*,#3214,.F.);
#4432=ORIENTED_EDGE('',*,*,#3213,.F.);
#4433=ORIENTED_EDGE('',*,*,#3215,.T.);
#4434=ORIENTED_EDGE('',*,*,#3205,.T.);
#4435=ORIENTED_EDGE('',*,*,#3206,.F.);
#4436=ORIENTED_EDGE('',*,*,#3215,.F.);
#4437=ORIENTED_EDGE('',*,*,#3212,.F.);
#4438=ORIENTED_EDGE('',*,*,#3209,.F.);
#4439=ORIENTED_EDGE('',*,*,#3204,.T.);
#4440=ORIENTED_EDGE('',*,*,#3208,.T.);
#4441=ORIENTED_EDGE('',*,*,#3211,.T.);
#4442=ORIENTED_EDGE('',*,*,#3214,.T.);
#4443=ORIENTED_EDGE('',*,*,#3216,.F.);
#4444=ORIENTED_EDGE('',*,*,#3217,.F.);
#4445=ORIENTED_EDGE('',*,*,#3218,.T.);
#4446=ORIENTED_EDGE('',*,*,#3219,.T.);
#4447=ORIENTED_EDGE('',*,*,#3220,.F.);
#4448=ORIENTED_EDGE('',*,*,#3219,.F.);
#4449=ORIENTED_EDGE('',*,*,#3221,.T.);
#4450=ORIENTED_EDGE('',*,*,#3222,.T.);
#4451=ORIENTED_EDGE('',*,*,#3223,.F.);
#4452=ORIENTED_EDGE('',*,*,#3222,.F.);
#4453=ORIENTED_EDGE('',*,*,#3224,.T.);
#4454=ORIENTED_EDGE('',*,*,#3225,.T.);
#4455=ORIENTED_EDGE('',*,*,#3226,.F.);
#4456=ORIENTED_EDGE('',*,*,#3225,.F.);
#4457=ORIENTED_EDGE('',*,*,#3227,.T.);
#4458=ORIENTED_EDGE('',*,*,#3217,.T.);
#4459=ORIENTED_EDGE('',*,*,#3218,.F.);
#4460=ORIENTED_EDGE('',*,*,#3227,.F.);
#4461=ORIENTED_EDGE('',*,*,#3224,.F.);
#4462=ORIENTED_EDGE('',*,*,#3221,.F.);
#4463=ORIENTED_EDGE('',*,*,#3216,.T.);
#4464=ORIENTED_EDGE('',*,*,#3220,.T.);
#4465=ORIENTED_EDGE('',*,*,#3223,.T.);
#4466=ORIENTED_EDGE('',*,*,#3226,.T.);
#4467=ORIENTED_EDGE('',*,*,#3228,.F.);
#4468=ORIENTED_EDGE('',*,*,#3229,.F.);
#4469=ORIENTED_EDGE('',*,*,#3230,.T.);
#4470=ORIENTED_EDGE('',*,*,#3231,.T.);
#4471=ORIENTED_EDGE('',*,*,#3232,.F.);
#4472=ORIENTED_EDGE('',*,*,#3231,.F.);
#4473=ORIENTED_EDGE('',*,*,#3233,.T.);
#4474=ORIENTED_EDGE('',*,*,#3234,.T.);
#4475=ORIENTED_EDGE('',*,*,#3235,.F.);
#4476=ORIENTED_EDGE('',*,*,#3234,.F.);
#4477=ORIENTED_EDGE('',*,*,#3236,.T.);
#4478=ORIENTED_EDGE('',*,*,#3237,.T.);
#4479=ORIENTED_EDGE('',*,*,#3238,.F.);
#4480=ORIENTED_EDGE('',*,*,#3237,.F.);
#4481=ORIENTED_EDGE('',*,*,#3239,.T.);
#4482=ORIENTED_EDGE('',*,*,#3229,.T.);
#4483=ORIENTED_EDGE('',*,*,#3230,.F.);
#4484=ORIENTED_EDGE('',*,*,#3239,.F.);
#4485=ORIENTED_EDGE('',*,*,#3236,.F.);
#4486=ORIENTED_EDGE('',*,*,#3233,.F.);
#4487=ORIENTED_EDGE('',*,*,#3228,.T.);
#4488=ORIENTED_EDGE('',*,*,#3232,.T.);
#4489=ORIENTED_EDGE('',*,*,#3235,.T.);
#4490=ORIENTED_EDGE('',*,*,#3238,.T.);
#4491=ORIENTED_EDGE('',*,*,#3240,.F.);
#4492=ORIENTED_EDGE('',*,*,#3241,.F.);
#4493=ORIENTED_EDGE('',*,*,#3242,.T.);
#4494=ORIENTED_EDGE('',*,*,#3243,.T.);
#4495=ORIENTED_EDGE('',*,*,#3244,.F.);
#4496=ORIENTED_EDGE('',*,*,#3243,.F.);
#4497=ORIENTED_EDGE('',*,*,#3245,.T.);
#4498=ORIENTED_EDGE('',*,*,#3246,.T.);
#4499=ORIENTED_EDGE('',*,*,#3247,.F.);
#4500=ORIENTED_EDGE('',*,*,#3246,.F.);
#4501=ORIENTED_EDGE('',*,*,#3248,.T.);
#4502=ORIENTED_EDGE('',*,*,#3249,.T.);
#4503=ORIENTED_EDGE('',*,*,#3250,.F.);
#4504=ORIENTED_EDGE('',*,*,#3249,.F.);
#4505=ORIENTED_EDGE('',*,*,#3251,.T.);
#4506=ORIENTED_EDGE('',*,*,#3241,.T.);
#4507=ORIENTED_EDGE('',*,*,#3242,.F.);
#4508=ORIENTED_EDGE('',*,*,#3251,.F.);
#4509=ORIENTED_EDGE('',*,*,#3248,.F.);
#4510=ORIENTED_EDGE('',*,*,#3245,.F.);
#4511=ORIENTED_EDGE('',*,*,#3240,.T.);
#4512=ORIENTED_EDGE('',*,*,#3244,.T.);
#4513=ORIENTED_EDGE('',*,*,#3247,.T.);
#4514=ORIENTED_EDGE('',*,*,#3250,.T.);
#4515=ORIENTED_EDGE('',*,*,#3252,.F.);
#4516=ORIENTED_EDGE('',*,*,#3253,.F.);
#4517=ORIENTED_EDGE('',*,*,#3254,.T.);
#4518=ORIENTED_EDGE('',*,*,#3255,.T.);
#4519=ORIENTED_EDGE('',*,*,#3256,.F.);
#4520=ORIENTED_EDGE('',*,*,#3255,.F.);
#4521=ORIENTED_EDGE('',*,*,#3257,.T.);
#4522=ORIENTED_EDGE('',*,*,#3258,.T.);
#4523=ORIENTED_EDGE('',*,*,#3259,.F.);
#4524=ORIENTED_EDGE('',*,*,#3258,.F.);
#4525=ORIENTED_EDGE('',*,*,#3260,.T.);
#4526=ORIENTED_EDGE('',*,*,#3261,.T.);
#4527=ORIENTED_EDGE('',*,*,#3262,.F.);
#4528=ORIENTED_EDGE('',*,*,#3261,.F.);
#4529=ORIENTED_EDGE('',*,*,#3263,.T.);
#4530=ORIENTED_EDGE('',*,*,#3253,.T.);
#4531=ORIENTED_EDGE('',*,*,#3254,.F.);
#4532=ORIENTED_EDGE('',*,*,#3263,.F.);
#4533=ORIENTED_EDGE('',*,*,#3260,.F.);
#4534=ORIENTED_EDGE('',*,*,#3257,.F.);
#4535=ORIENTED_EDGE('',*,*,#3252,.T.);
#4536=ORIENTED_EDGE('',*,*,#3256,.T.);
#4537=ORIENTED_EDGE('',*,*,#3259,.T.);
#4538=ORIENTED_EDGE('',*,*,#3262,.T.);
#4539=ORIENTED_EDGE('',*,*,#3264,.F.);
#4540=ORIENTED_EDGE('',*,*,#3265,.F.);
#4541=ORIENTED_EDGE('',*,*,#3266,.T.);
#4542=ORIENTED_EDGE('',*,*,#3267,.T.);
#4543=ORIENTED_EDGE('',*,*,#3268,.F.);
#4544=ORIENTED_EDGE('',*,*,#3267,.F.);
#4545=ORIENTED_EDGE('',*,*,#3269,.T.);
#4546=ORIENTED_EDGE('',*,*,#3270,.T.);
#4547=ORIENTED_EDGE('',*,*,#3271,.F.);
#4548=ORIENTED_EDGE('',*,*,#3270,.F.);
#4549=ORIENTED_EDGE('',*,*,#3272,.T.);
#4550=ORIENTED_EDGE('',*,*,#3273,.T.);
#4551=ORIENTED_EDGE('',*,*,#3274,.F.);
#4552=ORIENTED_EDGE('',*,*,#3273,.F.);
#4553=ORIENTED_EDGE('',*,*,#3275,.T.);
#4554=ORIENTED_EDGE('',*,*,#3265,.T.);
#4555=ORIENTED_EDGE('',*,*,#3266,.F.);
#4556=ORIENTED_EDGE('',*,*,#3275,.F.);
#4557=ORIENTED_EDGE('',*,*,#3272,.F.);
#4558=ORIENTED_EDGE('',*,*,#3269,.F.);
#4559=ORIENTED_EDGE('',*,*,#3264,.T.);
#4560=ORIENTED_EDGE('',*,*,#3268,.T.);
#4561=ORIENTED_EDGE('',*,*,#3271,.T.);
#4562=ORIENTED_EDGE('',*,*,#3274,.T.);
#4563=ORIENTED_EDGE('',*,*,#3276,.F.);
#4564=ORIENTED_EDGE('',*,*,#3277,.F.);
#4565=ORIENTED_EDGE('',*,*,#3278,.T.);
#4566=ORIENTED_EDGE('',*,*,#3279,.T.);
#4567=ORIENTED_EDGE('',*,*,#3280,.F.);
#4568=ORIENTED_EDGE('',*,*,#3279,.F.);
#4569=ORIENTED_EDGE('',*,*,#3281,.T.);
#4570=ORIENTED_EDGE('',*,*,#3282,.T.);
#4571=ORIENTED_EDGE('',*,*,#3283,.F.);
#4572=ORIENTED_EDGE('',*,*,#3282,.F.);
#4573=ORIENTED_EDGE('',*,*,#3284,.T.);
#4574=ORIENTED_EDGE('',*,*,#3285,.T.);
#4575=ORIENTED_EDGE('',*,*,#3286,.F.);
#4576=ORIENTED_EDGE('',*,*,#3285,.F.);
#4577=ORIENTED_EDGE('',*,*,#3287,.T.);
#4578=ORIENTED_EDGE('',*,*,#3277,.T.);
#4579=ORIENTED_EDGE('',*,*,#3278,.F.);
#4580=ORIENTED_EDGE('',*,*,#3287,.F.);
#4581=ORIENTED_EDGE('',*,*,#3284,.F.);
#4582=ORIENTED_EDGE('',*,*,#3281,.F.);
#4583=ORIENTED_EDGE('',*,*,#3276,.T.);
#4584=ORIENTED_EDGE('',*,*,#3280,.T.);
#4585=ORIENTED_EDGE('',*,*,#3283,.T.);
#4586=ORIENTED_EDGE('',*,*,#3286,.T.);
#4587=ORIENTED_EDGE('',*,*,#3288,.T.);
#4588=ORIENTED_EDGE('',*,*,#3289,.F.);
#4589=ORIENTED_EDGE('',*,*,#3290,.F.);
#4590=ORIENTED_EDGE('',*,*,#3291,.T.);
#4591=ORIENTED_EDGE('',*,*,#3292,.T.);
#4592=ORIENTED_EDGE('',*,*,#3293,.F.);
#4593=ORIENTED_EDGE('',*,*,#3294,.F.);
#4594=ORIENTED_EDGE('',*,*,#3289,.T.);
#4595=ORIENTED_EDGE('',*,*,#3295,.T.);
#4596=ORIENTED_EDGE('',*,*,#3296,.F.);
#4597=ORIENTED_EDGE('',*,*,#3297,.F.);
#4598=ORIENTED_EDGE('',*,*,#3293,.T.);
#4599=ORIENTED_EDGE('',*,*,#3298,.T.);
#4600=ORIENTED_EDGE('',*,*,#3291,.F.);
#4601=ORIENTED_EDGE('',*,*,#3299,.F.);
#4602=ORIENTED_EDGE('',*,*,#3296,.T.);
#4603=ORIENTED_EDGE('',*,*,#3290,.T.);
#4604=ORIENTED_EDGE('',*,*,#3294,.T.);
#4605=ORIENTED_EDGE('',*,*,#3297,.T.);
#4606=ORIENTED_EDGE('',*,*,#3299,.T.);
#4607=ORIENTED_EDGE('',*,*,#3288,.F.);
#4608=ORIENTED_EDGE('',*,*,#3298,.F.);
#4609=ORIENTED_EDGE('',*,*,#3295,.F.);
#4610=ORIENTED_EDGE('',*,*,#3292,.F.);
#4611=ORIENTED_EDGE('',*,*,#3300,.F.);
#4612=ORIENTED_EDGE('',*,*,#3301,.F.);
#4613=ORIENTED_EDGE('',*,*,#3302,.T.);
#4614=ORIENTED_EDGE('',*,*,#3303,.T.);
#4615=ORIENTED_EDGE('',*,*,#3304,.F.);
#4616=ORIENTED_EDGE('',*,*,#3303,.F.);
#4617=ORIENTED_EDGE('',*,*,#3305,.T.);
#4618=ORIENTED_EDGE('',*,*,#3306,.T.);
#4619=ORIENTED_EDGE('',*,*,#3307,.F.);
#4620=ORIENTED_EDGE('',*,*,#3306,.F.);
#4621=ORIENTED_EDGE('',*,*,#3308,.T.);
#4622=ORIENTED_EDGE('',*,*,#3309,.T.);
#4623=ORIENTED_EDGE('',*,*,#3310,.F.);
#4624=ORIENTED_EDGE('',*,*,#3309,.F.);
#4625=ORIENTED_EDGE('',*,*,#3311,.T.);
#4626=ORIENTED_EDGE('',*,*,#3301,.T.);
#4627=ORIENTED_EDGE('',*,*,#3302,.F.);
#4628=ORIENTED_EDGE('',*,*,#3311,.F.);
#4629=ORIENTED_EDGE('',*,*,#3308,.F.);
#4630=ORIENTED_EDGE('',*,*,#3305,.F.);
#4631=ORIENTED_EDGE('',*,*,#3300,.T.);
#4632=ORIENTED_EDGE('',*,*,#3304,.T.);
#4633=ORIENTED_EDGE('',*,*,#3307,.T.);
#4634=ORIENTED_EDGE('',*,*,#3310,.T.);
#4635=ORIENTED_EDGE('',*,*,#3312,.F.);
#4636=ORIENTED_EDGE('',*,*,#3313,.T.);
#4637=ORIENTED_EDGE('',*,*,#3314,.F.);
#4638=ORIENTED_EDGE('',*,*,#3315,.F.);
#4639=ORIENTED_EDGE('',*,*,#3316,.F.);
#4640=ORIENTED_EDGE('',*,*,#3317,.T.);
#4641=ORIENTED_EDGE('',*,*,#3318,.F.);
#4642=ORIENTED_EDGE('',*,*,#3319,.F.);
#4643=ORIENTED_EDGE('',*,*,#3320,.F.);
#4644=ORIENTED_EDGE('',*,*,#3321,.T.);
#4645=ORIENTED_EDGE('',*,*,#3322,.F.);
#4646=ORIENTED_EDGE('',*,*,#3323,.F.);
#4647=ORIENTED_EDGE('',*,*,#3324,.T.);
#4648=ORIENTED_EDGE('',*,*,#3325,.T.);
#4649=ORIENTED_EDGE('',*,*,#3326,.F.);
#4650=ORIENTED_EDGE('',*,*,#3327,.T.);
#4651=ORIENTED_EDGE('',*,*,#3317,.F.);
#4652=ORIENTED_EDGE('',*,*,#3328,.F.);
#4653=ORIENTED_EDGE('',*,*,#3329,.F.);
#4654=ORIENTED_EDGE('',*,*,#3330,.T.);
#4655=ORIENTED_EDGE('',*,*,#3313,.F.);
#4656=ORIENTED_EDGE('',*,*,#3331,.F.);
#4657=ORIENTED_EDGE('',*,*,#3332,.F.);
#4658=ORIENTED_EDGE('',*,*,#3333,.T.);
#4659=ORIENTED_EDGE('',*,*,#3334,.F.);
#4660=ORIENTED_EDGE('',*,*,#3335,.F.);
#4661=ORIENTED_EDGE('',*,*,#3336,.F.);
#4662=ORIENTED_EDGE('',*,*,#3337,.T.);
#4663=ORIENTED_EDGE('',*,*,#3321,.F.);
#4664=ORIENTED_EDGE('',*,*,#3338,.F.);
#4665=ORIENTED_EDGE('',*,*,#3339,.F.);
#4666=ORIENTED_EDGE('',*,*,#3325,.F.);
#4667=ORIENTED_EDGE('',*,*,#3340,.F.);
#4668=ORIENTED_EDGE('',*,*,#3334,.T.);
#4669=ORIENTED_EDGE('',*,*,#3341,.F.);
#4670=ORIENTED_EDGE('',*,*,#3342,.F.);
#4671=ORIENTED_EDGE('',*,*,#3324,.F.);
#4672=ORIENTED_EDGE('',*,*,#3312,.T.);
#4673=ORIENTED_EDGE('',*,*,#3343,.T.);
#4674=ORIENTED_EDGE('',*,*,#3344,.T.);
#4675=ORIENTED_EDGE('',*,*,#3331,.T.);
#4676=ORIENTED_EDGE('',*,*,#3315,.T.);
#4677=ORIENTED_EDGE('',*,*,#3345,.T.);
#4678=ORIENTED_EDGE('',*,*,#3346,.T.);
#4679=ORIENTED_EDGE('',*,*,#3343,.F.);
#4680=ORIENTED_EDGE('',*,*,#3314,.T.);
#4681=ORIENTED_EDGE('',*,*,#3330,.F.);
#4682=ORIENTED_EDGE('',*,*,#3347,.T.);
#4683=ORIENTED_EDGE('',*,*,#3345,.F.);
#4684=ORIENTED_EDGE('',*,*,#3316,.T.);
#4685=ORIENTED_EDGE('',*,*,#3348,.T.);
#4686=ORIENTED_EDGE('',*,*,#3349,.T.);
#4687=ORIENTED_EDGE('',*,*,#3328,.T.);
#4688=ORIENTED_EDGE('',*,*,#3319,.T.);
#4689=ORIENTED_EDGE('',*,*,#3350,.T.);
#4690=ORIENTED_EDGE('',*,*,#3351,.T.);
#4691=ORIENTED_EDGE('',*,*,#3348,.F.);
#4692=ORIENTED_EDGE('',*,*,#3318,.T.);
#4693=ORIENTED_EDGE('',*,*,#3327,.F.);
#4694=ORIENTED_EDGE('',*,*,#3352,.T.);
#4695=ORIENTED_EDGE('',*,*,#3350,.F.);
#4696=ORIENTED_EDGE('',*,*,#3320,.T.);
#4697=ORIENTED_EDGE('',*,*,#3353,.T.);
#4698=ORIENTED_EDGE('',*,*,#3354,.T.);
#4699=ORIENTED_EDGE('',*,*,#3338,.T.);
#4700=ORIENTED_EDGE('',*,*,#3323,.T.);
#4701=ORIENTED_EDGE('',*,*,#3355,.T.);
#4702=ORIENTED_EDGE('',*,*,#3356,.T.);
#4703=ORIENTED_EDGE('',*,*,#3353,.F.);
#4704=ORIENTED_EDGE('',*,*,#3322,.T.);
#4705=ORIENTED_EDGE('',*,*,#3337,.F.);
#4706=ORIENTED_EDGE('',*,*,#3357,.T.);
#4707=ORIENTED_EDGE('',*,*,#3355,.F.);
#4708=ORIENTED_EDGE('',*,*,#3340,.T.);
#4709=ORIENTED_EDGE('',*,*,#3358,.T.);
#4710=ORIENTED_EDGE('',*,*,#3359,.T.);
#4711=ORIENTED_EDGE('',*,*,#3335,.T.);
#4712=ORIENTED_EDGE('',*,*,#3342,.T.);
#4713=ORIENTED_EDGE('',*,*,#3360,.T.);
#4714=ORIENTED_EDGE('',*,*,#3361,.T.);
#4715=ORIENTED_EDGE('',*,*,#3358,.F.);
#4716=ORIENTED_EDGE('',*,*,#3341,.T.);
#4717=ORIENTED_EDGE('',*,*,#3333,.F.);
#4718=ORIENTED_EDGE('',*,*,#3362,.T.);
#4719=ORIENTED_EDGE('',*,*,#3360,.F.);
#4720=ORIENTED_EDGE('',*,*,#3332,.T.);
#4721=ORIENTED_EDGE('',*,*,#3344,.F.);
#4722=ORIENTED_EDGE('',*,*,#3346,.F.);
#4723=ORIENTED_EDGE('',*,*,#3347,.F.);
#4724=ORIENTED_EDGE('',*,*,#3329,.T.);
#4725=ORIENTED_EDGE('',*,*,#3349,.F.);
#4726=ORIENTED_EDGE('',*,*,#3351,.F.);
#4727=ORIENTED_EDGE('',*,*,#3352,.F.);
#4728=ORIENTED_EDGE('',*,*,#3326,.T.);
#4729=ORIENTED_EDGE('',*,*,#3339,.T.);
#4730=ORIENTED_EDGE('',*,*,#3354,.F.);
#4731=ORIENTED_EDGE('',*,*,#3356,.F.);
#4732=ORIENTED_EDGE('',*,*,#3357,.F.);
#4733=ORIENTED_EDGE('',*,*,#3336,.T.);
#4734=ORIENTED_EDGE('',*,*,#3359,.F.);
#4735=ORIENTED_EDGE('',*,*,#3361,.F.);
#4736=ORIENTED_EDGE('',*,*,#3362,.F.);
#4737=ORIENTED_EDGE('',*,*,#3363,.T.);
#4738=ORIENTED_EDGE('',*,*,#3364,.T.);
#4739=ORIENTED_EDGE('',*,*,#3365,.T.);
#4740=ORIENTED_EDGE('',*,*,#3366,.T.);
#4741=ORIENTED_EDGE('',*,*,#3367,.T.);
#4742=ORIENTED_EDGE('',*,*,#3368,.T.);
#4743=ORIENTED_EDGE('',*,*,#3369,.T.);
#4744=ORIENTED_EDGE('',*,*,#3370,.T.);
#4745=ORIENTED_EDGE('',*,*,#3371,.T.);
#4746=ORIENTED_EDGE('',*,*,#3372,.T.);
#4747=ORIENTED_EDGE('',*,*,#3373,.T.);
#4748=ORIENTED_EDGE('',*,*,#3374,.T.);
#4749=ORIENTED_EDGE('',*,*,#3375,.T.);
#4750=ORIENTED_EDGE('',*,*,#3376,.T.);
#4751=ORIENTED_EDGE('',*,*,#3377,.T.);
#4752=ORIENTED_EDGE('',*,*,#3378,.T.);
#4753=ORIENTED_EDGE('',*,*,#3379,.T.);
#4754=ORIENTED_EDGE('',*,*,#3380,.T.);
#4755=ORIENTED_EDGE('',*,*,#3381,.T.);
#4756=ORIENTED_EDGE('',*,*,#3382,.T.);
#4757=ORIENTED_EDGE('',*,*,#3383,.T.);
#4758=ORIENTED_EDGE('',*,*,#3384,.T.);
#4759=ORIENTED_EDGE('',*,*,#3385,.T.);
#4760=ORIENTED_EDGE('',*,*,#3386,.T.);
#4761=ORIENTED_EDGE('',*,*,#3387,.T.);
#4762=ORIENTED_EDGE('',*,*,#3388,.T.);
#4763=ORIENTED_EDGE('',*,*,#3389,.T.);
#4764=ORIENTED_EDGE('',*,*,#3390,.T.);
#4765=ORIENTED_EDGE('',*,*,#3391,.T.);
#4766=ORIENTED_EDGE('',*,*,#3392,.T.);
#4767=ORIENTED_EDGE('',*,*,#3393,.T.);
#4768=ORIENTED_EDGE('',*,*,#3394,.T.);
#4769=ORIENTED_EDGE('',*,*,#3395,.T.);
#4770=ORIENTED_EDGE('',*,*,#3396,.T.);
#4771=ORIENTED_EDGE('',*,*,#3397,.T.);
#4772=ORIENTED_EDGE('',*,*,#3398,.T.);
#4773=ORIENTED_EDGE('',*,*,#3399,.T.);
#4774=ORIENTED_EDGE('',*,*,#3400,.T.);
#4775=ORIENTED_EDGE('',*,*,#3401,.T.);
#4776=ORIENTED_EDGE('',*,*,#3402,.T.);
#4777=ORIENTED_EDGE('',*,*,#3403,.T.);
#4778=ORIENTED_EDGE('',*,*,#3404,.T.);
#4779=ORIENTED_EDGE('',*,*,#3405,.T.);
#4780=ORIENTED_EDGE('',*,*,#3406,.T.);
#4781=ORIENTED_EDGE('',*,*,#3407,.T.);
#4782=ORIENTED_EDGE('',*,*,#3408,.T.);
#4783=ORIENTED_EDGE('',*,*,#3409,.T.);
#4784=ORIENTED_EDGE('',*,*,#3410,.T.);
#4785=ORIENTED_EDGE('',*,*,#3411,.T.);
#4786=ORIENTED_EDGE('',*,*,#3412,.T.);
#4787=ORIENTED_EDGE('',*,*,#3413,.T.);
#4788=ORIENTED_EDGE('',*,*,#3414,.T.);
#4789=ORIENTED_EDGE('',*,*,#3415,.T.);
#4790=ORIENTED_EDGE('',*,*,#3416,.T.);
#4791=ORIENTED_EDGE('',*,*,#3417,.T.);
#4792=ORIENTED_EDGE('',*,*,#3418,.T.);
#4793=ORIENTED_EDGE('',*,*,#3419,.T.);
#4794=ORIENTED_EDGE('',*,*,#3420,.T.);
#4795=ORIENTED_EDGE('',*,*,#3421,.T.);
#4796=ORIENTED_EDGE('',*,*,#3422,.T.);
#4797=ORIENTED_EDGE('',*,*,#3423,.T.);
#4798=ORIENTED_EDGE('',*,*,#3424,.T.);
#4799=ORIENTED_EDGE('',*,*,#3425,.T.);
#4800=ORIENTED_EDGE('',*,*,#3426,.T.);
#4801=ORIENTED_EDGE('',*,*,#3427,.T.);
#4802=ORIENTED_EDGE('',*,*,#3428,.T.);
#4803=ORIENTED_EDGE('',*,*,#3429,.T.);
#4804=ORIENTED_EDGE('',*,*,#3430,.T.);
#4805=ORIENTED_EDGE('',*,*,#3431,.T.);
#4806=ORIENTED_EDGE('',*,*,#3432,.T.);
#4807=ORIENTED_EDGE('',*,*,#3433,.T.);
#4808=ORIENTED_EDGE('',*,*,#3434,.T.);
#4809=PLANE('',#5531);
#4810=PLANE('',#5532);
#4811=PLANE('',#5533);
#4812=PLANE('',#5534);
#4813=PLANE('',#5535);
#4814=PLANE('',#5536);
#4815=PLANE('',#5537);
#4816=PLANE('',#5538);
#4817=PLANE('',#5539);
#4818=PLANE('',#5540);
#4819=PLANE('',#5541);
#4820=PLANE('',#5542);
#4821=PLANE('',#5543);
#4822=PLANE('',#5544);
#4823=PLANE('',#5545);
#4824=PLANE('',#5546);
#4825=PLANE('',#5547);
#4826=PLANE('',#5548);
#4827=PLANE('',#5549);
#4828=PLANE('',#5550);
#4829=PLANE('',#5551);
#4830=PLANE('',#5552);
#4831=PLANE('',#5554);
#4832=PLANE('',#5555);
#4833=PLANE('',#5556);
#4834=PLANE('',#5557);
#4835=PLANE('',#5558);
#4836=PLANE('',#5559);
#4837=PLANE('',#5560);
#4838=PLANE('',#5561);
#4839=PLANE('',#5562);
#4840=PLANE('',#5563);
#4841=PLANE('',#5564);
#4842=PLANE('',#5565);
#4843=PLANE('',#5566);
#4844=PLANE('',#5567);
#4845=PLANE('',#5568);
#4846=PLANE('',#5569);
#4847=PLANE('',#5570);
#4848=PLANE('',#5571);
#4849=PLANE('',#5572);
#4850=PLANE('',#5573);
#4851=PLANE('',#5574);
#4852=PLANE('',#5575);
#4853=PLANE('',#5576);
#4854=PLANE('',#5577);
#4855=PLANE('',#5578);
#4856=PLANE('',#5579);
#4857=PLANE('',#5580);
#4858=PLANE('',#5581);
#4859=PLANE('',#5582);
#4860=PLANE('',#5583);
#4861=PLANE('',#5584);
#4862=PLANE('',#5585);
#4863=PLANE('',#5586);
#4864=PLANE('',#5587);
#4865=PLANE('',#5588);
#4866=PLANE('',#5589);
#4867=PLANE('',#5590);
#4868=PLANE('',#5591);
#4869=PLANE('',#5592);
#4870=PLANE('',#5593);
#4871=PLANE('',#5594);
#4872=PLANE('',#5595);
#4873=PLANE('',#5596);
#4874=PLANE('',#5597);
#4875=PLANE('',#5598);
#4876=PLANE('',#5599);
#4877=PLANE('',#5600);
#4878=PLANE('',#5601);
#4879=PLANE('',#5602);
#4880=PLANE('',#5603);
#4881=PLANE('',#5604);
#4882=PLANE('',#5605);
#4883=PLANE('',#5606);
#4884=PLANE('',#5607);
#4885=PLANE('',#5608);
#4886=PLANE('',#5609);
#4887=PLANE('',#5610);
#4888=PLANE('',#5611);
#4889=PLANE('',#5612);
#4890=PLANE('',#5613);
#4891=PLANE('',#5614);
#4892=PLANE('',#5615);
#4893=PLANE('',#5616);
#4894=PLANE('',#5617);
#4895=PLANE('',#5618);
#4896=PLANE('',#5619);
#4897=PLANE('',#5620);
#4898=PLANE('',#5621);
#4899=PLANE('',#5622);
#4900=PLANE('',#5623);
#4901=PLANE('',#5624);
#4902=PLANE('',#5625);
#4903=PLANE('',#5626);
#4904=PLANE('',#5627);
#4905=PLANE('',#5628);
#4906=PLANE('',#5629);
#4907=PLANE('',#5630);
#4908=PLANE('',#5631);
#4909=PLANE('',#5632);
#4910=PLANE('',#5633);
#4911=PLANE('',#5634);
#4912=PLANE('',#5635);
#4913=PLANE('',#5636);
#4914=PLANE('',#5637);
#4915=PLANE('',#5638);
#4916=PLANE('',#5639);
#4917=PLANE('',#5640);
#4918=PLANE('',#5641);
#4919=PLANE('',#5642);
#4920=PLANE('',#5643);
#4921=PLANE('',#5644);
#4922=PLANE('',#5645);
#4923=PLANE('',#5646);
#4924=PLANE('',#5647);
#4925=PLANE('',#5648);
#4926=PLANE('',#5649);
#4927=PLANE('',#5650);
#4928=PLANE('',#5651);
#4929=PLANE('',#5652);
#4930=PLANE('',#5653);
#4931=PLANE('',#5654);
#4932=PLANE('',#5655);
#4933=PLANE('',#5656);
#4934=PLANE('',#5657);
#4935=PLANE('',#5658);
#4936=PLANE('',#5659);
#4937=PLANE('',#5660);
#4938=PLANE('',#5661);
#4939=PLANE('',#5662);
#4940=PLANE('',#5663);
#4941=PLANE('',#5664);
#4942=PLANE('',#5665);
#4943=PLANE('',#5666);
#4944=PLANE('',#5667);
#4945=PLANE('',#5668);
#4946=PLANE('',#5669);
#4947=PLANE('',#5670);
#4948=PLANE('',#5671);
#4949=PLANE('',#5672);
#4950=PLANE('',#5673);
#4951=PLANE('',#5674);
#4952=PLANE('',#5675);
#4953=PLANE('',#5676);
#4954=PLANE('',#5677);
#4955=PLANE('',#5678);
#4956=PLANE('',#5679);
#4957=PLANE('',#5680);
#4958=PLANE('',#5681);
#4959=PLANE('',#5682);
#4960=PLANE('',#5683);
#4961=PLANE('',#5684);
#4962=PLANE('',#5685);
#4963=PLANE('',#5686);
#4964=PLANE('',#5687);
#4965=PLANE('',#5688);
#4966=PLANE('',#5689);
#4967=PLANE('',#5690);
#4968=PLANE('',#5691);
#4969=PLANE('',#5692);
#4970=PLANE('',#5693);
#4971=PLANE('',#5694);
#4972=PLANE('',#5695);
#4973=PLANE('',#5696);
#4974=PLANE('',#5697);
#4975=PLANE('',#5698);
#4976=PLANE('',#5699);
#4977=PLANE('',#5700);
#4978=PLANE('',#5701);
#4979=PLANE('',#5702);
#4980=PLANE('',#5703);
#4981=PLANE('',#5704);
#4982=PLANE('',#5705);
#4983=PLANE('',#5706);
#4984=PLANE('',#5707);
#4985=PLANE('',#5708);
#4986=PLANE('',#5709);
#4987=PLANE('',#5710);
#4988=PLANE('',#5711);
#4989=PLANE('',#5712);
#4990=PLANE('',#5713);
#4991=PLANE('',#5714);
#4992=PLANE('',#5715);
#4993=PLANE('',#5716);
#4994=PLANE('',#5717);
#4995=PLANE('',#5718);
#4996=PLANE('',#5719);
#4997=PLANE('',#5720);
#4998=PLANE('',#5721);
#4999=PLANE('',#5722);
#5000=PLANE('',#5723);
#5001=PLANE('',#5724);
#5002=PLANE('',#5725);
#5003=PLANE('',#5726);
#5004=PLANE('',#5727);
#5005=PLANE('',#5728);
#5006=PLANE('',#5729);
#5007=PLANE('',#5730);
#5008=PLANE('',#5731);
#5009=PLANE('',#5732);
#5010=PLANE('',#5733);
#5011=PLANE('',#5734);
#5012=PLANE('',#5735);
#5013=PLANE('',#5736);
#5014=PLANE('',#5737);
#5015=PLANE('',#5738);
#5016=PLANE('',#5739);
#5017=PLANE('',#5740);
#5018=PLANE('',#5741);
#5019=PLANE('',#5742);
#5020=PLANE('',#5743);
#5021=PLANE('',#5744);
#5022=PLANE('',#5745);
#5023=PLANE('',#5746);
#5024=PLANE('',#5747);
#5025=PLANE('',#5748);
#5026=PLANE('',#5749);
#5027=PLANE('',#5750);
#5028=PLANE('',#5751);
#5029=PLANE('',#5752);
#5030=PLANE('',#5753);
#5031=PLANE('',#5754);
#5032=PLANE('',#5755);
#5033=PLANE('',#5756);
#5034=PLANE('',#5757);
#5035=PLANE('',#5758);
#5036=PLANE('',#5759);
#5037=PLANE('',#5760);
#5038=PLANE('',#5761);
#5039=PLANE('',#5762);
#5040=PLANE('',#5763);
#5041=PLANE('',#5764);
#5042=PLANE('',#5765);
#5043=PLANE('',#5766);
#5044=PLANE('',#5767);
#5045=PLANE('',#5768);
#5046=PLANE('',#5769);
#5047=PLANE('',#5770);
#5048=PLANE('',#5771);
#5049=PLANE('',#5772);
#5050=PLANE('',#5773);
#5051=PLANE('',#5774);
#5052=PLANE('',#5775);
#5053=PLANE('',#5776);
#5054=PLANE('',#5777);
#5055=PLANE('',#5778);
#5056=PLANE('',#5779);
#5057=PLANE('',#5780);
#5058=PLANE('',#5781);
#5059=PLANE('',#5782);
#5060=PLANE('',#5783);
#5061=PLANE('',#5784);
#5062=PLANE('',#5785);
#5063=PLANE('',#5786);
#5064=PLANE('',#5787);
#5065=PLANE('',#5788);
#5066=PLANE('',#5789);
#5067=PLANE('',#5790);
#5068=PLANE('',#5791);
#5069=PLANE('',#5792);
#5070=PLANE('',#5795);
#5071=PLANE('',#5798);
#5072=PLANE('',#5809);
#5073=PLANE('',#5811);
#5074=PLANE('',#5812);
#5075=PLANE('',#5815);
#5076=PLANE('',#5816);
#5077=PLANE('',#5819);
#5078=PLANE('',#5820);
#5079=PLANE('',#5823);
#5080=PLANE('',#5824);
#5081=PLANE('',#5827);
#5082=PLANE('',#5828);
#5083=PLANE('',#5829);
#5084=PLANE('',#5830);
#5085=PLANE('',#5831);
#5086=PLANE('',#5832);
#5087=PLANE('',#5833);
#5088=PLANE('',#5834);
#5089=PLANE('',#5835);
#5090=PLANE('',#5836);
#5091=PLANE('',#5837);
#5092=PLANE('',#5838);
#5093=PLANE('',#5839);
#5094=PLANE('',#5840);
#5095=PLANE('',#5841);
#5096=PLANE('',#5842);
#5097=PLANE('',#5843);
#5098=PLANE('',#5844);
#5099=PLANE('',#5845);
#5100=PLANE('',#5846);
#5101=ADVANCED_FACE('',(#170),#4809,.F.);
#5102=ADVANCED_FACE('',(#171),#4810,.F.);
#5103=ADVANCED_FACE('',(#172),#4811,.F.);
#5104=ADVANCED_FACE('',(#173),#4812,.F.);
#5105=ADVANCED_FACE('',(#174),#4813,.F.);
#5106=ADVANCED_FACE('',(#175),#4814,.T.);
#5107=ADVANCED_FACE('',(#176),#4815,.F.);
#5108=ADVANCED_FACE('',(#177),#4816,.F.);
#5109=ADVANCED_FACE('',(#178),#4817,.F.);
#5110=ADVANCED_FACE('',(#179),#4818,.F.);
#5111=ADVANCED_FACE('',(#180),#4819,.F.);
#5112=ADVANCED_FACE('',(#181),#4820,.F.);
#5113=ADVANCED_FACE('',(#182),#4821,.T.);
#5114=ADVANCED_FACE('',(#183),#4822,.F.);
#5115=ADVANCED_FACE('',(#184),#4823,.F.);
#5116=ADVANCED_FACE('',(#185),#4824,.T.);
#5117=ADVANCED_FACE('',(#186),#4825,.F.);
#5118=ADVANCED_FACE('',(#187),#4826,.F.);
#5119=ADVANCED_FACE('',(#188),#4827,.T.);
#5120=ADVANCED_FACE('',(#189),#4828,.F.);
#5121=ADVANCED_FACE('',(#190),#4829,.F.);
#5122=ADVANCED_FACE('',(#191),#4830,.T.);
#5123=ADVANCED_FACE('',(#192,#80,#81,#82,#83,#84,#85,#86,#87,#88,#89,#90,
#91,#92,#93,#94,#95),#4831,.F.);
#5124=ADVANCED_FACE('',(#193,#96,#97,#98,#99,#100,#101,#102,#103,#104,#105,
#106,#107,#108,#109,#110,#111),#4832,.T.);
#5125=ADVANCED_FACE('',(#194),#4833,.F.);
#5126=ADVANCED_FACE('',(#195),#4834,.F.);
#5127=ADVANCED_FACE('',(#196),#4835,.F.);
#5128=ADVANCED_FACE('',(#197),#4836,.F.);
#5129=ADVANCED_FACE('',(#198),#4837,.F.);
#5130=ADVANCED_FACE('',(#199),#4838,.F.);
#5131=ADVANCED_FACE('',(#200),#4839,.F.);
#5132=ADVANCED_FACE('',(#201),#4840,.F.);
#5133=ADVANCED_FACE('',(#202),#4841,.T.);
#5134=ADVANCED_FACE('',(#203),#4842,.F.);
#5135=ADVANCED_FACE('',(#204),#4843,.F.);
#5136=ADVANCED_FACE('',(#205),#4844,.F.);
#5137=ADVANCED_FACE('',(#206),#4845,.F.);
#5138=ADVANCED_FACE('',(#207),#4846,.T.);
#5139=ADVANCED_FACE('',(#208),#4847,.F.);
#5140=ADVANCED_FACE('',(#209),#4848,.F.);
#5141=ADVANCED_FACE('',(#210),#4849,.F.);
#5142=ADVANCED_FACE('',(#211),#4850,.F.);
#5143=ADVANCED_FACE('',(#212),#4851,.T.);
#5144=ADVANCED_FACE('',(#213),#4852,.F.);
#5145=ADVANCED_FACE('',(#214),#4853,.F.);
#5146=ADVANCED_FACE('',(#215),#4854,.F.);
#5147=ADVANCED_FACE('',(#216),#4855,.F.);
#5148=ADVANCED_FACE('',(#217),#4856,.T.);
#5149=ADVANCED_FACE('',(#218),#4857,.F.);
#5150=ADVANCED_FACE('',(#219),#4858,.F.);
#5151=ADVANCED_FACE('',(#220),#4859,.F.);
#5152=ADVANCED_FACE('',(#221),#4860,.F.);
#5153=ADVANCED_FACE('',(#222),#4861,.T.);
#5154=ADVANCED_FACE('',(#223),#4862,.F.);
#5155=ADVANCED_FACE('',(#224),#4863,.F.);
#5156=ADVANCED_FACE('',(#225),#4864,.F.);
#5157=ADVANCED_FACE('',(#226),#4865,.F.);
#5158=ADVANCED_FACE('',(#227),#4866,.T.);
#5159=ADVANCED_FACE('',(#228),#4867,.F.);
#5160=ADVANCED_FACE('',(#229),#4868,.F.);
#5161=ADVANCED_FACE('',(#230),#4869,.F.);
#5162=ADVANCED_FACE('',(#231),#4870,.F.);
#5163=ADVANCED_FACE('',(#232),#4871,.T.);
#5164=ADVANCED_FACE('',(#233),#4872,.F.);
#5165=ADVANCED_FACE('',(#234),#4873,.F.);
#5166=ADVANCED_FACE('',(#235),#4874,.F.);
#5167=ADVANCED_FACE('',(#236),#4875,.F.);
#5168=ADVANCED_FACE('',(#237),#4876,.T.);
#5169=ADVANCED_FACE('',(#238),#4877,.T.);
#5170=ADVANCED_FACE('',(#239),#4878,.T.);
#5171=ADVANCED_FACE('',(#240),#4879,.T.);
#5172=ADVANCED_FACE('',(#241),#4880,.T.);
#5173=ADVANCED_FACE('',(#242),#4881,.F.);
#5174=ADVANCED_FACE('',(#243),#4882,.T.);
#5175=ADVANCED_FACE('',(#244),#4883,.T.);
#5176=ADVANCED_FACE('',(#245),#4884,.T.);
#5177=ADVANCED_FACE('',(#246),#4885,.T.);
#5178=ADVANCED_FACE('',(#247),#4886,.F.);
#5179=ADVANCED_FACE('',(#248),#4887,.T.);
#5180=ADVANCED_FACE('',(#249),#4888,.T.);
#5181=ADVANCED_FACE('',(#250),#4889,.T.);
#5182=ADVANCED_FACE('',(#251),#4890,.T.);
#5183=ADVANCED_FACE('',(#252),#4891,.F.);
#5184=ADVANCED_FACE('',(#253),#4892,.T.);
#5185=ADVANCED_FACE('',(#254),#4893,.T.);
#5186=ADVANCED_FACE('',(#255),#4894,.T.);
#5187=ADVANCED_FACE('',(#256),#4895,.T.);
#5188=ADVANCED_FACE('',(#257),#4896,.F.);
#5189=ADVANCED_FACE('',(#258),#4897,.T.);
#5190=ADVANCED_FACE('',(#259),#4898,.T.);
#5191=ADVANCED_FACE('',(#260),#4899,.T.);
#5192=ADVANCED_FACE('',(#261),#4900,.T.);
#5193=ADVANCED_FACE('',(#262),#4901,.F.);
#5194=ADVANCED_FACE('',(#263),#4902,.T.);
#5195=ADVANCED_FACE('',(#264),#4903,.T.);
#5196=ADVANCED_FACE('',(#265),#4904,.T.);
#5197=ADVANCED_FACE('',(#266),#4905,.T.);
#5198=ADVANCED_FACE('',(#267),#4906,.F.);
#5199=ADVANCED_FACE('',(#268),#4907,.T.);
#5200=ADVANCED_FACE('',(#269),#4908,.T.);
#5201=ADVANCED_FACE('',(#270),#4909,.T.);
#5202=ADVANCED_FACE('',(#271),#4910,.T.);
#5203=ADVANCED_FACE('',(#272),#4911,.F.);
#5204=ADVANCED_FACE('',(#273),#4912,.T.);
#5205=ADVANCED_FACE('',(#274),#4913,.T.);
#5206=ADVANCED_FACE('',(#275),#4914,.T.);
#5207=ADVANCED_FACE('',(#276),#4915,.T.);
#5208=ADVANCED_FACE('',(#277),#4916,.F.);
#5209=ADVANCED_FACE('',(#278),#4917,.T.);
#5210=ADVANCED_FACE('',(#279),#4918,.T.);
#5211=ADVANCED_FACE('',(#280),#4919,.T.);
#5212=ADVANCED_FACE('',(#281),#4920,.T.);
#5213=ADVANCED_FACE('',(#282),#4921,.F.);
#5214=ADVANCED_FACE('',(#283),#4922,.T.);
#5215=ADVANCED_FACE('',(#284),#4923,.T.);
#5216=ADVANCED_FACE('',(#285),#4924,.T.);
#5217=ADVANCED_FACE('',(#286),#4925,.T.);
#5218=ADVANCED_FACE('',(#287),#4926,.F.);
#5219=ADVANCED_FACE('',(#288),#4927,.T.);
#5220=ADVANCED_FACE('',(#289),#4928,.T.);
#5221=ADVANCED_FACE('',(#290),#4929,.T.);
#5222=ADVANCED_FACE('',(#291),#4930,.T.);
#5223=ADVANCED_FACE('',(#292),#4931,.F.);
#5224=ADVANCED_FACE('',(#293),#4932,.T.);
#5225=ADVANCED_FACE('',(#294),#4933,.T.);
#5226=ADVANCED_FACE('',(#295),#4934,.T.);
#5227=ADVANCED_FACE('',(#296),#4935,.T.);
#5228=ADVANCED_FACE('',(#297),#4936,.F.);
#5229=ADVANCED_FACE('',(#298),#4937,.T.);
#5230=ADVANCED_FACE('',(#299),#4938,.T.);
#5231=ADVANCED_FACE('',(#300),#4939,.T.);
#5232=ADVANCED_FACE('',(#301),#4940,.T.);
#5233=ADVANCED_FACE('',(#302),#4941,.F.);
#5234=ADVANCED_FACE('',(#303),#4942,.T.);
#5235=ADVANCED_FACE('',(#304),#4943,.T.);
#5236=ADVANCED_FACE('',(#305),#4944,.T.);
#5237=ADVANCED_FACE('',(#306),#4945,.T.);
#5238=ADVANCED_FACE('',(#307),#4946,.F.);
#5239=ADVANCED_FACE('',(#308),#4947,.T.);
#5240=ADVANCED_FACE('',(#309),#4948,.T.);
#5241=ADVANCED_FACE('',(#310),#4949,.T.);
#5242=ADVANCED_FACE('',(#311),#4950,.T.);
#5243=ADVANCED_FACE('',(#312),#4951,.F.);
#5244=ADVANCED_FACE('',(#313),#4952,.T.);
#5245=ADVANCED_FACE('',(#314),#4953,.T.);
#5246=ADVANCED_FACE('',(#315),#4954,.T.);
#5247=ADVANCED_FACE('',(#316),#4955,.T.);
#5248=ADVANCED_FACE('',(#317),#4956,.F.);
#5249=ADVANCED_FACE('',(#318),#4957,.F.);
#5250=ADVANCED_FACE('',(#319),#4958,.F.);
#5251=ADVANCED_FACE('',(#320),#4959,.F.);
#5252=ADVANCED_FACE('',(#321),#4960,.F.);
#5253=ADVANCED_FACE('',(#322),#4961,.T.);
#5254=ADVANCED_FACE('',(#323),#4962,.F.);
#5255=ADVANCED_FACE('',(#324),#4963,.F.);
#5256=ADVANCED_FACE('',(#325),#4964,.F.);
#5257=ADVANCED_FACE('',(#326),#4965,.F.);
#5258=ADVANCED_FACE('',(#327),#4966,.T.);
#5259=ADVANCED_FACE('',(#328),#4967,.F.);
#5260=ADVANCED_FACE('',(#329),#4968,.F.);
#5261=ADVANCED_FACE('',(#330),#4969,.F.);
#5262=ADVANCED_FACE('',(#331),#4970,.F.);
#5263=ADVANCED_FACE('',(#332),#4971,.T.);
#5264=ADVANCED_FACE('',(#333),#4972,.F.);
#5265=ADVANCED_FACE('',(#334),#4973,.F.);
#5266=ADVANCED_FACE('',(#335),#4974,.F.);
#5267=ADVANCED_FACE('',(#336),#4975,.F.);
#5268=ADVANCED_FACE('',(#337),#4976,.T.);
#5269=ADVANCED_FACE('',(#338),#4977,.F.);
#5270=ADVANCED_FACE('',(#339),#4978,.F.);
#5271=ADVANCED_FACE('',(#340),#4979,.F.);
#5272=ADVANCED_FACE('',(#341),#4980,.F.);
#5273=ADVANCED_FACE('',(#342),#4981,.T.);
#5274=ADVANCED_FACE('',(#343),#4982,.F.);
#5275=ADVANCED_FACE('',(#344),#4983,.F.);
#5276=ADVANCED_FACE('',(#345),#4984,.F.);
#5277=ADVANCED_FACE('',(#346),#4985,.F.);
#5278=ADVANCED_FACE('',(#347),#4986,.T.);
#5279=ADVANCED_FACE('',(#348),#4987,.F.);
#5280=ADVANCED_FACE('',(#349),#4988,.F.);
#5281=ADVANCED_FACE('',(#350),#4989,.F.);
#5282=ADVANCED_FACE('',(#351),#4990,.F.);
#5283=ADVANCED_FACE('',(#352),#4991,.T.);
#5284=ADVANCED_FACE('',(#353),#4992,.F.);
#5285=ADVANCED_FACE('',(#354),#4993,.F.);
#5286=ADVANCED_FACE('',(#355),#4994,.F.);
#5287=ADVANCED_FACE('',(#356),#4995,.F.);
#5288=ADVANCED_FACE('',(#357),#4996,.T.);
#5289=ADVANCED_FACE('',(#358),#4997,.T.);
#5290=ADVANCED_FACE('',(#359),#4998,.T.);
#5291=ADVANCED_FACE('',(#360),#4999,.T.);
#5292=ADVANCED_FACE('',(#361),#5000,.T.);
#5293=ADVANCED_FACE('',(#362),#5001,.F.);
#5294=ADVANCED_FACE('',(#363),#5002,.T.);
#5295=ADVANCED_FACE('',(#364),#5003,.T.);
#5296=ADVANCED_FACE('',(#365),#5004,.T.);
#5297=ADVANCED_FACE('',(#366),#5005,.T.);
#5298=ADVANCED_FACE('',(#367),#5006,.T.);
#5299=ADVANCED_FACE('',(#368),#5007,.F.);
#5300=ADVANCED_FACE('',(#369),#5008,.T.);
#5301=ADVANCED_FACE('',(#370),#5009,.T.);
#5302=ADVANCED_FACE('',(#371),#5010,.T.);
#5303=ADVANCED_FACE('',(#372),#5011,.T.);
#5304=ADVANCED_FACE('',(#373),#5012,.T.);
#5305=ADVANCED_FACE('',(#374),#5013,.F.);
#5306=ADVANCED_FACE('',(#375),#5014,.T.);
#5307=ADVANCED_FACE('',(#376),#5015,.T.);
#5308=ADVANCED_FACE('',(#377),#5016,.T.);
#5309=ADVANCED_FACE('',(#378),#5017,.T.);
#5310=ADVANCED_FACE('',(#379),#5018,.T.);
#5311=ADVANCED_FACE('',(#380),#5019,.F.);
#5312=ADVANCED_FACE('',(#381),#5020,.T.);
#5313=ADVANCED_FACE('',(#382),#5021,.T.);
#5314=ADVANCED_FACE('',(#383),#5022,.T.);
#5315=ADVANCED_FACE('',(#384),#5023,.T.);
#5316=ADVANCED_FACE('',(#385),#5024,.T.);
#5317=ADVANCED_FACE('',(#386),#5025,.F.);
#5318=ADVANCED_FACE('',(#387),#5026,.T.);
#5319=ADVANCED_FACE('',(#388),#5027,.T.);
#5320=ADVANCED_FACE('',(#389),#5028,.T.);
#5321=ADVANCED_FACE('',(#390),#5029,.T.);
#5322=ADVANCED_FACE('',(#391),#5030,.T.);
#5323=ADVANCED_FACE('',(#392),#5031,.F.);
#5324=ADVANCED_FACE('',(#393),#5032,.T.);
#5325=ADVANCED_FACE('',(#394),#5033,.T.);
#5326=ADVANCED_FACE('',(#395),#5034,.T.);
#5327=ADVANCED_FACE('',(#396),#5035,.T.);
#5328=ADVANCED_FACE('',(#397),#5036,.T.);
#5329=ADVANCED_FACE('',(#398),#5037,.F.);
#5330=ADVANCED_FACE('',(#399),#5038,.T.);
#5331=ADVANCED_FACE('',(#400),#5039,.T.);
#5332=ADVANCED_FACE('',(#401),#5040,.T.);
#5333=ADVANCED_FACE('',(#402),#5041,.T.);
#5334=ADVANCED_FACE('',(#403),#5042,.T.);
#5335=ADVANCED_FACE('',(#404),#5043,.F.);
#5336=ADVANCED_FACE('',(#405),#5044,.T.);
#5337=ADVANCED_FACE('',(#406),#5045,.T.);
#5338=ADVANCED_FACE('',(#407),#5046,.T.);
#5339=ADVANCED_FACE('',(#408),#5047,.T.);
#5340=ADVANCED_FACE('',(#409),#5048,.T.);
#5341=ADVANCED_FACE('',(#410),#5049,.F.);
#5342=ADVANCED_FACE('',(#411),#5050,.T.);
#5343=ADVANCED_FACE('',(#412),#5051,.T.);
#5344=ADVANCED_FACE('',(#413),#5052,.T.);
#5345=ADVANCED_FACE('',(#414),#5053,.T.);
#5346=ADVANCED_FACE('',(#415),#5054,.T.);
#5347=ADVANCED_FACE('',(#416),#5055,.F.);
#5348=ADVANCED_FACE('',(#417),#5056,.T.);
#5349=ADVANCED_FACE('',(#418),#5057,.F.);
#5350=ADVANCED_FACE('',(#419),#5058,.F.);
#5351=ADVANCED_FACE('',(#420),#5059,.F.);
#5352=ADVANCED_FACE('',(#421),#5060,.F.);
#5353=ADVANCED_FACE('',(#422),#5061,.T.);
#5354=ADVANCED_FACE('',(#423),#5062,.F.);
#5355=ADVANCED_FACE('',(#424),#5063,.T.);
#5356=ADVANCED_FACE('',(#425),#5064,.T.);
#5357=ADVANCED_FACE('',(#426),#5065,.T.);
#5358=ADVANCED_FACE('',(#427),#5066,.T.);
#5359=ADVANCED_FACE('',(#428),#5067,.F.);
#5360=ADVANCED_FACE('',(#429),#5068,.T.);
#5361=ADVANCED_FACE('',(#430),#5069,.T.);
#5362=ADVANCED_FACE('',(#431),#5070,.T.);
#5363=ADVANCED_FACE('',(#432),#5071,.T.);
#5364=ADVANCED_FACE('',(#433),#57,.T.);
#5365=ADVANCED_FACE('',(#434),#5072,.T.);
#5366=ADVANCED_FACE('',(#435),#5073,.F.);
#5367=ADVANCED_FACE('',(#436),#5074,.F.);
#5368=ADVANCED_FACE('',(#437),#58,.F.);
#5369=ADVANCED_FACE('',(#438),#5075,.F.);
#5370=ADVANCED_FACE('',(#439),#5076,.F.);
#5371=ADVANCED_FACE('',(#440),#59,.F.);
#5372=ADVANCED_FACE('',(#441),#5077,.F.);
#5373=ADVANCED_FACE('',(#442),#5078,.F.);
#5374=ADVANCED_FACE('',(#443),#60,.F.);
#5375=ADVANCED_FACE('',(#444),#5079,.F.);
#5376=ADVANCED_FACE('',(#445),#5080,.F.);
#5377=ADVANCED_FACE('',(#446),#61,.F.);
#5378=ADVANCED_FACE('',(#447),#5081,.F.);
#5379=ADVANCED_FACE('',(#448),#5082,.T.);
#5380=ADVANCED_FACE('',(#449),#5083,.T.);
#5381=ADVANCED_FACE('',(#450),#5084,.T.);
#5382=ADVANCED_FACE('',(#451),#5085,.T.);
#5383=ADVANCED_FACE('',(#452),#5086,.T.);
#5384=ADVANCED_FACE('',(#453),#5087,.T.);
#5385=ADVANCED_FACE('',(#454),#5088,.T.);
#5386=ADVANCED_FACE('',(#455),#5089,.T.);
#5387=ADVANCED_FACE('',(#456),#5090,.T.);
#5388=ADVANCED_FACE('',(#457),#5091,.T.);
#5389=ADVANCED_FACE('',(#458),#5092,.T.);
#5390=ADVANCED_FACE('',(#459),#5093,.T.);
#5391=ADVANCED_FACE('',(#460),#5094,.T.);
#5392=ADVANCED_FACE('',(#461),#5095,.T.);
#5393=ADVANCED_FACE('',(#462),#5096,.T.);
#5394=ADVANCED_FACE('',(#463),#5097,.T.);
#5395=ADVANCED_FACE('',(#464),#5098,.T.);
#5396=ADVANCED_FACE('',(#465),#5099,.T.);
#5397=ADVANCED_FACE('',(#466),#5100,.T.);
#5398=CLOSED_SHELL('',(#5101,#5102,#5103,#5104,#5105,#5106,#5107,#5108,
#5109,#5110,#5111,#5112,#5113,#5114,#5115,#5116,#5117,#5118,#5119,#5120,
#5121,#5122));
#5399=CLOSED_SHELL('',(#5123,#5124,#5125,#5126,#5127,#5128,#5129,#5130,
#5131,#5132,#5133,#5134,#5135,#5136,#5137,#5138,#5139,#5140,#5141,#5142,
#5143,#5144,#5145,#5146,#5147,#5148,#5149,#5150,#5151,#5152,#5153,#5154,
#5155,#5156,#5157,#5158,#5159,#5160,#5161,#5162,#5163,#5164,#5165,#5166,
#5167,#5168,#5169,#5170,#5171,#5172,#5173,#5174,#5175,#5176,#5177,#5178,
#5179,#5180,#5181,#5182,#5183,#5184,#5185,#5186,#5187,#5188,#5189,#5190,
#5191,#5192,#5193,#5194,#5195,#5196,#5197,#5198,#5199,#5200,#5201,#5202,
#5203,#5204,#5205,#5206,#5207,#5208,#5209,#5210,#5211,#5212,#5213,#5214,
#5215,#5216,#5217,#5218,#5219,#5220,#5221,#5222,#5223,#5224,#5225,#5226,
#5227,#5228,#5229,#5230,#5231,#5232,#5233,#5234,#5235,#5236,#5237,#5238,
#5239,#5240,#5241,#5242,#5243,#5244,#5245,#5246,#5247,#5248,#5249,#5250,
#5251,#5252,#5253,#5254,#5255,#5256,#5257,#5258,#5259,#5260,#5261,#5262,
#5263,#5264,#5265,#5266,#5267,#5268,#5269,#5270,#5271,#5272,#5273,#5274,
#5275,#5276,#5277,#5278,#5279,#5280,#5281,#5282,#5283,#5284,#5285,#5286,
#5287,#5288));
#5400=CLOSED_SHELL('',(#5289,#5290,#5291,#5292,#5293,#5294));
#5401=CLOSED_SHELL('',(#5295,#5296,#5297,#5298,#5299,#5300));
#5402=CLOSED_SHELL('',(#5301,#5302,#5303,#5304,#5305,#5306));
#5403=CLOSED_SHELL('',(#5307,#5308,#5309,#5310,#5311,#5312));
#5404=CLOSED_SHELL('',(#5313,#5314,#5315,#5316,#5317,#5318));
#5405=CLOSED_SHELL('',(#5319,#5320,#5321,#5322,#5323,#5324));
#5406=CLOSED_SHELL('',(#5325,#5326,#5327,#5328,#5329,#5330));
#5407=CLOSED_SHELL('',(#5331,#5332,#5333,#5334,#5335,#5336));
#5408=CLOSED_SHELL('',(#5337,#5338,#5339,#5340,#5341,#5342));
#5409=CLOSED_SHELL('',(#5343,#5344,#5345,#5346,#5347,#5348));
#5410=CLOSED_SHELL('',(#5349,#5350,#5351,#5352,#5353,#5354));
#5411=CLOSED_SHELL('',(#5355,#5356,#5357,#5358,#5359,#5360));
#5412=CLOSED_SHELL('',(#5361,#5362,#5363,#5364,#5365,#5366,#5367,#5368,
#5369,#5370,#5371,#5372,#5373,#5374,#5375,#5376,#5377,#5378,#5379));
#5413=DERIVED_UNIT_ELEMENT(#5418,1.);
#5414=DERIVED_UNIT_ELEMENT(#8734,-3.);
#5415=DERIVED_UNIT_ELEMENT(#5418,1.);
#5416=DERIVED_UNIT_ELEMENT(#8734,-3.);
#5417=DIMENSIONAL_EXPONENTS(0.,1.,0.,0.,0.,0.,0.);
#5418=(
CONVERSION_BASED_UNIT('gram',#5420)
MASS_UNIT()
NAMED_UNIT(#5417)
);
#5419=(
MASS_UNIT()
NAMED_UNIT(*)
SI_UNIT(.KILO.,.GRAM.)
);
#5420=MASS_MEASURE_WITH_UNIT(MASS_MEASURE(0.001),#5419);
#5421=DERIVED_UNIT((#5413,#5414));
#5422=DERIVED_UNIT((#5415,#5416));
#5423=MEASURE_REPRESENTATION_ITEM('density measure',
POSITIVE_RATIO_MEASURE(1.),#5421);
#5424=MEASURE_REPRESENTATION_ITEM('density measure',
POSITIVE_RATIO_MEASURE(1.),#5422);
#5425=PROPERTY_DEFINITION_REPRESENTATION(#5435,#5429);
#5426=PROPERTY_DEFINITION_REPRESENTATION(#5436,#5430);
#5427=PROPERTY_DEFINITION_REPRESENTATION(#5437,#5431);
#5428=PROPERTY_DEFINITION_REPRESENTATION(#5438,#5432);
#5429=REPRESENTATION('material name',(#5433),#8730);
#5430=REPRESENTATION('density',(#5423),#8730);
#5431=REPRESENTATION('material name',(#5434),#8731);
#5432=REPRESENTATION('density',(#5424),#8731);
#5433=DESCRIPTIVE_REPRESENTATION_ITEM('Generisch','Generisch');
#5434=DESCRIPTIVE_REPRESENTATION_ITEM('Generisch','Generisch');
#5435=PROPERTY_DEFINITION('material property','material name',#8750);
#5436=PROPERTY_DEFINITION('material property','density of part',#8750);
#5437=PROPERTY_DEFINITION('material property','material name',#8751);
#5438=PROPERTY_DEFINITION('material property','density of part',#8751);
#5439=PRESENTATION_STYLE_ASSIGNMENT((#5447));
#5440=PRESENTATION_STYLE_ASSIGNMENT((#5448));
#5441=PRESENTATION_STYLE_ASSIGNMENT((#5449));
#5442=PRESENTATION_STYLE_ASSIGNMENT((#5450));
#5443=PRESENTATION_STYLE_ASSIGNMENT((#5451));
#5444=PRESENTATION_STYLE_ASSIGNMENT((#5452));
#5445=PRESENTATION_STYLE_ASSIGNMENT((#5453));
#5446=PRESENTATION_STYLE_ASSIGNMENT((#5454));
#5447=SURFACE_STYLE_USAGE(.BOTH.,#5471);
#5448=SURFACE_STYLE_USAGE(.BOTH.,#5472);
#5449=SURFACE_STYLE_USAGE(.BOTH.,#5473);
#5450=SURFACE_STYLE_USAGE(.BOTH.,#5474);
#5451=SURFACE_STYLE_USAGE(.BOTH.,#5475);
#5452=SURFACE_STYLE_USAGE(.BOTH.,#5476);
#5453=SURFACE_STYLE_USAGE(.BOTH.,#5477);
#5454=SURFACE_STYLE_USAGE(.BOTH.,#5478);
#5455=SURFACE_STYLE_RENDERING_WITH_PROPERTIES($,#5503,(#5463));
#5456=SURFACE_STYLE_RENDERING_WITH_PROPERTIES($,#5504,(#5464));
#5457=SURFACE_STYLE_RENDERING_WITH_PROPERTIES($,#5505,(#5465));
#5458=SURFACE_STYLE_RENDERING_WITH_PROPERTIES($,#5506,(#5466));
#5459=SURFACE_STYLE_RENDERING_WITH_PROPERTIES($,#5507,(#5467));
#5460=SURFACE_STYLE_RENDERING_WITH_PROPERTIES($,#5508,(#5468));
#5461=SURFACE_STYLE_RENDERING_WITH_PROPERTIES($,#5509,(#5469));
#5462=SURFACE_STYLE_RENDERING_WITH_PROPERTIES($,#5510,(#5470));
#5463=SURFACE_STYLE_TRANSPARENT(0.);
#5464=SURFACE_STYLE_TRANSPARENT(0.);
#5465=SURFACE_STYLE_TRANSPARENT(0.);
#5466=SURFACE_STYLE_TRANSPARENT(0.);
#5467=SURFACE_STYLE_TRANSPARENT(0.);
#5468=SURFACE_STYLE_TRANSPARENT(0.);
#5469=SURFACE_STYLE_TRANSPARENT(0.);
#5470=SURFACE_STYLE_TRANSPARENT(0.);
#5471=SURFACE_SIDE_STYLE('',(#5479,#5455));
#5472=SURFACE_SIDE_STYLE('',(#5480,#5456));
#5473=SURFACE_SIDE_STYLE('',(#5481,#5457));
#5474=SURFACE_SIDE_STYLE('',(#5482,#5458));
#5475=SURFACE_SIDE_STYLE('',(#5483,#5459));
#5476=SURFACE_SIDE_STYLE('',(#5484,#5460));
#5477=SURFACE_SIDE_STYLE('',(#5485,#5461));
#5478=SURFACE_SIDE_STYLE('',(#5486,#5462));
#5479=SURFACE_STYLE_FILL_AREA(#5487);
#5480=SURFACE_STYLE_FILL_AREA(#5488);
#5481=SURFACE_STYLE_FILL_AREA(#5489);
#5482=SURFACE_STYLE_FILL_AREA(#5490);
#5483=SURFACE_STYLE_FILL_AREA(#5491);
#5484=SURFACE_STYLE_FILL_AREA(#5492);
#5485=SURFACE_STYLE_FILL_AREA(#5493);
#5486=SURFACE_STYLE_FILL_AREA(#5494);
#5487=FILL_AREA_STYLE('',(#5495));
#5488=FILL_AREA_STYLE('',(#5496));
#5489=FILL_AREA_STYLE('',(#5497));
#5490=FILL_AREA_STYLE('',(#5498));
#5491=FILL_AREA_STYLE('',(#5499));
#5492=FILL_AREA_STYLE('',(#5500));
#5493=FILL_AREA_STYLE('',(#5501));
#5494=FILL_AREA_STYLE('',(#5502));
#5495=FILL_AREA_STYLE_COLOUR('',#5503);
#5496=FILL_AREA_STYLE_COLOUR('',#5504);
#5497=FILL_AREA_STYLE_COLOUR('',#5505);
#5498=FILL_AREA_STYLE_COLOUR('',#5506);
#5499=FILL_AREA_STYLE_COLOUR('',#5507);
#5500=FILL_AREA_STYLE_COLOUR('',#5508);
#5501=FILL_AREA_STYLE_COLOUR('',#5509);
#5502=FILL_AREA_STYLE_COLOUR('',#5510);
#5503=COLOUR_RGB('',0.749019607843137,0.749019607843137,0.749019607843137);
#5504=COLOUR_RGB('',0.596078431372549,0.666666666666667,0.686274509803922);
#5505=COLOUR_RGB('',0.596078431372549,0.666666666666667,0.686274509803922);
#5506=COLOUR_RGB('',1.,0.,0.);
#5507=COLOUR_RGB('',0.4,0.2,0.);
#5508=COLOUR_RGB('',0.0470588235294118,0.0470588235294118,0.0470588235294118);
#5509=COLOUR_RGB('',0.866666666666667,0.854901960784314,0.788235294117647);
#5510=COLOUR_RGB('',0.501960784313725,0.635294117647059,0.705882352941177);
#5511=DATE_TIME_ROLE('creation_date');
#5512=DATE_TIME_ROLE('creation_date');
#5513=DATE_TIME_ROLE('creation_date');
#5514=APPLIED_DATE_AND_TIME_ASSIGNMENT(#5517,#5511,(#8749));
#5515=APPLIED_DATE_AND_TIME_ASSIGNMENT(#5518,#5512,(#8750));
#5516=APPLIED_DATE_AND_TIME_ASSIGNMENT(#5519,#5513,(#8751));
#5517=DATE_AND_TIME(#5520,#5523);
#5518=DATE_AND_TIME(#5521,#5524);
#5519=DATE_AND_TIME(#5522,#5525);
#5520=CALENDAR_DATE(2018,10,11);
#5521=CALENDAR_DATE(2018,27,10);
#5522=CALENDAR_DATE(2018,27,10);
#5523=LOCAL_TIME(20,3,0.,#5526);
#5524=LOCAL_TIME(18,0,36.,#5527);
#5525=LOCAL_TIME(18,30,6.,#5528);
#5526=COORDINATED_UNIVERSAL_TIME_OFFSET(0,0,.BEHIND.);
#5527=COORDINATED_UNIVERSAL_TIME_OFFSET(0,0,.BEHIND.);
#5528=COORDINATED_UNIVERSAL_TIME_OFFSET(0,0,.BEHIND.);
#5529=AXIS2_PLACEMENT_3D('',#7194,#5849,#5850);
#5530=AXIS2_PLACEMENT_3D('',#7195,#5851,#5852);
#5531=AXIS2_PLACEMENT_3D('',#7196,#5853,#5854);
#5532=AXIS2_PLACEMENT_3D('',#7205,#5859,#5860);
#5533=AXIS2_PLACEMENT_3D('',#7214,#5865,#5866);
#5534=AXIS2_PLACEMENT_3D('',#7223,#5871,#5872);
#5535=AXIS2_PLACEMENT_3D('',#7232,#5877,#5878);
#5536=AXIS2_PLACEMENT_3D('',#7241,#5883,#5884);
#5537=AXIS2_PLACEMENT_3D('',#7267,#5900,#5901);
#5538=AXIS2_PLACEMENT_3D('',#7271,#5904,#5905);
#5539=AXIS2_PLACEMENT_3D('',#7275,#5908,#5909);
#5540=AXIS2_PLACEMENT_3D('',#7277,#5911,#5912);
#5541=AXIS2_PLACEMENT_3D('',#7298,#5925,#5926);
#5542=AXIS2_PLACEMENT_3D('',#7300,#5928,#5929);
#5543=AXIS2_PLACEMENT_3D('',#7302,#5931,#5932);
#5544=AXIS2_PLACEMENT_3D('',#7303,#5933,#5934);
#5545=AXIS2_PLACEMENT_3D('',#7305,#5936,#5937);
#5546=AXIS2_PLACEMENT_3D('',#7307,#5939,#5940);
#5547=AXIS2_PLACEMENT_3D('',#7308,#5941,#5942);
#5548=AXIS2_PLACEMENT_3D('',#7310,#5944,#5945);
#5549=AXIS2_PLACEMENT_3D('',#7312,#5947,#5948);
#5550=AXIS2_PLACEMENT_3D('',#7313,#5949,#5950);
#5551=AXIS2_PLACEMENT_3D('',#7315,#5952,#5953);
#5552=AXIS2_PLACEMENT_3D('',#7317,#5955,#5956);
#5553=AXIS2_PLACEMENT_3D('',#7318,#5957,#5958);
#5554=AXIS2_PLACEMENT_3D('',#7319,#5959,#5960);
#5555=AXIS2_PLACEMENT_3D('',#7456,#6029,#6030);
#5556=AXIS2_PLACEMENT_3D('',#7593,#6099,#6100);
#5557=AXIS2_PLACEMENT_3D('',#7596,#6103,#6104);
#5558=AXIS2_PLACEMENT_3D('',#7598,#6106,#6107);
#5559=AXIS2_PLACEMENT_3D('',#7600,#6109,#6110);
#5560=AXIS2_PLACEMENT_3D('',#7601,#6111,#6112);
#5561=AXIS2_PLACEMENT_3D('',#7607,#6116,#6117);
#5562=AXIS2_PLACEMENT_3D('',#7611,#6120,#6121);
#5563=AXIS2_PLACEMENT_3D('',#7615,#6124,#6125);
#5564=AXIS2_PLACEMENT_3D('',#7617,#6127,#6128);
#5565=AXIS2_PLACEMENT_3D('',#7618,#6129,#6130);
#5566=AXIS2_PLACEMENT_3D('',#7624,#6134,#6135);
#5567=AXIS2_PLACEMENT_3D('',#7628,#6138,#6139);
#5568=AXIS2_PLACEMENT_3D('',#7632,#6142,#6143);
#5569=AXIS2_PLACEMENT_3D('',#7634,#6145,#6146);
#5570=AXIS2_PLACEMENT_3D('',#7635,#6147,#6148);
#5571=AXIS2_PLACEMENT_3D('',#7641,#6152,#6153);
#5572=AXIS2_PLACEMENT_3D('',#7645,#6156,#6157);
#5573=AXIS2_PLACEMENT_3D('',#7649,#6160,#6161);
#5574=AXIS2_PLACEMENT_3D('',#7651,#6163,#6164);
#5575=AXIS2_PLACEMENT_3D('',#7652,#6165,#6166);
#5576=AXIS2_PLACEMENT_3D('',#7658,#6170,#6171);
#5577=AXIS2_PLACEMENT_3D('',#7662,#6174,#6175);
#5578=AXIS2_PLACEMENT_3D('',#7666,#6178,#6179);
#5579=AXIS2_PLACEMENT_3D('',#7668,#6181,#6182);
#5580=AXIS2_PLACEMENT_3D('',#7669,#6183,#6184);
#5581=AXIS2_PLACEMENT_3D('',#7675,#6188,#6189);
#5582=AXIS2_PLACEMENT_3D('',#7679,#6192,#6193);
#5583=AXIS2_PLACEMENT_3D('',#7683,#6196,#6197);
#5584=AXIS2_PLACEMENT_3D('',#7685,#6199,#6200);
#5585=AXIS2_PLACEMENT_3D('',#7686,#6201,#6202);
#5586=AXIS2_PLACEMENT_3D('',#7692,#6206,#6207);
#5587=AXIS2_PLACEMENT_3D('',#7696,#6210,#6211);
#5588=AXIS2_PLACEMENT_3D('',#7700,#6214,#6215);
#5589=AXIS2_PLACEMENT_3D('',#7702,#6217,#6218);
#5590=AXIS2_PLACEMENT_3D('',#7703,#6219,#6220);
#5591=AXIS2_PLACEMENT_3D('',#7709,#6224,#6225);
#5592=AXIS2_PLACEMENT_3D('',#7713,#6228,#6229);
#5593=AXIS2_PLACEMENT_3D('',#7717,#6232,#6233);
#5594=AXIS2_PLACEMENT_3D('',#7719,#6235,#6236);
#5595=AXIS2_PLACEMENT_3D('',#7720,#6237,#6238);
#5596=AXIS2_PLACEMENT_3D('',#7726,#6242,#6243);
#5597=AXIS2_PLACEMENT_3D('',#7730,#6246,#6247);
#5598=AXIS2_PLACEMENT_3D('',#7734,#6250,#6251);
#5599=AXIS2_PLACEMENT_3D('',#7736,#6253,#6254);
#5600=AXIS2_PLACEMENT_3D('',#7737,#6255,#6256);
#5601=AXIS2_PLACEMENT_3D('',#7743,#6260,#6261);
#5602=AXIS2_PLACEMENT_3D('',#7747,#6264,#6265);
#5603=AXIS2_PLACEMENT_3D('',#7751,#6268,#6269);
#5604=AXIS2_PLACEMENT_3D('',#7753,#6271,#6272);
#5605=AXIS2_PLACEMENT_3D('',#7754,#6273,#6274);
#5606=AXIS2_PLACEMENT_3D('',#7760,#6278,#6279);
#5607=AXIS2_PLACEMENT_3D('',#7764,#6282,#6283);
#5608=AXIS2_PLACEMENT_3D('',#7768,#6286,#6287);
#5609=AXIS2_PLACEMENT_3D('',#7770,#6289,#6290);
#5610=AXIS2_PLACEMENT_3D('',#7771,#6291,#6292);
#5611=AXIS2_PLACEMENT_3D('',#7777,#6296,#6297);
#5612=AXIS2_PLACEMENT_3D('',#7781,#6300,#6301);
#5613=AXIS2_PLACEMENT_3D('',#7785,#6304,#6305);
#5614=AXIS2_PLACEMENT_3D('',#7787,#6307,#6308);
#5615=AXIS2_PLACEMENT_3D('',#7788,#6309,#6310);
#5616=AXIS2_PLACEMENT_3D('',#7794,#6314,#6315);
#5617=AXIS2_PLACEMENT_3D('',#7798,#6318,#6319);
#5618=AXIS2_PLACEMENT_3D('',#7802,#6322,#6323);
#5619=AXIS2_PLACEMENT_3D('',#7804,#6325,#6326);
#5620=AXIS2_PLACEMENT_3D('',#7805,#6327,#6328);
#5621=AXIS2_PLACEMENT_3D('',#7811,#6332,#6333);
#5622=AXIS2_PLACEMENT_3D('',#7815,#6336,#6337);
#5623=AXIS2_PLACEMENT_3D('',#7819,#6340,#6341);
#5624=AXIS2_PLACEMENT_3D('',#7821,#6343,#6344);
#5625=AXIS2_PLACEMENT_3D('',#7822,#6345,#6346);
#5626=AXIS2_PLACEMENT_3D('',#7828,#6350,#6351);
#5627=AXIS2_PLACEMENT_3D('',#7832,#6354,#6355);
#5628=AXIS2_PLACEMENT_3D('',#7836,#6358,#6359);
#5629=AXIS2_PLACEMENT_3D('',#7838,#6361,#6362);
#5630=AXIS2_PLACEMENT_3D('',#7839,#6363,#6364);
#5631=AXIS2_PLACEMENT_3D('',#7845,#6368,#6369);
#5632=AXIS2_PLACEMENT_3D('',#7849,#6372,#6373);
#5633=AXIS2_PLACEMENT_3D('',#7853,#6376,#6377);
#5634=AXIS2_PLACEMENT_3D('',#7855,#6379,#6380);
#5635=AXIS2_PLACEMENT_3D('',#7856,#6381,#6382);
#5636=AXIS2_PLACEMENT_3D('',#7862,#6386,#6387);
#5637=AXIS2_PLACEMENT_3D('',#7866,#6390,#6391);
#5638=AXIS2_PLACEMENT_3D('',#7870,#6394,#6395);
#5639=AXIS2_PLACEMENT_3D('',#7872,#6397,#6398);
#5640=AXIS2_PLACEMENT_3D('',#7873,#6399,#6400);
#5641=AXIS2_PLACEMENT_3D('',#7879,#6404,#6405);
#5642=AXIS2_PLACEMENT_3D('',#7883,#6408,#6409);
#5643=AXIS2_PLACEMENT_3D('',#7887,#6412,#6413);
#5644=AXIS2_PLACEMENT_3D('',#7889,#6415,#6416);
#5645=AXIS2_PLACEMENT_3D('',#7890,#6417,#6418);
#5646=AXIS2_PLACEMENT_3D('',#7896,#6422,#6423);
#5647=AXIS2_PLACEMENT_3D('',#7900,#6426,#6427);
#5648=AXIS2_PLACEMENT_3D('',#7904,#6430,#6431);
#5649=AXIS2_PLACEMENT_3D('',#7906,#6433,#6434);
#5650=AXIS2_PLACEMENT_3D('',#7907,#6435,#6436);
#5651=AXIS2_PLACEMENT_3D('',#7913,#6440,#6441);
#5652=AXIS2_PLACEMENT_3D('',#7917,#6444,#6445);
#5653=AXIS2_PLACEMENT_3D('',#7921,#6448,#6449);
#5654=AXIS2_PLACEMENT_3D('',#7923,#6451,#6452);
#5655=AXIS2_PLACEMENT_3D('',#7924,#6453,#6454);
#5656=AXIS2_PLACEMENT_3D('',#7930,#6458,#6459);
#5657=AXIS2_PLACEMENT_3D('',#7934,#6462,#6463);
#5658=AXIS2_PLACEMENT_3D('',#7938,#6466,#6467);
#5659=AXIS2_PLACEMENT_3D('',#7940,#6469,#6470);
#5660=AXIS2_PLACEMENT_3D('',#7941,#6471,#6472);
#5661=AXIS2_PLACEMENT_3D('',#7947,#6476,#6477);
#5662=AXIS2_PLACEMENT_3D('',#7951,#6480,#6481);
#5663=AXIS2_PLACEMENT_3D('',#7955,#6484,#6485);
#5664=AXIS2_PLACEMENT_3D('',#7957,#6487,#6488);
#5665=AXIS2_PLACEMENT_3D('',#7958,#6489,#6490);
#5666=AXIS2_PLACEMENT_3D('',#7964,#6494,#6495);
#5667=AXIS2_PLACEMENT_3D('',#7968,#6498,#6499);
#5668=AXIS2_PLACEMENT_3D('',#7972,#6502,#6503);
#5669=AXIS2_PLACEMENT_3D('',#7974,#6505,#6506);
#5670=AXIS2_PLACEMENT_3D('',#7975,#6507,#6508);
#5671=AXIS2_PLACEMENT_3D('',#7981,#6512,#6513);
#5672=AXIS2_PLACEMENT_3D('',#7985,#6516,#6517);
#5673=AXIS2_PLACEMENT_3D('',#7989,#6520,#6521);
#5674=AXIS2_PLACEMENT_3D('',#7991,#6523,#6524);
#5675=AXIS2_PLACEMENT_3D('',#7992,#6525,#6526);
#5676=AXIS2_PLACEMENT_3D('',#7998,#6530,#6531);
#5677=AXIS2_PLACEMENT_3D('',#8002,#6534,#6535);
#5678=AXIS2_PLACEMENT_3D('',#8006,#6538,#6539);
#5679=AXIS2_PLACEMENT_3D('',#8008,#6541,#6542);
#5680=AXIS2_PLACEMENT_3D('',#8009,#6543,#6544);
#5681=AXIS2_PLACEMENT_3D('',#8015,#6548,#6549);
#5682=AXIS2_PLACEMENT_3D('',#8019,#6552,#6553);
#5683=AXIS2_PLACEMENT_3D('',#8023,#6556,#6557);
#5684=AXIS2_PLACEMENT_3D('',#8025,#6559,#6560);
#5685=AXIS2_PLACEMENT_3D('',#8026,#6561,#6562);
#5686=AXIS2_PLACEMENT_3D('',#8032,#6566,#6567);
#5687=AXIS2_PLACEMENT_3D('',#8036,#6570,#6571);
#5688=AXIS2_PLACEMENT_3D('',#8040,#6574,#6575);
#5689=AXIS2_PLACEMENT_3D('',#8042,#6577,#6578);
#5690=AXIS2_PLACEMENT_3D('',#8043,#6579,#6580);
#5691=AXIS2_PLACEMENT_3D('',#8049,#6584,#6585);
#5692=AXIS2_PLACEMENT_3D('',#8053,#6588,#6589);
#5693=AXIS2_PLACEMENT_3D('',#8057,#6592,#6593);
#5694=AXIS2_PLACEMENT_3D('',#8059,#6595,#6596);
#5695=AXIS2_PLACEMENT_3D('',#8060,#6597,#6598);
#5696=AXIS2_PLACEMENT_3D('',#8066,#6602,#6603);
#5697=AXIS2_PLACEMENT_3D('',#8070,#6606,#6607);
#5698=AXIS2_PLACEMENT_3D('',#8074,#6610,#6611);
#5699=AXIS2_PLACEMENT_3D('',#8076,#6613,#6614);
#5700=AXIS2_PLACEMENT_3D('',#8077,#6615,#6616);
#5701=AXIS2_PLACEMENT_3D('',#8083,#6620,#6621);
#5702=AXIS2_PLACEMENT_3D('',#8087,#6624,#6625);
#5703=AXIS2_PLACEMENT_3D('',#8091,#6628,#6629);
#5704=AXIS2_PLACEMENT_3D('',#8093,#6631,#6632);
#5705=AXIS2_PLACEMENT_3D('',#8094,#6633,#6634);
#5706=AXIS2_PLACEMENT_3D('',#8100,#6638,#6639);
#5707=AXIS2_PLACEMENT_3D('',#8104,#6642,#6643);
#5708=AXIS2_PLACEMENT_3D('',#8108,#6646,#6647);
#5709=AXIS2_PLACEMENT_3D('',#8110,#6649,#6650);
#5710=AXIS2_PLACEMENT_3D('',#8111,#6651,#6652);
#5711=AXIS2_PLACEMENT_3D('',#8117,#6656,#6657);
#5712=AXIS2_PLACEMENT_3D('',#8121,#6660,#6661);
#5713=AXIS2_PLACEMENT_3D('',#8125,#6664,#6665);
#5714=AXIS2_PLACEMENT_3D('',#8127,#6667,#6668);
#5715=AXIS2_PLACEMENT_3D('',#8128,#6669,#6670);
#5716=AXIS2_PLACEMENT_3D('',#8134,#6674,#6675);
#5717=AXIS2_PLACEMENT_3D('',#8138,#6678,#6679);
#5718=AXIS2_PLACEMENT_3D('',#8142,#6682,#6683);
#5719=AXIS2_PLACEMENT_3D('',#8144,#6685,#6686);
#5720=AXIS2_PLACEMENT_3D('',#8145,#6687,#6688);
#5721=AXIS2_PLACEMENT_3D('',#8154,#6693,#6694);
#5722=AXIS2_PLACEMENT_3D('',#8160,#6698,#6699);
#5723=AXIS2_PLACEMENT_3D('',#8166,#6703,#6704);
#5724=AXIS2_PLACEMENT_3D('',#8169,#6707,#6708);
#5725=AXIS2_PLACEMENT_3D('',#8170,#6709,#6710);
#5726=AXIS2_PLACEMENT_3D('',#8171,#6711,#6712);
#5727=AXIS2_PLACEMENT_3D('',#8180,#6717,#6718);
#5728=AXIS2_PLACEMENT_3D('',#8186,#6722,#6723);
#5729=AXIS2_PLACEMENT_3D('',#8192,#6727,#6728);
#5730=AXIS2_PLACEMENT_3D('',#8195,#6731,#6732);
#5731=AXIS2_PLACEMENT_3D('',#8196,#6733,#6734);
#5732=AXIS2_PLACEMENT_3D('',#8197,#6735,#6736);
#5733=AXIS2_PLACEMENT_3D('',#8206,#6741,#6742);
#5734=AXIS2_PLACEMENT_3D('',#8212,#6746,#6747);
#5735=AXIS2_PLACEMENT_3D('',#8218,#6751,#6752);
#5736=AXIS2_PLACEMENT_3D('',#8221,#6755,#6756);
#5737=AXIS2_PLACEMENT_3D('',#8222,#6757,#6758);
#5738=AXIS2_PLACEMENT_3D('',#8223,#6759,#6760);
#5739=AXIS2_PLACEMENT_3D('',#8232,#6765,#6766);
#5740=AXIS2_PLACEMENT_3D('',#8238,#6770,#6771);
#5741=AXIS2_PLACEMENT_3D('',#8244,#6775,#6776);
#5742=AXIS2_PLACEMENT_3D('',#8247,#6779,#6780);
#5743=AXIS2_PLACEMENT_3D('',#8248,#6781,#6782);
#5744=AXIS2_PLACEMENT_3D('',#8249,#6783,#6784);
#5745=AXIS2_PLACEMENT_3D('',#8258,#6789,#6790);
#5746=AXIS2_PLACEMENT_3D('',#8264,#6794,#6795);
#5747=AXIS2_PLACEMENT_3D('',#8270,#6799,#6800);
#5748=AXIS2_PLACEMENT_3D('',#8273,#6803,#6804);
#5749=AXIS2_PLACEMENT_3D('',#8274,#6805,#6806);
#5750=AXIS2_PLACEMENT_3D('',#8275,#6807,#6808);
#5751=AXIS2_PLACEMENT_3D('',#8284,#6813,#6814);
#5752=AXIS2_PLACEMENT_3D('',#8290,#6818,#6819);
#5753=AXIS2_PLACEMENT_3D('',#8296,#6823,#6824);
#5754=AXIS2_PLACEMENT_3D('',#8299,#6827,#6828);
#5755=AXIS2_PLACEMENT_3D('',#8300,#6829,#6830);
#5756=AXIS2_PLACEMENT_3D('',#8301,#6831,#6832);
#5757=AXIS2_PLACEMENT_3D('',#8310,#6837,#6838);
#5758=AXIS2_PLACEMENT_3D('',#8316,#6842,#6843);
#5759=AXIS2_PLACEMENT_3D('',#8322,#6847,#6848);
#5760=AXIS2_PLACEMENT_3D('',#8325,#6851,#6852);
#5761=AXIS2_PLACEMENT_3D('',#8326,#6853,#6854);
#5762=AXIS2_PLACEMENT_3D('',#8327,#6855,#6856);
#5763=AXIS2_PLACEMENT_3D('',#8336,#6861,#6862);
#5764=AXIS2_PLACEMENT_3D('',#8342,#6866,#6867);
#5765=AXIS2_PLACEMENT_3D('',#8348,#6871,#6872);
#5766=AXIS2_PLACEMENT_3D('',#8351,#6875,#6876);
#5767=AXIS2_PLACEMENT_3D('',#8352,#6877,#6878);
#5768=AXIS2_PLACEMENT_3D('',#8353,#6879,#6880);
#5769=AXIS2_PLACEMENT_3D('',#8362,#6885,#6886);
#5770=AXIS2_PLACEMENT_3D('',#8368,#6890,#6891);
#5771=AXIS2_PLACEMENT_3D('',#8374,#6895,#6896);
#5772=AXIS2_PLACEMENT_3D('',#8377,#6899,#6900);
#5773=AXIS2_PLACEMENT_3D('',#8378,#6901,#6902);
#5774=AXIS2_PLACEMENT_3D('',#8379,#6903,#6904);
#5775=AXIS2_PLACEMENT_3D('',#8388,#6909,#6910);
#5776=AXIS2_PLACEMENT_3D('',#8394,#6914,#6915);
#5777=AXIS2_PLACEMENT_3D('',#8400,#6919,#6920);
#5778=AXIS2_PLACEMENT_3D('',#8403,#6923,#6924);
#5779=AXIS2_PLACEMENT_3D('',#8404,#6925,#6926);
#5780=AXIS2_PLACEMENT_3D('',#8405,#6927,#6928);
#5781=AXIS2_PLACEMENT_3D('',#8414,#6933,#6934);
#5782=AXIS2_PLACEMENT_3D('',#8420,#6938,#6939);
#5783=AXIS2_PLACEMENT_3D('',#8426,#6943,#6944);
#5784=AXIS2_PLACEMENT_3D('',#8429,#6947,#6948);
#5785=AXIS2_PLACEMENT_3D('',#8430,#6949,#6950);
#5786=AXIS2_PLACEMENT_3D('',#8431,#6951,#6952);
#5787=AXIS2_PLACEMENT_3D('',#8440,#6957,#6958);
#5788=AXIS2_PLACEMENT_3D('',#8446,#6962,#6963);
#5789=AXIS2_PLACEMENT_3D('',#8452,#6967,#6968);
#5790=AXIS2_PLACEMENT_3D('',#8455,#6971,#6972);
#5791=AXIS2_PLACEMENT_3D('',#8456,#6973,#6974);
#5792=AXIS2_PLACEMENT_3D('',#8457,#6975,#6976);
#5793=AXIS2_PLACEMENT_3D('',#8462,#6978,#6979);
#5794=AXIS2_PLACEMENT_3D('',#8465,#6981,#6982);
#5795=AXIS2_PLACEMENT_3D('',#8466,#6983,#6984);
#5796=AXIS2_PLACEMENT_3D('',#8471,#6986,#6987);
#5797=AXIS2_PLACEMENT_3D('',#8474,#6989,#6990);
#5798=AXIS2_PLACEMENT_3D('',#8475,#6991,#6992);
#5799=AXIS2_PLACEMENT_3D('',#8480,#6994,#6995);
#5800=AXIS2_PLACEMENT_3D('',#8483,#6997,#6998);
#5801=AXIS2_PLACEMENT_3D('',#8484,#6999,#7000);
#5802=AXIS2_PLACEMENT_3D('',#8486,#7001,#7002);
#5803=AXIS2_PLACEMENT_3D('',#8490,#7004,#7005);
#5804=AXIS2_PLACEMENT_3D('',#8495,#7008,#7009);
#5805=AXIS2_PLACEMENT_3D('',#8500,#7012,#7013);
#5806=AXIS2_PLACEMENT_3D('',#8504,#7015,#7016);
#5807=AXIS2_PLACEMENT_3D('',#8508,#7018,#7019);
#5808=AXIS2_PLACEMENT_3D('',#8512,#7022,#7023);
#5809=AXIS2_PLACEMENT_3D('',#8513,#7024,#7025);
#5810=AXIS2_PLACEMENT_3D('',#8518,#7028,#7029);
#5811=AXIS2_PLACEMENT_3D('',#8519,#7030,#7031);
#5812=AXIS2_PLACEMENT_3D('',#8520,#7032,#7033);
#5813=AXIS2_PLACEMENT_3D('',#8524,#7036,#7037);
#5814=AXIS2_PLACEMENT_3D('',#8527,#7039,#7040);
#5815=AXIS2_PLACEMENT_3D('',#8528,#7041,#7042);
#5816=AXIS2_PLACEMENT_3D('',#8530,#7044,#7045);
#5817=AXIS2_PLACEMENT_3D('',#8534,#7048,#7049);
#5818=AXIS2_PLACEMENT_3D('',#8537,#7051,#7052);
#5819=AXIS2_PLACEMENT_3D('',#8538,#7053,#7054);
#5820=AXIS2_PLACEMENT_3D('',#8540,#7056,#7057);
#5821=AXIS2_PLACEMENT_3D('',#8544,#7060,#7061);
#5822=AXIS2_PLACEMENT_3D('',#8547,#7063,#7064);
#5823=AXIS2_PLACEMENT_3D('',#8548,#7065,#7066);
#5824=AXIS2_PLACEMENT_3D('',#8550,#7068,#7069);
#5825=AXIS2_PLACEMENT_3D('',#8554,#7072,#7073);
#5826=AXIS2_PLACEMENT_3D('',#8557,#7075,#7076);
#5827=AXIS2_PLACEMENT_3D('',#8558,#7077,#7078);
#5828=AXIS2_PLACEMENT_3D('',#8560,#7080,#7081);
#5829=AXIS2_PLACEMENT_3D('',#8561,#7082,#7083);
#5830=AXIS2_PLACEMENT_3D('',#8570,#7088,#7089);
#5831=AXIS2_PLACEMENT_3D('',#8579,#7094,#7095);
#5832=AXIS2_PLACEMENT_3D('',#8588,#7100,#7101);
#5833=AXIS2_PLACEMENT_3D('',#8597,#7106,#7107);
#5834=AXIS2_PLACEMENT_3D('',#8606,#7112,#7113);
#5835=AXIS2_PLACEMENT_3D('',#8615,#7118,#7119);
#5836=AXIS2_PLACEMENT_3D('',#8624,#7124,#7125);
#5837=AXIS2_PLACEMENT_3D('',#8633,#7130,#7131);
#5838=AXIS2_PLACEMENT_3D('',#8642,#7136,#7137);
#5839=AXIS2_PLACEMENT_3D('',#8651,#7142,#7143);
#5840=AXIS2_PLACEMENT_3D('',#8660,#7148,#7149);
#5841=AXIS2_PLACEMENT_3D('',#8669,#7154,#7155);
#5842=AXIS2_PLACEMENT_3D('',#8678,#7160,#7161);
#5843=AXIS2_PLACEMENT_3D('',#8687,#7166,#7167);
#5844=AXIS2_PLACEMENT_3D('',#8696,#7172,#7173);
#5845=AXIS2_PLACEMENT_3D('',#8705,#7178,#7179);
#5846=AXIS2_PLACEMENT_3D('',#8714,#7184,#7185);
#5847=AXIS2_PLACEMENT_3D('',#8723,#7190,#7191);
#5848=AXIS2_PLACEMENT_3D('',#8724,#7192,#7193);
#5849=DIRECTION('axis',(0.,0.,1.));
#5850=DIRECTION('refdir',(1.,0.,0.));
#5851=DIRECTION('axis',(0.,0.,1.));
#5852=DIRECTION('refdir',(1.,0.,0.));
#5853=DIRECTION('center_axis',(0.,0.,-1.));
#5854=DIRECTION('ref_axis',(-1.,0.,0.));
#5855=DIRECTION('',(1.,-9.86572592972592E-17,0.));
#5856=DIRECTION('',(0.,-1.,0.));
#5857=DIRECTION('',(-1.,0.,0.));
#5858=DIRECTION('',(0.,-1.,0.));
#5859=DIRECTION('center_axis',(0.,0.,-1.));
#5860=DIRECTION('ref_axis',(-1.,0.,0.));
#5861=DIRECTION('',(-1.,1.31543012396346E-16,0.));
#5862=DIRECTION('',(0.,-1.,0.));
#5863=DIRECTION('',(-1.,0.,0.));
#5864=DIRECTION('',(0.,-1.,0.));
#5865=DIRECTION('center_axis',(0.,0.,-1.));
#5866=DIRECTION('ref_axis',(-1.,0.,0.));
#5867=DIRECTION('',(1.,1.23321574121574E-17,0.));
#5868=DIRECTION('',(0.,-1.,0.));
#5869=DIRECTION('',(-1.,-1.19210854984188E-16,0.));
#5870=DIRECTION('',(0.,-1.,0.));
#5871=DIRECTION('center_axis',(0.,0.,-1.));
#5872=DIRECTION('ref_axis',(-1.,0.,0.));
#5873=DIRECTION('',(1.,9.86572592972592E-17,0.));
#5874=DIRECTION('',(0.,-1.,0.));
#5875=DIRECTION('',(-1.,-1.31543012396346E-16,0.));
#5876=DIRECTION('',(0.,-1.,0.));
#5877=DIRECTION('center_axis',(0.,0.,-1.));
#5878=DIRECTION('ref_axis',(-1.,0.,0.));
#5879=DIRECTION('',(1.,1.31543012396346E-16,0.));
#5880=DIRECTION('',(0.,-1.,0.));
#5881=DIRECTION('',(-1.,0.,0.));
#5882=DIRECTION('',(0.,-1.,0.));
#5883=DIRECTION('center_axis',(1.,0.,0.));
#5884=DIRECTION('ref_axis',(0.,0.,-1.));
#5885=DIRECTION('',(0.,1.,0.));
#5886=DIRECTION('',(0.,0.,1.));
#5887=DIRECTION('',(0.,0.,1.));
#5888=DIRECTION('',(0.,1.,0.));
#5889=DIRECTION('',(0.,0.,1.));
#5890=DIRECTION('',(0.,0.,1.));
#5891=DIRECTION('',(0.,1.,0.));
#5892=DIRECTION('',(0.,0.,1.));
#5893=DIRECTION('',(0.,0.,1.));
#5894=DIRECTION('',(0.,1.,0.));
#5895=DIRECTION('',(0.,0.,1.));
#5896=DIRECTION('',(0.,-1.15168363550327E-15,-1.));
#5897=DIRECTION('',(0.,1.,0.));
#5898=DIRECTION('',(0.,1.15168363550327E-15,1.));
#5899=DIRECTION('',(0.,0.,1.));
#5900=DIRECTION('center_axis',(0.,1.,-1.07970340828432E-15));
#5901=DIRECTION('ref_axis',(0.,1.07970340828432E-15,1.));
#5902=DIRECTION('',(0.,-1.15168363550327E-15,-1.));
#5903=DIRECTION('',(-1.,0.,0.));
#5904=DIRECTION('center_axis',(0.,0.,1.));
#5905=DIRECTION('ref_axis',(1.,0.,0.));
#5906=DIRECTION('',(0.,1.,0.));
#5907=DIRECTION('',(-1.,0.,0.));
#5908=DIRECTION('center_axis',(0.,-1.,1.07970340828432E-15));
#5909=DIRECTION('ref_axis',(0.,-1.07970340828432E-15,-1.));
#5910=DIRECTION('',(0.,1.15168363550327E-15,1.));
#5911=DIRECTION('center_axis',(1.,0.,0.));
#5912=DIRECTION('ref_axis',(0.,0.,-1.));
#5913=DIRECTION('',(0.,-1.,0.));
#5914=DIRECTION('',(0.,0.,1.));
#5915=DIRECTION('',(0.,0.,1.));
#5916=DIRECTION('',(0.,-1.,0.));
#5917=DIRECTION('',(0.,0.,1.));
#5918=DIRECTION('',(0.,0.,1.));
#5919=DIRECTION('',(0.,-1.,0.));
#5920=DIRECTION('',(0.,0.,1.));
#5921=DIRECTION('',(0.,0.,1.));
#5922=DIRECTION('',(0.,-1.,0.));
#5923=DIRECTION('',(0.,0.,1.));
#5924=DIRECTION('',(0.,0.,1.));
#5925=DIRECTION('center_axis',(1.54151967651967E-16,-1.,0.));
#5926=DIRECTION('ref_axis',(0.,0.,-1.));
#5927=DIRECTION('',(1.,1.31543012396346E-16,0.));
#5928=DIRECTION('center_axis',(-1.54151967651967E-16,1.,0.));
#5929=DIRECTION('ref_axis',(0.,0.,1.));
#5930=DIRECTION('',(-1.,-1.31543012396346E-16,0.));
#5931=DIRECTION('center_axis',(0.,0.,1.));
#5932=DIRECTION('ref_axis',(1.,0.,0.));
#5933=DIRECTION('center_axis',(1.02767978434645E-16,-1.,0.));
#5934=DIRECTION('ref_axis',(0.,0.,-1.));
#5935=DIRECTION('',(1.,9.86572592972592E-17,0.));
#5936=DIRECTION('center_axis',(-1.22036974391141E-16,1.,0.));
#5937=DIRECTION('ref_axis',(0.,0.,1.));
#5938=DIRECTION('',(-1.,-1.19210854984188E-16,0.));
#5939=DIRECTION('center_axis',(0.,0.,1.));
#5940=DIRECTION('ref_axis',(1.,0.,0.));
#5941=DIRECTION('center_axis',(1.28459973043306E-17,-1.,0.));
#5942=DIRECTION('ref_axis',(0.,0.,-1.));
#5943=DIRECTION('',(1.,1.23321574121574E-17,0.));
#5944=DIRECTION('center_axis',(0.,1.,0.));
#5945=DIRECTION('ref_axis',(0.,0.,1.));
#5946=DIRECTION('',(-1.,0.,0.));
#5947=DIRECTION('center_axis',(0.,0.,1.));
#5948=DIRECTION('ref_axis',(1.,0.,0.));
#5949=DIRECTION('center_axis',(-1.02767978434645E-16,-1.,0.));
#5950=DIRECTION('ref_axis',(0.,0.,-1.));
#5951=DIRECTION('',(1.,-9.86572592972592E-17,0.));
#5952=DIRECTION('center_axis',(1.54151967651967E-16,1.,0.));
#5953=DIRECTION('ref_axis',(0.,0.,1.));
#5954=DIRECTION('',(-1.,1.31543012396346E-16,0.));
#5955=DIRECTION('center_axis',(0.,0.,1.));
#5956=DIRECTION('ref_axis',(1.,0.,0.));
#5957=DIRECTION('axis',(0.,0.,1.));
#5958=DIRECTION('refdir',(1.,0.,0.));
#5959=DIRECTION('center_axis',(0.,0.,1.));
#5960=DIRECTION('ref_axis',(1.,0.,0.));
#5961=DIRECTION('',(-1.19437195803195E-15,-1.,0.));
#5962=DIRECTION('',(-1.,0.,0.));
#5963=DIRECTION('',(1.19437195803195E-15,1.,0.));
#5964=DIRECTION('',(1.,0.,0.));
#5965=DIRECTION('',(0.,1.,0.));
#5966=DIRECTION('',(-1.,-4.97114787145592E-15,0.));
#5967=DIRECTION('',(0.,-1.,0.));
#5968=DIRECTION('',(1.,4.97114787145592E-15,0.));
#5969=DIRECTION('',(1.6570492904853E-15,1.,0.));
#5970=DIRECTION('',(-1.,-1.24278696786398E-14,0.));
#5971=DIRECTION('',(0.,-1.,0.));
#5972=DIRECTION('',(1.,5.7996725166986E-15,0.));
#5973=DIRECTION('',(3.31409858097062E-15,1.,0.));
#5974=DIRECTION('',(-1.,-2.48557393572817E-15,0.));
#5975=DIRECTION('',(6.62819716194121E-15,-1.,0.));
#5976=DIRECTION('',(1.,5.79967251669911E-15,0.));
#5977=DIRECTION('',(-1.65704929048531E-15,1.,0.));
#5978=DIRECTION('',(-1.,-4.97114787145592E-15,0.));
#5979=DIRECTION('',(3.31409858097061E-15,-1.,0.));
#5980=DIRECTION('',(1.,6.62819716194124E-15,0.));
#5981=DIRECTION('',(-4.97114787145593E-15,1.,0.));
#5982=DIRECTION('',(-1.,-8.28524645242653E-15,0.));
#5983=DIRECTION('',(4.97114787145592E-15,-1.,0.));
#5984=DIRECTION('',(1.,9.94229574291184E-15,0.));
#5985=DIRECTION('',(-4.97114787145595E-15,1.,0.));
#5986=DIRECTION('',(-1.,-9.3209022589799E-15,0.));
#5987=DIRECTION('',(3.31409858097061E-15,-1.,0.));
#5988=DIRECTION('',(1.,1.61562305822318E-14,0.));
#5989=DIRECTION('',(0.,1.,0.));
#5990=DIRECTION('',(-1.,-1.65704929048546E-15,0.));
#5991=DIRECTION('',(-8.28524645242655E-15,-1.,0.));
#5992=DIRECTION('',(1.,-1.65704929048544E-15,0.));
#5993=DIRECTION('',(0.,1.,0.));
#5994=DIRECTION('',(-1.,0.,0.));
#5995=DIRECTION('',(-1.65704929048531E-15,-1.,0.));
#5996=DIRECTION('',(1.,0.,0.));
#5997=DIRECTION('',(-1.,1.24278696786398E-14,0.));
#5998=DIRECTION('',(1.6570492904853E-15,-1.,0.));
#5999=DIRECTION('',(1.,-5.7996725166986E-15,0.));
#6000=DIRECTION('',(0.,1.,0.));
#6001=DIRECTION('',(-1.,1.65704929048546E-15,0.));
#6002=DIRECTION('',(0.,-1.,0.));
#6003=DIRECTION('',(1.,1.65704929048544E-15,0.));
#6004=DIRECTION('',(-8.28524645242655E-15,1.,0.));
#6005=DIRECTION('',(-1.,4.97114787145592E-15,0.));
#6006=DIRECTION('',(0.,-1.,0.));
#6007=DIRECTION('',(1.,-4.97114787145592E-15,0.));
#6008=DIRECTION('',(0.,1.,0.));
#6009=DIRECTION('',(-1.,0.,0.));
#6010=DIRECTION('',(0.,-1.,0.));
#6011=DIRECTION('',(1.,0.,0.));
#6012=DIRECTION('',(-1.65704929048531E-15,1.,0.));
#6013=DIRECTION('',(-1.,4.97114787145592E-15,0.));
#6014=DIRECTION('',(-1.65704929048531E-15,-1.,0.));
#6015=DIRECTION('',(1.,-6.62819716194124E-15,0.));
#6016=DIRECTION('',(3.31409858097061E-15,1.,0.));
#6017=DIRECTION('',(-1.,8.28524645242653E-15,0.));
#6018=DIRECTION('',(-4.97114787145593E-15,-1.,0.));
#6019=DIRECTION('',(1.,-9.94229574291184E-15,0.));
#6020=DIRECTION('',(4.97114787145592E-15,1.,0.));
#6021=DIRECTION('',(-1.,2.48557393572817E-15,0.));
#6022=DIRECTION('',(3.31409858097062E-15,-1.,0.));
#6023=DIRECTION('',(1.,-5.79967251669911E-15,0.));
#6024=DIRECTION('',(6.62819716194121E-15,1.,0.));
#6025=DIRECTION('',(-1.,9.3209022589799E-15,0.));
#6026=DIRECTION('',(-4.97114787145595E-15,-1.,0.));
#6027=DIRECTION('',(1.,-1.61562305822318E-14,0.));
#6028=DIRECTION('',(3.31409858097061E-15,1.,0.));
#6029=DIRECTION('center_axis',(0.,0.,1.));
#6030=DIRECTION('ref_axis',(1.,0.,0.));
#6031=DIRECTION('',(-1.19437195803195E-15,-1.,0.));
#6032=DIRECTION('',(1.,0.,0.));
#6033=DIRECTION('',(1.19437195803195E-15,1.,0.));
#6034=DIRECTION('',(-1.,0.,0.));
#6035=DIRECTION('',(1.,-5.79967251669911E-15,0.));
#6036=DIRECTION('',(3.31409858097062E-15,-1.,0.));
#6037=DIRECTION('',(-1.,2.48557393572817E-15,0.));
#6038=DIRECTION('',(6.62819716194121E-15,1.,0.));
#6039=DIRECTION('',(1.,-9.94229574291184E-15,0.));
#6040=DIRECTION('',(-4.97114787145593E-15,-1.,0.));
#6041=DIRECTION('',(-1.,8.28524645242653E-15,0.));
#6042=DIRECTION('',(4.97114787145592E-15,1.,0.));
#6043=DIRECTION('',(1.,-6.62819716194124E-15,0.));
#6044=DIRECTION('',(-1.65704929048531E-15,-1.,0.));
#6045=DIRECTION('',(-1.,4.97114787145592E-15,0.));
#6046=DIRECTION('',(3.31409858097061E-15,1.,0.));
#6047=DIRECTION('',(1.,0.,0.));
#6048=DIRECTION('',(0.,-1.,0.));
#6049=DIRECTION('',(-1.,0.,0.));
#6050=DIRECTION('',(-1.65704929048531E-15,1.,0.));
#6051=DIRECTION('',(1.,-4.97114787145592E-15,0.));
#6052=DIRECTION('',(0.,-1.,0.));
#6053=DIRECTION('',(-1.,4.97114787145592E-15,0.));
#6054=DIRECTION('',(0.,1.,0.));
#6055=DIRECTION('',(1.,1.65704929048544E-15,0.));
#6056=DIRECTION('',(0.,-1.,0.));
#6057=DIRECTION('',(-1.,1.65704929048546E-15,0.));
#6058=DIRECTION('',(-8.28524645242655E-15,1.,0.));
#6059=DIRECTION('',(1.,-5.7996725166986E-15,0.));
#6060=DIRECTION('',(1.6570492904853E-15,-1.,0.));
#6061=DIRECTION('',(-1.,1.24278696786398E-14,0.));
#6062=DIRECTION('',(0.,1.,0.));
#6063=DIRECTION('',(-1.65704929048531E-15,1.,0.));
#6064=DIRECTION('',(1.,6.62819716194124E-15,0.));
#6065=DIRECTION('',(3.31409858097061E-15,-1.,0.));
#6066=DIRECTION('',(-1.,-4.97114787145592E-15,0.));
#6067=DIRECTION('',(-4.97114787145593E-15,1.,0.));
#6068=DIRECTION('',(1.,9.94229574291184E-15,0.));
#6069=DIRECTION('',(4.97114787145592E-15,-1.,0.));
#6070=DIRECTION('',(-1.,-8.28524645242653E-15,0.));
#6071=DIRECTION('',(3.31409858097062E-15,1.,0.));
#6072=DIRECTION('',(1.,5.79967251669911E-15,0.));
#6073=DIRECTION('',(6.62819716194121E-15,-1.,0.));
#6074=DIRECTION('',(-1.,-2.48557393572817E-15,0.));
#6075=DIRECTION('',(-4.97114787145595E-15,1.,0.));
#6076=DIRECTION('',(1.,1.61562305822318E-14,0.));
#6077=DIRECTION('',(3.31409858097061E-15,-1.,0.));
#6078=DIRECTION('',(-1.,-9.3209022589799E-15,0.));
#6079=DIRECTION('',(1.6570492904853E-15,1.,0.));
#6080=DIRECTION('',(1.,5.7996725166986E-15,0.));
#6081=DIRECTION('',(0.,-1.,0.));
#6082=DIRECTION('',(-1.,-1.24278696786398E-14,0.));
#6083=DIRECTION('',(0.,1.,0.));
#6084=DIRECTION('',(1.,-1.65704929048544E-15,0.));
#6085=DIRECTION('',(-8.28524645242655E-15,-1.,0.));
#6086=DIRECTION('',(-1.,-1.65704929048546E-15,0.));
#6087=DIRECTION('',(0.,1.,0.));
#6088=DIRECTION('',(1.,4.97114787145592E-15,0.));
#6089=DIRECTION('',(0.,-1.,0.));
#6090=DIRECTION('',(-1.,-4.97114787145592E-15,0.));
#6091=DIRECTION('',(0.,1.,0.));
#6092=DIRECTION('',(1.,0.,0.));
#6093=DIRECTION('',(-1.65704929048531E-15,-1.,0.));
#6094=DIRECTION('',(-1.,0.,0.));
#6095=DIRECTION('',(-4.97114787145595E-15,-1.,0.));
#6096=DIRECTION('',(-1.,9.3209022589799E-15,0.));
#6097=DIRECTION('',(3.31409858097061E-15,1.,0.));
#6098=DIRECTION('',(1.,-1.61562305822318E-14,0.));
#6099=DIRECTION('center_axis',(1.,-1.18758575372495E-15,0.));
#6100=DIRECTION('ref_axis',(0.,0.,-1.));
#6101=DIRECTION('',(0.,0.,-1.));
#6102=DIRECTION('',(0.,0.,-1.));
#6103=DIRECTION('center_axis',(0.,1.,0.));
#6104=DIRECTION('ref_axis',(0.,0.,1.));
#6105=DIRECTION('',(0.,0.,-1.));
#6106=DIRECTION('center_axis',(-1.,1.18758575372495E-15,0.));
#6107=DIRECTION('ref_axis',(0.,0.,1.));
#6108=DIRECTION('',(0.,0.,-1.));
#6109=DIRECTION('center_axis',(0.,-1.,0.));
#6110=DIRECTION('ref_axis',(0.,0.,-1.));
#6111=DIRECTION('center_axis',(1.,-5.17827903276661E-15,0.));
#6112=DIRECTION('ref_axis',(0.,0.,-1.));
#6113=DIRECTION('',(0.,0.,-1.));
#6114=DIRECTION('',(-4.97114787145595E-15,-1.,0.));
#6115=DIRECTION('',(0.,0.,-1.));
#6116=DIRECTION('center_axis',(1.58584795378477E-14,1.,0.));
#6117=DIRECTION('ref_axis',(0.,0.,1.));
#6118=DIRECTION('',(0.,0.,-1.));
#6119=DIRECTION('',(1.,-1.61562305822318E-14,0.));
#6120=DIRECTION('center_axis',(-1.,3.88370927457493E-15,0.));
#6121=DIRECTION('ref_axis',(0.,0.,1.));
#6122=DIRECTION('',(0.,0.,-1.));
#6123=DIRECTION('',(3.31409858097061E-15,1.,0.));
#6124=DIRECTION('center_axis',(-9.38563074688947E-15,-1.,0.));
#6125=DIRECTION('ref_axis',(0.,0.,-1.));
#6126=DIRECTION('',(-1.,9.3209022589799E-15,0.));
#6127=DIRECTION('center_axis',(0.,0.,1.));
#6128=DIRECTION('ref_axis',(1.,0.,0.));
#6129=DIRECTION('center_axis',(1.,2.58913951638329E-15,0.));
#6130=DIRECTION('ref_axis',(0.,0.,-1.));
#6131=DIRECTION('',(0.,0.,-1.));
#6132=DIRECTION('',(3.31409858097062E-15,-1.,0.));
#6133=DIRECTION('',(0.,0.,-1.));
#6134=DIRECTION('center_axis',(6.47284879095883E-15,1.,0.));
#6135=DIRECTION('ref_axis',(0.,0.,1.));
#6136=DIRECTION('',(0.,0.,-1.));
#6137=DIRECTION('',(1.,-5.79967251669911E-15,0.));
#6138=DIRECTION('center_axis',(-1.,6.47284879095821E-15,0.));
#6139=DIRECTION('ref_axis',(0.,0.,1.));
#6140=DIRECTION('',(0.,0.,-1.));
#6141=DIRECTION('',(6.62819716194121E-15,1.,0.));
#6142=DIRECTION('center_axis',(-2.58913951638351E-15,-1.,0.));
#6143=DIRECTION('ref_axis',(0.,0.,-1.));
#6144=DIRECTION('',(-1.,2.48557393572817E-15,0.));
#6145=DIRECTION('center_axis',(0.,0.,1.));
#6146=DIRECTION('ref_axis',(1.,0.,0.));
#6147=DIRECTION('center_axis',(1.,-3.88370927457494E-15,0.));
#6148=DIRECTION('ref_axis',(0.,0.,-1.));
#6149=DIRECTION('',(0.,0.,-1.));
#6150=DIRECTION('',(-4.97114787145593E-15,-1.,0.));
#6151=DIRECTION('',(0.,0.,-1.));
#6152=DIRECTION('center_axis',(1.03565580655332E-14,1.,0.));
#6153=DIRECTION('ref_axis',(0.,0.,1.));
#6154=DIRECTION('',(0.,0.,-1.));
#6155=DIRECTION('',(1.,-9.94229574291184E-15,0.));
#6156=DIRECTION('center_axis',(-1.,3.88370927457494E-15,0.));
#6157=DIRECTION('ref_axis',(0.,0.,1.));
#6158=DIRECTION('',(0.,0.,-1.));
#6159=DIRECTION('',(4.97114787145592E-15,1.,0.));
#6160=DIRECTION('center_axis',(-9.06198830734153E-15,-1.,0.));
#6161=DIRECTION('ref_axis',(0.,0.,-1.));
#6162=DIRECTION('',(-1.,8.28524645242653E-15,0.));
#6163=DIRECTION('center_axis',(0.,0.,1.));
#6164=DIRECTION('ref_axis',(1.,0.,0.));
#6165=DIRECTION('center_axis',(1.,-2.58913951638329E-15,0.));
#6166=DIRECTION('ref_axis',(0.,0.,-1.));
#6167=DIRECTION('',(0.,0.,-1.));
#6168=DIRECTION('',(-1.65704929048531E-15,-1.,0.));
#6169=DIRECTION('',(0.,0.,-1.));
#6170=DIRECTION('center_axis',(5.17827903276659E-15,1.,0.));
#6171=DIRECTION('ref_axis',(0.,0.,1.));
#6172=DIRECTION('',(0.,0.,-1.));
#6173=DIRECTION('',(1.,-6.62819716194124E-15,0.));
#6174=DIRECTION('center_axis',(-1.,2.58913951638329E-15,0.));
#6175=DIRECTION('ref_axis',(0.,0.,1.));
#6176=DIRECTION('',(0.,0.,-1.));
#6177=DIRECTION('',(3.31409858097061E-15,1.,0.));
#6178=DIRECTION('center_axis',(-5.17827903276659E-15,-1.,0.));
#6179=DIRECTION('ref_axis',(0.,0.,-1.));
#6180=DIRECTION('',(-1.,4.97114787145592E-15,0.));
#6181=DIRECTION('center_axis',(0.,0.,1.));
#6182=DIRECTION('ref_axis',(1.,0.,0.));
#6183=DIRECTION('center_axis',(1.,0.,0.));
#6184=DIRECTION('ref_axis',(0.,0.,-1.));
#6185=DIRECTION('',(0.,0.,-1.));
#6186=DIRECTION('',(0.,-1.,0.));
#6187=DIRECTION('',(0.,0.,-1.));
#6188=DIRECTION('center_axis',(0.,1.,0.));
#6189=DIRECTION('ref_axis',(0.,0.,1.));
#6190=DIRECTION('',(0.,0.,-1.));
#6191=DIRECTION('',(1.,0.,0.));
#6192=DIRECTION('center_axis',(-1.,-1.29456975819165E-15,0.));
#6193=DIRECTION('ref_axis',(0.,0.,1.));
#6194=DIRECTION('',(0.,0.,-1.));
#6195=DIRECTION('',(-1.65704929048531E-15,1.,0.));
#6196=DIRECTION('center_axis',(0.,-1.,0.));
#6197=DIRECTION('ref_axis',(0.,0.,-1.));
#6198=DIRECTION('',(-1.,0.,0.));
#6199=DIRECTION('center_axis',(0.,0.,1.));
#6200=DIRECTION('ref_axis',(1.,0.,0.));
#6201=DIRECTION('center_axis',(1.,-1.29456975819165E-15,0.));
#6202=DIRECTION('ref_axis',(0.,0.,-1.));
#6203=DIRECTION('',(0.,0.,-1.));
#6204=DIRECTION('',(0.,-1.,0.));
#6205=DIRECTION('',(0.,0.,-1.));
#6206=DIRECTION('center_axis',(5.17827903276659E-15,1.,0.));
#6207=DIRECTION('ref_axis',(0.,0.,1.));
#6208=DIRECTION('',(0.,0.,-1.));
#6209=DIRECTION('',(1.,-4.97114787145592E-15,0.));
#6210=DIRECTION('center_axis',(-1.,1.29456975819165E-15,0.));
#6211=DIRECTION('ref_axis',(0.,0.,1.));
#6212=DIRECTION('',(0.,0.,-1.));
#6213=DIRECTION('',(0.,1.,0.));
#6214=DIRECTION('center_axis',(-5.17827903276659E-15,-1.,0.));
#6215=DIRECTION('ref_axis',(0.,0.,-1.));
#6216=DIRECTION('',(-1.,4.97114787145592E-15,0.));
#6217=DIRECTION('center_axis',(0.,0.,1.));
#6218=DIRECTION('ref_axis',(1.,0.,0.));
#6219=DIRECTION('center_axis',(1.,0.,0.));
#6220=DIRECTION('ref_axis',(0.,0.,-1.));
#6221=DIRECTION('',(0.,0.,-1.));
#6222=DIRECTION('',(0.,-1.,0.));
#6223=DIRECTION('',(0.,0.,-1.));
#6224=DIRECTION('center_axis',(-1.29456975819175E-15,1.,0.));
#6225=DIRECTION('ref_axis',(0.,0.,1.));
#6226=DIRECTION('',(0.,0.,-1.));
#6227=DIRECTION('',(1.,1.65704929048544E-15,0.));
#6228=DIRECTION('center_axis',(-1.,-7.76741854914988E-15,0.));
#6229=DIRECTION('ref_axis',(0.,0.,1.));
#6230=DIRECTION('',(0.,0.,-1.));
#6231=DIRECTION('',(-8.28524645242655E-15,1.,0.));
#6232=DIRECTION('center_axis',(-1.29456975819176E-15,-1.,0.));
#6233=DIRECTION('ref_axis',(0.,0.,-1.));
#6234=DIRECTION('',(-1.,1.65704929048546E-15,0.));
#6235=DIRECTION('center_axis',(0.,0.,1.));
#6236=DIRECTION('ref_axis',(1.,0.,0.));
#6237=DIRECTION('center_axis',(1.,1.29456975819164E-15,0.));
#6238=DIRECTION('ref_axis',(0.,0.,-1.));
#6239=DIRECTION('',(0.,0.,-1.));
#6240=DIRECTION('',(1.6570492904853E-15,-1.,0.));
#6241=DIRECTION('',(0.,0.,-1.));
#6242=DIRECTION('center_axis',(5.82556391186243E-15,1.,0.));
#6243=DIRECTION('ref_axis',(0.,0.,1.));
#6244=DIRECTION('',(0.,0.,-1.));
#6245=DIRECTION('',(1.,-5.7996725166986E-15,0.));
#6246=DIRECTION('center_axis',(-1.,0.,0.));
#6247=DIRECTION('ref_axis',(0.,0.,1.));
#6248=DIRECTION('',(0.,0.,-1.));
#6249=DIRECTION('',(0.,1.,0.));
#6250=DIRECTION('center_axis',(-1.22984127028207E-14,-1.,0.));
#6251=DIRECTION('ref_axis',(0.,0.,-1.));
#6252=DIRECTION('',(-1.,1.24278696786398E-14,0.));
#6253=DIRECTION('center_axis',(0.,0.,1.));
#6254=DIRECTION('ref_axis',(1.,0.,0.));
#6255=DIRECTION('center_axis',(-1.,0.,0.));
#6256=DIRECTION('ref_axis',(0.,0.,1.));
#6257=DIRECTION('',(0.,0.,-1.));
#6258=DIRECTION('',(0.,1.,0.));
#6259=DIRECTION('',(0.,0.,-1.));
#6260=DIRECTION('center_axis',(0.,1.,0.));
#6261=DIRECTION('ref_axis',(0.,0.,1.));
#6262=DIRECTION('',(1.,0.,0.));
#6263=DIRECTION('',(0.,0.,-1.));
#6264=DIRECTION('center_axis',(1.,-1.29456975819165E-15,0.));
#6265=DIRECTION('ref_axis',(0.,0.,-1.));
#6266=DIRECTION('',(-1.65704929048531E-15,-1.,0.));
#6267=DIRECTION('',(0.,0.,-1.));
#6268=DIRECTION('center_axis',(0.,-1.,0.));
#6269=DIRECTION('ref_axis',(0.,0.,-1.));
#6270=DIRECTION('',(-1.,0.,0.));
#6271=DIRECTION('center_axis',(0.,0.,-1.));
#6272=DIRECTION('ref_axis',(-1.,0.,0.));
#6273=DIRECTION('center_axis',(-1.,-1.29456975819165E-15,0.));
#6274=DIRECTION('ref_axis',(0.,0.,1.));
#6275=DIRECTION('',(0.,0.,-1.));
#6276=DIRECTION('',(0.,1.,0.));
#6277=DIRECTION('',(0.,0.,-1.));
#6278=DIRECTION('center_axis',(-5.17827903276659E-15,1.,0.));
#6279=DIRECTION('ref_axis',(0.,0.,1.));
#6280=DIRECTION('',(1.,4.97114787145592E-15,0.));
#6281=DIRECTION('',(0.,0.,-1.));
#6282=DIRECTION('center_axis',(1.,1.29456975819165E-15,0.));
#6283=DIRECTION('ref_axis',(0.,0.,-1.));
#6284=DIRECTION('',(0.,-1.,0.));
#6285=DIRECTION('',(0.,0.,-1.));
#6286=DIRECTION('center_axis',(5.17827903276659E-15,-1.,0.));
#6287=DIRECTION('ref_axis',(0.,0.,-1.));
#6288=DIRECTION('',(-1.,-4.97114787145592E-15,0.));
#6289=DIRECTION('center_axis',(0.,0.,-1.));
#6290=DIRECTION('ref_axis',(-1.,0.,0.));
#6291=DIRECTION('center_axis',(-1.,0.,0.));
#6292=DIRECTION('ref_axis',(0.,0.,1.));
#6293=DIRECTION('',(0.,0.,-1.));
#6294=DIRECTION('',(0.,1.,0.));
#6295=DIRECTION('',(0.,0.,-1.));
#6296=DIRECTION('center_axis',(1.29456975819175E-15,1.,0.));
#6297=DIRECTION('ref_axis',(0.,0.,1.));
#6298=DIRECTION('',(1.,-1.65704929048544E-15,0.));
#6299=DIRECTION('',(0.,0.,-1.));
#6300=DIRECTION('center_axis',(1.,-7.76741854914988E-15,0.));
#6301=DIRECTION('ref_axis',(0.,0.,-1.));
#6302=DIRECTION('',(-8.28524645242655E-15,-1.,0.));
#6303=DIRECTION('',(0.,0.,-1.));
#6304=DIRECTION('center_axis',(1.29456975819176E-15,-1.,0.));
#6305=DIRECTION('ref_axis',(0.,0.,-1.));
#6306=DIRECTION('',(-1.,-1.65704929048546E-15,0.));
#6307=DIRECTION('center_axis',(0.,0.,-1.));
#6308=DIRECTION('ref_axis',(-1.,0.,0.));
#6309=DIRECTION('center_axis',(-1.,1.29456975819164E-15,0.));
#6310=DIRECTION('ref_axis',(0.,0.,1.));
#6311=DIRECTION('',(0.,0.,-1.));
#6312=DIRECTION('',(1.6570492904853E-15,1.,0.));
#6313=DIRECTION('',(0.,0.,-1.));
#6314=DIRECTION('center_axis',(-5.82556391186243E-15,1.,0.));
#6315=DIRECTION('ref_axis',(0.,0.,1.));
#6316=DIRECTION('',(1.,5.7996725166986E-15,0.));
#6317=DIRECTION('',(0.,0.,-1.));
#6318=DIRECTION('center_axis',(1.,0.,0.));
#6319=DIRECTION('ref_axis',(0.,0.,-1.));
#6320=DIRECTION('',(0.,-1.,0.));
#6321=DIRECTION('',(0.,0.,-1.));
#6322=DIRECTION('center_axis',(1.22984127028207E-14,-1.,0.));
#6323=DIRECTION('ref_axis',(0.,0.,-1.));
#6324=DIRECTION('',(-1.,-1.24278696786398E-14,0.));
#6325=DIRECTION('center_axis',(0.,0.,-1.));
#6326=DIRECTION('ref_axis',(-1.,0.,0.));
#6327=DIRECTION('center_axis',(-1.,-5.17827903276661E-15,0.));
#6328=DIRECTION('ref_axis',(0.,0.,1.));
#6329=DIRECTION('',(0.,0.,-1.));
#6330=DIRECTION('',(-4.97114787145595E-15,1.,0.));
#6331=DIRECTION('',(0.,0.,-1.));
#6332=DIRECTION('center_axis',(-1.58584795378477E-14,1.,0.));
#6333=DIRECTION('ref_axis',(0.,0.,1.));
#6334=DIRECTION('',(1.,1.61562305822318E-14,0.));
#6335=DIRECTION('',(0.,0.,-1.));
#6336=DIRECTION('center_axis',(1.,3.88370927457493E-15,0.));
#6337=DIRECTION('ref_axis',(0.,0.,-1.));
#6338=DIRECTION('',(3.31409858097061E-15,-1.,0.));
#6339=DIRECTION('',(0.,0.,-1.));
#6340=DIRECTION('center_axis',(9.38563074688947E-15,-1.,0.));
#6341=DIRECTION('ref_axis',(0.,0.,-1.));
#6342=DIRECTION('',(-1.,-9.3209022589799E-15,0.));
#6343=DIRECTION('center_axis',(0.,0.,-1.));
#6344=DIRECTION('ref_axis',(-1.,0.,0.));
#6345=DIRECTION('center_axis',(-1.,2.58913951638329E-15,0.));
#6346=DIRECTION('ref_axis',(0.,0.,1.));
#6347=DIRECTION('',(0.,0.,-1.));
#6348=DIRECTION('',(3.31409858097062E-15,1.,0.));
#6349=DIRECTION('',(0.,0.,-1.));
#6350=DIRECTION('center_axis',(-6.47284879095883E-15,1.,0.));
#6351=DIRECTION('ref_axis',(0.,0.,1.));
#6352=DIRECTION('',(1.,5.79967251669911E-15,0.));
#6353=DIRECTION('',(0.,0.,-1.));
#6354=DIRECTION('center_axis',(1.,6.47284879095821E-15,0.));
#6355=DIRECTION('ref_axis',(0.,0.,-1.));
#6356=DIRECTION('',(6.62819716194121E-15,-1.,0.));
#6357=DIRECTION('',(0.,0.,-1.));
#6358=DIRECTION('center_axis',(2.58913951638351E-15,-1.,0.));
#6359=DIRECTION('ref_axis',(0.,0.,-1.));
#6360=DIRECTION('',(-1.,-2.48557393572817E-15,0.));
#6361=DIRECTION('center_axis',(0.,0.,-1.));
#6362=DIRECTION('ref_axis',(-1.,0.,0.));
#6363=DIRECTION('center_axis',(-1.,-3.88370927457494E-15,0.));
#6364=DIRECTION('ref_axis',(0.,0.,1.));
#6365=DIRECTION('',(0.,0.,-1.));
#6366=DIRECTION('',(-4.97114787145593E-15,1.,0.));
#6367=DIRECTION('',(0.,0.,-1.));
#6368=DIRECTION('center_axis',(-1.03565580655332E-14,1.,0.));
#6369=DIRECTION('ref_axis',(0.,0.,1.));
#6370=DIRECTION('',(1.,9.94229574291184E-15,0.));
#6371=DIRECTION('',(0.,0.,-1.));
#6372=DIRECTION('center_axis',(1.,3.88370927457494E-15,0.));
#6373=DIRECTION('ref_axis',(0.,0.,-1.));
#6374=DIRECTION('',(4.97114787145592E-15,-1.,0.));
#6375=DIRECTION('',(0.,0.,-1.));
#6376=DIRECTION('center_axis',(9.06198830734153E-15,-1.,0.));
#6377=DIRECTION('ref_axis',(0.,0.,-1.));
#6378=DIRECTION('',(-1.,-8.28524645242653E-15,0.));
#6379=DIRECTION('center_axis',(0.,0.,-1.));
#6380=DIRECTION('ref_axis',(-1.,0.,0.));
#6381=DIRECTION('center_axis',(-1.,-2.58913951638329E-15,0.));
#6382=DIRECTION('ref_axis',(0.,0.,1.));
#6383=DIRECTION('',(0.,0.,-1.));
#6384=DIRECTION('',(-1.65704929048531E-15,1.,0.));
#6385=DIRECTION('',(0.,0.,-1.));
#6386=DIRECTION('center_axis',(-5.17827903276659E-15,1.,0.));
#6387=DIRECTION('ref_axis',(0.,0.,1.));
#6388=DIRECTION('',(1.,6.62819716194124E-15,0.));
#6389=DIRECTION('',(0.,0.,-1.));
#6390=DIRECTION('center_axis',(1.,2.58913951638329E-15,0.));
#6391=DIRECTION('ref_axis',(0.,0.,-1.));
#6392=DIRECTION('',(3.31409858097061E-15,-1.,0.));
#6393=DIRECTION('',(0.,0.,-1.));
#6394=DIRECTION('center_axis',(5.17827903276659E-15,-1.,0.));
#6395=DIRECTION('ref_axis',(0.,0.,-1.));
#6396=DIRECTION('',(-1.,-4.97114787145592E-15,0.));
#6397=DIRECTION('center_axis',(0.,0.,-1.));
#6398=DIRECTION('ref_axis',(-1.,0.,0.));
#6399=DIRECTION('center_axis',(-1.,5.17827903276661E-15,0.));
#6400=DIRECTION('ref_axis',(0.,0.,1.));
#6401=DIRECTION('',(0.,0.,1.));
#6402=DIRECTION('',(-4.97114787145595E-15,-1.,0.));
#6403=DIRECTION('',(0.,0.,1.));
#6404=DIRECTION('center_axis',(-1.58584795378477E-14,-1.,0.));
#6405=DIRECTION('ref_axis',(0.,0.,-1.));
#6406=DIRECTION('',(1.,-1.61562305822318E-14,0.));
#6407=DIRECTION('',(0.,0.,1.));
#6408=DIRECTION('center_axis',(1.,-3.88370927457493E-15,0.));
#6409=DIRECTION('ref_axis',(0.,0.,-1.));
#6410=DIRECTION('',(3.31409858097061E-15,1.,0.));
#6411=DIRECTION('',(0.,0.,1.));
#6412=DIRECTION('center_axis',(9.38563074688947E-15,1.,0.));
#6413=DIRECTION('ref_axis',(0.,0.,1.));
#6414=DIRECTION('',(-1.,9.3209022589799E-15,0.));
#6415=DIRECTION('center_axis',(0.,0.,1.));
#6416=DIRECTION('ref_axis',(1.,0.,0.));
#6417=DIRECTION('center_axis',(-1.,-2.58913951638329E-15,0.));
#6418=DIRECTION('ref_axis',(0.,0.,1.));
#6419=DIRECTION('',(0.,0.,1.));
#6420=DIRECTION('',(3.31409858097062E-15,-1.,0.));
#6421=DIRECTION('',(0.,0.,1.));
#6422=DIRECTION('center_axis',(-6.47284879095883E-15,-1.,0.));
#6423=DIRECTION('ref_axis',(0.,0.,-1.));
#6424=DIRECTION('',(1.,-5.79967251669911E-15,0.));
#6425=DIRECTION('',(0.,0.,1.));
#6426=DIRECTION('center_axis',(1.,-6.47284879095821E-15,0.));
#6427=DIRECTION('ref_axis',(0.,0.,-1.));
#6428=DIRECTION('',(6.62819716194121E-15,1.,0.));
#6429=DIRECTION('',(0.,0.,1.));
#6430=DIRECTION('center_axis',(2.58913951638351E-15,1.,0.));
#6431=DIRECTION('ref_axis',(0.,0.,1.));
#6432=DIRECTION('',(-1.,2.48557393572817E-15,0.));
#6433=DIRECTION('center_axis',(0.,0.,1.));
#6434=DIRECTION('ref_axis',(1.,0.,0.));
#6435=DIRECTION('center_axis',(-1.,3.88370927457494E-15,0.));
#6436=DIRECTION('ref_axis',(0.,0.,1.));
#6437=DIRECTION('',(0.,0.,1.));
#6438=DIRECTION('',(-4.97114787145593E-15,-1.,0.));
#6439=DIRECTION('',(0.,0.,1.));
#6440=DIRECTION('center_axis',(-1.03565580655332E-14,-1.,0.));
#6441=DIRECTION('ref_axis',(0.,0.,-1.));
#6442=DIRECTION('',(1.,-9.94229574291184E-15,0.));
#6443=DIRECTION('',(0.,0.,1.));
#6444=DIRECTION('center_axis',(1.,-3.88370927457494E-15,0.));
#6445=DIRECTION('ref_axis',(0.,0.,-1.));
#6446=DIRECTION('',(4.97114787145592E-15,1.,0.));
#6447=DIRECTION('',(0.,0.,1.));
#6448=DIRECTION('center_axis',(9.06198830734152E-15,1.,0.));
#6449=DIRECTION('ref_axis',(0.,0.,1.));
#6450=DIRECTION('',(-1.,8.28524645242653E-15,0.));
#6451=DIRECTION('center_axis',(0.,0.,1.));
#6452=DIRECTION('ref_axis',(1.,0.,0.));
#6453=DIRECTION('center_axis',(-1.,2.58913951638329E-15,0.));
#6454=DIRECTION('ref_axis',(0.,0.,1.));
#6455=DIRECTION('',(0.,0.,1.));
#6456=DIRECTION('',(-1.65704929048531E-15,-1.,0.));
#6457=DIRECTION('',(0.,0.,1.));
#6458=DIRECTION('center_axis',(-5.17827903276659E-15,-1.,0.));
#6459=DIRECTION('ref_axis',(0.,0.,-1.));
#6460=DIRECTION('',(1.,-6.62819716194124E-15,0.));
#6461=DIRECTION('',(0.,0.,1.));
#6462=DIRECTION('center_axis',(1.,-2.58913951638329E-15,0.));
#6463=DIRECTION('ref_axis',(0.,0.,-1.));
#6464=DIRECTION('',(3.31409858097061E-15,1.,0.));
#6465=DIRECTION('',(0.,0.,1.));
#6466=DIRECTION('center_axis',(5.17827903276659E-15,1.,0.));
#6467=DIRECTION('ref_axis',(0.,0.,1.));
#6468=DIRECTION('',(-1.,4.97114787145592E-15,0.));
#6469=DIRECTION('center_axis',(0.,0.,1.));
#6470=DIRECTION('ref_axis',(1.,0.,0.));
#6471=DIRECTION('center_axis',(-1.,0.,0.));
#6472=DIRECTION('ref_axis',(0.,0.,1.));
#6473=DIRECTION('',(0.,0.,1.));
#6474=DIRECTION('',(0.,-1.,0.));
#6475=DIRECTION('',(0.,0.,1.));
#6476=DIRECTION('center_axis',(0.,-1.,0.));
#6477=DIRECTION('ref_axis',(0.,0.,-1.));
#6478=DIRECTION('',(1.,0.,0.));
#6479=DIRECTION('',(0.,0.,1.));
#6480=DIRECTION('center_axis',(1.,1.29456975819165E-15,0.));
#6481=DIRECTION('ref_axis',(0.,0.,-1.));
#6482=DIRECTION('',(-1.65704929048531E-15,1.,0.));
#6483=DIRECTION('',(0.,0.,1.));
#6484=DIRECTION('center_axis',(0.,1.,0.));
#6485=DIRECTION('ref_axis',(0.,0.,1.));
#6486=DIRECTION('',(-1.,0.,0.));
#6487=DIRECTION('center_axis',(0.,0.,1.));
#6488=DIRECTION('ref_axis',(1.,0.,0.));
#6489=DIRECTION('center_axis',(-1.,1.29456975819165E-15,0.));
#6490=DIRECTION('ref_axis',(0.,0.,1.));
#6491=DIRECTION('',(0.,0.,1.));
#6492=DIRECTION('',(0.,-1.,0.));
#6493=DIRECTION('',(0.,0.,1.));
#6494=DIRECTION('center_axis',(-5.17827903276659E-15,-1.,0.));
#6495=DIRECTION('ref_axis',(0.,0.,-1.));
#6496=DIRECTION('',(1.,-4.97114787145592E-15,0.));
#6497=DIRECTION('',(0.,0.,1.));
#6498=DIRECTION('center_axis',(1.,-1.29456975819165E-15,0.));
#6499=DIRECTION('ref_axis',(0.,0.,-1.));
#6500=DIRECTION('',(0.,1.,0.));
#6501=DIRECTION('',(0.,0.,1.));
#6502=DIRECTION('center_axis',(5.17827903276659E-15,1.,0.));
#6503=DIRECTION('ref_axis',(0.,0.,1.));
#6504=DIRECTION('',(-1.,4.97114787145592E-15,0.));
#6505=DIRECTION('center_axis',(0.,0.,1.));
#6506=DIRECTION('ref_axis',(1.,0.,0.));
#6507=DIRECTION('center_axis',(-1.,0.,0.));
#6508=DIRECTION('ref_axis',(0.,0.,1.));
#6509=DIRECTION('',(0.,0.,1.));
#6510=DIRECTION('',(0.,-1.,0.));
#6511=DIRECTION('',(0.,0.,1.));
#6512=DIRECTION('center_axis',(1.29456975819175E-15,-1.,0.));
#6513=DIRECTION('ref_axis',(0.,0.,-1.));
#6514=DIRECTION('',(1.,1.65704929048544E-15,0.));
#6515=DIRECTION('',(0.,0.,1.));
#6516=DIRECTION('center_axis',(1.,7.76741854914988E-15,0.));
#6517=DIRECTION('ref_axis',(0.,0.,-1.));
#6518=DIRECTION('',(-8.28524645242655E-15,1.,0.));
#6519=DIRECTION('',(0.,0.,1.));
#6520=DIRECTION('center_axis',(1.29456975819176E-15,1.,0.));
#6521=DIRECTION('ref_axis',(0.,0.,1.));
#6522=DIRECTION('',(-1.,1.65704929048546E-15,0.));
#6523=DIRECTION('center_axis',(0.,0.,1.));
#6524=DIRECTION('ref_axis',(1.,0.,0.));
#6525=DIRECTION('center_axis',(-1.,-1.29456975819164E-15,0.));
#6526=DIRECTION('ref_axis',(0.,0.,1.));
#6527=DIRECTION('',(0.,0.,1.));
#6528=DIRECTION('',(1.6570492904853E-15,-1.,0.));
#6529=DIRECTION('',(0.,0.,1.));
#6530=DIRECTION('center_axis',(-5.82556391186243E-15,-1.,0.));
#6531=DIRECTION('ref_axis',(0.,0.,-1.));
#6532=DIRECTION('',(1.,-5.7996725166986E-15,0.));
#6533=DIRECTION('',(0.,0.,1.));
#6534=DIRECTION('center_axis',(1.,0.,0.));
#6535=DIRECTION('ref_axis',(0.,0.,-1.));
#6536=DIRECTION('',(0.,1.,0.));
#6537=DIRECTION('',(0.,0.,1.));
#6538=DIRECTION('center_axis',(1.22984127028207E-14,1.,0.));
#6539=DIRECTION('ref_axis',(0.,0.,1.));
#6540=DIRECTION('',(-1.,1.24278696786398E-14,0.));
#6541=DIRECTION('center_axis',(0.,0.,1.));
#6542=DIRECTION('ref_axis',(1.,0.,0.));
#6543=DIRECTION('center_axis',(1.,0.,0.));
#6544=DIRECTION('ref_axis',(0.,0.,-1.));
#6545=DIRECTION('',(0.,0.,1.));
#6546=DIRECTION('',(0.,0.,1.));
#6547=DIRECTION('',(0.,1.,0.));
#6548=DIRECTION('center_axis',(0.,-1.,0.));
#6549=DIRECTION('ref_axis',(0.,0.,-1.));
#6550=DIRECTION('',(0.,0.,1.));
#6551=DIRECTION('',(1.,0.,0.));
#6552=DIRECTION('center_axis',(-1.,1.29456975819165E-15,0.));
#6553=DIRECTION('ref_axis',(0.,0.,1.));
#6554=DIRECTION('',(0.,0.,1.));
#6555=DIRECTION('',(-1.65704929048531E-15,-1.,0.));
#6556=DIRECTION('center_axis',(0.,1.,0.));
#6557=DIRECTION('ref_axis',(0.,0.,1.));
#6558=DIRECTION('',(-1.,0.,0.));
#6559=DIRECTION('center_axis',(0.,0.,-1.));
#6560=DIRECTION('ref_axis',(-1.,0.,0.));
#6561=DIRECTION('center_axis',(1.,1.29456975819165E-15,0.));
#6562=DIRECTION('ref_axis',(0.,0.,-1.));
#6563=DIRECTION('',(0.,0.,1.));
#6564=DIRECTION('',(0.,0.,1.));
#6565=DIRECTION('',(0.,1.,0.));
#6566=DIRECTION('center_axis',(5.17827903276659E-15,-1.,0.));
#6567=DIRECTION('ref_axis',(0.,0.,-1.));
#6568=DIRECTION('',(0.,0.,1.));
#6569=DIRECTION('',(1.,4.97114787145592E-15,0.));
#6570=DIRECTION('center_axis',(-1.,-1.29456975819165E-15,0.));
#6571=DIRECTION('ref_axis',(0.,0.,1.));
#6572=DIRECTION('',(0.,0.,1.));
#6573=DIRECTION('',(0.,-1.,0.));
#6574=DIRECTION('center_axis',(-5.17827903276659E-15,1.,0.));
#6575=DIRECTION('ref_axis',(0.,0.,1.));
#6576=DIRECTION('',(-1.,-4.97114787145592E-15,0.));
#6577=DIRECTION('center_axis',(0.,0.,-1.));
#6578=DIRECTION('ref_axis',(-1.,0.,0.));
#6579=DIRECTION('center_axis',(1.,0.,0.));
#6580=DIRECTION('ref_axis',(0.,0.,-1.));
#6581=DIRECTION('',(0.,0.,1.));
#6582=DIRECTION('',(0.,0.,1.));
#6583=DIRECTION('',(0.,1.,0.));
#6584=DIRECTION('center_axis',(-1.29456975819175E-15,-1.,0.));
#6585=DIRECTION('ref_axis',(0.,0.,-1.));
#6586=DIRECTION('',(0.,0.,1.));
#6587=DIRECTION('',(1.,-1.65704929048544E-15,0.));
#6588=DIRECTION('center_axis',(-1.,7.76741854914988E-15,0.));
#6589=DIRECTION('ref_axis',(0.,0.,1.));
#6590=DIRECTION('',(0.,0.,1.));
#6591=DIRECTION('',(-8.28524645242655E-15,-1.,0.));
#6592=DIRECTION('center_axis',(-1.29456975819176E-15,1.,0.));
#6593=DIRECTION('ref_axis',(0.,0.,1.));
#6594=DIRECTION('',(-1.,-1.65704929048546E-15,0.));
#6595=DIRECTION('center_axis',(0.,0.,-1.));
#6596=DIRECTION('ref_axis',(-1.,0.,0.));
#6597=DIRECTION('center_axis',(1.,-1.29456975819164E-15,0.));
#6598=DIRECTION('ref_axis',(0.,0.,-1.));
#6599=DIRECTION('',(0.,0.,1.));
#6600=DIRECTION('',(0.,0.,1.));
#6601=DIRECTION('',(1.6570492904853E-15,1.,0.));
#6602=DIRECTION('center_axis',(5.82556391186243E-15,-1.,0.));
#6603=DIRECTION('ref_axis',(0.,0.,-1.));
#6604=DIRECTION('',(0.,0.,1.));
#6605=DIRECTION('',(1.,5.7996725166986E-15,0.));
#6606=DIRECTION('center_axis',(-1.,0.,0.));
#6607=DIRECTION('ref_axis',(0.,0.,1.));
#6608=DIRECTION('',(0.,0.,1.));
#6609=DIRECTION('',(0.,-1.,0.));
#6610=DIRECTION('center_axis',(-1.22984127028207E-14,1.,0.));
#6611=DIRECTION('ref_axis',(0.,0.,1.));
#6612=DIRECTION('',(-1.,-1.24278696786398E-14,0.));
#6613=DIRECTION('center_axis',(0.,0.,-1.));
#6614=DIRECTION('ref_axis',(-1.,0.,0.));
#6615=DIRECTION('center_axis',(1.,5.17827903276661E-15,0.));
#6616=DIRECTION('ref_axis',(0.,0.,-1.));
#6617=DIRECTION('',(0.,0.,1.));
#6618=DIRECTION('',(0.,0.,1.));
#6619=DIRECTION('',(-4.97114787145595E-15,1.,0.));
#6620=DIRECTION('center_axis',(1.58584795378477E-14,-1.,0.));
#6621=DIRECTION('ref_axis',(0.,0.,-1.));
#6622=DIRECTION('',(0.,0.,1.));
#6623=DIRECTION('',(1.,1.61562305822318E-14,0.));
#6624=DIRECTION('center_axis',(-1.,-3.88370927457493E-15,0.));
#6625=DIRECTION('ref_axis',(0.,0.,1.));
#6626=DIRECTION('',(0.,0.,1.));
#6627=DIRECTION('',(3.31409858097061E-15,-1.,0.));
#6628=DIRECTION('center_axis',(-9.38563074688947E-15,1.,0.));
#6629=DIRECTION('ref_axis',(0.,0.,1.));
#6630=DIRECTION('',(-1.,-9.3209022589799E-15,0.));
#6631=DIRECTION('center_axis',(0.,0.,-1.));
#6632=DIRECTION('ref_axis',(-1.,0.,0.));
#6633=DIRECTION('center_axis',(1.,-2.58913951638329E-15,0.));
#6634=DIRECTION('ref_axis',(0.,0.,-1.));
#6635=DIRECTION('',(0.,0.,1.));
#6636=DIRECTION('',(0.,0.,1.));
#6637=DIRECTION('',(3.31409858097062E-15,1.,0.));
#6638=DIRECTION('center_axis',(6.47284879095883E-15,-1.,0.));
#6639=DIRECTION('ref_axis',(0.,0.,-1.));
#6640=DIRECTION('',(0.,0.,1.));
#6641=DIRECTION('',(1.,5.79967251669911E-15,0.));
#6642=DIRECTION('center_axis',(-1.,-6.47284879095821E-15,0.));
#6643=DIRECTION('ref_axis',(0.,0.,1.));
#6644=DIRECTION('',(0.,0.,1.));
#6645=DIRECTION('',(6.62819716194121E-15,-1.,0.));
#6646=DIRECTION('center_axis',(-2.58913951638351E-15,1.,0.));
#6647=DIRECTION('ref_axis',(0.,0.,1.));
#6648=DIRECTION('',(-1.,-2.48557393572817E-15,0.));
#6649=DIRECTION('center_axis',(0.,0.,-1.));
#6650=DIRECTION('ref_axis',(-1.,0.,0.));
#6651=DIRECTION('center_axis',(1.,3.88370927457494E-15,0.));
#6652=DIRECTION('ref_axis',(0.,0.,-1.));
#6653=DIRECTION('',(0.,0.,1.));
#6654=DIRECTION('',(0.,0.,1.));
#6655=DIRECTION('',(-4.97114787145593E-15,1.,0.));
#6656=DIRECTION('center_axis',(1.03565580655332E-14,-1.,0.));
#6657=DIRECTION('ref_axis',(0.,0.,-1.));
#6658=DIRECTION('',(0.,0.,1.));
#6659=DIRECTION('',(1.,9.94229574291184E-15,0.));
#6660=DIRECTION('center_axis',(-1.,-3.88370927457494E-15,0.));
#6661=DIRECTION('ref_axis',(0.,0.,1.));
#6662=DIRECTION('',(0.,0.,1.));
#6663=DIRECTION('',(4.97114787145592E-15,-1.,0.));
#6664=DIRECTION('center_axis',(-9.06198830734152E-15,1.,0.));
#6665=DIRECTION('ref_axis',(0.,0.,1.));
#6666=DIRECTION('',(-1.,-8.28524645242653E-15,0.));
#6667=DIRECTION('center_axis',(0.,0.,-1.));
#6668=DIRECTION('ref_axis',(-1.,0.,0.));
#6669=DIRECTION('center_axis',(1.,2.58913951638329E-15,0.));
#6670=DIRECTION('ref_axis',(0.,0.,-1.));
#6671=DIRECTION('',(0.,0.,1.));
#6672=DIRECTION('',(0.,0.,1.));
#6673=DIRECTION('',(-1.65704929048531E-15,1.,0.));
#6674=DIRECTION('center_axis',(5.17827903276659E-15,-1.,0.));
#6675=DIRECTION('ref_axis',(0.,0.,-1.));
#6676=DIRECTION('',(0.,0.,1.));
#6677=DIRECTION('',(1.,6.62819716194124E-15,0.));
#6678=DIRECTION('center_axis',(-1.,-2.58913951638329E-15,0.));
#6679=DIRECTION('ref_axis',(0.,0.,1.));
#6680=DIRECTION('',(0.,0.,1.));
#6681=DIRECTION('',(3.31409858097061E-15,-1.,0.));
#6682=DIRECTION('center_axis',(-5.17827903276659E-15,1.,0.));
#6683=DIRECTION('ref_axis',(0.,0.,1.));
#6684=DIRECTION('',(-1.,-4.97114787145592E-15,0.));
#6685=DIRECTION('center_axis',(0.,0.,-1.));
#6686=DIRECTION('ref_axis',(-1.,0.,0.));
#6687=DIRECTION('center_axis',(-1.,-5.22196997933342E-15,0.));
#6688=DIRECTION('ref_axis',(0.,0.,1.));
#6689=DIRECTION('',(-5.57010131128898E-15,1.,0.));
#6690=DIRECTION('',(0.,0.,-1.));
#6691=DIRECTION('',(-5.57010131128898E-15,1.,0.));
#6692=DIRECTION('',(0.,0.,-1.));
#6693=DIRECTION('center_axis',(-4.98732999343332E-15,1.,0.));
#6694=DIRECTION('ref_axis',(0.,0.,1.));
#6695=DIRECTION('',(1.,4.99600361081321E-15,0.));
#6696=DIRECTION('',(1.,4.99600361081321E-15,0.));
#6697=DIRECTION('',(0.,0.,-1.));
#6698=DIRECTION('center_axis',(1.,6.52746247416678E-15,0.));
#6699=DIRECTION('ref_axis',(0.,0.,-1.));
#6700=DIRECTION('',(6.68412157354678E-15,-1.,0.));
#6701=DIRECTION('',(6.68412157354678E-15,-1.,0.));
#6702=DIRECTION('',(0.,0.,-1.));
#6703=DIRECTION('center_axis',(5.52943107967607E-15,-1.,0.));
#6704=DIRECTION('ref_axis',(0.,0.,-1.));
#6705=DIRECTION('',(-1.,-5.55111512312578E-15,0.));
#6706=DIRECTION('',(-1.,-5.55111512312578E-15,0.));
#6707=DIRECTION('center_axis',(0.,0.,-1.));
#6708=DIRECTION('ref_axis',(-1.,0.,0.));
#6709=DIRECTION('center_axis',(0.,0.,-1.));
#6710=DIRECTION('ref_axis',(-1.,0.,0.));
#6711=DIRECTION('center_axis',(-1.,-5.22196997933342E-15,0.));
#6712=DIRECTION('ref_axis',(0.,0.,1.));
#6713=DIRECTION('',(-5.57010131128898E-15,1.,0.));
#6714=DIRECTION('',(0.,0.,-1.));
#6715=DIRECTION('',(-5.57010131128898E-15,1.,0.));
#6716=DIRECTION('',(0.,0.,-1.));
#6717=DIRECTION('center_axis',(-5.10930273783794E-15,1.,0.));
#6718=DIRECTION('ref_axis',(0.,0.,1.));
#6719=DIRECTION('',(1.,5.1087606367517E-15,0.));
#6720=DIRECTION('',(1.,5.1087606367517E-15,0.));
#6721=DIRECTION('',(0.,0.,-1.));
#6722=DIRECTION('center_axis',(1.,5.22196997933342E-15,0.));
#6723=DIRECTION('ref_axis',(0.,0.,-1.));
#6724=DIRECTION('',(5.01309118016009E-15,-1.,0.));
#6725=DIRECTION('',(5.01309118016009E-15,-1.,0.));
#6726=DIRECTION('',(0.,0.,-1.));
#6727=DIRECTION('center_axis',(5.52943107967607E-15,-1.,0.));
#6728=DIRECTION('ref_axis',(0.,0.,-1.));
#6729=DIRECTION('',(-1.,-5.55111512312579E-15,0.));
#6730=DIRECTION('',(-1.,-5.55111512312579E-15,0.));
#6731=DIRECTION('center_axis',(0.,0.,-1.));
#6732=DIRECTION('ref_axis',(-1.,0.,0.));
#6733=DIRECTION('center_axis',(0.,0.,-1.));
#6734=DIRECTION('ref_axis',(-1.,0.,0.));
#6735=DIRECTION('center_axis',(-1.,1.02042557410401E-15,0.));
#6736=DIRECTION('ref_axis',(0.,0.,1.));
#6737=DIRECTION('',(9.79608551139846E-16,1.,0.));
#6738=DIRECTION('',(0.,0.,-1.));
#6739=DIRECTION('',(9.79608551139846E-16,1.,0.));
#6740=DIRECTION('',(0.,0.,-1.));
#6741=DIRECTION('center_axis',(0.,1.,0.));
#6742=DIRECTION('ref_axis',(0.,0.,1.));
#6743=DIRECTION('',(1.,0.,0.));
#6744=DIRECTION('',(1.,0.,0.));
#6745=DIRECTION('',(0.,0.,-1.));
#6746=DIRECTION('center_axis',(1.,-7.65319180578004E-16,0.));
#6747=DIRECTION('ref_axis',(0.,0.,-1.));
#6748=DIRECTION('',(-6.53072367426563E-16,-1.,0.));
#6749=DIRECTION('',(-6.53072367426563E-16,-1.,0.));
#6750=DIRECTION('',(0.,0.,-1.));
#6751=DIRECTION('center_axis',(-8.99817150858864E-16,-1.,0.));
#6752=DIRECTION('ref_axis',(0.,0.,-1.));
#6753=DIRECTION('',(-1.,1.15176595309935E-15,0.));
#6754=DIRECTION('',(-1.,1.15176595309935E-15,0.));
#6755=DIRECTION('center_axis',(0.,0.,-1.));
#6756=DIRECTION('ref_axis',(-1.,0.,0.));
#6757=DIRECTION('center_axis',(0.,0.,-1.));
#6758=DIRECTION('ref_axis',(-1.,0.,0.));
#6759=DIRECTION('center_axis',(-1.,8.99817150858861E-16,0.));
#6760=DIRECTION('ref_axis',(0.,0.,1.));
#6761=DIRECTION('',(1.15176595309934E-15,1.,0.));
#6762=DIRECTION('',(0.,0.,-1.));
#6763=DIRECTION('',(1.15176595309934E-15,1.,0.));
#6764=DIRECTION('',(0.,0.,-1.));
#6765=DIRECTION('center_axis',(0.,1.,0.));
#6766=DIRECTION('ref_axis',(0.,0.,1.));
#6767=DIRECTION('',(1.,0.,0.));
#6768=DIRECTION('',(1.,0.,0.));
#6769=DIRECTION('',(0.,0.,-1.));
#6770=DIRECTION('center_axis',(1.,-1.34972572628829E-15,0.));
#6771=DIRECTION('ref_axis',(0.,0.,-1.));
#6772=DIRECTION('',(-1.15176595309934E-15,-1.,0.));
#6773=DIRECTION('',(-1.15176595309934E-15,-1.,0.));
#6774=DIRECTION('',(0.,0.,-1.));
#6775=DIRECTION('center_axis',(-5.10212787052002E-16,-1.,0.));
#6776=DIRECTION('ref_axis',(0.,0.,-1.));
#6777=DIRECTION('',(-1.,3.26536183713281E-16,0.));
#6778=DIRECTION('',(-1.,3.26536183713281E-16,0.));
#6779=DIRECTION('center_axis',(0.,0.,-1.));
#6780=DIRECTION('ref_axis',(-1.,0.,0.));
#6781=DIRECTION('center_axis',(0.,0.,-1.));
#6782=DIRECTION('ref_axis',(-1.,0.,0.));
#6783=DIRECTION('center_axis',(-1.,1.02042557410401E-15,0.));
#6784=DIRECTION('ref_axis',(0.,0.,1.));
#6785=DIRECTION('',(9.79608551139845E-16,1.,0.));
#6786=DIRECTION('',(0.,0.,-1.));
#6787=DIRECTION('',(9.79608551139845E-16,1.,0.));
#6788=DIRECTION('',(0.,0.,-1.));
#6789=DIRECTION('center_axis',(8.99817150858864E-16,1.,0.));
#6790=DIRECTION('ref_axis',(0.,0.,1.));
#6791=DIRECTION('',(1.,-1.15176595309935E-15,0.));
#6792=DIRECTION('',(1.,-1.15176595309935E-15,0.));
#6793=DIRECTION('',(0.,0.,-1.));
#6794=DIRECTION('center_axis',(1.,-1.02042557410401E-15,0.));
#6795=DIRECTION('ref_axis',(0.,0.,-1.));
#6796=DIRECTION('',(-9.79608551139845E-16,-1.,0.));
#6797=DIRECTION('',(-9.79608551139845E-16,-1.,0.));
#6798=DIRECTION('',(0.,0.,-1.));
#6799=DIRECTION('center_axis',(-8.99817150858864E-16,-1.,0.));
#6800=DIRECTION('ref_axis',(0.,0.,-1.));
#6801=DIRECTION('',(-1.,1.15176595309935E-15,0.));
#6802=DIRECTION('',(-1.,1.15176595309935E-15,0.));
#6803=DIRECTION('center_axis',(0.,0.,-1.));
#6804=DIRECTION('ref_axis',(-1.,0.,0.));
#6805=DIRECTION('center_axis',(0.,0.,-1.));
#6806=DIRECTION('ref_axis',(-1.,0.,0.));
#6807=DIRECTION('center_axis',(-1.,-4.5975032551695E-15,0.));
#6808=DIRECTION('ref_axis',(0.,0.,1.));
#6809=DIRECTION('',(-4.60706381239737E-15,1.,0.));
#6810=DIRECTION('',(0.,0.,-1.));
#6811=DIRECTION('',(-4.60706381239737E-15,1.,0.));
#6812=DIRECTION('',(0.,0.,-1.));
#6813=DIRECTION('center_axis',(1.04593621345661E-14,1.,0.));
#6814=DIRECTION('ref_axis',(0.,0.,1.));
#6815=DIRECTION('',(1.,-1.0449157878825E-14,0.));
#6816=DIRECTION('',(1.,-1.0449157878825E-14,0.));
#6817=DIRECTION('',(0.,0.,-1.));
#6818=DIRECTION('center_axis',(1.,6.07376576829749E-15,0.));
#6819=DIRECTION('ref_axis',(0.,0.,-1.));
#6820=DIRECTION('',(6.04677125377172E-15,-1.,0.));
#6821=DIRECTION('',(6.04677125377172E-15,-1.,0.));
#6822=DIRECTION('',(0.,0.,-1.));
#6823=DIRECTION('center_axis',(5.61234065757202E-15,-1.,0.));
#6824=DIRECTION('ref_axis',(0.,0.,-1.));
#6825=DIRECTION('',(-1.,-5.55111512312578E-15,0.));
#6826=DIRECTION('',(-1.,-5.55111512312578E-15,0.));
#6827=DIRECTION('center_axis',(0.,0.,-1.));
#6828=DIRECTION('ref_axis',(-1.,0.,0.));
#6829=DIRECTION('center_axis',(0.,0.,-1.));
#6830=DIRECTION('ref_axis',(-1.,0.,0.));
#6831=DIRECTION('center_axis',(-1.,1.02042557410401E-15,0.));
#6832=DIRECTION('ref_axis',(0.,0.,1.));
#6833=DIRECTION('',(1.02042557410401E-15,1.,0.));
#6834=DIRECTION('',(0.,0.,-1.));
#6835=DIRECTION('',(1.02042557410401E-15,1.,0.));
#6836=DIRECTION('',(0.,0.,-1.));
#6837=DIRECTION('center_axis',(8.99817150858864E-16,1.,0.));
#6838=DIRECTION('ref_axis',(0.,0.,1.));
#6839=DIRECTION('',(1.,-1.15176595309935E-15,0.));
#6840=DIRECTION('',(1.,-1.15176595309935E-15,0.));
#6841=DIRECTION('',(0.,0.,-1.));
#6842=DIRECTION('center_axis',(1.,-1.02042557410401E-15,0.));
#6843=DIRECTION('ref_axis',(0.,0.,-1.));
#6844=DIRECTION('',(-9.79608551139845E-16,-1.,0.));
#6845=DIRECTION('',(-9.79608551139845E-16,-1.,0.));
#6846=DIRECTION('',(0.,0.,-1.));
#6847=DIRECTION('center_axis',(-1.79963430171773E-15,-1.,0.));
#6848=DIRECTION('ref_axis',(0.,0.,-1.));
#6849=DIRECTION('',(-1.,1.15176595309935E-15,0.));
#6850=DIRECTION('',(-1.,1.15176595309935E-15,0.));
#6851=DIRECTION('center_axis',(0.,0.,-1.));
#6852=DIRECTION('ref_axis',(-1.,0.,0.));
#6853=DIRECTION('center_axis',(0.,0.,-1.));
#6854=DIRECTION('ref_axis',(-1.,0.,0.));
#6855=DIRECTION('center_axis',(-1.,-5.3776427755281E-15,0.));
#6856=DIRECTION('ref_axis',(0.,0.,1.));
#6857=DIRECTION('',(-5.38458166943201E-15,1.,0.));
#6858=DIRECTION('',(0.,0.,-1.));
#6859=DIRECTION('',(-5.38458166943201E-15,1.,0.));
#6860=DIRECTION('',(0.,0.,-1.));
#6861=DIRECTION('center_axis',(-5.20417042793042E-15,1.,0.));
#6862=DIRECTION('ref_axis',(0.,0.,1.));
#6863=DIRECTION('',(1.,5.21804821573824E-15,0.));
#6864=DIRECTION('',(1.,5.21804821573824E-15,0.));
#6865=DIRECTION('',(0.,0.,-1.));
#6866=DIRECTION('center_axis',(1.,5.72458747072346E-15,0.));
#6867=DIRECTION('ref_axis',(0.,0.,-1.));
#6868=DIRECTION('',(5.6621374255883E-15,-1.,0.));
#6869=DIRECTION('',(5.6621374255883E-15,-1.,0.));
#6870=DIRECTION('',(0.,0.,-1.));
#6871=DIRECTION('center_axis',(5.55111512312578E-15,-1.,0.));
#6872=DIRECTION('ref_axis',(0.,0.,-1.));
#6873=DIRECTION('',(-1.,-5.55111512312578E-15,0.));
#6874=DIRECTION('',(-1.,-5.55111512312578E-15,0.));
#6875=DIRECTION('center_axis',(0.,0.,-1.));
#6876=DIRECTION('ref_axis',(-1.,0.,0.));
#6877=DIRECTION('center_axis',(0.,0.,-1.));
#6878=DIRECTION('ref_axis',(-1.,0.,0.));
#6879=DIRECTION('center_axis',(-1.,-5.39890290515317E-15,0.));
#6880=DIRECTION('ref_axis',(0.,0.,1.));
#6881=DIRECTION('',(-5.18294678894704E-15,1.,0.));
#6882=DIRECTION('',(0.,0.,-1.));
#6883=DIRECTION('',(-5.18294678894704E-15,1.,0.));
#6884=DIRECTION('',(0.,0.,-1.));
#6885=DIRECTION('center_axis',(-2.040851148208E-15,1.,0.));
#6886=DIRECTION('ref_axis',(0.,0.,1.));
#6887=DIRECTION('',(1.,1.95921710227968E-15,0.));
#6888=DIRECTION('',(1.,1.95921710227968E-15,0.));
#6889=DIRECTION('',(0.,0.,-1.));
#6890=DIRECTION('center_axis',(1.,5.3989029051532E-15,0.));
#6891=DIRECTION('ref_axis',(0.,0.,-1.));
#6892=DIRECTION('',(5.18294678894707E-15,-1.,0.));
#6893=DIRECTION('',(5.18294678894707E-15,-1.,0.));
#6894=DIRECTION('',(0.,0.,-1.));
#6895=DIRECTION('center_axis',(5.612340657572E-15,-1.,0.));
#6896=DIRECTION('ref_axis',(0.,0.,-1.));
#6897=DIRECTION('',(-1.,-5.55111512312576E-15,0.));
#6898=DIRECTION('',(-1.,-5.55111512312576E-15,0.));
#6899=DIRECTION('center_axis',(0.,0.,-1.));
#6900=DIRECTION('ref_axis',(-1.,0.,0.));
#6901=DIRECTION('center_axis',(0.,0.,-1.));
#6902=DIRECTION('ref_axis',(-1.,0.,0.));
#6903=DIRECTION('center_axis',(-1.,1.27553196763001E-15,0.));
#6904=DIRECTION('ref_axis',(0.,0.,1.));
#6905=DIRECTION('',(1.30614473485313E-15,1.,0.));
#6906=DIRECTION('',(0.,0.,-1.));
#6907=DIRECTION('',(1.30614473485313E-15,1.,0.));
#6908=DIRECTION('',(0.,0.,-1.));
#6909=DIRECTION('center_axis',(8.99817150858864E-16,1.,0.));
#6910=DIRECTION('ref_axis',(0.,0.,1.));
#6911=DIRECTION('',(1.,-1.15176595309935E-15,0.));
#6912=DIRECTION('',(1.,-1.15176595309935E-15,0.));
#6913=DIRECTION('',(0.,0.,-1.));
#6914=DIRECTION('center_axis',(1.,-1.53063836115601E-15,0.));
#6915=DIRECTION('ref_axis',(0.,0.,-1.));
#6916=DIRECTION('',(-1.63268091856641E-15,-1.,0.));
#6917=DIRECTION('',(-1.63268091856641E-15,-1.,0.));
#6918=DIRECTION('',(0.,0.,-1.));
#6919=DIRECTION('center_axis',(-1.79963430171773E-15,-1.,0.));
#6920=DIRECTION('ref_axis',(0.,0.,-1.));
#6921=DIRECTION('',(-1.,1.15176595309935E-15,0.));
#6922=DIRECTION('',(-1.,1.15176595309935E-15,0.));
#6923=DIRECTION('center_axis',(0.,0.,-1.));
#6924=DIRECTION('ref_axis',(-1.,0.,0.));
#6925=DIRECTION('center_axis',(0.,0.,-1.));
#6926=DIRECTION('ref_axis',(-1.,0.,0.));
#6927=DIRECTION('center_axis',(1.,2.7390370673318E-15,0.));
#6928=DIRECTION('ref_axis',(0.,0.,-1.));
#6929=DIRECTION('',(2.92163953848726E-15,-1.,0.));
#6930=DIRECTION('',(0.,0.,-1.));
#6931=DIRECTION('',(2.92163953848726E-15,-1.,0.));
#6932=DIRECTION('',(0.,0.,-1.));
#6933=DIRECTION('center_axis',(-3.18130811573489E-15,1.,0.));
#6934=DIRECTION('ref_axis',(0.,0.,1.));
#6935=DIRECTION('',(1.,3.39234813079909E-15,0.));
#6936=DIRECTION('',(0.,0.,-1.));
#6937=DIRECTION('',(1.,3.08395284618099E-15,0.));
#6938=DIRECTION('center_axis',(-1.,-2.62491052285965E-15,0.));
#6939=DIRECTION('ref_axis',(0.,0.,1.));
#6940=DIRECTION('',(-2.62947558463853E-15,1.,0.));
#6941=DIRECTION('',(0.,0.,-1.));
#6942=DIRECTION('',(-2.62947558463853E-15,1.,0.));
#6943=DIRECTION('center_axis',(3.10592039965172E-15,-1.,0.));
#6944=DIRECTION('ref_axis',(0.,0.,-1.));
#6945=DIRECTION('',(-1.,-3.08395284618099E-15,0.));
#6946=DIRECTION('',(-1.,-3.08395284618099E-15,0.));
#6947=DIRECTION('center_axis',(0.,0.,1.));
#6948=DIRECTION('ref_axis',(1.,0.,0.));
#6949=DIRECTION('center_axis',(0.,0.,1.));
#6950=DIRECTION('ref_axis',(1.,0.,0.));
#6951=DIRECTION('center_axis',(-1.,2.99090254478759E-16,0.));
#6952=DIRECTION('ref_axis',(0.,0.,1.));
#6953=DIRECTION('',(2.87126644299609E-16,1.,0.));
#6954=DIRECTION('',(0.,0.,-1.));
#6955=DIRECTION('',(2.87126644299609E-16,1.,0.));
#6956=DIRECTION('',(0.,0.,-1.));
#6957=DIRECTION('center_axis',(0.,1.,0.));
#6958=DIRECTION('ref_axis',(0.,0.,1.));
#6959=DIRECTION('',(1.,0.,0.));
#6960=DIRECTION('',(1.,0.,0.));
#6961=DIRECTION('',(0.,0.,-1.));
#6962=DIRECTION('center_axis',(1.,2.61703972668915E-15,0.));
#6963=DIRECTION('ref_axis',(0.,0.,-1.));
#6964=DIRECTION('',(2.67984868012969E-15,-1.,0.));
#6965=DIRECTION('',(2.67984868012969E-15,-1.,0.));
#6966=DIRECTION('',(0.,0.,-1.));
#6967=DIRECTION('center_axis',(1.79253256985576E-15,-1.,0.));
#6968=DIRECTION('ref_axis',(0.,0.,-1.));
#6969=DIRECTION('',(-1.,-1.96666430521318E-15,0.));
#6970=DIRECTION('',(-1.,-1.96666430521318E-15,0.));
#6971=DIRECTION('center_axis',(0.,0.,-1.));
#6972=DIRECTION('ref_axis',(-1.,0.,0.));
#6973=DIRECTION('center_axis',(0.,0.,-1.));
#6974=DIRECTION('ref_axis',(-1.,0.,0.));
#6975=DIRECTION('center_axis',(0.,0.,1.));
#6976=DIRECTION('ref_axis',(1.,0.,0.));
#6977=DIRECTION('',(1.,1.54156450128081E-15,0.));
#6978=DIRECTION('center_axis',(0.,0.,1.));
#6979=DIRECTION('ref_axis',(-1.83697019872103E-16,-1.,0.));
#6980=DIRECTION('',(1.55084712027251E-15,-1.,0.));
#6981=DIRECTION('center_axis',(0.,0.,1.));
#6982=DIRECTION('ref_axis',(-1.83697019872103E-16,-1.,0.));
#6983=DIRECTION('center_axis',(0.,0.,1.));
#6984=DIRECTION('ref_axis',(1.,0.,0.));
#6985=DIRECTION('',(-1.50238314776418E-15,1.,0.));
#6986=DIRECTION('center_axis',(0.,0.,1.));
#6987=DIRECTION('ref_axis',(-1.83697019872103E-16,-1.,0.));
#6988=DIRECTION('',(1.,3.08312900256137E-15,0.));
#6989=DIRECTION('center_axis',(0.,0.,1.));
#6990=DIRECTION('ref_axis',(-1.83697019872103E-16,-1.,0.));
#6991=DIRECTION('center_axis',(0.,0.,1.));
#6992=DIRECTION('ref_axis',(1.,0.,0.));
#6993=DIRECTION('',(-1.,-3.0997158167057E-15,0.));
#6994=DIRECTION('center_axis',(0.,0.,1.));
#6995=DIRECTION('ref_axis',(-1.83697019872103E-16,-1.,0.));
#6996=DIRECTION('',(-1.50238314776415E-15,1.,0.));
#6997=DIRECTION('center_axis',(0.,0.,1.));
#6998=DIRECTION('ref_axis',(-1.83697019872103E-16,-1.,0.));
#6999=DIRECTION('center_axis',(0.,0.,-1.));
#7000=DIRECTION('ref_axis',(-1.,0.,0.));
#7001=DIRECTION('center_axis',(0.,0.,1.));
#7002=DIRECTION('ref_axis',(-1.83697019872103E-16,-1.,0.));
#7003=DIRECTION('',(0.,0.,1.));
#7004=DIRECTION('center_axis',(0.,0.,1.));
#7005=DIRECTION('ref_axis',(-1.83697019872103E-16,-1.,0.));
#7006=DIRECTION('',(0.,0.,1.));
#7007=DIRECTION('',(0.,0.,1.));
#7008=DIRECTION('center_axis',(0.,0.,1.));
#7009=DIRECTION('ref_axis',(-1.83697019872103E-16,-1.,0.));
#7010=DIRECTION('',(0.,0.,1.));
#7011=DIRECTION('',(0.,0.,1.));
#7012=DIRECTION('center_axis',(0.,0.,1.));
#7013=DIRECTION('ref_axis',(-1.83697019872103E-16,-1.,0.));
#7014=DIRECTION('',(0.,0.,1.));
#7015=DIRECTION('center_axis',(0.,0.,1.));
#7016=DIRECTION('ref_axis',(-1.83697019872103E-16,-1.,0.));
#7017=DIRECTION('',(0.,0.,1.));
#7018=DIRECTION('center_axis',(0.,0.,1.));
#7019=DIRECTION('ref_axis',(-1.83697019872103E-16,-1.,0.));
#7020=DIRECTION('',(0.,0.,1.));
#7021=DIRECTION('',(0.,0.,1.));
#7022=DIRECTION('center_axis',(0.,0.,1.));
#7023=DIRECTION('ref_axis',(-1.83697019872103E-16,-1.,0.));
#7024=DIRECTION('center_axis',(0.,0.,1.));
#7025=DIRECTION('ref_axis',(1.,0.,0.));
#7026=DIRECTION('',(1.7447030103079E-15,-1.,0.));
#7027=DIRECTION('',(-1.,-1.54985790835205E-15,0.));
#7028=DIRECTION('center_axis',(0.,0.,1.));
#7029=DIRECTION('ref_axis',(-1.83697019872103E-16,-1.,0.));
#7030=DIRECTION('center_axis',(0.,0.,1.));
#7031=DIRECTION('ref_axis',(1.,0.,0.));
#7032=DIRECTION('center_axis',(2.40869453325068E-15,-1.,0.));
#7033=DIRECTION('ref_axis',(0.,0.,-1.));
#7034=DIRECTION('',(0.,0.,1.));
#7035=DIRECTION('',(1.,1.54156450128081E-15,0.));
#7036=DIRECTION('center_axis',(0.,0.,1.));
#7037=DIRECTION('ref_axis',(1.,0.,0.));
#7038=DIRECTION('',(0.,0.,1.));
#7039=DIRECTION('center_axis',(0.,0.,1.));
#7040=DIRECTION('ref_axis',(-1.83697019872103E-16,-1.,0.));
#7041=DIRECTION('center_axis',(-1.,-1.51449914089131E-15,0.));
#7042=DIRECTION('ref_axis',(0.,0.,1.));
#7043=DIRECTION('',(1.55084712027251E-15,-1.,0.));
#7044=DIRECTION('center_axis',(1.,1.51449914089131E-15,0.));
#7045=DIRECTION('ref_axis',(0.,0.,-1.));
#7046=DIRECTION('',(0.,0.,1.));
#7047=DIRECTION('',(-1.50238314776418E-15,1.,0.));
#7048=DIRECTION('center_axis',(0.,0.,1.));
#7049=DIRECTION('ref_axis',(1.,0.,0.));
#7050=DIRECTION('',(0.,0.,1.));
#7051=DIRECTION('center_axis',(0.,0.,1.));
#7052=DIRECTION('ref_axis',(-1.83697019872103E-16,-1.,0.));
#7053=DIRECTION('center_axis',(2.40869453325068E-15,-1.,0.));
#7054=DIRECTION('ref_axis',(0.,0.,-1.));
#7055=DIRECTION('',(1.,3.08312900256137E-15,0.));
#7056=DIRECTION('center_axis',(-2.42165298180035E-15,1.,0.));
#7057=DIRECTION('ref_axis',(0.,0.,1.));
#7058=DIRECTION('',(0.,0.,1.));
#7059=DIRECTION('',(-1.,-3.0997158167057E-15,0.));
#7060=DIRECTION('center_axis',(0.,0.,1.));
#7061=DIRECTION('ref_axis',(1.,0.,0.));
#7062=DIRECTION('',(0.,0.,1.));
#7063=DIRECTION('center_axis',(0.,0.,1.));
#7064=DIRECTION('ref_axis',(-1.83697019872103E-16,-1.,0.));
#7065=DIRECTION('center_axis',(1.,1.51449914089131E-15,0.));
#7066=DIRECTION('ref_axis',(0.,0.,-1.));
#7067=DIRECTION('',(-1.50238314776415E-15,1.,0.));
#7068=DIRECTION('center_axis',(-1.,-1.66594905498044E-15,0.));
#7069=DIRECTION('ref_axis',(0.,0.,1.));
#7070=DIRECTION('',(0.,0.,1.));
#7071=DIRECTION('',(1.7447030103079E-15,-1.,0.));
#7072=DIRECTION('center_axis',(0.,0.,1.));
#7073=DIRECTION('ref_axis',(1.,0.,0.));
#7074=DIRECTION('',(0.,0.,1.));
#7075=DIRECTION('center_axis',(0.,0.,1.));
#7076=DIRECTION('ref_axis',(-1.83697019872103E-16,-1.,0.));
#7077=DIRECTION('center_axis',(-2.42165298180035E-15,1.,0.));
#7078=DIRECTION('ref_axis',(0.,0.,1.));
#7079=DIRECTION('',(-1.,-1.54985790835205E-15,0.));
#7080=DIRECTION('center_axis',(0.,0.,1.));
#7081=DIRECTION('ref_axis',(1.,0.,0.));
#7082=DIRECTION('center_axis',(-1.,1.7406566597778E-15,0.));
#7083=DIRECTION('ref_axis',(0.,0.,1.));
#7084=DIRECTION('',(-1.11402026225779E-15,-1.,0.));
#7085=DIRECTION('',(0.,0.,1.));
#7086=DIRECTION('',(-1.11402026225779E-15,-1.,0.));
#7087=DIRECTION('',(0.,0.,1.));
#7088=DIRECTION('center_axis',(-1.,3.48131331955561E-15,0.));
#7089=DIRECTION('ref_axis',(0.,0.,1.));
#7090=DIRECTION('',(-3.34206078677338E-15,-1.,0.));
#7091=DIRECTION('',(0.,0.,1.));
#7092=DIRECTION('',(-3.34206078677338E-15,-1.,0.));
#7093=DIRECTION('',(0.,0.,1.));
#7094=DIRECTION('center_axis',(-1.,3.59926860343545E-15,0.));
#7095=DIRECTION('ref_axis',(0.,0.,1.));
#7096=DIRECTION('',(-3.45529785929803E-15,-1.,0.));
#7097=DIRECTION('',(0.,0.,1.));
#7098=DIRECTION('',(-3.45529785929803E-15,-1.,0.));
#7099=DIRECTION('',(0.,0.,1.));
#7100=DIRECTION('center_axis',(0.,1.,0.));
#7101=DIRECTION('ref_axis',(0.,0.,1.));
#7102=DIRECTION('',(-1.,0.,0.));
#7103=DIRECTION('',(0.,0.,1.));
#7104=DIRECTION('',(-1.,0.,0.));
#7105=DIRECTION('',(0.,0.,1.));
#7106=DIRECTION('center_axis',(0.,1.,0.));
#7107=DIRECTION('ref_axis',(0.,0.,1.));
#7108=DIRECTION('',(-1.,0.,0.));
#7109=DIRECTION('',(0.,0.,1.));
#7110=DIRECTION('',(-1.,0.,0.));
#7111=DIRECTION('',(0.,0.,1.));
#7112=DIRECTION('center_axis',(-0.999918259146545,-0.0127857352289157,0.));
#7113=DIRECTION('ref_axis',(0.,0.,1.));
#7114=DIRECTION('',(0.0127857352289157,-0.999918259146544,0.));
#7115=DIRECTION('',(0.,0.,1.));
#7116=DIRECTION('',(0.0127857352289157,-0.999918259146544,0.));
#7117=DIRECTION('',(0.,0.,1.));
#7118=DIRECTION('center_axis',(-1.,1.74065665977781E-15,0.));
#7119=DIRECTION('ref_axis',(0.,0.,1.));
#7120=DIRECTION('',(-1.6710303933867E-15,-1.,0.));
#7121=DIRECTION('',(0.,0.,1.));
#7122=DIRECTION('',(-1.6710303933867E-15,-1.,0.));
#7123=DIRECTION('',(0.,0.,1.));
#7124=DIRECTION('center_axis',(-1.,1.79963430171772E-15,0.));
#7125=DIRECTION('ref_axis',(0.,0.,1.));
#7126=DIRECTION('',(-2.30353190619868E-15,-1.,0.));
#7127=DIRECTION('',(0.,0.,1.));
#7128=DIRECTION('',(-2.30353190619868E-15,-1.,0.));
#7129=DIRECTION('',(0.,0.,1.));
#7130=DIRECTION('center_axis',(0.,1.,0.));
#7131=DIRECTION('ref_axis',(0.,0.,1.));
#7132=DIRECTION('',(-1.,0.,0.));
#7133=DIRECTION('',(0.,0.,1.));
#7134=DIRECTION('',(-1.,0.,0.));
#7135=DIRECTION('',(0.,0.,1.));
#7136=DIRECTION('center_axis',(0.,1.,0.));
#7137=DIRECTION('ref_axis',(0.,0.,1.));
#7138=DIRECTION('',(-1.,0.,0.));
#7139=DIRECTION('',(0.,0.,1.));
#7140=DIRECTION('',(-1.,0.,0.));
#7141=DIRECTION('',(0.,0.,1.));
#7142=DIRECTION('center_axis',(-1.,-4.61156289815167E-15,0.));
#7143=DIRECTION('ref_axis',(0.,0.,1.));
#7144=DIRECTION('',(4.60706381239737E-15,-1.,0.));
#7145=DIRECTION('',(0.,0.,1.));
#7146=DIRECTION('',(4.60706381239737E-15,-1.,0.));
#7147=DIRECTION('',(0.,0.,1.));
#7148=DIRECTION('center_axis',(6.29872005601205E-15,1.,0.));
#7149=DIRECTION('ref_axis',(0.,0.,1.));
#7150=DIRECTION('',(-1.,6.91059571859607E-15,0.));
#7151=DIRECTION('',(0.,0.,1.));
#7152=DIRECTION('',(-1.,6.91059571859607E-15,0.));
#7153=DIRECTION('',(0.,0.,1.));
#7154=DIRECTION('center_axis',(8.99817150858861E-16,1.,0.));
#7155=DIRECTION('ref_axis',(0.,0.,1.));
#7156=DIRECTION('',(-1.,1.15176595309934E-15,0.));
#7157=DIRECTION('',(0.,0.,1.));
#7158=DIRECTION('',(-1.,1.15176595309934E-15,0.));
#7159=DIRECTION('',(0.,0.,1.));
#7160=DIRECTION('center_axis',(-1.,-5.39890290515333E-15,0.));
#7161=DIRECTION('ref_axis',(0.,0.,1.));
#7162=DIRECTION('',(5.47088827722204E-15,-1.,0.));
#7163=DIRECTION('',(0.,0.,1.));
#7164=DIRECTION('',(5.47088827722204E-15,-1.,0.));
#7165=DIRECTION('',(0.,0.,1.));
#7166=DIRECTION('center_axis',(-1.,-5.8488114805826E-15,0.));
#7167=DIRECTION('ref_axis',(0.,0.,1.));
#7168=DIRECTION('',(5.75882976549671E-15,-1.,0.));
#7169=DIRECTION('',(0.,0.,1.));
#7170=DIRECTION('',(5.75882976549671E-15,-1.,0.));
#7171=DIRECTION('',(0.,0.,1.));
#7172=DIRECTION('center_axis',(-1.,-6.29872005601207E-15,0.));
#7173=DIRECTION('ref_axis',(0.,0.,1.));
#7174=DIRECTION('',(6.33471274204642E-15,-1.,0.));
#7175=DIRECTION('',(0.,0.,1.));
#7176=DIRECTION('',(6.33471274204642E-15,-1.,0.));
#7177=DIRECTION('',(0.,0.,1.));
#7178=DIRECTION('center_axis',(1.79963430171773E-15,1.,0.));
#7179=DIRECTION('ref_axis',(0.,0.,1.));
#7180=DIRECTION('',(-1.,1.15176595309935E-15,0.));
#7181=DIRECTION('',(0.,0.,1.));
#7182=DIRECTION('',(-1.,1.15176595309935E-15,0.));
#7183=DIRECTION('',(0.,0.,1.));
#7184=DIRECTION('center_axis',(1.79963430171772E-15,1.,0.));
#7185=DIRECTION('ref_axis',(0.,0.,1.));
#7186=DIRECTION('',(-1.,1.72764892964901E-15,0.));
#7187=DIRECTION('',(0.,0.,1.));
#7188=DIRECTION('',(-1.,1.72764892964901E-15,0.));
#7189=DIRECTION('',(0.,0.,1.));
#7190=DIRECTION('',(0.,1.,-3.51436609374757E-15));
#7191=DIRECTION('',(1.,0.,0.));
#7192=DIRECTION('',(-3.87064135230441E-33,1.,-3.63683077366231E-15));
#7193=DIRECTION('',(1.,-4.86875089941093E-31,-1.34937741631353E-16));
#7194=CARTESIAN_POINT('',(0.,0.,0.));
#7195=CARTESIAN_POINT('',(0.,0.,0.));
#7196=CARTESIAN_POINT('Origin',(8.44,4.385,2.41));
#7197=CARTESIAN_POINT('',(0.,2.295,2.41));
#7198=CARTESIAN_POINT('',(8.44,2.295,2.41));
#7199=CARTESIAN_POINT('',(0.,2.295,2.41));
#7200=CARTESIAN_POINT('',(0.,1.745,2.41));
#7201=CARTESIAN_POINT('',(0.,2.295,2.41));
#7202=CARTESIAN_POINT('',(8.44,1.745,2.41));
#7203=CARTESIAN_POINT('',(8.44,1.745,2.41));
#7204=CARTESIAN_POINT('',(8.44,2.295,2.41));
#7205=CARTESIAN_POINT('Origin',(8.44,4.385,2.41));
#7206=CARTESIAN_POINT('',(8.44,3.805,2.41));
#7207=CARTESIAN_POINT('',(0.,3.805,2.41));
#7208=CARTESIAN_POINT('',(8.44,3.805,2.41));
#7209=CARTESIAN_POINT('',(8.44,4.385,2.41));
#7210=CARTESIAN_POINT('',(8.44,4.385,2.41));
#7211=CARTESIAN_POINT('',(0.,4.385,2.41));
#7212=CARTESIAN_POINT('',(8.44,4.385,2.41));
#7213=CARTESIAN_POINT('',(0.,4.385,2.41));
#7214=CARTESIAN_POINT('Origin',(8.44,4.385,2.41));
#7215=CARTESIAN_POINT('',(0.,0.254999999999997,2.41));
#7216=CARTESIAN_POINT('',(8.44,0.254999999999997,2.41));
#7217=CARTESIAN_POINT('',(-6.9638290925491E-34,0.254999999999997,2.41));
#7218=CARTESIAN_POINT('',(0.,-0.254999999999997,2.41));
#7219=CARTESIAN_POINT('',(0.,0.254999999999997,2.41));
#7220=CARTESIAN_POINT('',(8.44,-0.254999999999996,2.41));
#7221=CARTESIAN_POINT('',(8.44,-0.254999999999996,2.41));
#7222=CARTESIAN_POINT('',(8.44,0.254999999999997,2.41));
#7223=CARTESIAN_POINT('Origin',(8.44,4.385,2.41));
#7224=CARTESIAN_POINT('',(0.,-1.745,2.41));
#7225=CARTESIAN_POINT('',(8.44,-1.745,2.41));
#7226=CARTESIAN_POINT('',(0.,-1.745,2.41));
#7227=CARTESIAN_POINT('',(0.,-2.295,2.41));
#7228=CARTESIAN_POINT('',(0.,-1.745,2.41));
#7229=CARTESIAN_POINT('',(8.44,-2.295,2.41));
#7230=CARTESIAN_POINT('',(8.44,-2.295,2.41));
#7231=CARTESIAN_POINT('',(8.44,-1.745,2.41));
#7232=CARTESIAN_POINT('Origin',(8.44,4.385,2.41));
#7233=CARTESIAN_POINT('',(0.,-3.805,2.41));
#7234=CARTESIAN_POINT('',(8.44,-3.805,2.41));
#7235=CARTESIAN_POINT('',(0.,-3.805,2.41));
#7236=CARTESIAN_POINT('',(0.,-4.385,2.41));
#7237=CARTESIAN_POINT('',(0.,-3.805,2.41));
#7238=CARTESIAN_POINT('',(8.44,-4.385,2.41));
#7239=CARTESIAN_POINT('',(8.44,-4.385,2.41));
#7240=CARTESIAN_POINT('',(8.44,-3.805,2.41));
#7241=CARTESIAN_POINT('Origin',(8.44,0.,0.));
#7242=CARTESIAN_POINT('',(8.44,2.295,-0.63));
#7243=CARTESIAN_POINT('',(8.44,3.805,-0.63));
#7244=CARTESIAN_POINT('',(8.44,2.295,-0.63));
#7245=CARTESIAN_POINT('',(8.44,2.295,-0.63));
#7246=CARTESIAN_POINT('',(8.44,1.745,-0.63));
#7247=CARTESIAN_POINT('',(8.44,1.745,-0.63));
#7248=CARTESIAN_POINT('',(8.44,0.254999999999997,-0.63));
#7249=CARTESIAN_POINT('',(8.44,0.254999999999997,-0.63));
#7250=CARTESIAN_POINT('',(8.44,0.254999999999997,-0.63));
#7251=CARTESIAN_POINT('',(8.44,-0.254999999999996,-0.63));
#7252=CARTESIAN_POINT('',(8.44,-0.254999999999996,-0.63));
#7253=CARTESIAN_POINT('',(8.44,-1.745,-0.63));
#7254=CARTESIAN_POINT('',(8.44,-1.745,-0.63));
#7255=CARTESIAN_POINT('',(8.44,-1.745,-0.63));
#7256=CARTESIAN_POINT('',(8.44,-2.295,-0.63));
#7257=CARTESIAN_POINT('',(8.44,-2.295,-0.63));
#7258=CARTESIAN_POINT('',(8.44,-3.805,-0.63));
#7259=CARTESIAN_POINT('',(8.44,-3.805,-0.63));
#7260=CARTESIAN_POINT('',(8.44,-3.805,-0.63));
#7261=CARTESIAN_POINT('',(8.44,-4.385,-2.41));
#7262=CARTESIAN_POINT('',(8.44,-4.385,2.41));
#7263=CARTESIAN_POINT('',(8.44,4.385,-2.41));
#7264=CARTESIAN_POINT('',(8.44,-4.385,-2.41));
#7265=CARTESIAN_POINT('',(8.44,4.385,-2.41));
#7266=CARTESIAN_POINT('',(8.44,3.805,-0.63));
#7267=CARTESIAN_POINT('Origin',(8.44,-4.385,2.41));
#7268=CARTESIAN_POINT('',(0.,-4.385,-2.41));
#7269=CARTESIAN_POINT('',(0.,-4.385,2.41));
#7270=CARTESIAN_POINT('',(8.44,-4.385,-2.41));
#7271=CARTESIAN_POINT('Origin',(8.44,-4.385,-2.41));
#7272=CARTESIAN_POINT('',(0.,4.385,-2.41));
#7273=CARTESIAN_POINT('',(0.,-4.385,-2.41));
#7274=CARTESIAN_POINT('',(8.44,4.385,-2.41));
#7275=CARTESIAN_POINT('Origin',(8.44,4.385,-2.41));
#7276=CARTESIAN_POINT('',(0.,4.385,-2.41));
#7277=CARTESIAN_POINT('Origin',(0.,0.,0.));
#7278=CARTESIAN_POINT('',(0.,3.805,-0.63));
#7279=CARTESIAN_POINT('',(0.,2.295,-0.63));
#7280=CARTESIAN_POINT('',(0.,3.805,-0.63));
#7281=CARTESIAN_POINT('',(0.,3.805,-0.63));
#7282=CARTESIAN_POINT('',(0.,-3.805,-0.63));
#7283=CARTESIAN_POINT('',(0.,-3.805,-0.63));
#7284=CARTESIAN_POINT('',(0.,-2.295,-0.63));
#7285=CARTESIAN_POINT('',(0.,-2.295,-0.63));
#7286=CARTESIAN_POINT('',(0.,-2.295,-0.63));
#7287=CARTESIAN_POINT('',(0.,-1.745,-0.63));
#7288=CARTESIAN_POINT('',(0.,-1.745,-0.63));
#7289=CARTESIAN_POINT('',(0.,-0.254999999999996,-0.63));
#7290=CARTESIAN_POINT('',(0.,-0.254999999999996,-0.63));
#7291=CARTESIAN_POINT('',(0.,-0.254999999999997,-0.63));
#7292=CARTESIAN_POINT('',(0.,0.254999999999997,-0.63));
#7293=CARTESIAN_POINT('',(0.,0.254999999999997,-0.63));
#7294=CARTESIAN_POINT('',(0.,1.745,-0.63));
#7295=CARTESIAN_POINT('',(0.,1.745,-0.63));
#7296=CARTESIAN_POINT('',(0.,1.745,-0.63));
#7297=CARTESIAN_POINT('',(0.,2.295,-0.63));
#7298=CARTESIAN_POINT('Origin',(0.,-3.805,-0.63));
#7299=CARTESIAN_POINT('',(0.,-3.805,-0.63));
#7300=CARTESIAN_POINT('Origin',(8.44,-2.295,-0.63));
#7301=CARTESIAN_POINT('',(8.44,-2.295,-0.63));
#7302=CARTESIAN_POINT('Origin',(0.,0.,-0.63));
#7303=CARTESIAN_POINT('Origin',(0.,-1.745,-0.63));
#7304=CARTESIAN_POINT('',(0.,-1.745,-0.63));
#7305=CARTESIAN_POINT('Origin',(8.44,-0.254999999999996,-0.63));
#7306=CARTESIAN_POINT('',(8.44,-0.254999999999996,-0.63));
#7307=CARTESIAN_POINT('Origin',(0.,0.,-0.63));
#7308=CARTESIAN_POINT('Origin',(0.,0.254999999999997,-0.63));
#7309=CARTESIAN_POINT('',(-6.9638290925491E-34,0.254999999999997,-0.63));
#7310=CARTESIAN_POINT('Origin',(8.44,1.745,-0.63));
#7311=CARTESIAN_POINT('',(8.44,1.745,-0.63));
#7312=CARTESIAN_POINT('Origin',(0.,0.,-0.63));
#7313=CARTESIAN_POINT('Origin',(0.,2.295,-0.63));
#7314=CARTESIAN_POINT('',(0.,2.295,-0.63));
#7315=CARTESIAN_POINT('Origin',(8.44,3.805,-0.63));
#7316=CARTESIAN_POINT('',(8.44,3.805,-0.63));
#7317=CARTESIAN_POINT('Origin',(0.,0.,-0.63));
#7318=CARTESIAN_POINT('',(0.,0.,0.));
#7319=CARTESIAN_POINT('Origin',(0.,0.,0.));
#7320=CARTESIAN_POINT('',(-7.59999999999999,10.225,0.));
#7321=CARTESIAN_POINT('',(-7.60000000000001,-10.225,0.));
#7322=CARTESIAN_POINT('',(-7.59999999999999,10.225,0.));
#7323=CARTESIAN_POINT('',(7.60000000000001,10.225,0.));
#7324=CARTESIAN_POINT('',(7.60000000000001,10.225,0.));
#7325=CARTESIAN_POINT('',(7.59999999999999,-10.225,0.));
#7326=CARTESIAN_POINT('',(7.59999999999999,-10.225,0.));
#7327=CARTESIAN_POINT('',(-7.60000000000001,-10.225,0.));
#7328=CARTESIAN_POINT('',(-6.70499999999999,-6.82,0.));
#7329=CARTESIAN_POINT('',(-6.70499999999999,-6.15,0.));
#7330=CARTESIAN_POINT('',(-6.70499999999999,-6.82,0.));
#7331=CARTESIAN_POINT('',(-6.03499999999999,-6.81999999999999,0.));
#7332=CARTESIAN_POINT('',(-6.03499999999999,-6.81999999999999,0.));
#7333=CARTESIAN_POINT('',(-6.03499999999999,-6.14999999999999,0.));
#7334=CARTESIAN_POINT('',(-6.03499999999999,-6.14999999999999,0.));
#7335=CARTESIAN_POINT('',(-6.70499999999999,-6.15,0.));
#7336=CARTESIAN_POINT('',(-6.705,-1.75999999999998,0.));
#7337=CARTESIAN_POINT('',(-6.70499999999999,-1.08999999999998,0.));
#7338=CARTESIAN_POINT('',(-6.705,-1.75999999999998,0.));
#7339=CARTESIAN_POINT('',(-6.035,-1.75999999999998,0.));
#7340=CARTESIAN_POINT('',(-6.035,-1.75999999999998,0.));
#7341=CARTESIAN_POINT('',(-6.035,-1.08999999999998,0.));
#7342=CARTESIAN_POINT('',(-6.035,-1.08999999999998,0.));
#7343=CARTESIAN_POINT('',(-6.70499999999999,-1.08999999999998,0.));
#7344=CARTESIAN_POINT('',(6.03500000000003,3.69000000000001,0.));
#7345=CARTESIAN_POINT('',(6.03500000000003,4.36000000000001,0.));
#7346=CARTESIAN_POINT('',(6.03500000000003,3.69000000000001,0.));
#7347=CARTESIAN_POINT('',(6.70499999999998,3.69000000000001,0.));
#7348=CARTESIAN_POINT('',(6.70499999999998,3.69000000000001,0.));
#7349=CARTESIAN_POINT('',(6.70499999999997,4.36000000000001,0.));
#7350=CARTESIAN_POINT('',(6.70499999999997,4.36000000000001,0.));
#7351=CARTESIAN_POINT('',(6.03500000000003,4.36000000000001,0.));
#7352=CARTESIAN_POINT('',(6.03499999999995,8.61000000000002,0.));
#7353=CARTESIAN_POINT('',(6.03499999999995,9.28000000000002,0.));
#7354=CARTESIAN_POINT('',(6.03499999999995,8.61000000000002,0.));
#7355=CARTESIAN_POINT('',(6.70499999999995,8.61000000000003,0.));
#7356=CARTESIAN_POINT('',(6.70499999999995,8.61000000000003,0.));
#7357=CARTESIAN_POINT('',(6.70499999999995,9.28000000000003,0.));
#7358=CARTESIAN_POINT('',(6.70499999999995,9.28000000000003,0.));
#7359=CARTESIAN_POINT('',(6.03499999999995,9.28000000000002,0.));
#7360=CARTESIAN_POINT('',(6.03499999999997,6.15000000000002,0.));
#7361=CARTESIAN_POINT('',(6.03499999999996,6.82000000000002,0.));
#7362=CARTESIAN_POINT('',(6.03499999999997,6.15000000000002,0.));
#7363=CARTESIAN_POINT('',(6.70499999999997,6.15000000000002,0.));
#7364=CARTESIAN_POINT('',(6.70499999999997,6.15000000000002,0.));
#7365=CARTESIAN_POINT('',(6.70499999999996,6.82000000000003,0.));
#7366=CARTESIAN_POINT('',(6.70499999999996,6.82000000000003,0.));
#7367=CARTESIAN_POINT('',(6.03499999999996,6.82000000000002,0.));
#7368=CARTESIAN_POINT('',(6.03499999999999,1.09,0.));
#7369=CARTESIAN_POINT('',(6.03499999999999,1.76,0.));
#7370=CARTESIAN_POINT('',(6.03499999999999,1.09,0.));
#7371=CARTESIAN_POINT('',(6.70499999999999,1.09000000000001,0.));
#7372=CARTESIAN_POINT('',(6.70499999999999,1.09000000000001,0.));
#7373=CARTESIAN_POINT('',(6.70499999999999,1.76000000000001,0.));
#7374=CARTESIAN_POINT('',(6.70499999999999,1.76000000000001,0.));
#7375=CARTESIAN_POINT('',(6.03499999999999,1.76,0.));
#7376=CARTESIAN_POINT('',(-6.70499999999999,-4.35999999999998,0.));
#7377=CARTESIAN_POINT('',(-6.70499999999999,-3.68999999999998,0.));
#7378=CARTESIAN_POINT('',(-6.70499999999999,-4.35999999999998,0.));
#7379=CARTESIAN_POINT('',(-6.03500000000005,-4.35999999999998,0.));
#7380=CARTESIAN_POINT('',(-6.03500000000005,-4.35999999999998,0.));
#7381=CARTESIAN_POINT('',(-6.03500000000004,-3.68999999999998,0.));
#7382=CARTESIAN_POINT('',(-6.03500000000004,-3.68999999999998,0.));
#7383=CARTESIAN_POINT('',(-6.70499999999999,-3.68999999999998,0.));
#7384=CARTESIAN_POINT('',(-6.70499999999999,-9.28,0.));
#7385=CARTESIAN_POINT('',(-6.70499999999999,-8.61,0.));
#7386=CARTESIAN_POINT('',(-6.70499999999999,-9.28,0.));
#7387=CARTESIAN_POINT('',(-6.03499999999999,-9.28,0.));
#7388=CARTESIAN_POINT('',(-6.03499999999999,-9.28,0.));
#7389=CARTESIAN_POINT('',(-6.03499999999999,-8.61,0.));
#7390=CARTESIAN_POINT('',(-6.03499999999999,-8.61,0.));
#7391=CARTESIAN_POINT('',(-6.70499999999999,-8.61,0.));
#7392=CARTESIAN_POINT('',(-6.035,1.75999999999998,0.));
#7393=CARTESIAN_POINT('',(-6.705,1.75999999999998,0.));
#7394=CARTESIAN_POINT('',(-6.035,1.75999999999998,0.));
#7395=CARTESIAN_POINT('',(-6.70499999999999,1.08999999999998,0.));
#7396=CARTESIAN_POINT('',(-6.705,1.75999999999998,0.));
#7397=CARTESIAN_POINT('',(-6.035,1.08999999999998,0.));
#7398=CARTESIAN_POINT('',(-6.70499999999999,1.08999999999998,0.));
#7399=CARTESIAN_POINT('',(-6.035,1.08999999999998,0.));
#7400=CARTESIAN_POINT('',(-6.03500000000005,4.35999999999998,0.));
#7401=CARTESIAN_POINT('',(-6.70499999999999,4.35999999999998,0.));
#7402=CARTESIAN_POINT('',(-6.03500000000005,4.35999999999998,0.));
#7403=CARTESIAN_POINT('',(-6.70499999999999,3.68999999999998,0.));
#7404=CARTESIAN_POINT('',(-6.70499999999999,4.35999999999998,0.));
#7405=CARTESIAN_POINT('',(-6.03500000000004,3.68999999999998,0.));
#7406=CARTESIAN_POINT('',(-6.70499999999999,3.68999999999998,0.));
#7407=CARTESIAN_POINT('',(-6.03500000000004,3.68999999999998,0.));
#7408=CARTESIAN_POINT('',(-6.03499999999999,6.81999999999999,0.));
#7409=CARTESIAN_POINT('',(-6.70499999999999,6.82,0.));
#7410=CARTESIAN_POINT('',(-6.03499999999999,6.81999999999999,0.));
#7411=CARTESIAN_POINT('',(-6.70499999999999,6.15,0.));
#7412=CARTESIAN_POINT('',(-6.70499999999999,6.82,0.));
#7413=CARTESIAN_POINT('',(-6.03499999999999,6.14999999999999,0.));
#7414=CARTESIAN_POINT('',(-6.70499999999999,6.15,0.));
#7415=CARTESIAN_POINT('',(-6.03499999999999,6.14999999999999,0.));
#7416=CARTESIAN_POINT('',(-6.03499999999999,9.28,0.));
#7417=CARTESIAN_POINT('',(-6.70499999999999,9.28,0.));
#7418=CARTESIAN_POINT('',(-6.03499999999999,9.28,0.));
#7419=CARTESIAN_POINT('',(-6.70499999999999,8.61,0.));
#7420=CARTESIAN_POINT('',(-6.70499999999999,9.28,0.));
#7421=CARTESIAN_POINT('',(-6.03499999999999,8.61,0.));
#7422=CARTESIAN_POINT('',(-6.70499999999999,8.61,0.));
#7423=CARTESIAN_POINT('',(-6.03499999999999,8.61,0.));
#7424=CARTESIAN_POINT('',(6.70499999999995,-8.61000000000003,0.));
#7425=CARTESIAN_POINT('',(6.03499999999995,-8.61000000000002,0.));
#7426=CARTESIAN_POINT('',(6.70499999999995,-8.61000000000003,0.));
#7427=CARTESIAN_POINT('',(6.03499999999995,-9.28000000000002,0.));
#7428=CARTESIAN_POINT('',(6.03499999999995,-8.61000000000002,0.));
#7429=CARTESIAN_POINT('',(6.70499999999995,-9.28000000000003,0.));
#7430=CARTESIAN_POINT('',(6.03499999999995,-9.28000000000002,0.));
#7431=CARTESIAN_POINT('',(6.70499999999995,-9.28000000000003,0.));
#7432=CARTESIAN_POINT('',(6.70499999999997,-6.15000000000002,0.));
#7433=CARTESIAN_POINT('',(6.03499999999997,-6.15000000000002,0.));
#7434=CARTESIAN_POINT('',(6.70499999999997,-6.15000000000002,0.));
#7435=CARTESIAN_POINT('',(6.03499999999996,-6.82000000000002,0.));
#7436=CARTESIAN_POINT('',(6.03499999999997,-6.15000000000002,0.));
#7437=CARTESIAN_POINT('',(6.70499999999996,-6.82000000000003,0.));
#7438=CARTESIAN_POINT('',(6.03499999999996,-6.82000000000002,0.));
#7439=CARTESIAN_POINT('',(6.70499999999996,-6.82000000000003,0.));
#7440=CARTESIAN_POINT('',(6.70499999999998,-3.69000000000001,0.));
#7441=CARTESIAN_POINT('',(6.03500000000003,-3.69000000000001,0.));
#7442=CARTESIAN_POINT('',(6.70499999999998,-3.69000000000001,0.));
#7443=CARTESIAN_POINT('',(6.03500000000003,-4.36000000000001,0.));
#7444=CARTESIAN_POINT('',(6.03500000000003,-3.69000000000001,0.));
#7445=CARTESIAN_POINT('',(6.70499999999997,-4.36000000000001,0.));
#7446=CARTESIAN_POINT('',(6.03500000000003,-4.36000000000001,0.));
#7447=CARTESIAN_POINT('',(6.70499999999997,-4.36000000000001,0.));
#7448=CARTESIAN_POINT('',(6.70499999999999,-1.09000000000001,0.));
#7449=CARTESIAN_POINT('',(6.03499999999999,-1.09,0.));
#7450=CARTESIAN_POINT('',(6.70499999999999,-1.09000000000001,0.));
#7451=CARTESIAN_POINT('',(6.03499999999999,-1.76,0.));
#7452=CARTESIAN_POINT('',(6.03499999999999,-1.09,0.));
#7453=CARTESIAN_POINT('',(6.70499999999999,-1.76000000000001,0.));
#7454=CARTESIAN_POINT('',(6.03499999999999,-1.76,0.));
#7455=CARTESIAN_POINT('',(6.70499999999999,-1.76000000000001,0.));
#7456=CARTESIAN_POINT('Origin',(0.,0.,1.75));
#7457=CARTESIAN_POINT('',(-7.59999999999999,10.225,1.75));
#7458=CARTESIAN_POINT('',(-7.60000000000001,-10.225,1.75));
#7459=CARTESIAN_POINT('',(-7.59999999999999,10.225,1.75));
#7460=CARTESIAN_POINT('',(7.59999999999999,-10.225,1.75));
#7461=CARTESIAN_POINT('',(-7.60000000000001,-10.225,1.75));
#7462=CARTESIAN_POINT('',(7.60000000000001,10.225,1.75));
#7463=CARTESIAN_POINT('',(7.59999999999999,-10.225,1.75));
#7464=CARTESIAN_POINT('',(7.60000000000001,10.225,1.75));
#7465=CARTESIAN_POINT('',(6.03500000000003,-4.36000000000001,1.75));
#7466=CARTESIAN_POINT('',(6.70499999999997,-4.36000000000001,1.75));
#7467=CARTESIAN_POINT('',(6.03500000000003,-4.36000000000001,1.75));
#7468=CARTESIAN_POINT('',(6.03500000000003,-3.69000000000001,1.75));
#7469=CARTESIAN_POINT('',(6.03500000000003,-3.69000000000001,1.75));
#7470=CARTESIAN_POINT('',(6.70499999999998,-3.69000000000001,1.75));
#7471=CARTESIAN_POINT('',(6.70499999999998,-3.69000000000001,1.75));
#7472=CARTESIAN_POINT('',(6.70499999999997,-4.36000000000001,1.75));
#7473=CARTESIAN_POINT('',(6.03499999999996,-6.82000000000002,1.75));
#7474=CARTESIAN_POINT('',(6.70499999999996,-6.82000000000003,1.75));
#7475=CARTESIAN_POINT('',(6.03499999999996,-6.82000000000002,1.75));
#7476=CARTESIAN_POINT('',(6.03499999999997,-6.15000000000002,1.75));
#7477=CARTESIAN_POINT('',(6.03499999999997,-6.15000000000002,1.75));
#7478=CARTESIAN_POINT('',(6.70499999999997,-6.15000000000002,1.75));
#7479=CARTESIAN_POINT('',(6.70499999999997,-6.15000000000002,1.75));
#7480=CARTESIAN_POINT('',(6.70499999999996,-6.82000000000003,1.75));
#7481=CARTESIAN_POINT('',(6.03499999999995,-9.28000000000002,1.75));
#7482=CARTESIAN_POINT('',(6.70499999999995,-9.28000000000003,1.75));
#7483=CARTESIAN_POINT('',(6.03499999999995,-9.28000000000002,1.75));
#7484=CARTESIAN_POINT('',(6.03499999999995,-8.61000000000002,1.75));
#7485=CARTESIAN_POINT('',(6.03499999999995,-8.61000000000002,1.75));
#7486=CARTESIAN_POINT('',(6.70499999999995,-8.61000000000003,1.75));
#7487=CARTESIAN_POINT('',(6.70499999999995,-8.61000000000003,1.75));
#7488=CARTESIAN_POINT('',(6.70499999999995,-9.28000000000003,1.75));
#7489=CARTESIAN_POINT('',(-6.70499999999999,8.61,1.75));
#7490=CARTESIAN_POINT('',(-6.03499999999999,8.61,1.75));
#7491=CARTESIAN_POINT('',(-6.70499999999999,8.61,1.75));
#7492=CARTESIAN_POINT('',(-6.70499999999999,9.28,1.75));
#7493=CARTESIAN_POINT('',(-6.70499999999999,9.28,1.75));
#7494=CARTESIAN_POINT('',(-6.03499999999999,9.28,1.75));
#7495=CARTESIAN_POINT('',(-6.03499999999999,9.28,1.75));
#7496=CARTESIAN_POINT('',(-6.03499999999999,8.61,1.75));
#7497=CARTESIAN_POINT('',(-6.70499999999999,6.15,1.75));
#7498=CARTESIAN_POINT('',(-6.03499999999999,6.14999999999999,1.75));
#7499=CARTESIAN_POINT('',(-6.70499999999999,6.15,1.75));
#7500=CARTESIAN_POINT('',(-6.70499999999999,6.82,1.75));
#7501=CARTESIAN_POINT('',(-6.70499999999999,6.82,1.75));
#7502=CARTESIAN_POINT('',(-6.03499999999999,6.81999999999999,1.75));
#7503=CARTESIAN_POINT('',(-6.03499999999999,6.81999999999999,1.75));
#7504=CARTESIAN_POINT('',(-6.03499999999999,6.14999999999999,1.75));
#7505=CARTESIAN_POINT('',(-6.70499999999999,3.68999999999998,1.75));
#7506=CARTESIAN_POINT('',(-6.03500000000004,3.68999999999998,1.75));
#7507=CARTESIAN_POINT('',(-6.70499999999999,3.68999999999998,1.75));
#7508=CARTESIAN_POINT('',(-6.70499999999999,4.35999999999998,1.75));
#7509=CARTESIAN_POINT('',(-6.70499999999999,4.35999999999998,1.75));
#7510=CARTESIAN_POINT('',(-6.03500000000005,4.35999999999998,1.75));
#7511=CARTESIAN_POINT('',(-6.03500000000005,4.35999999999998,1.75));
#7512=CARTESIAN_POINT('',(-6.03500000000004,3.68999999999998,1.75));
#7513=CARTESIAN_POINT('',(-6.70499999999999,1.08999999999998,1.75));
#7514=CARTESIAN_POINT('',(-6.035,1.08999999999998,1.75));
#7515=CARTESIAN_POINT('',(-6.70499999999999,1.08999999999998,1.75));
#7516=CARTESIAN_POINT('',(-6.705,1.75999999999998,1.75));
#7517=CARTESIAN_POINT('',(-6.705,1.75999999999998,1.75));
#7518=CARTESIAN_POINT('',(-6.035,1.75999999999998,1.75));
#7519=CARTESIAN_POINT('',(-6.035,1.75999999999998,1.75));
#7520=CARTESIAN_POINT('',(-6.035,1.08999999999998,1.75));
#7521=CARTESIAN_POINT('',(6.03499999999995,8.61000000000002,1.75));
#7522=CARTESIAN_POINT('',(6.03499999999995,9.28000000000002,1.75));
#7523=CARTESIAN_POINT('',(6.03499999999995,8.61000000000002,1.75));
#7524=CARTESIAN_POINT('',(6.70499999999995,9.28000000000003,1.75));
#7525=CARTESIAN_POINT('',(6.03499999999995,9.28000000000002,1.75));
#7526=CARTESIAN_POINT('',(6.70499999999995,8.61000000000003,1.75));
#7527=CARTESIAN_POINT('',(6.70499999999995,9.28000000000003,1.75));
#7528=CARTESIAN_POINT('',(6.70499999999995,8.61000000000003,1.75));
#7529=CARTESIAN_POINT('',(6.03499999999997,6.15000000000002,1.75));
#7530=CARTESIAN_POINT('',(6.03499999999996,6.82000000000002,1.75));
#7531=CARTESIAN_POINT('',(6.03499999999997,6.15000000000002,1.75));
#7532=CARTESIAN_POINT('',(6.70499999999996,6.82000000000003,1.75));
#7533=CARTESIAN_POINT('',(6.03499999999996,6.82000000000002,1.75));
#7534=CARTESIAN_POINT('',(6.70499999999997,6.15000000000002,1.75));
#7535=CARTESIAN_POINT('',(6.70499999999996,6.82000000000003,1.75));
#7536=CARTESIAN_POINT('',(6.70499999999997,6.15000000000002,1.75));
#7537=CARTESIAN_POINT('',(6.03500000000003,3.69000000000001,1.75));
#7538=CARTESIAN_POINT('',(6.03500000000003,4.36000000000001,1.75));
#7539=CARTESIAN_POINT('',(6.03500000000003,3.69000000000001,1.75));
#7540=CARTESIAN_POINT('',(6.70499999999997,4.36000000000001,1.75));
#7541=CARTESIAN_POINT('',(6.03500000000003,4.36000000000001,1.75));
#7542=CARTESIAN_POINT('',(6.70499999999998,3.69000000000001,1.75));
#7543=CARTESIAN_POINT('',(6.70499999999997,4.36000000000001,1.75));
#7544=CARTESIAN_POINT('',(6.70499999999998,3.69000000000001,1.75));
#7545=CARTESIAN_POINT('',(6.03499999999999,1.09,1.75));
#7546=CARTESIAN_POINT('',(6.03499999999999,1.76,1.75));
#7547=CARTESIAN_POINT('',(6.03499999999999,1.09,1.75));
#7548=CARTESIAN_POINT('',(6.70499999999999,1.76000000000001,1.75));
#7549=CARTESIAN_POINT('',(6.03499999999999,1.76,1.75));
#7550=CARTESIAN_POINT('',(6.70499999999999,1.09000000000001,1.75));
#7551=CARTESIAN_POINT('',(6.70499999999999,1.76000000000001,1.75));
#7552=CARTESIAN_POINT('',(6.70499999999999,1.09000000000001,1.75));
#7553=CARTESIAN_POINT('',(-6.705,-1.75999999999998,1.75));
#7554=CARTESIAN_POINT('',(-6.70499999999999,-1.08999999999998,1.75));
#7555=CARTESIAN_POINT('',(-6.705,-1.75999999999998,1.75));
#7556=CARTESIAN_POINT('',(-6.035,-1.08999999999998,1.75));
#7557=CARTESIAN_POINT('',(-6.70499999999999,-1.08999999999998,1.75));
#7558=CARTESIAN_POINT('',(-6.035,-1.75999999999998,1.75));
#7559=CARTESIAN_POINT('',(-6.035,-1.08999999999998,1.75));
#7560=CARTESIAN_POINT('',(-6.035,-1.75999999999998,1.75));
#7561=CARTESIAN_POINT('',(-6.70499999999999,-4.35999999999998,1.75));
#7562=CARTESIAN_POINT('',(-6.70499999999999,-3.68999999999998,1.75));
#7563=CARTESIAN_POINT('',(-6.70499999999999,-4.35999999999998,1.75));
#7564=CARTESIAN_POINT('',(-6.03500000000004,-3.68999999999998,1.75));
#7565=CARTESIAN_POINT('',(-6.70499999999999,-3.68999999999998,1.75));
#7566=CARTESIAN_POINT('',(-6.03500000000005,-4.35999999999998,1.75));
#7567=CARTESIAN_POINT('',(-6.03500000000004,-3.68999999999998,1.75));
#7568=CARTESIAN_POINT('',(-6.03500000000005,-4.35999999999998,1.75));
#7569=CARTESIAN_POINT('',(-6.70499999999999,-6.82,1.75));
#7570=CARTESIAN_POINT('',(-6.70499999999999,-6.15,1.75));
#7571=CARTESIAN_POINT('',(-6.70499999999999,-6.82,1.75));
#7572=CARTESIAN_POINT('',(-6.03499999999999,-6.14999999999999,1.75));
#7573=CARTESIAN_POINT('',(-6.70499999999999,-6.15,1.75));
#7574=CARTESIAN_POINT('',(-6.03499999999999,-6.81999999999999,1.75));
#7575=CARTESIAN_POINT('',(-6.03499999999999,-6.14999999999999,1.75));
#7576=CARTESIAN_POINT('',(-6.03499999999999,-6.81999999999999,1.75));
#7577=CARTESIAN_POINT('',(-6.70499999999999,-9.28,1.75));
#7578=CARTESIAN_POINT('',(-6.70499999999999,-8.61,1.75));
#7579=CARTESIAN_POINT('',(-6.70499999999999,-9.28,1.75));
#7580=CARTESIAN_POINT('',(-6.03499999999999,-8.61,1.75));
#7581=CARTESIAN_POINT('',(-6.70499999999999,-8.61,1.75));
#7582=CARTESIAN_POINT('',(-6.03499999999999,-9.28,1.75));
#7583=CARTESIAN_POINT('',(-6.03499999999999,-8.61,1.75));
#7584=CARTESIAN_POINT('',(-6.03499999999999,-9.28,1.75));
#7585=CARTESIAN_POINT('',(6.03499999999999,-1.09,1.75));
#7586=CARTESIAN_POINT('',(6.03499999999999,-1.76,1.75));
#7587=CARTESIAN_POINT('',(6.03499999999999,-1.09,1.75));
#7588=CARTESIAN_POINT('',(6.70499999999999,-1.09000000000001,1.75));
#7589=CARTESIAN_POINT('',(6.70499999999999,-1.09000000000001,1.75));
#7590=CARTESIAN_POINT('',(6.70499999999999,-1.76000000000001,1.75));
#7591=CARTESIAN_POINT('',(6.70499999999999,-1.76000000000001,1.75));
#7592=CARTESIAN_POINT('',(6.03499999999999,-1.76,1.75));
#7593=CARTESIAN_POINT('Origin',(-7.59999999999999,10.225,1.75));
#7594=CARTESIAN_POINT('',(-7.60000000000001,-10.225,1.75));
#7595=CARTESIAN_POINT('',(-7.59999999999999,10.225,1.75));
#7596=CARTESIAN_POINT('Origin',(-7.60000000000001,-10.225,1.75));
#7597=CARTESIAN_POINT('',(7.59999999999999,-10.225,1.75));
#7598=CARTESIAN_POINT('Origin',(7.59999999999999,-10.225,1.75));
#7599=CARTESIAN_POINT('',(7.60000000000001,10.225,1.75));
#7600=CARTESIAN_POINT('Origin',(7.60000000000001,10.225,1.75));
#7601=CARTESIAN_POINT('Origin',(6.03499999999999,-1.09,3.4));
#7602=CARTESIAN_POINT('',(6.03499999999999,-1.76,3.4));
#7603=CARTESIAN_POINT('',(6.03499999999999,-1.76,3.4));
#7604=CARTESIAN_POINT('',(6.03499999999999,-1.09,3.4));
#7605=CARTESIAN_POINT('',(6.03499999999999,-1.09,3.4));
#7606=CARTESIAN_POINT('',(6.03499999999999,-1.09,3.4));
#7607=CARTESIAN_POINT('Origin',(6.03499999999999,-1.76,3.4));
#7608=CARTESIAN_POINT('',(6.70499999999999,-1.76000000000001,3.4));
#7609=CARTESIAN_POINT('',(6.70499999999999,-1.76000000000001,3.4));
#7610=CARTESIAN_POINT('',(6.03499999999999,-1.76,3.4));
#7611=CARTESIAN_POINT('Origin',(6.70499999999999,-1.76000000000001,3.4));
#7612=CARTESIAN_POINT('',(6.70499999999999,-1.09000000000001,3.4));
#7613=CARTESIAN_POINT('',(6.70499999999999,-1.09000000000001,3.4));
#7614=CARTESIAN_POINT('',(6.70499999999999,-1.76000000000001,3.4));
#7615=CARTESIAN_POINT('Origin',(6.70499999999999,-1.09000000000001,3.4));
#7616=CARTESIAN_POINT('',(6.70499999999999,-1.09000000000001,3.4));
#7617=CARTESIAN_POINT('Origin',(0.,0.,3.4));
#7618=CARTESIAN_POINT('Origin',(6.03500000000003,-3.69000000000001,3.4));
#7619=CARTESIAN_POINT('',(6.03500000000003,-4.36000000000001,3.4));
#7620=CARTESIAN_POINT('',(6.03500000000003,-4.36000000000001,3.4));
#7621=CARTESIAN_POINT('',(6.03500000000003,-3.69000000000001,3.4));
#7622=CARTESIAN_POINT('',(6.03500000000003,-3.69000000000001,3.4));
#7623=CARTESIAN_POINT('',(6.03500000000003,-3.69000000000001,3.4));
#7624=CARTESIAN_POINT('Origin',(6.03500000000003,-4.36000000000001,3.4));
#7625=CARTESIAN_POINT('',(6.70499999999997,-4.36000000000001,3.4));
#7626=CARTESIAN_POINT('',(6.70499999999997,-4.36000000000001,3.4));
#7627=CARTESIAN_POINT('',(6.03500000000003,-4.36000000000001,3.4));
#7628=CARTESIAN_POINT('Origin',(6.70499999999997,-4.36000000000001,3.4));
#7629=CARTESIAN_POINT('',(6.70499999999998,-3.69000000000001,3.4));
#7630=CARTESIAN_POINT('',(6.70499999999998,-3.69000000000001,3.4));
#7631=CARTESIAN_POINT('',(6.70499999999997,-4.36000000000001,3.4));
#7632=CARTESIAN_POINT('Origin',(6.70499999999998,-3.69000000000001,3.4));
#7633=CARTESIAN_POINT('',(6.70499999999998,-3.69000000000001,3.4));
#7634=CARTESIAN_POINT('Origin',(0.,0.,3.4));
#7635=CARTESIAN_POINT('Origin',(6.03499999999997,-6.15000000000002,3.4));
#7636=CARTESIAN_POINT('',(6.03499999999996,-6.82000000000002,3.4));
#7637=CARTESIAN_POINT('',(6.03499999999996,-6.82000000000002,3.4));
#7638=CARTESIAN_POINT('',(6.03499999999997,-6.15000000000002,3.4));
#7639=CARTESIAN_POINT('',(6.03499999999997,-6.15000000000002,3.4));
#7640=CARTESIAN_POINT('',(6.03499999999997,-6.15000000000002,3.4));
#7641=CARTESIAN_POINT('Origin',(6.03499999999996,-6.82000000000002,3.4));
#7642=CARTESIAN_POINT('',(6.70499999999996,-6.82000000000003,3.4));
#7643=CARTESIAN_POINT('',(6.70499999999996,-6.82000000000003,3.4));
#7644=CARTESIAN_POINT('',(6.03499999999996,-6.82000000000002,3.4));
#7645=CARTESIAN_POINT('Origin',(6.70499999999996,-6.82000000000003,3.4));
#7646=CARTESIAN_POINT('',(6.70499999999997,-6.15000000000002,3.4));
#7647=CARTESIAN_POINT('',(6.70499999999997,-6.15000000000002,3.4));
#7648=CARTESIAN_POINT('',(6.70499999999996,-6.82000000000003,3.4));
#7649=CARTESIAN_POINT('Origin',(6.70499999999997,-6.15000000000002,3.4));
#7650=CARTESIAN_POINT('',(6.70499999999997,-6.15000000000002,3.4));
#7651=CARTESIAN_POINT('Origin',(0.,0.,3.4));
#7652=CARTESIAN_POINT('Origin',(6.03499999999995,-8.61000000000002,3.4));
#7653=CARTESIAN_POINT('',(6.03499999999995,-9.28000000000002,3.4));
#7654=CARTESIAN_POINT('',(6.03499999999995,-9.28000000000002,3.4));
#7655=CARTESIAN_POINT('',(6.03499999999995,-8.61000000000002,3.4));
#7656=CARTESIAN_POINT('',(6.03499999999995,-8.61000000000002,3.4));
#7657=CARTESIAN_POINT('',(6.03499999999995,-8.61000000000002,3.4));
#7658=CARTESIAN_POINT('Origin',(6.03499999999995,-9.28000000000002,3.4));
#7659=CARTESIAN_POINT('',(6.70499999999995,-9.28000000000003,3.4));
#7660=CARTESIAN_POINT('',(6.70499999999995,-9.28000000000003,3.4));
#7661=CARTESIAN_POINT('',(6.03499999999995,-9.28000000000002,3.4));
#7662=CARTESIAN_POINT('Origin',(6.70499999999995,-9.28000000000003,3.4));
#7663=CARTESIAN_POINT('',(6.70499999999995,-8.61000000000003,3.4));
#7664=CARTESIAN_POINT('',(6.70499999999995,-8.61000000000003,3.4));
#7665=CARTESIAN_POINT('',(6.70499999999995,-9.28000000000003,3.4));
#7666=CARTESIAN_POINT('Origin',(6.70499999999995,-8.61000000000003,3.4));
#7667=CARTESIAN_POINT('',(6.70499999999995,-8.61000000000003,3.4));
#7668=CARTESIAN_POINT('Origin',(0.,0.,3.4));
#7669=CARTESIAN_POINT('Origin',(-6.70499999999999,9.28,3.4));
#7670=CARTESIAN_POINT('',(-6.70499999999999,8.61,3.4));
#7671=CARTESIAN_POINT('',(-6.70499999999999,8.61,3.4));
#7672=CARTESIAN_POINT('',(-6.70499999999999,9.28,3.4));
#7673=CARTESIAN_POINT('',(-6.70499999999999,9.28,3.4));
#7674=CARTESIAN_POINT('',(-6.70499999999999,9.28,3.4));
#7675=CARTESIAN_POINT('Origin',(-6.70499999999999,8.61,3.4));
#7676=CARTESIAN_POINT('',(-6.03499999999999,8.61,3.4));
#7677=CARTESIAN_POINT('',(-6.03499999999999,8.61,3.4));
#7678=CARTESIAN_POINT('',(-6.70499999999999,8.61,3.4));
#7679=CARTESIAN_POINT('Origin',(-6.03499999999999,8.61,3.4));
#7680=CARTESIAN_POINT('',(-6.03499999999999,9.28,3.4));
#7681=CARTESIAN_POINT('',(-6.03499999999999,9.28,3.4));
#7682=CARTESIAN_POINT('',(-6.03499999999999,8.61,3.4));
#7683=CARTESIAN_POINT('Origin',(-6.03499999999999,9.28,3.4));
#7684=CARTESIAN_POINT('',(-6.03499999999999,9.28,3.4));
#7685=CARTESIAN_POINT('Origin',(0.,0.,3.4));
#7686=CARTESIAN_POINT('Origin',(-6.70499999999999,6.82,3.4));
#7687=CARTESIAN_POINT('',(-6.70499999999999,6.15,3.4));
#7688=CARTESIAN_POINT('',(-6.70499999999999,6.15,3.4));
#7689=CARTESIAN_POINT('',(-6.70499999999999,6.82,3.4));
#7690=CARTESIAN_POINT('',(-6.70499999999999,6.82,3.4));
#7691=CARTESIAN_POINT('',(-6.70499999999999,6.82,3.4));
#7692=CARTESIAN_POINT('Origin',(-6.70499999999999,6.15,3.4));
#7693=CARTESIAN_POINT('',(-6.03499999999999,6.14999999999999,3.4));
#7694=CARTESIAN_POINT('',(-6.03499999999999,6.14999999999999,3.4));
#7695=CARTESIAN_POINT('',(-6.70499999999999,6.15,3.4));
#7696=CARTESIAN_POINT('Origin',(-6.03499999999999,6.14999999999999,3.4));
#7697=CARTESIAN_POINT('',(-6.03499999999999,6.81999999999999,3.4));
#7698=CARTESIAN_POINT('',(-6.03499999999999,6.81999999999999,3.4));
#7699=CARTESIAN_POINT('',(-6.03499999999999,6.14999999999999,3.4));
#7700=CARTESIAN_POINT('Origin',(-6.03499999999999,6.81999999999999,3.4));
#7701=CARTESIAN_POINT('',(-6.03499999999999,6.81999999999999,3.4));
#7702=CARTESIAN_POINT('Origin',(0.,0.,3.4));
#7703=CARTESIAN_POINT('Origin',(-6.70499999999999,4.35999999999998,3.4));
#7704=CARTESIAN_POINT('',(-6.70499999999999,3.68999999999998,3.4));
#7705=CARTESIAN_POINT('',(-6.70499999999999,3.68999999999998,3.4));
#7706=CARTESIAN_POINT('',(-6.70499999999999,4.35999999999998,3.4));
#7707=CARTESIAN_POINT('',(-6.70499999999999,4.35999999999998,3.4));
#7708=CARTESIAN_POINT('',(-6.70499999999999,4.35999999999998,3.4));
#7709=CARTESIAN_POINT('Origin',(-6.70499999999999,3.68999999999998,3.4));
#7710=CARTESIAN_POINT('',(-6.03500000000004,3.68999999999998,3.4));
#7711=CARTESIAN_POINT('',(-6.03500000000004,3.68999999999998,3.4));
#7712=CARTESIAN_POINT('',(-6.70499999999999,3.68999999999998,3.4));
#7713=CARTESIAN_POINT('Origin',(-6.03500000000004,3.68999999999998,3.4));
#7714=CARTESIAN_POINT('',(-6.03500000000005,4.35999999999998,3.4));
#7715=CARTESIAN_POINT('',(-6.03500000000005,4.35999999999998,3.4));
#7716=CARTESIAN_POINT('',(-6.03500000000004,3.68999999999998,3.4));
#7717=CARTESIAN_POINT('Origin',(-6.03500000000005,4.35999999999998,3.4));
#7718=CARTESIAN_POINT('',(-6.03500000000005,4.35999999999998,3.4));
#7719=CARTESIAN_POINT('Origin',(0.,0.,3.4));
#7720=CARTESIAN_POINT('Origin',(-6.705,1.75999999999998,3.4));
#7721=CARTESIAN_POINT('',(-6.70499999999999,1.08999999999998,3.4));
#7722=CARTESIAN_POINT('',(-6.70499999999999,1.08999999999998,3.4));
#7723=CARTESIAN_POINT('',(-6.705,1.75999999999998,3.4));
#7724=CARTESIAN_POINT('',(-6.705,1.75999999999998,3.4));
#7725=CARTESIAN_POINT('',(-6.705,1.75999999999998,3.4));
#7726=CARTESIAN_POINT('Origin',(-6.70499999999999,1.08999999999998,3.4));
#7727=CARTESIAN_POINT('',(-6.035,1.08999999999998,3.4));
#7728=CARTESIAN_POINT('',(-6.035,1.08999999999998,3.4));
#7729=CARTESIAN_POINT('',(-6.70499999999999,1.08999999999998,3.4));
#7730=CARTESIAN_POINT('Origin',(-6.035,1.08999999999998,3.4));
#7731=CARTESIAN_POINT('',(-6.035,1.75999999999998,3.4));
#7732=CARTESIAN_POINT('',(-6.035,1.75999999999998,3.4));
#7733=CARTESIAN_POINT('',(-6.035,1.08999999999998,3.4));
#7734=CARTESIAN_POINT('Origin',(-6.035,1.75999999999998,3.4));
#7735=CARTESIAN_POINT('',(-6.035,1.75999999999998,3.4));
#7736=CARTESIAN_POINT('Origin',(0.,0.,3.4));
#7737=CARTESIAN_POINT('Origin',(-6.70499999999999,-9.28,3.4));
#7738=CARTESIAN_POINT('',(-6.70499999999999,-9.28,3.4));
#7739=CARTESIAN_POINT('',(-6.70499999999999,-9.28,3.4));
#7740=CARTESIAN_POINT('',(-6.70499999999999,-8.61,3.4));
#7741=CARTESIAN_POINT('',(-6.70499999999999,-9.28,3.4));
#7742=CARTESIAN_POINT('',(-6.70499999999999,-8.61,3.4));
#7743=CARTESIAN_POINT('Origin',(-6.70499999999999,-8.61,3.4));
#7744=CARTESIAN_POINT('',(-6.03499999999999,-8.61,3.4));
#7745=CARTESIAN_POINT('',(-6.70499999999999,-8.61,3.4));
#7746=CARTESIAN_POINT('',(-6.03499999999999,-8.61,3.4));
#7747=CARTESIAN_POINT('Origin',(-6.03499999999999,-8.61,3.4));
#7748=CARTESIAN_POINT('',(-6.03499999999999,-9.28,3.4));
#7749=CARTESIAN_POINT('',(-6.03499999999999,-8.61,3.4));
#7750=CARTESIAN_POINT('',(-6.03499999999999,-9.28,3.4));
#7751=CARTESIAN_POINT('Origin',(-6.03499999999999,-9.28,3.4));
#7752=CARTESIAN_POINT('',(-6.03499999999999,-9.28,3.4));
#7753=CARTESIAN_POINT('Origin',(0.,0.,3.4));
#7754=CARTESIAN_POINT('Origin',(-6.70499999999999,-6.82,3.4));
#7755=CARTESIAN_POINT('',(-6.70499999999999,-6.82,3.4));
#7756=CARTESIAN_POINT('',(-6.70499999999999,-6.82,3.4));
#7757=CARTESIAN_POINT('',(-6.70499999999999,-6.15,3.4));
#7758=CARTESIAN_POINT('',(-6.70499999999999,-6.82,3.4));
#7759=CARTESIAN_POINT('',(-6.70499999999999,-6.15,3.4));
#7760=CARTESIAN_POINT('Origin',(-6.70499999999999,-6.15,3.4));
#7761=CARTESIAN_POINT('',(-6.03499999999999,-6.14999999999999,3.4));
#7762=CARTESIAN_POINT('',(-6.70499999999999,-6.15,3.4));
#7763=CARTESIAN_POINT('',(-6.03499999999999,-6.14999999999999,3.4));
#7764=CARTESIAN_POINT('Origin',(-6.03499999999999,-6.14999999999999,3.4));
#7765=CARTESIAN_POINT('',(-6.03499999999999,-6.81999999999999,3.4));
#7766=CARTESIAN_POINT('',(-6.03499999999999,-6.14999999999999,3.4));
#7767=CARTESIAN_POINT('',(-6.03499999999999,-6.81999999999999,3.4));
#7768=CARTESIAN_POINT('Origin',(-6.03499999999999,-6.81999999999999,3.4));
#7769=CARTESIAN_POINT('',(-6.03499999999999,-6.81999999999999,3.4));
#7770=CARTESIAN_POINT('Origin',(0.,0.,3.4));
#7771=CARTESIAN_POINT('Origin',(-6.70499999999999,-4.35999999999998,3.4));
#7772=CARTESIAN_POINT('',(-6.70499999999999,-4.35999999999998,3.4));
#7773=CARTESIAN_POINT('',(-6.70499999999999,-4.35999999999998,3.4));
#7774=CARTESIAN_POINT('',(-6.70499999999999,-3.68999999999998,3.4));
#7775=CARTESIAN_POINT('',(-6.70499999999999,-4.35999999999998,3.4));
#7776=CARTESIAN_POINT('',(-6.70499999999999,-3.68999999999998,3.4));
#7777=CARTESIAN_POINT('Origin',(-6.70499999999999,-3.68999999999998,3.4));
#7778=CARTESIAN_POINT('',(-6.03500000000004,-3.68999999999998,3.4));
#7779=CARTESIAN_POINT('',(-6.70499999999999,-3.68999999999998,3.4));
#7780=CARTESIAN_POINT('',(-6.03500000000004,-3.68999999999998,3.4));
#7781=CARTESIAN_POINT('Origin',(-6.03500000000004,-3.68999999999998,3.4));
#7782=CARTESIAN_POINT('',(-6.03500000000005,-4.35999999999998,3.4));
#7783=CARTESIAN_POINT('',(-6.03500000000004,-3.68999999999998,3.4));
#7784=CARTESIAN_POINT('',(-6.03500000000005,-4.35999999999998,3.4));
#7785=CARTESIAN_POINT('Origin',(-6.03500000000005,-4.35999999999998,3.4));
#7786=CARTESIAN_POINT('',(-6.03500000000005,-4.35999999999998,3.4));
#7787=CARTESIAN_POINT('Origin',(0.,0.,3.4));
#7788=CARTESIAN_POINT('Origin',(-6.705,-1.75999999999998,3.4));
#7789=CARTESIAN_POINT('',(-6.705,-1.75999999999998,3.4));
#7790=CARTESIAN_POINT('',(-6.705,-1.75999999999998,3.4));
#7791=CARTESIAN_POINT('',(-6.70499999999999,-1.08999999999998,3.4));
#7792=CARTESIAN_POINT('',(-6.705,-1.75999999999998,3.4));
#7793=CARTESIAN_POINT('',(-6.70499999999999,-1.08999999999998,3.4));
#7794=CARTESIAN_POINT('Origin',(-6.70499999999999,-1.08999999999998,3.4));
#7795=CARTESIAN_POINT('',(-6.035,-1.08999999999998,3.4));
#7796=CARTESIAN_POINT('',(-6.70499999999999,-1.08999999999998,3.4));
#7797=CARTESIAN_POINT('',(-6.035,-1.08999999999998,3.4));
#7798=CARTESIAN_POINT('Origin',(-6.035,-1.08999999999998,3.4));
#7799=CARTESIAN_POINT('',(-6.035,-1.75999999999998,3.4));
#7800=CARTESIAN_POINT('',(-6.035,-1.08999999999998,3.4));
#7801=CARTESIAN_POINT('',(-6.035,-1.75999999999998,3.4));
#7802=CARTESIAN_POINT('Origin',(-6.035,-1.75999999999998,3.4));
#7803=CARTESIAN_POINT('',(-6.035,-1.75999999999998,3.4));
#7804=CARTESIAN_POINT('Origin',(0.,0.,3.4));
#7805=CARTESIAN_POINT('Origin',(6.03499999999999,1.09,3.4));
#7806=CARTESIAN_POINT('',(6.03499999999999,1.09,3.4));
#7807=CARTESIAN_POINT('',(6.03499999999999,1.09,3.4));
#7808=CARTESIAN_POINT('',(6.03499999999999,1.76,3.4));
#7809=CARTESIAN_POINT('',(6.03499999999999,1.09,3.4));
#7810=CARTESIAN_POINT('',(6.03499999999999,1.76,3.4));
#7811=CARTESIAN_POINT('Origin',(6.03499999999999,1.76,3.4));
#7812=CARTESIAN_POINT('',(6.70499999999999,1.76000000000001,3.4));
#7813=CARTESIAN_POINT('',(6.03499999999999,1.76,3.4));
#7814=CARTESIAN_POINT('',(6.70499999999999,1.76000000000001,3.4));
#7815=CARTESIAN_POINT('Origin',(6.70499999999999,1.76000000000001,3.4));
#7816=CARTESIAN_POINT('',(6.70499999999999,1.09000000000001,3.4));
#7817=CARTESIAN_POINT('',(6.70499999999999,1.76000000000001,3.4));
#7818=CARTESIAN_POINT('',(6.70499999999999,1.09000000000001,3.4));
#7819=CARTESIAN_POINT('Origin',(6.70499999999999,1.09000000000001,3.4));
#7820=CARTESIAN_POINT('',(6.70499999999999,1.09000000000001,3.4));
#7821=CARTESIAN_POINT('Origin',(0.,0.,3.4));
#7822=CARTESIAN_POINT('Origin',(6.03500000000003,3.69000000000001,3.4));
#7823=CARTESIAN_POINT('',(6.03500000000003,3.69000000000001,3.4));
#7824=CARTESIAN_POINT('',(6.03500000000003,3.69000000000001,3.4));
#7825=CARTESIAN_POINT('',(6.03500000000003,4.36000000000001,3.4));
#7826=CARTESIAN_POINT('',(6.03500000000003,3.69000000000001,3.4));
#7827=CARTESIAN_POINT('',(6.03500000000003,4.36000000000001,3.4));
#7828=CARTESIAN_POINT('Origin',(6.03500000000003,4.36000000000001,3.4));
#7829=CARTESIAN_POINT('',(6.70499999999997,4.36000000000001,3.4));
#7830=CARTESIAN_POINT('',(6.03500000000003,4.36000000000001,3.4));
#7831=CARTESIAN_POINT('',(6.70499999999997,4.36000000000001,3.4));
#7832=CARTESIAN_POINT('Origin',(6.70499999999997,4.36000000000001,3.4));
#7833=CARTESIAN_POINT('',(6.70499999999998,3.69000000000001,3.4));
#7834=CARTESIAN_POINT('',(6.70499999999997,4.36000000000001,3.4));
#7835=CARTESIAN_POINT('',(6.70499999999998,3.69000000000001,3.4));
#7836=CARTESIAN_POINT('Origin',(6.70499999999998,3.69000000000001,3.4));
#7837=CARTESIAN_POINT('',(6.70499999999998,3.69000000000001,3.4));
#7838=CARTESIAN_POINT('Origin',(0.,0.,3.4));
#7839=CARTESIAN_POINT('Origin',(6.03499999999997,6.15000000000002,3.4));
#7840=CARTESIAN_POINT('',(6.03499999999997,6.15000000000002,3.4));
#7841=CARTESIAN_POINT('',(6.03499999999997,6.15000000000002,3.4));
#7842=CARTESIAN_POINT('',(6.03499999999996,6.82000000000002,3.4));
#7843=CARTESIAN_POINT('',(6.03499999999997,6.15000000000002,3.4));
#7844=CARTESIAN_POINT('',(6.03499999999996,6.82000000000002,3.4));
#7845=CARTESIAN_POINT('Origin',(6.03499999999996,6.82000000000002,3.4));
#7846=CARTESIAN_POINT('',(6.70499999999996,6.82000000000003,3.4));
#7847=CARTESIAN_POINT('',(6.03499999999996,6.82000000000002,3.4));
#7848=CARTESIAN_POINT('',(6.70499999999996,6.82000000000003,3.4));
#7849=CARTESIAN_POINT('Origin',(6.70499999999996,6.82000000000003,3.4));
#7850=CARTESIAN_POINT('',(6.70499999999997,6.15000000000002,3.4));
#7851=CARTESIAN_POINT('',(6.70499999999996,6.82000000000003,3.4));
#7852=CARTESIAN_POINT('',(6.70499999999997,6.15000000000002,3.4));
#7853=CARTESIAN_POINT('Origin',(6.70499999999997,6.15000000000002,3.4));
#7854=CARTESIAN_POINT('',(6.70499999999997,6.15000000000002,3.4));
#7855=CARTESIAN_POINT('Origin',(0.,0.,3.4));
#7856=CARTESIAN_POINT('Origin',(6.03499999999995,8.61000000000002,3.4));
#7857=CARTESIAN_POINT('',(6.03499999999995,8.61000000000002,3.4));
#7858=CARTESIAN_POINT('',(6.03499999999995,8.61000000000002,3.4));
#7859=CARTESIAN_POINT('',(6.03499999999995,9.28000000000002,3.4));
#7860=CARTESIAN_POINT('',(6.03499999999995,8.61000000000002,3.4));
#7861=CARTESIAN_POINT('',(6.03499999999995,9.28000000000002,3.4));
#7862=CARTESIAN_POINT('Origin',(6.03499999999995,9.28000000000002,3.4));
#7863=CARTESIAN_POINT('',(6.70499999999995,9.28000000000003,3.4));
#7864=CARTESIAN_POINT('',(6.03499999999995,9.28000000000002,3.4));
#7865=CARTESIAN_POINT('',(6.70499999999995,9.28000000000003,3.4));
#7866=CARTESIAN_POINT('Origin',(6.70499999999995,9.28000000000003,3.4));
#7867=CARTESIAN_POINT('',(6.70499999999995,8.61000000000003,3.4));
#7868=CARTESIAN_POINT('',(6.70499999999995,9.28000000000003,3.4));
#7869=CARTESIAN_POINT('',(6.70499999999995,8.61000000000003,3.4));
#7870=CARTESIAN_POINT('Origin',(6.70499999999995,8.61000000000003,3.4));
#7871=CARTESIAN_POINT('',(6.70499999999995,8.61000000000003,3.4));
#7872=CARTESIAN_POINT('Origin',(0.,0.,3.4));
#7873=CARTESIAN_POINT('Origin',(6.03499999999999,-1.09,-8.16));
#7874=CARTESIAN_POINT('',(6.03499999999999,-1.09,-8.16));
#7875=CARTESIAN_POINT('',(6.03499999999999,-1.09,-8.16));
#7876=CARTESIAN_POINT('',(6.03499999999999,-1.76,-8.16));
#7877=CARTESIAN_POINT('',(6.03499999999999,-1.09,-8.16));
#7878=CARTESIAN_POINT('',(6.03499999999999,-1.76,-8.16));
#7879=CARTESIAN_POINT('Origin',(6.03499999999999,-1.76,-8.16));
#7880=CARTESIAN_POINT('',(6.70499999999999,-1.76000000000001,-8.16));
#7881=CARTESIAN_POINT('',(6.03499999999999,-1.76,-8.16));
#7882=CARTESIAN_POINT('',(6.70499999999999,-1.76000000000001,-8.16));
#7883=CARTESIAN_POINT('Origin',(6.70499999999999,-1.76000000000001,-8.16));
#7884=CARTESIAN_POINT('',(6.70499999999999,-1.09000000000001,-8.16));
#7885=CARTESIAN_POINT('',(6.70499999999999,-1.76000000000001,-8.16));
#7886=CARTESIAN_POINT('',(6.70499999999999,-1.09000000000001,-8.16));
#7887=CARTESIAN_POINT('Origin',(6.70499999999999,-1.09000000000001,-8.16));
#7888=CARTESIAN_POINT('',(6.70499999999999,-1.09000000000001,-8.16));
#7889=CARTESIAN_POINT('Origin',(0.,0.,-8.16));
#7890=CARTESIAN_POINT('Origin',(6.03500000000003,-3.69000000000001,-8.16));
#7891=CARTESIAN_POINT('',(6.03500000000003,-3.69000000000001,-8.16));
#7892=CARTESIAN_POINT('',(6.03500000000003,-3.69000000000001,-8.16));
#7893=CARTESIAN_POINT('',(6.03500000000003,-4.36000000000001,-8.16));
#7894=CARTESIAN_POINT('',(6.03500000000003,-3.69000000000001,-8.16));
#7895=CARTESIAN_POINT('',(6.03500000000003,-4.36000000000001,-8.16));
#7896=CARTESIAN_POINT('Origin',(6.03500000000003,-4.36000000000001,-8.16));
#7897=CARTESIAN_POINT('',(6.70499999999997,-4.36000000000001,-8.16));
#7898=CARTESIAN_POINT('',(6.03500000000003,-4.36000000000001,-8.16));
#7899=CARTESIAN_POINT('',(6.70499999999997,-4.36000000000001,-8.16));
#7900=CARTESIAN_POINT('Origin',(6.70499999999997,-4.36000000000001,-8.16));
#7901=CARTESIAN_POINT('',(6.70499999999998,-3.69000000000001,-8.16));
#7902=CARTESIAN_POINT('',(6.70499999999997,-4.36000000000001,-8.16));
#7903=CARTESIAN_POINT('',(6.70499999999998,-3.69000000000001,-8.16));
#7904=CARTESIAN_POINT('Origin',(6.70499999999998,-3.69000000000001,-8.16));
#7905=CARTESIAN_POINT('',(6.70499999999998,-3.69000000000001,-8.16));
#7906=CARTESIAN_POINT('Origin',(0.,0.,-8.16));
#7907=CARTESIAN_POINT('Origin',(6.03499999999997,-6.15000000000002,-8.16));
#7908=CARTESIAN_POINT('',(6.03499999999997,-6.15000000000002,-8.16));
#7909=CARTESIAN_POINT('',(6.03499999999997,-6.15000000000002,-8.16));
#7910=CARTESIAN_POINT('',(6.03499999999996,-6.82000000000002,-8.16));
#7911=CARTESIAN_POINT('',(6.03499999999997,-6.15000000000002,-8.16));
#7912=CARTESIAN_POINT('',(6.03499999999996,-6.82000000000002,-8.16));
#7913=CARTESIAN_POINT('Origin',(6.03499999999996,-6.82000000000002,-8.16));
#7914=CARTESIAN_POINT('',(6.70499999999996,-6.82000000000003,-8.16));
#7915=CARTESIAN_POINT('',(6.03499999999996,-6.82000000000002,-8.16));
#7916=CARTESIAN_POINT('',(6.70499999999996,-6.82000000000003,-8.16));
#7917=CARTESIAN_POINT('Origin',(6.70499999999996,-6.82000000000003,-8.16));
#7918=CARTESIAN_POINT('',(6.70499999999997,-6.15000000000002,-8.16));
#7919=CARTESIAN_POINT('',(6.70499999999996,-6.82000000000003,-8.16));
#7920=CARTESIAN_POINT('',(6.70499999999997,-6.15000000000002,-8.16));
#7921=CARTESIAN_POINT('Origin',(6.70499999999997,-6.15000000000002,-8.16));
#7922=CARTESIAN_POINT('',(6.70499999999997,-6.15000000000002,-8.16));
#7923=CARTESIAN_POINT('Origin',(0.,0.,-8.16));
#7924=CARTESIAN_POINT('Origin',(6.03499999999995,-8.61000000000002,-8.16));
#7925=CARTESIAN_POINT('',(6.03499999999995,-8.61000000000002,-8.16));
#7926=CARTESIAN_POINT('',(6.03499999999995,-8.61000000000002,-8.16));
#7927=CARTESIAN_POINT('',(6.03499999999995,-9.28000000000002,-8.16));
#7928=CARTESIAN_POINT('',(6.03499999999995,-8.61000000000002,-8.16));
#7929=CARTESIAN_POINT('',(6.03499999999995,-9.28000000000002,-8.16));
#7930=CARTESIAN_POINT('Origin',(6.03499999999995,-9.28000000000002,-8.16));
#7931=CARTESIAN_POINT('',(6.70499999999995,-9.28000000000003,-8.16));
#7932=CARTESIAN_POINT('',(6.03499999999995,-9.28000000000002,-8.16));
#7933=CARTESIAN_POINT('',(6.70499999999995,-9.28000000000003,-8.16));
#7934=CARTESIAN_POINT('Origin',(6.70499999999995,-9.28000000000003,-8.16));
#7935=CARTESIAN_POINT('',(6.70499999999995,-8.61000000000003,-8.16));
#7936=CARTESIAN_POINT('',(6.70499999999995,-9.28000000000003,-8.16));
#7937=CARTESIAN_POINT('',(6.70499999999995,-8.61000000000003,-8.16));
#7938=CARTESIAN_POINT('Origin',(6.70499999999995,-8.61000000000003,-8.16));
#7939=CARTESIAN_POINT('',(6.70499999999995,-8.61000000000003,-8.16));
#7940=CARTESIAN_POINT('Origin',(0.,0.,-8.16));
#7941=CARTESIAN_POINT('Origin',(-6.70499999999999,9.28,-8.16));
#7942=CARTESIAN_POINT('',(-6.70499999999999,9.28,-8.16));
#7943=CARTESIAN_POINT('',(-6.70499999999999,9.28,-8.16));
#7944=CARTESIAN_POINT('',(-6.70499999999999,8.61,-8.16));
#7945=CARTESIAN_POINT('',(-6.70499999999999,9.28,-8.16));
#7946=CARTESIAN_POINT('',(-6.70499999999999,8.61,-8.16));
#7947=CARTESIAN_POINT('Origin',(-6.70499999999999,8.61,-8.16));
#7948=CARTESIAN_POINT('',(-6.03499999999999,8.61,-8.16));
#7949=CARTESIAN_POINT('',(-6.70499999999999,8.61,-8.16));
#7950=CARTESIAN_POINT('',(-6.03499999999999,8.61,-8.16));
#7951=CARTESIAN_POINT('Origin',(-6.03499999999999,8.61,-8.16));
#7952=CARTESIAN_POINT('',(-6.03499999999999,9.28,-8.16));
#7953=CARTESIAN_POINT('',(-6.03499999999999,8.61,-8.16));
#7954=CARTESIAN_POINT('',(-6.03499999999999,9.28,-8.16));
#7955=CARTESIAN_POINT('Origin',(-6.03499999999999,9.28,-8.16));
#7956=CARTESIAN_POINT('',(-6.03499999999999,9.28,-8.16));
#7957=CARTESIAN_POINT('Origin',(0.,0.,-8.16));
#7958=CARTESIAN_POINT('Origin',(-6.70499999999999,6.82,-8.16));
#7959=CARTESIAN_POINT('',(-6.70499999999999,6.82,-8.16));
#7960=CARTESIAN_POINT('',(-6.70499999999999,6.82,-8.16));
#7961=CARTESIAN_POINT('',(-6.70499999999999,6.15,-8.16));
#7962=CARTESIAN_POINT('',(-6.70499999999999,6.82,-8.16));
#7963=CARTESIAN_POINT('',(-6.70499999999999,6.15,-8.16));
#7964=CARTESIAN_POINT('Origin',(-6.70499999999999,6.15,-8.16));
#7965=CARTESIAN_POINT('',(-6.03499999999999,6.14999999999999,-8.16));
#7966=CARTESIAN_POINT('',(-6.70499999999999,6.15,-8.16));
#7967=CARTESIAN_POINT('',(-6.03499999999999,6.14999999999999,-8.16));
#7968=CARTESIAN_POINT('Origin',(-6.03499999999999,6.14999999999999,-8.16));
#7969=CARTESIAN_POINT('',(-6.03499999999999,6.81999999999999,-8.16));
#7970=CARTESIAN_POINT('',(-6.03499999999999,6.14999999999999,-8.16));
#7971=CARTESIAN_POINT('',(-6.03499999999999,6.81999999999999,-8.16));
#7972=CARTESIAN_POINT('Origin',(-6.03499999999999,6.81999999999999,-8.16));
#7973=CARTESIAN_POINT('',(-6.03499999999999,6.81999999999999,-8.16));
#7974=CARTESIAN_POINT('Origin',(0.,0.,-8.16));
#7975=CARTESIAN_POINT('Origin',(-6.70499999999999,4.35999999999998,-8.16));
#7976=CARTESIAN_POINT('',(-6.70499999999999,4.35999999999998,-8.16));
#7977=CARTESIAN_POINT('',(-6.70499999999999,4.35999999999998,-8.16));
#7978=CARTESIAN_POINT('',(-6.70499999999999,3.68999999999998,-8.16));
#7979=CARTESIAN_POINT('',(-6.70499999999999,4.35999999999998,-8.16));
#7980=CARTESIAN_POINT('',(-6.70499999999999,3.68999999999998,-8.16));
#7981=CARTESIAN_POINT('Origin',(-6.70499999999999,3.68999999999998,-8.16));
#7982=CARTESIAN_POINT('',(-6.03500000000004,3.68999999999998,-8.16));
#7983=CARTESIAN_POINT('',(-6.70499999999999,3.68999999999998,-8.16));
#7984=CARTESIAN_POINT('',(-6.03500000000004,3.68999999999998,-8.16));
#7985=CARTESIAN_POINT('Origin',(-6.03500000000004,3.68999999999998,-8.16));
#7986=CARTESIAN_POINT('',(-6.03500000000005,4.35999999999998,-8.16));
#7987=CARTESIAN_POINT('',(-6.03500000000004,3.68999999999998,-8.16));
#7988=CARTESIAN_POINT('',(-6.03500000000005,4.35999999999998,-8.16));
#7989=CARTESIAN_POINT('Origin',(-6.03500000000005,4.35999999999998,-8.16));
#7990=CARTESIAN_POINT('',(-6.03500000000005,4.35999999999998,-8.16));
#7991=CARTESIAN_POINT('Origin',(0.,0.,-8.16));
#7992=CARTESIAN_POINT('Origin',(-6.705,1.75999999999998,-8.16));
#7993=CARTESIAN_POINT('',(-6.705,1.75999999999998,-8.16));
#7994=CARTESIAN_POINT('',(-6.705,1.75999999999998,-8.16));
#7995=CARTESIAN_POINT('',(-6.70499999999999,1.08999999999998,-8.16));
#7996=CARTESIAN_POINT('',(-6.705,1.75999999999998,-8.16));
#7997=CARTESIAN_POINT('',(-6.70499999999999,1.08999999999998,-8.16));
#7998=CARTESIAN_POINT('Origin',(-6.70499999999999,1.08999999999998,-8.16));
#7999=CARTESIAN_POINT('',(-6.035,1.08999999999998,-8.16));
#8000=CARTESIAN_POINT('',(-6.70499999999999,1.08999999999998,-8.16));
#8001=CARTESIAN_POINT('',(-6.035,1.08999999999998,-8.16));
#8002=CARTESIAN_POINT('Origin',(-6.035,1.08999999999998,-8.16));
#8003=CARTESIAN_POINT('',(-6.035,1.75999999999998,-8.16));
#8004=CARTESIAN_POINT('',(-6.035,1.08999999999998,-8.16));
#8005=CARTESIAN_POINT('',(-6.035,1.75999999999998,-8.16));
#8006=CARTESIAN_POINT('Origin',(-6.035,1.75999999999998,-8.16));
#8007=CARTESIAN_POINT('',(-6.035,1.75999999999998,-8.16));
#8008=CARTESIAN_POINT('Origin',(0.,0.,-8.16));
#8009=CARTESIAN_POINT('Origin',(-6.70499999999999,-9.28,-8.16));
#8010=CARTESIAN_POINT('',(-6.70499999999999,-9.28,-8.16));
#8011=CARTESIAN_POINT('',(-6.70499999999999,-9.28,-8.16));
#8012=CARTESIAN_POINT('',(-6.70499999999999,-8.61,-8.16));
#8013=CARTESIAN_POINT('',(-6.70499999999999,-8.61,-8.16));
#8014=CARTESIAN_POINT('',(-6.70499999999999,-9.28,-8.16));
#8015=CARTESIAN_POINT('Origin',(-6.70499999999999,-8.61,-8.16));
#8016=CARTESIAN_POINT('',(-6.03499999999999,-8.61,-8.16));
#8017=CARTESIAN_POINT('',(-6.03499999999999,-8.61,-8.16));
#8018=CARTESIAN_POINT('',(-6.70499999999999,-8.61,-8.16));
#8019=CARTESIAN_POINT('Origin',(-6.03499999999999,-8.61,-8.16));
#8020=CARTESIAN_POINT('',(-6.03499999999999,-9.28,-8.16));
#8021=CARTESIAN_POINT('',(-6.03499999999999,-9.28,-8.16));
#8022=CARTESIAN_POINT('',(-6.03499999999999,-8.61,-8.16));
#8023=CARTESIAN_POINT('Origin',(-6.03499999999999,-9.28,-8.16));
#8024=CARTESIAN_POINT('',(-6.03499999999999,-9.28,-8.16));
#8025=CARTESIAN_POINT('Origin',(0.,0.,-8.16));
#8026=CARTESIAN_POINT('Origin',(-6.70499999999999,-6.82,-8.16));
#8027=CARTESIAN_POINT('',(-6.70499999999999,-6.82,-8.16));
#8028=CARTESIAN_POINT('',(-6.70499999999999,-6.82,-8.16));
#8029=CARTESIAN_POINT('',(-6.70499999999999,-6.15,-8.16));
#8030=CARTESIAN_POINT('',(-6.70499999999999,-6.15,-8.16));
#8031=CARTESIAN_POINT('',(-6.70499999999999,-6.82,-8.16));
#8032=CARTESIAN_POINT('Origin',(-6.70499999999999,-6.15,-8.16));
#8033=CARTESIAN_POINT('',(-6.03499999999999,-6.14999999999999,-8.16));
#8034=CARTESIAN_POINT('',(-6.03499999999999,-6.14999999999999,-8.16));
#8035=CARTESIAN_POINT('',(-6.70499999999999,-6.15,-8.16));
#8036=CARTESIAN_POINT('Origin',(-6.03499999999999,-6.14999999999999,-8.16));
#8037=CARTESIAN_POINT('',(-6.03499999999999,-6.81999999999999,-8.16));
#8038=CARTESIAN_POINT('',(-6.03499999999999,-6.81999999999999,-8.16));
#8039=CARTESIAN_POINT('',(-6.03499999999999,-6.14999999999999,-8.16));
#8040=CARTESIAN_POINT('Origin',(-6.03499999999999,-6.81999999999999,-8.16));
#8041=CARTESIAN_POINT('',(-6.03499999999999,-6.81999999999999,-8.16));
#8042=CARTESIAN_POINT('Origin',(0.,0.,-8.16));
#8043=CARTESIAN_POINT('Origin',(-6.70499999999999,-4.35999999999998,-8.16));
#8044=CARTESIAN_POINT('',(-6.70499999999999,-4.35999999999998,-8.16));
#8045=CARTESIAN_POINT('',(-6.70499999999999,-4.35999999999998,-8.16));
#8046=CARTESIAN_POINT('',(-6.70499999999999,-3.68999999999998,-8.16));
#8047=CARTESIAN_POINT('',(-6.70499999999999,-3.68999999999998,-8.16));
#8048=CARTESIAN_POINT('',(-6.70499999999999,-4.35999999999998,-8.16));
#8049=CARTESIAN_POINT('Origin',(-6.70499999999999,-3.68999999999998,-8.16));
#8050=CARTESIAN_POINT('',(-6.03500000000004,-3.68999999999998,-8.16));
#8051=CARTESIAN_POINT('',(-6.03500000000004,-3.68999999999998,-8.16));
#8052=CARTESIAN_POINT('',(-6.70499999999999,-3.68999999999998,-8.16));
#8053=CARTESIAN_POINT('Origin',(-6.03500000000004,-3.68999999999998,-8.16));
#8054=CARTESIAN_POINT('',(-6.03500000000005,-4.35999999999998,-8.16));
#8055=CARTESIAN_POINT('',(-6.03500000000005,-4.35999999999998,-8.16));
#8056=CARTESIAN_POINT('',(-6.03500000000004,-3.68999999999998,-8.16));
#8057=CARTESIAN_POINT('Origin',(-6.03500000000005,-4.35999999999998,-8.16));
#8058=CARTESIAN_POINT('',(-6.03500000000005,-4.35999999999998,-8.16));
#8059=CARTESIAN_POINT('Origin',(0.,0.,-8.16));
#8060=CARTESIAN_POINT('Origin',(-6.705,-1.75999999999998,-8.16));
#8061=CARTESIAN_POINT('',(-6.705,-1.75999999999998,-8.16));
#8062=CARTESIAN_POINT('',(-6.705,-1.75999999999998,-8.16));
#8063=CARTESIAN_POINT('',(-6.70499999999999,-1.08999999999998,-8.16));
#8064=CARTESIAN_POINT('',(-6.70499999999999,-1.08999999999998,-8.16));
#8065=CARTESIAN_POINT('',(-6.705,-1.75999999999998,-8.16));
#8066=CARTESIAN_POINT('Origin',(-6.70499999999999,-1.08999999999998,-8.16));
#8067=CARTESIAN_POINT('',(-6.035,-1.08999999999998,-8.16));
#8068=CARTESIAN_POINT('',(-6.035,-1.08999999999998,-8.16));
#8069=CARTESIAN_POINT('',(-6.70499999999999,-1.08999999999998,-8.16));
#8070=CARTESIAN_POINT('Origin',(-6.035,-1.08999999999998,-8.16));
#8071=CARTESIAN_POINT('',(-6.035,-1.75999999999998,-8.16));
#8072=CARTESIAN_POINT('',(-6.035,-1.75999999999998,-8.16));
#8073=CARTESIAN_POINT('',(-6.035,-1.08999999999998,-8.16));
#8074=CARTESIAN_POINT('Origin',(-6.035,-1.75999999999998,-8.16));
#8075=CARTESIAN_POINT('',(-6.035,-1.75999999999998,-8.16));
#8076=CARTESIAN_POINT('Origin',(0.,0.,-8.16));
#8077=CARTESIAN_POINT('Origin',(6.03499999999999,1.09,-8.16));
#8078=CARTESIAN_POINT('',(6.03499999999999,1.09,-8.16));
#8079=CARTESIAN_POINT('',(6.03499999999999,1.09,-8.16));
#8080=CARTESIAN_POINT('',(6.03499999999999,1.76,-8.16));
#8081=CARTESIAN_POINT('',(6.03499999999999,1.76,-8.16));
#8082=CARTESIAN_POINT('',(6.03499999999999,1.09,-8.16));
#8083=CARTESIAN_POINT('Origin',(6.03499999999999,1.76,-8.16));
#8084=CARTESIAN_POINT('',(6.70499999999999,1.76000000000001,-8.16));
#8085=CARTESIAN_POINT('',(6.70499999999999,1.76000000000001,-8.16));
#8086=CARTESIAN_POINT('',(6.03499999999999,1.76,-8.16));
#8087=CARTESIAN_POINT('Origin',(6.70499999999999,1.76000000000001,-8.16));
#8088=CARTESIAN_POINT('',(6.70499999999999,1.09000000000001,-8.16));
#8089=CARTESIAN_POINT('',(6.70499999999999,1.09000000000001,-8.16));
#8090=CARTESIAN_POINT('',(6.70499999999999,1.76000000000001,-8.16));
#8091=CARTESIAN_POINT('Origin',(6.70499999999999,1.09000000000001,-8.16));
#8092=CARTESIAN_POINT('',(6.70499999999999,1.09000000000001,-8.16));
#8093=CARTESIAN_POINT('Origin',(0.,0.,-8.16));
#8094=CARTESIAN_POINT('Origin',(6.03500000000003,3.69000000000001,-8.16));
#8095=CARTESIAN_POINT('',(6.03500000000003,3.69000000000001,-8.16));
#8096=CARTESIAN_POINT('',(6.03500000000003,3.69000000000001,-8.16));
#8097=CARTESIAN_POINT('',(6.03500000000003,4.36000000000001,-8.16));
#8098=CARTESIAN_POINT('',(6.03500000000003,4.36000000000001,-8.16));
#8099=CARTESIAN_POINT('',(6.03500000000003,3.69000000000001,-8.16));
#8100=CARTESIAN_POINT('Origin',(6.03500000000003,4.36000000000001,-8.16));
#8101=CARTESIAN_POINT('',(6.70499999999997,4.36000000000001,-8.16));
#8102=CARTESIAN_POINT('',(6.70499999999997,4.36000000000001,-8.16));
#8103=CARTESIAN_POINT('',(6.03500000000003,4.36000000000001,-8.16));
#8104=CARTESIAN_POINT('Origin',(6.70499999999997,4.36000000000001,-8.16));
#8105=CARTESIAN_POINT('',(6.70499999999998,3.69000000000001,-8.16));
#8106=CARTESIAN_POINT('',(6.70499999999998,3.69000000000001,-8.16));
#8107=CARTESIAN_POINT('',(6.70499999999997,4.36000000000001,-8.16));
#8108=CARTESIAN_POINT('Origin',(6.70499999999998,3.69000000000001,-8.16));
#8109=CARTESIAN_POINT('',(6.70499999999998,3.69000000000001,-8.16));
#8110=CARTESIAN_POINT('Origin',(0.,0.,-8.16));
#8111=CARTESIAN_POINT('Origin',(6.03499999999997,6.15000000000002,-8.16));
#8112=CARTESIAN_POINT('',(6.03499999999997,6.15000000000002,-8.16));
#8113=CARTESIAN_POINT('',(6.03499999999997,6.15000000000002,-8.16));
#8114=CARTESIAN_POINT('',(6.03499999999996,6.82000000000002,-8.16));
#8115=CARTESIAN_POINT('',(6.03499999999996,6.82000000000002,-8.16));
#8116=CARTESIAN_POINT('',(6.03499999999997,6.15000000000002,-8.16));
#8117=CARTESIAN_POINT('Origin',(6.03499999999996,6.82000000000002,-8.16));
#8118=CARTESIAN_POINT('',(6.70499999999996,6.82000000000003,-8.16));
#8119=CARTESIAN_POINT('',(6.70499999999996,6.82000000000003,-8.16));
#8120=CARTESIAN_POINT('',(6.03499999999996,6.82000000000002,-8.16));
#8121=CARTESIAN_POINT('Origin',(6.70499999999996,6.82000000000003,-8.16));
#8122=CARTESIAN_POINT('',(6.70499999999997,6.15000000000002,-8.16));
#8123=CARTESIAN_POINT('',(6.70499999999997,6.15000000000002,-8.16));
#8124=CARTESIAN_POINT('',(6.70499999999996,6.82000000000003,-8.16));
#8125=CARTESIAN_POINT('Origin',(6.70499999999997,6.15000000000002,-8.16));
#8126=CARTESIAN_POINT('',(6.70499999999997,6.15000000000002,-8.16));
#8127=CARTESIAN_POINT('Origin',(0.,0.,-8.16));
#8128=CARTESIAN_POINT('Origin',(6.03499999999995,8.61000000000002,-8.16));
#8129=CARTESIAN_POINT('',(6.03499999999995,8.61000000000002,-8.16));
#8130=CARTESIAN_POINT('',(6.03499999999995,8.61000000000002,-8.16));
#8131=CARTESIAN_POINT('',(6.03499999999995,9.28000000000002,-8.16));
#8132=CARTESIAN_POINT('',(6.03499999999995,9.28000000000002,-8.16));
#8133=CARTESIAN_POINT('',(6.03499999999995,8.61000000000002,-8.16));
#8134=CARTESIAN_POINT('Origin',(6.03499999999995,9.28000000000002,-8.16));
#8135=CARTESIAN_POINT('',(6.70499999999995,9.28000000000003,-8.16));
#8136=CARTESIAN_POINT('',(6.70499999999995,9.28000000000003,-8.16));
#8137=CARTESIAN_POINT('',(6.03499999999995,9.28000000000002,-8.16));
#8138=CARTESIAN_POINT('Origin',(6.70499999999995,9.28000000000003,-8.16));
#8139=CARTESIAN_POINT('',(6.70499999999995,8.61000000000003,-8.16));
#8140=CARTESIAN_POINT('',(6.70499999999995,8.61000000000003,-8.16));
#8141=CARTESIAN_POINT('',(6.70499999999995,9.28000000000003,-8.16));
#8142=CARTESIAN_POINT('Origin',(6.70499999999995,8.61000000000003,-8.16));
#8143=CARTESIAN_POINT('',(6.70499999999995,8.61000000000003,-8.16));
#8144=CARTESIAN_POINT('Origin',(0.,0.,-8.16));
#8145=CARTESIAN_POINT('Origin',(-5.30936516483542,1.40343063105028,2.65));
#8146=CARTESIAN_POINT('',(-5.30936516483542,1.40343063105028,1.75));
#8147=CARTESIAN_POINT('',(-5.30936516483542,2.40002204167243,1.75));
#8148=CARTESIAN_POINT('',(-5.30936516483542,1.40343063105028,1.75));
#8149=CARTESIAN_POINT('',(-5.30936516483542,1.40343063105028,2.65));
#8150=CARTESIAN_POINT('',(-5.30936516483542,1.40343063105028,2.65));
#8151=CARTESIAN_POINT('',(-5.30936516483542,2.40002204167243,2.65));
#8152=CARTESIAN_POINT('',(-5.30936516483542,1.40343063105028,2.65));
#8153=CARTESIAN_POINT('',(-5.30936516483542,2.40002204167243,2.65));
#8154=CARTESIAN_POINT('Origin',(-5.30936516483542,2.40002204167243,2.65));
#8155=CARTESIAN_POINT('',(-3.30936516483542,2.40002204167244,1.75));
#8156=CARTESIAN_POINT('',(-5.30936516483542,2.40002204167243,1.75));
#8157=CARTESIAN_POINT('',(-3.30936516483542,2.40002204167244,2.65));
#8158=CARTESIAN_POINT('',(-5.30936516483542,2.40002204167243,2.65));
#8159=CARTESIAN_POINT('',(-3.30936516483542,2.40002204167244,2.65));
#8160=CARTESIAN_POINT('Origin',(-3.30936516483542,2.40002204167244,2.65));
#8161=CARTESIAN_POINT('',(-3.30936516483542,1.40343063105029,1.75));
#8162=CARTESIAN_POINT('',(-3.30936516483542,2.40002204167244,1.75));
#8163=CARTESIAN_POINT('',(-3.30936516483542,1.40343063105029,2.65));
#8164=CARTESIAN_POINT('',(-3.30936516483542,2.40002204167244,2.65));
#8165=CARTESIAN_POINT('',(-3.30936516483542,1.40343063105029,2.65));
#8166=CARTESIAN_POINT('Origin',(-3.30936516483542,1.40343063105029,2.65));
#8167=CARTESIAN_POINT('',(-3.30936516483542,1.40343063105029,1.75));
#8168=CARTESIAN_POINT('',(-3.30936516483542,1.40343063105029,2.65));
#8169=CARTESIAN_POINT('Origin',(0.,0.,2.65));
#8170=CARTESIAN_POINT('Origin',(0.,0.,1.75));
#8171=CARTESIAN_POINT('Origin',(-5.29927584843523,-1.07565783687445,2.65));
#8172=CARTESIAN_POINT('',(-5.29927584843523,-1.07565783687445,1.75));
#8173=CARTESIAN_POINT('',(-5.29927584843523,-0.0790664262522993,1.75));
#8174=CARTESIAN_POINT('',(-5.29927584843523,-1.07565783687445,1.75));
#8175=CARTESIAN_POINT('',(-5.29927584843523,-1.07565783687445,2.65));
#8176=CARTESIAN_POINT('',(-5.29927584843523,-1.07565783687445,2.65));
#8177=CARTESIAN_POINT('',(-5.29927584843523,-0.0790664262522993,2.65));
#8178=CARTESIAN_POINT('',(-5.29927584843523,-1.07565783687445,2.65));
#8179=CARTESIAN_POINT('',(-5.29927584843523,-0.0790664262522993,2.65));
#8180=CARTESIAN_POINT('Origin',(-5.29927584843523,-0.0790664262522993,2.65));
#8181=CARTESIAN_POINT('',(-3.29927584843523,-0.0790664262522891,1.75));
#8182=CARTESIAN_POINT('',(-5.29927584843523,-0.0790664262522993,1.75));
#8183=CARTESIAN_POINT('',(-3.29927584843523,-0.0790664262522891,2.65));
#8184=CARTESIAN_POINT('',(-5.29927584843523,-0.0790664262522993,2.65));
#8185=CARTESIAN_POINT('',(-3.29927584843523,-0.0790664262522891,2.65));
#8186=CARTESIAN_POINT('Origin',(-3.29927584843523,-0.0790664262522891,2.65));
#8187=CARTESIAN_POINT('',(-3.29927584843523,-1.07565783687444,1.75));
#8188=CARTESIAN_POINT('',(-3.29927584843523,-0.0790664262522891,1.75));
#8189=CARTESIAN_POINT('',(-3.29927584843523,-1.07565783687444,2.65));
#8190=CARTESIAN_POINT('',(-3.29927584843523,-0.0790664262522891,2.65));
#8191=CARTESIAN_POINT('',(-3.29927584843523,-1.07565783687444,2.65));
#8192=CARTESIAN_POINT('Origin',(-3.29927584843523,-1.07565783687444,2.65));
#8193=CARTESIAN_POINT('',(-3.29927584843523,-1.07565783687444,1.75));
#8194=CARTESIAN_POINT('',(-3.29927584843523,-1.07565783687444,2.65));
#8195=CARTESIAN_POINT('Origin',(0.,0.,2.65));
#8196=CARTESIAN_POINT('Origin',(0.,0.,1.75));
#8197=CARTESIAN_POINT('Origin',(-4.32028884168351,-6.41946228927433,2.65));
#8198=CARTESIAN_POINT('',(-4.32028884168351,-6.41946228927433,1.75));
#8199=CARTESIAN_POINT('',(-4.32028884168351,-4.71946228927434,1.75));
#8200=CARTESIAN_POINT('',(-4.32028884168351,-6.41946228927433,1.75));
#8201=CARTESIAN_POINT('',(-4.32028884168351,-6.41946228927433,2.65));
#8202=CARTESIAN_POINT('',(-4.32028884168351,-6.41946228927433,2.65));
#8203=CARTESIAN_POINT('',(-4.32028884168351,-4.71946228927434,2.65));
#8204=CARTESIAN_POINT('',(-4.32028884168351,-6.41946228927433,2.65));
#8205=CARTESIAN_POINT('',(-4.32028884168351,-4.71946228927434,2.65));
#8206=CARTESIAN_POINT('Origin',(-4.32028884168351,-4.71946228927434,2.65));
#8207=CARTESIAN_POINT('',(-3.3563577395029,-4.71946228927434,1.75));
#8208=CARTESIAN_POINT('',(-4.32028884168351,-4.71946228927434,1.75));
#8209=CARTESIAN_POINT('',(-3.3563577395029,-4.71946228927434,2.65));
#8210=CARTESIAN_POINT('',(-4.32028884168351,-4.71946228927434,2.65));
#8211=CARTESIAN_POINT('',(-3.3563577395029,-4.71946228927434,2.65));
#8212=CARTESIAN_POINT('Origin',(-3.3563577395029,-4.71946228927434,2.65));
#8213=CARTESIAN_POINT('',(-3.3563577395029,-6.41946228927433,1.75));
#8214=CARTESIAN_POINT('',(-3.3563577395029,-4.71946228927434,1.75));
#8215=CARTESIAN_POINT('',(-3.3563577395029,-6.41946228927433,2.65));
#8216=CARTESIAN_POINT('',(-3.3563577395029,-4.71946228927434,2.65));
#8217=CARTESIAN_POINT('',(-3.3563577395029,-6.41946228927433,2.65));
#8218=CARTESIAN_POINT('Origin',(-3.3563577395029,-6.41946228927433,2.65));
#8219=CARTESIAN_POINT('',(-3.3563577395029,-6.41946228927433,1.75));
#8220=CARTESIAN_POINT('',(-3.3563577395029,-6.41946228927433,2.65));
#8221=CARTESIAN_POINT('Origin',(0.,0.,2.65));
#8222=CARTESIAN_POINT('Origin',(0.,0.,1.75));
#8223=CARTESIAN_POINT('Origin',(-4.4,4.63606889781938,2.65));
#8224=CARTESIAN_POINT('',(-4.4,4.63606889781938,1.75));
#8225=CARTESIAN_POINT('',(-4.4,5.6,1.75));
#8226=CARTESIAN_POINT('',(-4.4,4.63606889781938,1.75));
#8227=CARTESIAN_POINT('',(-4.4,4.63606889781938,2.65));
#8228=CARTESIAN_POINT('',(-4.4,4.63606889781938,2.65));
#8229=CARTESIAN_POINT('',(-4.4,5.6,2.65));
#8230=CARTESIAN_POINT('',(-4.4,4.63606889781938,2.65));
#8231=CARTESIAN_POINT('',(-4.4,5.6,2.65));
#8232=CARTESIAN_POINT('Origin',(-4.4,5.6,2.65));
#8233=CARTESIAN_POINT('',(-2.7,5.6,1.75));
#8234=CARTESIAN_POINT('',(-4.4,5.6,1.75));
#8235=CARTESIAN_POINT('',(-2.7,5.6,2.65));
#8236=CARTESIAN_POINT('',(-4.4,5.6,2.65));
#8237=CARTESIAN_POINT('',(-2.7,5.6,2.65));
#8238=CARTESIAN_POINT('Origin',(-2.7,5.6,2.65));
#8239=CARTESIAN_POINT('',(-2.7,4.63606889781938,1.75));
#8240=CARTESIAN_POINT('',(-2.7,5.6,1.75));
#8241=CARTESIAN_POINT('',(-2.7,4.63606889781938,2.65));
#8242=CARTESIAN_POINT('',(-2.7,5.6,2.65));
#8243=CARTESIAN_POINT('',(-2.7,4.63606889781938,2.65));
#8244=CARTESIAN_POINT('Origin',(-2.7,4.63606889781938,2.65));
#8245=CARTESIAN_POINT('',(-2.7,4.63606889781938,1.75));
#8246=CARTESIAN_POINT('',(-2.7,4.63606889781938,2.65));
#8247=CARTESIAN_POINT('Origin',(0.,0.,2.65));
#8248=CARTESIAN_POINT('Origin',(0.,0.,1.75));
#8249=CARTESIAN_POINT('Origin',(-2.23058418310085,-6.39515657266951,2.65));
#8250=CARTESIAN_POINT('',(-2.23058418310085,-6.39515657266951,1.75));
#8251=CARTESIAN_POINT('',(-2.23058418310085,-4.69515657266951,1.75));
#8252=CARTESIAN_POINT('',(-2.23058418310085,-6.39515657266951,1.75));
#8253=CARTESIAN_POINT('',(-2.23058418310085,-6.39515657266951,2.65));
#8254=CARTESIAN_POINT('',(-2.23058418310085,-6.39515657266951,2.65));
#8255=CARTESIAN_POINT('',(-2.23058418310085,-4.69515657266951,2.65));
#8256=CARTESIAN_POINT('',(-2.23058418310085,-6.39515657266951,2.65));
#8257=CARTESIAN_POINT('',(-2.23058418310085,-4.69515657266951,2.65));
#8258=CARTESIAN_POINT('Origin',(-2.23058418310085,-4.69515657266951,2.65));
#8259=CARTESIAN_POINT('',(-1.26665308092024,-4.69515657266952,1.75));
#8260=CARTESIAN_POINT('',(-2.23058418310085,-4.69515657266951,1.75));
#8261=CARTESIAN_POINT('',(-1.26665308092024,-4.69515657266952,2.65));
#8262=CARTESIAN_POINT('',(-2.23058418310085,-4.69515657266951,2.65));
#8263=CARTESIAN_POINT('',(-1.26665308092024,-4.69515657266952,2.65));
#8264=CARTESIAN_POINT('Origin',(-1.26665308092024,-4.69515657266952,2.65));
#8265=CARTESIAN_POINT('',(-1.26665308092024,-6.39515657266951,1.75));
#8266=CARTESIAN_POINT('',(-1.26665308092024,-4.69515657266952,1.75));
#8267=CARTESIAN_POINT('',(-1.26665308092024,-6.39515657266951,2.65));
#8268=CARTESIAN_POINT('',(-1.26665308092024,-4.69515657266952,2.65));
#8269=CARTESIAN_POINT('',(-1.26665308092024,-6.39515657266951,2.65));
#8270=CARTESIAN_POINT('Origin',(-1.26665308092024,-6.39515657266951,2.65));
#8271=CARTESIAN_POINT('',(-1.26665308092024,-6.39515657266951,1.75));
#8272=CARTESIAN_POINT('',(-1.26665308092024,-6.39515657266951,2.65));
#8273=CARTESIAN_POINT('Origin',(0.,0.,2.65));
#8274=CARTESIAN_POINT('Origin',(0.,0.,1.75));
#8275=CARTESIAN_POINT('Origin',(-0.115399869049049,-4.37778209446916,2.65));
#8276=CARTESIAN_POINT('',(-0.115399869049049,-4.37778209446916,1.75));
#8277=CARTESIAN_POINT('',(-0.115399869049053,-3.41385099228854,1.75));
#8278=CARTESIAN_POINT('',(-0.115399869049049,-4.37778209446916,1.75));
#8279=CARTESIAN_POINT('',(-0.115399869049049,-4.37778209446916,2.65));
#8280=CARTESIAN_POINT('',(-0.115399869049049,-4.37778209446916,2.65));
#8281=CARTESIAN_POINT('',(-0.115399869049053,-3.41385099228854,2.65));
#8282=CARTESIAN_POINT('',(-0.115399869049049,-4.37778209446916,2.65));
#8283=CARTESIAN_POINT('',(-0.115399869049053,-3.41385099228854,2.65));
#8284=CARTESIAN_POINT('Origin',(-0.115399869049053,-3.41385099228854,2.65));
#8285=CARTESIAN_POINT('',(1.58460013095095,-3.41385099228856,1.75));
#8286=CARTESIAN_POINT('',(-0.115399869049053,-3.41385099228854,1.75));
#8287=CARTESIAN_POINT('',(1.58460013095095,-3.41385099228856,2.65));
#8288=CARTESIAN_POINT('',(-0.115399869049053,-3.41385099228854,2.65));
#8289=CARTESIAN_POINT('',(1.58460013095095,-3.41385099228856,2.65));
#8290=CARTESIAN_POINT('Origin',(1.58460013095095,-3.41385099228856,2.65));
#8291=CARTESIAN_POINT('',(1.58460013095095,-4.37778209446915,1.75));
#8292=CARTESIAN_POINT('',(1.58460013095095,-3.41385099228856,1.75));
#8293=CARTESIAN_POINT('',(1.58460013095095,-4.37778209446915,2.65));
#8294=CARTESIAN_POINT('',(1.58460013095095,-3.41385099228856,2.65));
#8295=CARTESIAN_POINT('',(1.58460013095095,-4.37778209446915,2.65));
#8296=CARTESIAN_POINT('Origin',(1.58460013095095,-4.37778209446915,2.65));
#8297=CARTESIAN_POINT('',(1.58460013095095,-4.37778209446915,1.75));
#8298=CARTESIAN_POINT('',(1.58460013095095,-4.37778209446915,2.65));
#8299=CARTESIAN_POINT('Origin',(0.,0.,2.65));
#8300=CARTESIAN_POINT('Origin',(0.,0.,1.75));
#8301=CARTESIAN_POINT('Origin',(0.589465912490819,-7.67980889517897,2.65));
#8302=CARTESIAN_POINT('',(0.589465912490819,-7.67980889517897,1.75));
#8303=CARTESIAN_POINT('',(0.58946591249082,-5.97980889517897,1.75));
#8304=CARTESIAN_POINT('',(0.589465912490819,-7.67980889517897,1.75));
#8305=CARTESIAN_POINT('',(0.589465912490819,-7.67980889517897,2.65));
#8306=CARTESIAN_POINT('',(0.589465912490819,-7.67980889517897,2.65));
#8307=CARTESIAN_POINT('',(0.58946591249082,-5.97980889517897,2.65));
#8308=CARTESIAN_POINT('',(0.589465912490819,-7.67980889517897,2.65));
#8309=CARTESIAN_POINT('',(0.58946591249082,-5.97980889517897,2.65));
#8310=CARTESIAN_POINT('Origin',(0.58946591249082,-5.97980889517897,2.65));
#8311=CARTESIAN_POINT('',(1.55339701467143,-5.97980889517897,1.75));
#8312=CARTESIAN_POINT('',(0.58946591249082,-5.97980889517897,1.75));
#8313=CARTESIAN_POINT('',(1.55339701467143,-5.97980889517897,2.65));
#8314=CARTESIAN_POINT('',(0.58946591249082,-5.97980889517897,2.65));
#8315=CARTESIAN_POINT('',(1.55339701467143,-5.97980889517897,2.65));
#8316=CARTESIAN_POINT('Origin',(1.55339701467143,-5.97980889517897,2.65));
#8317=CARTESIAN_POINT('',(1.55339701467143,-7.67980889517897,1.75));
#8318=CARTESIAN_POINT('',(1.55339701467143,-5.97980889517897,1.75));
#8319=CARTESIAN_POINT('',(1.55339701467143,-7.67980889517897,2.65));
#8320=CARTESIAN_POINT('',(1.55339701467143,-5.97980889517897,2.65));
#8321=CARTESIAN_POINT('',(1.55339701467143,-7.67980889517897,2.65));
#8322=CARTESIAN_POINT('Origin',(1.55339701467143,-7.67980889517897,2.65));
#8323=CARTESIAN_POINT('',(1.55339701467143,-7.67980889517897,1.75));
#8324=CARTESIAN_POINT('',(1.55339701467143,-7.67980889517897,2.65));
#8325=CARTESIAN_POINT('Origin',(0.,0.,2.65));
#8326=CARTESIAN_POINT('Origin',(0.,0.,1.75));
#8327=CARTESIAN_POINT('Origin',(-1.35999999999999,-1.77500000000005,2.65));
#8328=CARTESIAN_POINT('',(-1.35999999999999,-1.77500000000005,1.75));
#8329=CARTESIAN_POINT('',(-1.36000000000002,3.22499999999995,1.75));
#8330=CARTESIAN_POINT('',(-1.35999999999999,-1.77500000000005,1.75));
#8331=CARTESIAN_POINT('',(-1.35999999999999,-1.77500000000005,2.65));
#8332=CARTESIAN_POINT('',(-1.35999999999999,-1.77500000000005,2.65));
#8333=CARTESIAN_POINT('',(-1.36000000000002,3.22499999999995,2.65));
#8334=CARTESIAN_POINT('',(-1.35999999999999,-1.77500000000005,2.65));
#8335=CARTESIAN_POINT('',(-1.36000000000002,3.22499999999995,2.65));
#8336=CARTESIAN_POINT('Origin',(-1.36000000000002,3.22499999999995,2.65));
#8337=CARTESIAN_POINT('',(3.63999999999998,3.22499999999998,1.75));
#8338=CARTESIAN_POINT('',(-1.36000000000002,3.22499999999995,1.75));
#8339=CARTESIAN_POINT('',(3.63999999999998,3.22499999999998,2.65));
#8340=CARTESIAN_POINT('',(-1.36000000000002,3.22499999999995,2.65));
#8341=CARTESIAN_POINT('',(3.63999999999998,3.22499999999998,2.65));
#8342=CARTESIAN_POINT('Origin',(3.63999999999998,3.22499999999998,2.65));
#8343=CARTESIAN_POINT('',(3.64000000000001,-1.77500000000002,1.75));
#8344=CARTESIAN_POINT('',(3.63999999999998,3.22499999999998,1.75));
#8345=CARTESIAN_POINT('',(3.64000000000001,-1.77500000000002,2.65));
#8346=CARTESIAN_POINT('',(3.63999999999998,3.22499999999998,2.65));
#8347=CARTESIAN_POINT('',(3.64000000000001,-1.77500000000002,2.65));
#8348=CARTESIAN_POINT('Origin',(3.64000000000001,-1.77500000000002,2.65));
#8349=CARTESIAN_POINT('',(3.64000000000001,-1.77500000000002,1.75));
#8350=CARTESIAN_POINT('',(3.64000000000001,-1.77500000000002,2.65));
#8351=CARTESIAN_POINT('Origin',(0.,0.,2.65));
#8352=CARTESIAN_POINT('Origin',(0.,0.,1.75));
#8353=CARTESIAN_POINT('Origin',(2.3126439969064,4.64702770376712,2.65));
#8354=CARTESIAN_POINT('',(2.3126439969064,4.64702770376712,1.75));
#8355=CARTESIAN_POINT('',(2.3126439969064,5.61095880594774,1.75));
#8356=CARTESIAN_POINT('',(2.3126439969064,4.64702770376712,1.75));
#8357=CARTESIAN_POINT('',(2.3126439969064,4.64702770376712,2.65));
#8358=CARTESIAN_POINT('',(2.3126439969064,4.64702770376712,2.65));
#8359=CARTESIAN_POINT('',(2.3126439969064,5.61095880594774,2.65));
#8360=CARTESIAN_POINT('',(2.3126439969064,4.64702770376712,2.65));
#8361=CARTESIAN_POINT('',(2.3126439969064,5.61095880594774,2.65));
#8362=CARTESIAN_POINT('Origin',(2.3126439969064,5.61095880594774,2.65));
#8363=CARTESIAN_POINT('',(4.0126439969064,5.61095880594774,1.75));
#8364=CARTESIAN_POINT('',(2.3126439969064,5.61095880594774,1.75));
#8365=CARTESIAN_POINT('',(4.0126439969064,5.61095880594774,2.65));
#8366=CARTESIAN_POINT('',(2.3126439969064,5.61095880594774,2.65));
#8367=CARTESIAN_POINT('',(4.0126439969064,5.61095880594774,2.65));
#8368=CARTESIAN_POINT('Origin',(4.0126439969064,5.61095880594774,2.65));
#8369=CARTESIAN_POINT('',(4.01264399690641,4.64702770376713,1.75));
#8370=CARTESIAN_POINT('',(4.0126439969064,5.61095880594774,1.75));
#8371=CARTESIAN_POINT('',(4.01264399690641,4.64702770376713,2.65));
#8372=CARTESIAN_POINT('',(4.0126439969064,5.61095880594774,2.65));
#8373=CARTESIAN_POINT('',(4.01264399690641,4.64702770376713,2.65));
#8374=CARTESIAN_POINT('Origin',(4.01264399690641,4.64702770376713,2.65));
#8375=CARTESIAN_POINT('',(4.01264399690641,4.64702770376713,1.75));
#8376=CARTESIAN_POINT('',(4.01264399690641,4.64702770376713,2.65));
#8377=CARTESIAN_POINT('Origin',(0.,0.,2.65));
#8378=CARTESIAN_POINT('Origin',(0.,0.,1.75));
#8379=CARTESIAN_POINT('Origin',(3.47769740745867,-6.10348797341163,2.65));
#8380=CARTESIAN_POINT('',(3.47769740745867,-6.10348797341163,1.75));
#8381=CARTESIAN_POINT('',(3.47769740745867,-4.40348797341163,1.75));
#8382=CARTESIAN_POINT('',(3.47769740745867,-6.10348797341163,1.75));
#8383=CARTESIAN_POINT('',(3.47769740745867,-6.10348797341163,2.65));
#8384=CARTESIAN_POINT('',(3.47769740745867,-6.10348797341163,2.65));
#8385=CARTESIAN_POINT('',(3.47769740745867,-4.40348797341163,2.65));
#8386=CARTESIAN_POINT('',(3.47769740745867,-6.10348797341163,2.65));
#8387=CARTESIAN_POINT('',(3.47769740745867,-4.40348797341163,2.65));
#8388=CARTESIAN_POINT('Origin',(3.47769740745867,-4.40348797341163,2.65));
#8389=CARTESIAN_POINT('',(4.44162850963928,-4.40348797341163,1.75));
#8390=CARTESIAN_POINT('',(3.47769740745867,-4.40348797341163,1.75));
#8391=CARTESIAN_POINT('',(4.44162850963928,-4.40348797341163,2.65));
#8392=CARTESIAN_POINT('',(3.47769740745867,-4.40348797341163,2.65));
#8393=CARTESIAN_POINT('',(4.44162850963928,-4.40348797341163,2.65));
#8394=CARTESIAN_POINT('Origin',(4.44162850963928,-4.40348797341163,2.65));
#8395=CARTESIAN_POINT('',(4.44162850963928,-6.10348797341163,1.75));
#8396=CARTESIAN_POINT('',(4.44162850963928,-4.40348797341163,1.75));
#8397=CARTESIAN_POINT('',(4.44162850963928,-6.10348797341163,2.65));
#8398=CARTESIAN_POINT('',(4.44162850963928,-4.40348797341163,2.65));
#8399=CARTESIAN_POINT('',(4.44162850963928,-6.10348797341163,2.65));
#8400=CARTESIAN_POINT('Origin',(4.44162850963928,-6.10348797341163,2.65));
#8401=CARTESIAN_POINT('',(4.44162850963928,-6.10348797341163,1.75));
#8402=CARTESIAN_POINT('',(4.44162850963928,-6.10348797341163,2.65));
#8403=CARTESIAN_POINT('Origin',(0.,0.,2.65));
#8404=CARTESIAN_POINT('Origin',(0.,0.,1.75));
#8405=CARTESIAN_POINT('Origin',(-4.59999999999998,-6.90000000000001,3.15));
#8406=CARTESIAN_POINT('',(-4.59999999999998,-6.90000000000001,1.75));
#8407=CARTESIAN_POINT('',(-4.59999999999998,-8.80000000000001,1.75));
#8408=CARTESIAN_POINT('',(-4.59999999999998,-6.90000000000001,1.75));
#8409=CARTESIAN_POINT('',(-4.59999999999998,-8.80000000000001,3.15));
#8410=CARTESIAN_POINT('',(-4.59999999999998,-8.80000000000001,3.15));
#8411=CARTESIAN_POINT('',(-4.59999999999998,-6.90000000000001,3.15));
#8412=CARTESIAN_POINT('',(-4.59999999999998,-6.90000000000001,3.15));
#8413=CARTESIAN_POINT('',(-4.59999999999998,-6.90000000000001,3.15));
#8414=CARTESIAN_POINT('Origin',(-1.54528621965182,-8.8,3.15));
#8415=CARTESIAN_POINT('',(-0.999999999999977,-8.8,1.75));
#8416=CARTESIAN_POINT('',(-4.59999999999998,-8.80000000000001,1.75));
#8417=CARTESIAN_POINT('',(-0.999999999999977,-8.8,3.15));
#8418=CARTESIAN_POINT('',(-0.999999999999977,-8.8,3.15));
#8419=CARTESIAN_POINT('',(-4.59999999999998,-8.80000000000001,3.15));
#8420=CARTESIAN_POINT('Origin',(-0.999999999999977,-8.8,3.15));
#8421=CARTESIAN_POINT('',(-0.999999999999982,-6.9,1.75));
#8422=CARTESIAN_POINT('',(-0.999999999999977,-8.8,1.75));
#8423=CARTESIAN_POINT('',(-0.999999999999982,-6.9,3.15));
#8424=CARTESIAN_POINT('',(-0.999999999999982,-6.9,3.15));
#8425=CARTESIAN_POINT('',(-0.999999999999977,-8.8,3.15));
#8426=CARTESIAN_POINT('Origin',(-4.04147844993987,-6.90000000000001,3.15));
#8427=CARTESIAN_POINT('',(-0.999999999999982,-6.9,1.75));
#8428=CARTESIAN_POINT('',(-0.999999999999982,-6.9,3.15));
#8429=CARTESIAN_POINT('Origin',(0.,0.,3.15));
#8430=CARTESIAN_POINT('Origin',(0.,0.,1.75));
#8431=CARTESIAN_POINT('Origin',(-2.08712515913025,6.3,2.15));
#8432=CARTESIAN_POINT('',(-2.08712515913025,6.3,1.75));
#8433=CARTESIAN_POINT('',(-2.08712515913025,9.2,1.75));
#8434=CARTESIAN_POINT('',(-2.08712515913025,6.3,1.75));
#8435=CARTESIAN_POINT('',(-2.08712515913025,6.3,2.15));
#8436=CARTESIAN_POINT('',(-2.08712515913025,6.3,2.15));
#8437=CARTESIAN_POINT('',(-2.08712515913025,9.2,2.15));
#8438=CARTESIAN_POINT('',(-2.08712515913025,6.3,2.15));
#8439=CARTESIAN_POINT('',(-2.08712515913025,9.2,2.15));
#8440=CARTESIAN_POINT('Origin',(-2.08712515913025,9.2,2.15));
#8441=CARTESIAN_POINT('',(1.29999999999998,9.2,1.75));
#8442=CARTESIAN_POINT('',(-2.08712515913025,9.2,1.75));
#8443=CARTESIAN_POINT('',(1.29999999999998,9.2,2.15));
#8444=CARTESIAN_POINT('',(-2.08712515913025,9.2,2.15));
#8445=CARTESIAN_POINT('',(1.29999999999998,9.2,2.15));
#8446=CARTESIAN_POINT('Origin',(1.29999999999998,9.2,2.15));
#8447=CARTESIAN_POINT('',(1.29999999999998,6.3,1.75));
#8448=CARTESIAN_POINT('',(1.29999999999998,9.2,1.75));
#8449=CARTESIAN_POINT('',(1.29999999999998,6.3,2.15));
#8450=CARTESIAN_POINT('',(1.29999999999998,9.2,2.15));
#8451=CARTESIAN_POINT('',(1.29999999999998,6.3,2.15));
#8452=CARTESIAN_POINT('Origin',(1.29999999999998,6.3,2.15));
#8453=CARTESIAN_POINT('',(1.29999999999998,6.3,1.75));
#8454=CARTESIAN_POINT('',(1.29999999999998,6.3,2.15));
#8455=CARTESIAN_POINT('Origin',(0.,0.,2.15));
#8456=CARTESIAN_POINT('Origin',(0.,0.,1.75));
#8457=CARTESIAN_POINT('Origin',(-0.39356257956513,7.75,2.55));
#8458=CARTESIAN_POINT('',(-1.541075847884,7.59115795798115,2.55));
#8459=CARTESIAN_POINT('',(-0.820883456516188,7.59115795798242,2.55));
#8460=CARTESIAN_POINT('',(-1.541075847884,7.59115795798242,2.55));
#8461=CARTESIAN_POINT('',(-0.532447071037028,6.59990061589915,2.55));
#8462=CARTESIAN_POINT('Origin',(-0.39356257956513,7.75,2.55));
#8463=CARTESIAN_POINT('',(-0.532447071037307,7.31578228477059,2.55));
#8464=CARTESIAN_POINT('',(-0.532447071037029,7.31578228477059,2.55));
#8465=CARTESIAN_POINT('Origin',(-0.39356257956513,7.75,2.55));
#8466=CARTESIAN_POINT('Origin',(-0.39356257956513,7.75,2.55));
#8467=CARTESIAN_POINT('',(-0.254678088093238,6.59990061589914,2.55));
#8468=CARTESIAN_POINT('',(-0.254678088093231,7.3157822847705,2.55));
#8469=CARTESIAN_POINT('',(-0.25467808809323,6.59990061589914,2.55));
#8470=CARTESIAN_POINT('',(0.753950688753917,7.59115795798243,2.55));
#8471=CARTESIAN_POINT('Origin',(-0.39356257956513,7.75,2.55));
#8472=CARTESIAN_POINT('',(0.0337582973860459,7.59115795798274,2.55));
#8473=CARTESIAN_POINT('',(0.0337582973860459,7.59115795798242,2.55));
#8474=CARTESIAN_POINT('Origin',(-0.39356257956513,7.75,2.55));
#8475=CARTESIAN_POINT('Origin',(-0.39356257956513,7.75,2.55));
#8476=CARTESIAN_POINT('',(0.7562599833454,7.89115795798479,2.55));
#8477=CARTESIAN_POINT('',(0.039921396019627,7.89115795798243,2.55));
#8478=CARTESIAN_POINT('',(0.7562599833454,7.89115795798243,2.55));
#8479=CARTESIAN_POINT('',(-0.254678088093233,8.90009938410085,2.55));
#8480=CARTESIAN_POINT('Origin',(-0.39356257956513,7.75,2.55));
#8481=CARTESIAN_POINT('',(-0.254678088093183,8.18421771522948,2.55));
#8482=CARTESIAN_POINT('',(-0.254678088093232,8.18421771522948,2.55));
#8483=CARTESIAN_POINT('Origin',(-0.39356257956513,7.75,2.55));
#8484=CARTESIAN_POINT('Origin',(-0.39356257956513,7.75,2.55));
#8485=CARTESIAN_POINT('',(0.764892208193363,7.75,2.15));
#8486=CARTESIAN_POINT('Origin',(-0.39356257956513,7.75,2.15));
#8487=CARTESIAN_POINT('',(0.764892208193362,7.75,2.35));
#8488=CARTESIAN_POINT('',(0.764892208193363,7.75,2.55));
#8489=CARTESIAN_POINT('',(0.753950688753917,7.59115795798243,2.35));
#8490=CARTESIAN_POINT('Origin',(-0.39356257956513,7.75,2.35));
#8491=CARTESIAN_POINT('',(0.753950688753917,7.59115795798243,2.35));
#8492=CARTESIAN_POINT('',(-0.254678088093238,6.59990061589914,2.35));
#8493=CARTESIAN_POINT('',(-0.254678088093238,6.59990061589914,2.35));
#8494=CARTESIAN_POINT('',(-0.532447071037028,6.59990061589915,2.35));
#8495=CARTESIAN_POINT('Origin',(-0.39356257956513,7.75,2.35));
#8496=CARTESIAN_POINT('',(-0.532447071037028,6.59990061589915,2.35));
#8497=CARTESIAN_POINT('',(-1.541075847884,7.59115795798115,2.35));
#8498=CARTESIAN_POINT('',(-1.541075847884,7.59115795798115,2.35));
#8499=CARTESIAN_POINT('',(-1.54338514247587,7.89115795798307,2.35));
#8500=CARTESIAN_POINT('Origin',(-0.39356257956513,7.75,2.35));
#8501=CARTESIAN_POINT('',(-1.54338514247587,7.89115795798307,2.55));
#8502=CARTESIAN_POINT('',(-1.54338514247587,7.89115795798307,2.35));
#8503=CARTESIAN_POINT('',(-0.532447071040812,8.9000993841004,2.55));
#8504=CARTESIAN_POINT('Origin',(-0.39356257956513,7.75,2.55));
#8505=CARTESIAN_POINT('',(-0.532447071040812,8.9000993841004,2.35));
#8506=CARTESIAN_POINT('',(-0.532447071040812,8.9000993841004,2.35));
#8507=CARTESIAN_POINT('',(-0.254678088093233,8.90009938410085,2.35));
#8508=CARTESIAN_POINT('Origin',(-0.39356257956513,7.75,2.35));
#8509=CARTESIAN_POINT('',(-0.254678088093233,8.90009938410085,2.35));
#8510=CARTESIAN_POINT('',(0.7562599833454,7.89115795798479,2.35));
#8511=CARTESIAN_POINT('',(0.7562599833454,7.89115795798479,2.35));
#8512=CARTESIAN_POINT('Origin',(-0.39356257956513,7.75,2.35));
#8513=CARTESIAN_POINT('Origin',(-0.39356257956513,7.75,2.55));
#8514=CARTESIAN_POINT('',(-0.53244707103703,8.1842177152295,2.55));
#8515=CARTESIAN_POINT('',(-0.532447071037031,8.9000993841004,2.55));
#8516=CARTESIAN_POINT('',(-0.82704655514973,7.89115795798291,2.55));
#8517=CARTESIAN_POINT('',(-0.82704655514973,7.89115795798242,2.55));
#8518=CARTESIAN_POINT('Origin',(-0.39356257956513,7.75,2.55));
#8519=CARTESIAN_POINT('Origin',(-0.39356257956513,7.75,2.15));
#8520=CARTESIAN_POINT('Origin',(-1.54107584788418,7.59115795798242,2.35));
#8521=CARTESIAN_POINT('',(-0.820883456516188,7.59115795798242,2.35));
#8522=CARTESIAN_POINT('',(-0.820883456516188,7.59115795798242,2.35));
#8523=CARTESIAN_POINT('',(-1.541075847884,7.59115795798242,2.35));
#8524=CARTESIAN_POINT('Origin',(-0.39356257956513,7.75,2.35));
#8525=CARTESIAN_POINT('',(-0.532447071037307,7.31578228477059,2.35));
#8526=CARTESIAN_POINT('',(-0.532447071037307,7.31578228477059,2.35));
#8527=CARTESIAN_POINT('Origin',(-0.39356257956513,7.75,2.35));
#8528=CARTESIAN_POINT('Origin',(-0.532447071037029,7.3157822847705,2.35));
#8529=CARTESIAN_POINT('',(-0.532447071037029,7.31578228477059,2.35));
#8530=CARTESIAN_POINT('Origin',(-0.25467808809323,6.59990061589915,2.35));
#8531=CARTESIAN_POINT('',(-0.254678088093231,7.3157822847705,2.35));
#8532=CARTESIAN_POINT('',(-0.254678088093231,7.3157822847705,2.35));
#8533=CARTESIAN_POINT('',(-0.25467808809323,6.59990061589914,2.35));
#8534=CARTESIAN_POINT('Origin',(-0.39356257956513,7.75,2.35));
#8535=CARTESIAN_POINT('',(0.0337582973860459,7.59115795798274,2.35));
#8536=CARTESIAN_POINT('',(0.0337582973860459,7.59115795798274,2.35));
#8537=CARTESIAN_POINT('Origin',(-0.39356257956513,7.75,2.35));
#8538=CARTESIAN_POINT('Origin',(0.0337582973859285,7.59115795798242,2.35));
#8539=CARTESIAN_POINT('',(0.0337582973860459,7.59115795798242,2.35));
#8540=CARTESIAN_POINT('Origin',(0.756259983345689,7.89115795798243,2.35));
#8541=CARTESIAN_POINT('',(0.039921396019627,7.89115795798243,2.35));
#8542=CARTESIAN_POINT('',(0.039921396019627,7.89115795798243,2.35));
#8543=CARTESIAN_POINT('',(0.7562599833454,7.89115795798243,2.35));
#8544=CARTESIAN_POINT('Origin',(-0.39356257956513,7.75,2.35));
#8545=CARTESIAN_POINT('',(-0.254678088093183,8.18421771522948,2.35));
#8546=CARTESIAN_POINT('',(-0.254678088093183,8.18421771522948,2.35));
#8547=CARTESIAN_POINT('Origin',(-0.39356257956513,7.75,2.35));
#8548=CARTESIAN_POINT('Origin',(-0.254678088093232,8.1842177152295,2.35));
#8549=CARTESIAN_POINT('',(-0.254678088093232,8.18421771522948,2.35));
#8550=CARTESIAN_POINT('Origin',(-0.532447071037031,8.90009938410085,2.35));
#8551=CARTESIAN_POINT('',(-0.53244707103703,8.1842177152295,2.35));
#8552=CARTESIAN_POINT('',(-0.53244707103703,8.1842177152295,2.35));
#8553=CARTESIAN_POINT('',(-0.532447071037031,8.9000993841004,2.35));
#8554=CARTESIAN_POINT('Origin',(-0.39356257956513,7.75,2.35));
#8555=CARTESIAN_POINT('',(-0.82704655514973,7.89115795798291,2.35));
#8556=CARTESIAN_POINT('',(-0.82704655514973,7.89115795798291,2.35));
#8557=CARTESIAN_POINT('Origin',(-0.39356257956513,7.75,2.35));
#8558=CARTESIAN_POINT('Origin',(-0.827046555149889,7.89115795798242,2.35));
#8559=CARTESIAN_POINT('',(-0.82704655514973,7.89115795798242,2.35));
#8560=CARTESIAN_POINT('Origin',(-0.39356257956513,7.75,2.35));
#8561=CARTESIAN_POINT('Origin',(-5.04246729349252,-0.079066426252298,1.75));
#8562=CARTESIAN_POINT('',(-5.04246729349252,-1.07565783687445,2.65));
#8563=CARTESIAN_POINT('',(-5.04246729349252,-0.079066426252298,2.65));
#8564=CARTESIAN_POINT('',(-5.04246729349252,-0.079066426252298,2.65));
#8565=CARTESIAN_POINT('',(-5.04246729349252,-0.079066426252298,1.75));
#8566=CARTESIAN_POINT('',(-5.04246729349252,-0.079066426252298,1.75));
#8567=CARTESIAN_POINT('',(-5.04246729349252,-1.07565783687445,1.75));
#8568=CARTESIAN_POINT('',(-5.04246729349252,-0.079066426252298,1.75));
#8569=CARTESIAN_POINT('',(-5.04246729349252,-1.07565783687445,1.75));
#8570=CARTESIAN_POINT('Origin',(-5.04246729349252,2.40002204167244,1.75));
#8571=CARTESIAN_POINT('',(-5.04246729349252,1.40343063105028,2.65));
#8572=CARTESIAN_POINT('',(-5.04246729349252,2.40002204167244,2.65));
#8573=CARTESIAN_POINT('',(-5.04246729349252,2.40002204167244,2.65));
#8574=CARTESIAN_POINT('',(-5.04246729349252,2.40002204167244,1.75));
#8575=CARTESIAN_POINT('',(-5.04246729349252,2.40002204167244,1.75));
#8576=CARTESIAN_POINT('',(-5.04246729349252,1.40343063105028,1.75));
#8577=CARTESIAN_POINT('',(-5.04246729349252,2.40002204167244,1.75));
#8578=CARTESIAN_POINT('',(-5.04246729349252,1.40343063105028,1.75));
#8579=CARTESIAN_POINT('Origin',(-4.18339904576515,5.6,1.75));
#8580=CARTESIAN_POINT('',(-4.18339904576516,4.63606889781938,2.65));
#8581=CARTESIAN_POINT('',(-4.18339904576515,5.6,2.65));
#8582=CARTESIAN_POINT('',(-4.18339904576515,5.6,2.65));
#8583=CARTESIAN_POINT('',(-4.18339904576515,5.6,1.75));
#8584=CARTESIAN_POINT('',(-4.18339904576515,5.6,1.75));
#8585=CARTESIAN_POINT('',(-4.18339904576516,4.63606889781938,1.75));
#8586=CARTESIAN_POINT('',(-4.18339904576515,5.6,1.75));
#8587=CARTESIAN_POINT('',(-4.18339904576516,4.63606889781938,1.75));
#8588=CARTESIAN_POINT('Origin',(-3.3563577395029,-6.18051593367614,1.75));
#8589=CARTESIAN_POINT('',(-4.32028884168351,-6.18051593367614,2.65));
#8590=CARTESIAN_POINT('',(-3.3563577395029,-6.18051593367614,2.65));
#8591=CARTESIAN_POINT('',(-3.3563577395029,-6.18051593367614,2.65));
#8592=CARTESIAN_POINT('',(-3.3563577395029,-6.18051593367614,1.75));
#8593=CARTESIAN_POINT('',(-3.3563577395029,-6.18051593367614,1.75));
#8594=CARTESIAN_POINT('',(-4.32028884168351,-6.18051593367614,1.75));
#8595=CARTESIAN_POINT('',(-3.3563577395029,-6.18051593367614,1.75));
#8596=CARTESIAN_POINT('',(-4.32028884168351,-6.18051593367614,1.75));
#8597=CARTESIAN_POINT('Origin',(-3.3563577395029,-4.93606324350918,1.75));
#8598=CARTESIAN_POINT('',(-4.32028884168351,-4.93606324350918,2.65));
#8599=CARTESIAN_POINT('',(-3.3563577395029,-4.93606324350918,2.65));
#8600=CARTESIAN_POINT('',(-3.3563577395029,-4.93606324350918,2.65));
#8601=CARTESIAN_POINT('',(-3.3563577395029,-4.93606324350918,1.75));
#8602=CARTESIAN_POINT('',(-3.3563577395029,-4.93606324350918,1.75));
#8603=CARTESIAN_POINT('',(-4.32028884168351,-4.93606324350918,1.75));
#8604=CARTESIAN_POINT('',(-3.3563577395029,-4.93606324350918,1.75));
#8605=CARTESIAN_POINT('',(-4.32028884168351,-4.93606324350918,1.75));
#8606=CARTESIAN_POINT('Origin',(-3.5769998055519,-0.0790664262522905,1.75));
#8607=CARTESIAN_POINT('',(-3.5642566100046,-1.07565783687444,2.65));
#8608=CARTESIAN_POINT('',(-3.5769998055519,-0.0790664262522905,2.65));
#8609=CARTESIAN_POINT('',(-3.5769998055519,-0.0790664262522905,2.65));
#8610=CARTESIAN_POINT('',(-3.5769998055519,-0.0790664262522905,1.75));
#8611=CARTESIAN_POINT('',(-3.5769998055519,-0.0790664262522905,1.75));
#8612=CARTESIAN_POINT('',(-3.5642566100046,-1.07565783687444,1.75));
#8613=CARTESIAN_POINT('',(-3.5769998055519,-0.0790664262522905,1.75));
#8614=CARTESIAN_POINT('',(-3.5642566100046,-1.07565783687444,1.75));
#8615=CARTESIAN_POINT('Origin',(-3.56425661000459,2.40002204167244,1.75));
#8616=CARTESIAN_POINT('',(-3.56425661000459,1.40343063105029,2.65));
#8617=CARTESIAN_POINT('',(-3.56425661000459,2.40002204167244,2.65));
#8618=CARTESIAN_POINT('',(-3.56425661000459,2.40002204167244,2.65));
#8619=CARTESIAN_POINT('',(-3.56425661000459,2.40002204167244,1.75));
#8620=CARTESIAN_POINT('',(-3.56425661000459,2.40002204167244,1.75));
#8621=CARTESIAN_POINT('',(-3.56425661000459,1.40343063105029,1.75));
#8622=CARTESIAN_POINT('',(-3.56425661000459,2.40002204167244,1.75));
#8623=CARTESIAN_POINT('',(-3.56425661000459,1.40343063105029,1.75));
#8624=CARTESIAN_POINT('Origin',(-2.93894635559819,5.6,1.75));
#8625=CARTESIAN_POINT('',(-2.93894635559819,4.63606889781938,2.65));
#8626=CARTESIAN_POINT('',(-2.93894635559819,5.6,2.65));
#8627=CARTESIAN_POINT('',(-2.93894635559819,5.6,2.65));
#8628=CARTESIAN_POINT('',(-2.93894635559819,5.6,1.75));
#8629=CARTESIAN_POINT('',(-2.93894635559819,5.6,1.75));
#8630=CARTESIAN_POINT('',(-2.93894635559819,4.63606889781938,1.75));
#8631=CARTESIAN_POINT('',(-2.93894635559819,5.6,1.75));
#8632=CARTESIAN_POINT('',(-2.93894635559819,4.63606889781938,1.75));
#8633=CARTESIAN_POINT('Origin',(-1.26665308092024,-6.15621021707132,1.75));
#8634=CARTESIAN_POINT('',(-2.23058418310085,-6.15621021707132,2.65));
#8635=CARTESIAN_POINT('',(-1.26665308092024,-6.15621021707132,2.65));
#8636=CARTESIAN_POINT('',(-1.26665308092024,-6.15621021707132,2.65));
#8637=CARTESIAN_POINT('',(-1.26665308092024,-6.15621021707132,1.75));
#8638=CARTESIAN_POINT('',(-1.26665308092024,-6.15621021707132,1.75));
#8639=CARTESIAN_POINT('',(-2.23058418310085,-6.15621021707132,1.75));
#8640=CARTESIAN_POINT('',(-1.26665308092024,-6.15621021707132,1.75));
#8641=CARTESIAN_POINT('',(-2.23058418310085,-6.15621021707132,1.75));
#8642=CARTESIAN_POINT('Origin',(-1.26665308092024,-4.91175752690436,1.75));
#8643=CARTESIAN_POINT('',(-2.23058418310085,-4.91175752690436,2.65));
#8644=CARTESIAN_POINT('',(-1.26665308092024,-4.91175752690436,2.65));
#8645=CARTESIAN_POINT('',(-1.26665308092024,-4.91175752690436,2.65));
#8646=CARTESIAN_POINT('',(-1.26665308092024,-4.91175752690436,1.75));
#8647=CARTESIAN_POINT('',(-1.26665308092024,-4.91175752690436,1.75));
#8648=CARTESIAN_POINT('',(-2.23058418310085,-4.91175752690436,1.75));
#8649=CARTESIAN_POINT('',(-1.26665308092024,-4.91175752690436,1.75));
#8650=CARTESIAN_POINT('',(-2.23058418310085,-4.91175752690436,1.75));
#8651=CARTESIAN_POINT('Origin',(0.101201085185799,-3.41385099228857,1.75));
#8652=CARTESIAN_POINT('',(0.101201085185803,-4.37778209446918,2.65));
#8653=CARTESIAN_POINT('',(0.101201085185799,-3.41385099228857,2.65));
#8654=CARTESIAN_POINT('',(0.101201085185799,-3.41385099228857,2.65));
#8655=CARTESIAN_POINT('',(0.101201085185799,-3.41385099228857,1.75));
#8656=CARTESIAN_POINT('',(0.101201085185799,-3.41385099228857,1.75));
#8657=CARTESIAN_POINT('',(0.101201085185803,-4.37778209446918,1.75));
#8658=CARTESIAN_POINT('',(0.101201085185799,-3.41385099228857,1.75));
#8659=CARTESIAN_POINT('',(0.101201085185803,-4.37778209446918,1.75));
#8660=CARTESIAN_POINT('Origin',(1.55339701467143,-7.44086253958078,1.75));
#8661=CARTESIAN_POINT('',(0.589465912490819,-7.44086253958077,2.65));
#8662=CARTESIAN_POINT('',(1.55339701467143,-7.44086253958078,2.65));
#8663=CARTESIAN_POINT('',(1.55339701467143,-7.44086253958078,2.65));
#8664=CARTESIAN_POINT('',(1.55339701467143,-7.44086253958078,1.75));
#8665=CARTESIAN_POINT('',(1.55339701467143,-7.44086253958078,1.75));
#8666=CARTESIAN_POINT('',(0.589465912490819,-7.44086253958077,1.75));
#8667=CARTESIAN_POINT('',(1.55339701467143,-7.44086253958078,1.75));
#8668=CARTESIAN_POINT('',(0.589465912490819,-7.44086253958077,1.75));
#8669=CARTESIAN_POINT('Origin',(1.55339701467143,-6.19640984941382,1.75));
#8670=CARTESIAN_POINT('',(0.589465912490818,-6.19640984941381,2.65));
#8671=CARTESIAN_POINT('',(1.55339701467143,-6.19640984941382,2.65));
#8672=CARTESIAN_POINT('',(1.55339701467143,-6.19640984941382,2.65));
#8673=CARTESIAN_POINT('',(1.55339701467143,-6.19640984941382,1.75));
#8674=CARTESIAN_POINT('',(1.55339701467143,-6.19640984941382,1.75));
#8675=CARTESIAN_POINT('',(0.589465912490818,-6.19640984941381,1.75));
#8676=CARTESIAN_POINT('',(1.55339701467143,-6.19640984941382,1.75));
#8677=CARTESIAN_POINT('',(0.589465912490818,-6.19640984941381,1.75));
#8678=CARTESIAN_POINT('Origin',(1.34565377535276,-3.41385099228856,1.75));
#8679=CARTESIAN_POINT('',(1.34565377535277,-4.37778209446915,2.65));
#8680=CARTESIAN_POINT('',(1.34565377535276,-3.41385099228856,2.65));
#8681=CARTESIAN_POINT('',(1.34565377535276,-3.41385099228856,2.65));
#8682=CARTESIAN_POINT('',(1.34565377535276,-3.41385099228856,1.75));
#8683=CARTESIAN_POINT('',(1.34565377535276,-3.41385099228856,1.75));
#8684=CARTESIAN_POINT('',(1.34565377535277,-4.37778209446915,1.75));
#8685=CARTESIAN_POINT('',(1.34565377535276,-3.41385099228856,1.75));
#8686=CARTESIAN_POINT('',(1.34565377535277,-4.37778209446915,1.75));
#8687=CARTESIAN_POINT('Origin',(2.52924495114125,5.61095880594773,1.75));
#8688=CARTESIAN_POINT('',(2.52924495114125,4.64702770376712,2.65));
#8689=CARTESIAN_POINT('',(2.52924495114125,5.61095880594773,2.65));
#8690=CARTESIAN_POINT('',(2.52924495114125,5.61095880594773,2.65));
#8691=CARTESIAN_POINT('',(2.52924495114125,5.61095880594773,1.75));
#8692=CARTESIAN_POINT('',(2.52924495114125,5.61095880594773,1.75));
#8693=CARTESIAN_POINT('',(2.52924495114125,4.64702770376712,1.75));
#8694=CARTESIAN_POINT('',(2.52924495114125,5.61095880594773,1.75));
#8695=CARTESIAN_POINT('',(2.52924495114125,4.64702770376712,1.75));
#8696=CARTESIAN_POINT('Origin',(3.77369764130821,5.61095880594774,1.75));
#8697=CARTESIAN_POINT('',(3.77369764130822,4.64702770376713,2.65));
#8698=CARTESIAN_POINT('',(3.77369764130821,5.61095880594774,2.65));
#8699=CARTESIAN_POINT('',(3.77369764130821,5.61095880594774,2.65));
#8700=CARTESIAN_POINT('',(3.77369764130821,5.61095880594774,1.75));
#8701=CARTESIAN_POINT('',(3.77369764130821,5.61095880594774,1.75));
#8702=CARTESIAN_POINT('',(3.77369764130822,4.64702770376713,1.75));
#8703=CARTESIAN_POINT('',(3.77369764130821,5.61095880594774,1.75));
#8704=CARTESIAN_POINT('',(3.77369764130822,4.64702770376713,1.75));
#8705=CARTESIAN_POINT('Origin',(4.44162850963928,-5.86454161781344,1.75));
#8706=CARTESIAN_POINT('',(3.47769740745867,-5.86454161781344,2.65));
#8707=CARTESIAN_POINT('',(4.44162850963928,-5.86454161781344,2.65));
#8708=CARTESIAN_POINT('',(4.44162850963928,-5.86454161781344,2.65));
#8709=CARTESIAN_POINT('',(4.44162850963928,-5.86454161781344,1.75));
#8710=CARTESIAN_POINT('',(4.44162850963928,-5.86454161781344,1.75));
#8711=CARTESIAN_POINT('',(3.47769740745867,-5.86454161781344,1.75));
#8712=CARTESIAN_POINT('',(4.44162850963928,-5.86454161781344,1.75));
#8713=CARTESIAN_POINT('',(3.47769740745867,-5.86454161781344,1.75));
#8714=CARTESIAN_POINT('Origin',(4.44162850963928,-4.62008892764647,1.75));
#8715=CARTESIAN_POINT('',(3.47769740745866,-4.62008892764647,2.65));
#8716=CARTESIAN_POINT('',(4.44162850963928,-4.62008892764647,2.65));
#8717=CARTESIAN_POINT('',(4.44162850963928,-4.62008892764647,2.65));
#8718=CARTESIAN_POINT('',(4.44162850963928,-4.62008892764647,1.75));
#8719=CARTESIAN_POINT('',(4.44162850963928,-4.62008892764647,1.75));
#8720=CARTESIAN_POINT('',(3.47769740745866,-4.62008892764647,1.75));
#8721=CARTESIAN_POINT('',(4.44162850963928,-4.62008892764647,1.75));
#8722=CARTESIAN_POINT('',(3.47769740745866,-4.62008892764647,1.75));
#8723=CARTESIAN_POINT('',(-2.86837983074105,-22.2833453159618,9.188302520723));
#8724=CARTESIAN_POINT('',(0.435579265458923,-27.3433453159618,10.3233025697106));
#8725=UNCERTAINTY_MEASURE_WITH_UNIT(LENGTH_MEASURE(0.01),#8733,
'DISTANCE_ACCURACY_VALUE',
'Maximum model space distance between geometric entities at asserted c
onnectivities');
#8726=UNCERTAINTY_MEASURE_WITH_UNIT(LENGTH_MEASURE(0.01),#8733,
'DISTANCE_ACCURACY_VALUE',
'Maximum model space distance between geometric entities at asserted c
onnectivities');
#8727=UNCERTAINTY_MEASURE_WITH_UNIT(LENGTH_MEASURE(0.01),#8733,
'DISTANCE_ACCURACY_VALUE',
'Maximum model space distance between geometric entities at asserted c
onnectivities');
#8728=UNCERTAINTY_MEASURE_WITH_UNIT(LENGTH_MEASURE(0.01),#8733,
'DISTANCE_ACCURACY_VALUE',
'Maximum model space distance between geometric entities at asserted c
onnectivities');
#8729=(
GEOMETRIC_REPRESENTATION_CONTEXT(3)
GLOBAL_UNCERTAINTY_ASSIGNED_CONTEXT((#8725))
GLOBAL_UNIT_ASSIGNED_CONTEXT((#8733,#8735,#8736))
REPRESENTATION_CONTEXT('','3D')
);
#8730=(
GEOMETRIC_REPRESENTATION_CONTEXT(3)
GLOBAL_UNCERTAINTY_ASSIGNED_CONTEXT((#8726))
GLOBAL_UNIT_ASSIGNED_CONTEXT((#8733,#8735,#8736))
REPRESENTATION_CONTEXT('','3D')
);
#8731=(
GEOMETRIC_REPRESENTATION_CONTEXT(3)
GLOBAL_UNCERTAINTY_ASSIGNED_CONTEXT((#8727))
GLOBAL_UNIT_ASSIGNED_CONTEXT((#8733,#8735,#8736))
REPRESENTATION_CONTEXT('','3D')
);
#8732=(
GEOMETRIC_REPRESENTATION_CONTEXT(3)
GLOBAL_UNCERTAINTY_ASSIGNED_CONTEXT((#8728))
GLOBAL_UNIT_ASSIGNED_CONTEXT((#8733,#8735,#8736))
REPRESENTATION_CONTEXT('','3D')
);
#8733=(
LENGTH_UNIT()
NAMED_UNIT(*)
SI_UNIT(.MILLI.,.METRE.)
);
#8734=(
LENGTH_UNIT()
NAMED_UNIT(*)
SI_UNIT(.CENTI.,.METRE.)
);
#8735=(
NAMED_UNIT(*)
PLANE_ANGLE_UNIT()
SI_UNIT($,.RADIAN.)
);
#8736=(
NAMED_UNIT(*)
SI_UNIT($,.STERADIAN.)
SOLID_ANGLE_UNIT()
);
#8737=SHAPE_DEFINITION_REPRESENTATION(#8740,#8745);
#8738=SHAPE_DEFINITION_REPRESENTATION(#8741,#8746);
#8739=SHAPE_DEFINITION_REPRESENTATION(#8742,#8747);
#8740=PRODUCT_DEFINITION_SHAPE('',$,#8749);
#8741=PRODUCT_DEFINITION_SHAPE('',$,#8750);
#8742=PRODUCT_DEFINITION_SHAPE('',$,#8751);
#8743=PRODUCT_DEFINITION_SHAPE($,$,#19);
#8744=PRODUCT_DEFINITION_SHAPE($,$,#20);
#8745=SHAPE_REPRESENTATION('',(#5529,#5847,#5848),#8729);
#8746=SHAPE_REPRESENTATION('',(#5530),#8730);
#8747=SHAPE_REPRESENTATION('',(#5553,#39,#40,#41,#42,#43,#44,#45,#46,#47,
#48,#49,#50,#51,#52,#53,#54,#55,#56),#8731);
#8748=PRODUCT_DEFINITION_CONTEXT('part definition',#8759,'design');
#8749=PRODUCT_DEFINITION('Driver assembly','Driver assembly',#8752,#8748);
#8750=PRODUCT_DEFINITION('Heatsink for motor driver',
'Heatsink for motor driver',#8753,#8748);
#8751=PRODUCT_DEFINITION('Stepper motor Driver','Stepper motor Driver',
#8754,#8748);
#8752=PRODUCT_DEFINITION_FORMATION('',$,#8761);
#8753=PRODUCT_DEFINITION_FORMATION('',$,#8762);
#8754=PRODUCT_DEFINITION_FORMATION('',$,#8763);
#8755=PRODUCT_RELATED_PRODUCT_CATEGORY('Driver assembly',
'Driver assembly',(#8761));
#8756=PRODUCT_RELATED_PRODUCT_CATEGORY('Heatsink for motor driver',
'Heatsink for motor driver',(#8762));
#8757=PRODUCT_RELATED_PRODUCT_CATEGORY('Stepper motor Driver',
'Stepper motor Driver',(#8763));
#8758=APPLICATION_PROTOCOL_DEFINITION('international standard',
'automotive_design',2009,#8759);
#8759=APPLICATION_CONTEXT(
'Core Data for Automotive Mechanical Design Process');
#8760=PRODUCT_CONTEXT('part definition',#8759,'mechanical');
#8761=PRODUCT('Driver assembly','Driver assembly',$,(#8760));
#8762=PRODUCT('Heatsink for motor driver','Heatsink for motor driver',$,
(#8760));
#8763=PRODUCT('Stepper motor Driver','Stepper motor Driver',$,(#8760));
ENDSEC;
END-ISO-10303-21;
