ISO-10303-21;
HEADER;
FILE_DESCRIPTION(('FreeCAD Model'),'2;1');
FILE_NAME('Open CASCADE Shape Model','2025-04-15T09:59:46',('Author'),(
    ''),'Open CASCADE STEP processor 7.6','FreeCAD','Unknown');
FILE_SCHEMA(('AUTOMOTIVE_DESIGN { 1 0 10303 214 1 1 1 1 }'));
ENDSEC;
DATA;
#1 = APPLICATION_PROTOCOL_DEFINITION('international standard',
  'automotive_design',2000,#2);
#2 = APPLICATION_CONTEXT(
  'core data for automotive mechanical design processes');
#3 = SHAPE_DEFINITION_REPRESENTATION(#4,#10);
#4 = PRODUCT_DEFINITION_SHAPE('','',#5);
#5 = PRODUCT_DEFINITION('design','',#6,#9);
#6 = PRODUCT_DEFINITION_FORMATION('','',#7);
#7 = PRODUCT('Schraubklemme_1x4','Schraubklemme_1x4','',(#8));
#8 = PRODUCT_CONTEXT('',#2,'mechanical');
#9 = PRODUCT_DEFINITION_CONTEXT('part definition',#2,'design');
#10 = ADVANCED_BREP_SHAPE_REPRESENTATION('',(#11,#15),#7285);
#11 = AXIS2_PLACEMENT_3D('',#12,#13,#14);
#12 = CARTESIAN_POINT('',(0.,0.,0.));
#13 = DIRECTION('',(0.,0.,1.));
#14 = DIRECTION('',(1.,0.,-0.));
#15 = MANIFOLD_SOLID_BREP('',#16);
#16 = CLOSED_SHELL('',(#17,#114,#201,#286,#418,#488,#564,#592,#623,#630,
    #727,#814,#899,#976,#1081,#1151,#1205,#1236,#1243,#1340,#1427,#1512,
    #1589,#1694,#1764,#1818,#1849,#1856,#1953,#2040,#2125,#2202,#2307,
    #2377,#2431,#2462,#2469,#2499,#2557,#2587,#2645,#2675,#2733,#2763,
    #2821,#2941,#3017,#3088,#3135,#3142,#3257,#3333,#3404,#3451,#3458,
    #3573,#3649,#3720,#3767,#3774,#3889,#3965,#4036,#4083,#4090,#4267,
    #4467,#4498,#4574,#4623,#4800,#5000,#5031,#5102,#5151,#5328,#5528,
    #5559,#5630,#5679,#5856,#6056,#6087,#6158,#6207,#6256,#6283,#6332,
    #6359,#6408,#6435,#6484,#6511,#6631,#6827,#6922,#6971,#7044,#7095,
    #7128,#7161,#7194,#7227,#7254));
#17 = ADVANCED_FACE('',(#18),#33,.F.);
#18 = FACE_BOUND('',#19,.T.);
#19 = EDGE_LOOP('',(#20,#60,#88));
#20 = ORIENTED_EDGE('',*,*,#21,.F.);
#21 = EDGE_CURVE('',#22,#24,#26,.T.);
#22 = VERTEX_POINT('',#23);
#23 = CARTESIAN_POINT('',(2.54,1.9,9.55));
#24 = VERTEX_POINT('',#25);
#25 = CARTESIAN_POINT('',(2.89,1.867484939698,9.55));
#26 = SURFACE_CURVE('',#27,(#32,#48),.PCURVE_S1.);
#27 = CIRCLE('',#28,1.9);
#28 = AXIS2_PLACEMENT_3D('',#29,#30,#31);
#29 = CARTESIAN_POINT('',(2.54,0.,9.55));
#30 = DIRECTION('',(0.,0.,-1.));
#31 = DIRECTION('',(1.,0.,0.));
#32 = PCURVE('',#33,#38);
#33 = PLANE('',#34);
#34 = AXIS2_PLACEMENT_3D('',#35,#36,#37);
#35 = CARTESIAN_POINT('',(2.54,-1.110223024625E-15,9.55));
#36 = DIRECTION('',(0.,0.,1.));
#37 = DIRECTION('',(1.,0.,-0.));
#38 = DEFINITIONAL_REPRESENTATION('',(#39),#47);
#39 = ( BOUNDED_CURVE() B_SPLINE_CURVE(2,(#40,#41,#42,#43,#44,#45,#46),
.UNSPECIFIED.,.T.,.F.) B_SPLINE_CURVE_WITH_KNOTS((1,2,2,2,2,1),(
    -2.094395102393,0.,2.094395102393,4.188790204786,6.28318530718,
8.377580409573),.UNSPECIFIED.) CURVE() GEOMETRIC_REPRESENTATION_ITEM() 
RATIONAL_B_SPLINE_CURVE((1.,0.5,1.,0.5,1.,0.5,1.)) REPRESENTATION_ITEM(
  '') );
#40 = CARTESIAN_POINT('',(1.9,1.110223024625E-15));
#41 = CARTESIAN_POINT('',(1.9,-3.290896534381));
#42 = CARTESIAN_POINT('',(-0.95,-1.64544826719));
#43 = CARTESIAN_POINT('',(-3.8,6.448572409492E-16));
#44 = CARTESIAN_POINT('',(-0.95,1.64544826719));
#45 = CARTESIAN_POINT('',(1.9,3.290896534381));
#46 = CARTESIAN_POINT('',(1.9,1.110223024625E-15));
#47 = ( GEOMETRIC_REPRESENTATION_CONTEXT(2) 
PARAMETRIC_REPRESENTATION_CONTEXT() REPRESENTATION_CONTEXT('2D SPACE',''
  ) );
#48 = PCURVE('',#49,#54);
#49 = CYLINDRICAL_SURFACE('',#50,1.9);
#50 = AXIS2_PLACEMENT_3D('',#51,#52,#53);
#51 = CARTESIAN_POINT('',(2.54,0.,10.));
#52 = DIRECTION('',(0.,0.,-1.));
#53 = DIRECTION('',(1.,0.,0.));
#54 = DEFINITIONAL_REPRESENTATION('',(#55),#59);
#55 = LINE('',#56,#57);
#56 = CARTESIAN_POINT('',(0.,0.45));
#57 = VECTOR('',#58,1.);
#58 = DIRECTION('',(1.,0.));
#59 = ( GEOMETRIC_REPRESENTATION_CONTEXT(2) 
PARAMETRIC_REPRESENTATION_CONTEXT() REPRESENTATION_CONTEXT('2D SPACE',''
  ) );
#60 = ORIENTED_EDGE('',*,*,#61,.F.);
#61 = EDGE_CURVE('',#62,#22,#64,.T.);
#62 = VERTEX_POINT('',#63);
#63 = CARTESIAN_POINT('',(2.89,1.9,9.55));
#64 = SURFACE_CURVE('',#65,(#69,#76),.PCURVE_S1.);
#65 = LINE('',#66,#67);
#66 = CARTESIAN_POINT('',(2.89,1.9,9.55));
#67 = VECTOR('',#68,1.);
#68 = DIRECTION('',(-1.,0.,0.));
#69 = PCURVE('',#33,#70);
#70 = DEFINITIONAL_REPRESENTATION('',(#71),#75);
#71 = LINE('',#72,#73);
#72 = CARTESIAN_POINT('',(0.35,1.9));
#73 = VECTOR('',#74,1.);
#74 = DIRECTION('',(-1.,0.));
#75 = ( GEOMETRIC_REPRESENTATION_CONTEXT(2) 
PARAMETRIC_REPRESENTATION_CONTEXT() REPRESENTATION_CONTEXT('2D SPACE',''
  ) );
#76 = PCURVE('',#77,#82);
#77 = PLANE('',#78);
#78 = AXIS2_PLACEMENT_3D('',#79,#80,#81);
#79 = CARTESIAN_POINT('',(2.19,1.9,9.55));
#80 = DIRECTION('',(0.,1.,0.));
#81 = DIRECTION('',(1.,0.,0.));
#82 = DEFINITIONAL_REPRESENTATION('',(#83),#87);
#83 = LINE('',#84,#85);
#84 = CARTESIAN_POINT('',(0.7,0.));
#85 = VECTOR('',#86,1.);
#86 = DIRECTION('',(-1.,0.));
#87 = ( GEOMETRIC_REPRESENTATION_CONTEXT(2) 
PARAMETRIC_REPRESENTATION_CONTEXT() REPRESENTATION_CONTEXT('2D SPACE',''
  ) );
#88 = ORIENTED_EDGE('',*,*,#89,.F.);
#89 = EDGE_CURVE('',#24,#62,#90,.T.);
#90 = SURFACE_CURVE('',#91,(#95,#102),.PCURVE_S1.);
#91 = LINE('',#92,#93);
#92 = CARTESIAN_POINT('',(2.89,-1.9,9.55));
#93 = VECTOR('',#94,1.);
#94 = DIRECTION('',(0.,1.,0.));
#95 = PCURVE('',#33,#96);
#96 = DEFINITIONAL_REPRESENTATION('',(#97),#101);
#97 = LINE('',#98,#99);
#98 = CARTESIAN_POINT('',(0.35,-1.9));
#99 = VECTOR('',#100,1.);
#100 = DIRECTION('',(0.,1.));
#101 = ( GEOMETRIC_REPRESENTATION_CONTEXT(2) 
PARAMETRIC_REPRESENTATION_CONTEXT() REPRESENTATION_CONTEXT('2D SPACE',''
  ) );
#102 = PCURVE('',#103,#108);
#103 = PLANE('',#104);
#104 = AXIS2_PLACEMENT_3D('',#105,#106,#107);
#105 = CARTESIAN_POINT('',(2.89,1.9,9.55));
#106 = DIRECTION('',(1.,0.,0.));
#107 = DIRECTION('',(0.,-1.,0.));
#108 = DEFINITIONAL_REPRESENTATION('',(#109),#113);
#109 = LINE('',#110,#111);
#110 = CARTESIAN_POINT('',(3.8,0.));
#111 = VECTOR('',#112,1.);
#112 = DIRECTION('',(-1.,0.));
#113 = ( GEOMETRIC_REPRESENTATION_CONTEXT(2) 
PARAMETRIC_REPRESENTATION_CONTEXT() REPRESENTATION_CONTEXT('2D SPACE',''
  ) );
#114 = ADVANCED_FACE('',(#115),#130,.F.);
#115 = FACE_BOUND('',#116,.T.);
#116 = EDGE_LOOP('',(#117,#152,#175));
#117 = ORIENTED_EDGE('',*,*,#118,.F.);
#118 = EDGE_CURVE('',#119,#121,#123,.T.);
#119 = VERTEX_POINT('',#120);
#120 = CARTESIAN_POINT('',(2.89,-1.867484939698,9.55));
#121 = VERTEX_POINT('',#122);
#122 = CARTESIAN_POINT('',(2.54,-1.9,9.55));
#123 = SURFACE_CURVE('',#124,(#129,#145),.PCURVE_S1.);
#124 = CIRCLE('',#125,1.9);
#125 = AXIS2_PLACEMENT_3D('',#126,#127,#128);
#126 = CARTESIAN_POINT('',(2.54,0.,9.55));
#127 = DIRECTION('',(0.,0.,-1.));
#128 = DIRECTION('',(1.,0.,0.));
#129 = PCURVE('',#130,#135);
#130 = PLANE('',#131);
#131 = AXIS2_PLACEMENT_3D('',#132,#133,#134);
#132 = CARTESIAN_POINT('',(2.54,-1.110223024625E-15,9.55));
#133 = DIRECTION('',(0.,0.,1.));
#134 = DIRECTION('',(1.,0.,-0.));
#135 = DEFINITIONAL_REPRESENTATION('',(#136),#144);
#136 = ( BOUNDED_CURVE() B_SPLINE_CURVE(2,(#137,#138,#139,#140,#141,#142
,#143),.UNSPECIFIED.,.T.,.F.) B_SPLINE_CURVE_WITH_KNOTS((1,2,2,2,2,1),(
    -2.094395102393,0.,2.094395102393,4.188790204786,6.28318530718,
8.377580409573),.UNSPECIFIED.) CURVE() GEOMETRIC_REPRESENTATION_ITEM() 
RATIONAL_B_SPLINE_CURVE((1.,0.5,1.,0.5,1.,0.5,1.)) REPRESENTATION_ITEM(
  '') );
#137 = CARTESIAN_POINT('',(1.9,1.110223024625E-15));
#138 = CARTESIAN_POINT('',(1.9,-3.290896534381));
#139 = CARTESIAN_POINT('',(-0.95,-1.64544826719));
#140 = CARTESIAN_POINT('',(-3.8,6.448572409492E-16));
#141 = CARTESIAN_POINT('',(-0.95,1.64544826719));
#142 = CARTESIAN_POINT('',(1.9,3.290896534381));
#143 = CARTESIAN_POINT('',(1.9,1.110223024625E-15));
#144 = ( GEOMETRIC_REPRESENTATION_CONTEXT(2) 
PARAMETRIC_REPRESENTATION_CONTEXT() REPRESENTATION_CONTEXT('2D SPACE',''
  ) );
#145 = PCURVE('',#49,#146);
#146 = DEFINITIONAL_REPRESENTATION('',(#147),#151);
#147 = LINE('',#148,#149);
#148 = CARTESIAN_POINT('',(6.28318530718,0.45));
#149 = VECTOR('',#150,1.);
#150 = DIRECTION('',(1.,0.));
#151 = ( GEOMETRIC_REPRESENTATION_CONTEXT(2) 
PARAMETRIC_REPRESENTATION_CONTEXT() REPRESENTATION_CONTEXT('2D SPACE',''
  ) );
#152 = ORIENTED_EDGE('',*,*,#153,.F.);
#153 = EDGE_CURVE('',#154,#119,#156,.T.);
#154 = VERTEX_POINT('',#155);
#155 = CARTESIAN_POINT('',(2.89,-1.9,9.55));
#156 = SURFACE_CURVE('',#157,(#161,#168),.PCURVE_S1.);
#157 = LINE('',#158,#159);
#158 = CARTESIAN_POINT('',(2.89,-1.9,9.55));
#159 = VECTOR('',#160,1.);
#160 = DIRECTION('',(0.,1.,0.));
#161 = PCURVE('',#130,#162);
#162 = DEFINITIONAL_REPRESENTATION('',(#163),#167);
#163 = LINE('',#164,#165);
#164 = CARTESIAN_POINT('',(0.35,-1.9));
#165 = VECTOR('',#166,1.);
#166 = DIRECTION('',(0.,1.));
#167 = ( GEOMETRIC_REPRESENTATION_CONTEXT(2) 
PARAMETRIC_REPRESENTATION_CONTEXT() REPRESENTATION_CONTEXT('2D SPACE',''
  ) );
#168 = PCURVE('',#103,#169);
#169 = DEFINITIONAL_REPRESENTATION('',(#170),#174);
#170 = LINE('',#171,#172);
#171 = CARTESIAN_POINT('',(3.8,0.));
#172 = VECTOR('',#173,1.);
#173 = DIRECTION('',(-1.,0.));
#174 = ( GEOMETRIC_REPRESENTATION_CONTEXT(2) 
PARAMETRIC_REPRESENTATION_CONTEXT() REPRESENTATION_CONTEXT('2D SPACE',''
  ) );
#175 = ORIENTED_EDGE('',*,*,#176,.F.);
#176 = EDGE_CURVE('',#121,#154,#177,.T.);
#177 = SURFACE_CURVE('',#178,(#182,#189),.PCURVE_S1.);
#178 = LINE('',#179,#180);
#179 = CARTESIAN_POINT('',(2.19,-1.9,9.55));
#180 = VECTOR('',#181,1.);
#181 = DIRECTION('',(1.,0.,0.));
#182 = PCURVE('',#130,#183);
#183 = DEFINITIONAL_REPRESENTATION('',(#184),#188);
#184 = LINE('',#185,#186);
#185 = CARTESIAN_POINT('',(-0.35,-1.9));
#186 = VECTOR('',#187,1.);
#187 = DIRECTION('',(1.,0.));
#188 = ( GEOMETRIC_REPRESENTATION_CONTEXT(2) 
PARAMETRIC_REPRESENTATION_CONTEXT() REPRESENTATION_CONTEXT('2D SPACE',''
  ) );
#189 = PCURVE('',#190,#195);
#190 = PLANE('',#191);
#191 = AXIS2_PLACEMENT_3D('',#192,#193,#194);
#192 = CARTESIAN_POINT('',(2.89,-1.9,9.55));
#193 = DIRECTION('',(0.,-1.,0.));
#194 = DIRECTION('',(-1.,0.,0.));
#195 = DEFINITIONAL_REPRESENTATION('',(#196),#200);
#196 = LINE('',#197,#198);
#197 = CARTESIAN_POINT('',(0.7,0.));
#198 = VECTOR('',#199,1.);
#199 = DIRECTION('',(-1.,-0.));
#200 = ( GEOMETRIC_REPRESENTATION_CONTEXT(2) 
PARAMETRIC_REPRESENTATION_CONTEXT() REPRESENTATION_CONTEXT('2D SPACE',''
  ) );
#201 = ADVANCED_FACE('',(#202),#215,.F.);
#202 = FACE_BOUND('',#203,.T.);
#203 = EDGE_LOOP('',(#204,#237,#265));
#204 = ORIENTED_EDGE('',*,*,#205,.F.);
#205 = EDGE_CURVE('',#206,#22,#208,.T.);
#206 = VERTEX_POINT('',#207);
#207 = CARTESIAN_POINT('',(2.19,1.867484939698,9.55));
#208 = SURFACE_CURVE('',#209,(#214,#230),.PCURVE_S1.);
#209 = CIRCLE('',#210,1.9);
#210 = AXIS2_PLACEMENT_3D('',#211,#212,#213);
#211 = CARTESIAN_POINT('',(2.54,0.,9.55));
#212 = DIRECTION('',(0.,0.,-1.));
#213 = DIRECTION('',(1.,0.,0.));
#214 = PCURVE('',#215,#220);
#215 = PLANE('',#216);
#216 = AXIS2_PLACEMENT_3D('',#217,#218,#219);
#217 = CARTESIAN_POINT('',(2.54,-1.110223024625E-15,9.55));
#218 = DIRECTION('',(0.,0.,1.));
#219 = DIRECTION('',(1.,0.,-0.));
#220 = DEFINITIONAL_REPRESENTATION('',(#221),#229);
#221 = ( BOUNDED_CURVE() B_SPLINE_CURVE(2,(#222,#223,#224,#225,#226,#227
,#228),.UNSPECIFIED.,.T.,.F.) B_SPLINE_CURVE_WITH_KNOTS((1,2,2,2,2,1),(
    -2.094395102393,0.,2.094395102393,4.188790204786,6.28318530718,
8.377580409573),.UNSPECIFIED.) CURVE() GEOMETRIC_REPRESENTATION_ITEM() 
RATIONAL_B_SPLINE_CURVE((1.,0.5,1.,0.5,1.,0.5,1.)) REPRESENTATION_ITEM(
  '') );
#222 = CARTESIAN_POINT('',(1.9,1.110223024625E-15));
#223 = CARTESIAN_POINT('',(1.9,-3.290896534381));
#224 = CARTESIAN_POINT('',(-0.95,-1.64544826719));
#225 = CARTESIAN_POINT('',(-3.8,6.448572409492E-16));
#226 = CARTESIAN_POINT('',(-0.95,1.64544826719));
#227 = CARTESIAN_POINT('',(1.9,3.290896534381));
#228 = CARTESIAN_POINT('',(1.9,1.110223024625E-15));
#229 = ( GEOMETRIC_REPRESENTATION_CONTEXT(2) 
PARAMETRIC_REPRESENTATION_CONTEXT() REPRESENTATION_CONTEXT('2D SPACE',''
  ) );
#230 = PCURVE('',#49,#231);
#231 = DEFINITIONAL_REPRESENTATION('',(#232),#236);
#232 = LINE('',#233,#234);
#233 = CARTESIAN_POINT('',(0.,0.45));
#234 = VECTOR('',#235,1.);
#235 = DIRECTION('',(1.,0.));
#236 = ( GEOMETRIC_REPRESENTATION_CONTEXT(2) 
PARAMETRIC_REPRESENTATION_CONTEXT() REPRESENTATION_CONTEXT('2D SPACE',''
  ) );
#237 = ORIENTED_EDGE('',*,*,#238,.F.);
#238 = EDGE_CURVE('',#239,#206,#241,.T.);
#239 = VERTEX_POINT('',#240);
#240 = CARTESIAN_POINT('',(2.19,1.9,9.55));
#241 = SURFACE_CURVE('',#242,(#246,#253),.PCURVE_S1.);
#242 = LINE('',#243,#244);
#243 = CARTESIAN_POINT('',(2.19,1.9,9.55));
#244 = VECTOR('',#245,1.);
#245 = DIRECTION('',(0.,-1.,0.));
#246 = PCURVE('',#215,#247);
#247 = DEFINITIONAL_REPRESENTATION('',(#248),#252);
#248 = LINE('',#249,#250);
#249 = CARTESIAN_POINT('',(-0.35,1.9));
#250 = VECTOR('',#251,1.);
#251 = DIRECTION('',(0.,-1.));
#252 = ( GEOMETRIC_REPRESENTATION_CONTEXT(2) 
PARAMETRIC_REPRESENTATION_CONTEXT() REPRESENTATION_CONTEXT('2D SPACE',''
  ) );
#253 = PCURVE('',#254,#259);
#254 = PLANE('',#255);
#255 = AXIS2_PLACEMENT_3D('',#256,#257,#258);
#256 = CARTESIAN_POINT('',(2.19,-1.9,9.55));
#257 = DIRECTION('',(-1.,0.,0.));
#258 = DIRECTION('',(0.,1.,0.));
#259 = DEFINITIONAL_REPRESENTATION('',(#260),#264);
#260 = LINE('',#261,#262);
#261 = CARTESIAN_POINT('',(3.8,0.));
#262 = VECTOR('',#263,1.);
#263 = DIRECTION('',(-1.,0.));
#264 = ( GEOMETRIC_REPRESENTATION_CONTEXT(2) 
PARAMETRIC_REPRESENTATION_CONTEXT() REPRESENTATION_CONTEXT('2D SPACE',''
  ) );
#265 = ORIENTED_EDGE('',*,*,#266,.F.);
#266 = EDGE_CURVE('',#22,#239,#267,.T.);
#267 = SURFACE_CURVE('',#268,(#272,#279),.PCURVE_S1.);
#268 = LINE('',#269,#270);
#269 = CARTESIAN_POINT('',(2.89,1.9,9.55));
#270 = VECTOR('',#271,1.);
#271 = DIRECTION('',(-1.,0.,0.));
#272 = PCURVE('',#215,#273);
#273 = DEFINITIONAL_REPRESENTATION('',(#274),#278);
#274 = LINE('',#275,#276);
#275 = CARTESIAN_POINT('',(0.35,1.9));
#276 = VECTOR('',#277,1.);
#277 = DIRECTION('',(-1.,0.));
#278 = ( GEOMETRIC_REPRESENTATION_CONTEXT(2) 
PARAMETRIC_REPRESENTATION_CONTEXT() REPRESENTATION_CONTEXT('2D SPACE',''
  ) );
#279 = PCURVE('',#77,#280);
#280 = DEFINITIONAL_REPRESENTATION('',(#281),#285);
#281 = LINE('',#282,#283);
#282 = CARTESIAN_POINT('',(0.7,0.));
#283 = VECTOR('',#284,1.);
#284 = DIRECTION('',(-1.,0.));
#285 = ( GEOMETRIC_REPRESENTATION_CONTEXT(2) 
PARAMETRIC_REPRESENTATION_CONTEXT() REPRESENTATION_CONTEXT('2D SPACE',''
  ) );
#286 = ADVANCED_FACE('',(#287),#254,.F.);
#287 = FACE_BOUND('',#288,.T.);
#288 = EDGE_LOOP('',(#289,#290,#318,#346,#369,#397));
#289 = ORIENTED_EDGE('',*,*,#238,.T.);
#290 = ORIENTED_EDGE('',*,*,#291,.F.);
#291 = EDGE_CURVE('',#292,#206,#294,.T.);
#292 = VERTEX_POINT('',#293);
#293 = CARTESIAN_POINT('',(2.19,-1.867484939698,9.55));
#294 = SURFACE_CURVE('',#295,(#299,#306),.PCURVE_S1.);
#295 = LINE('',#296,#297);
#296 = CARTESIAN_POINT('',(2.19,-0.95,9.55));
#297 = VECTOR('',#298,1.);
#298 = DIRECTION('',(0.,1.,0.));
#299 = PCURVE('',#254,#300);
#300 = DEFINITIONAL_REPRESENTATION('',(#301),#305);
#301 = LINE('',#302,#303);
#302 = CARTESIAN_POINT('',(0.95,0.));
#303 = VECTOR('',#304,1.);
#304 = DIRECTION('',(1.,0.));
#305 = ( GEOMETRIC_REPRESENTATION_CONTEXT(2) 
PARAMETRIC_REPRESENTATION_CONTEXT() REPRESENTATION_CONTEXT('2D SPACE',''
  ) );
#306 = PCURVE('',#307,#312);
#307 = PLANE('',#308);
#308 = AXIS2_PLACEMENT_3D('',#309,#310,#311);
#309 = CARTESIAN_POINT('',(2.54,0.,9.55));
#310 = DIRECTION('',(0.,0.,1.));
#311 = DIRECTION('',(1.,0.,-0.));
#312 = DEFINITIONAL_REPRESENTATION('',(#313),#317);
#313 = LINE('',#314,#315);
#314 = CARTESIAN_POINT('',(-0.35,-0.95));
#315 = VECTOR('',#316,1.);
#316 = DIRECTION('',(0.,1.));
#317 = ( GEOMETRIC_REPRESENTATION_CONTEXT(2) 
PARAMETRIC_REPRESENTATION_CONTEXT() REPRESENTATION_CONTEXT('2D SPACE',''
  ) );
#318 = ORIENTED_EDGE('',*,*,#319,.T.);
#319 = EDGE_CURVE('',#292,#320,#322,.T.);
#320 = VERTEX_POINT('',#321);
#321 = CARTESIAN_POINT('',(2.19,-1.9,9.55));
#322 = SURFACE_CURVE('',#323,(#327,#334),.PCURVE_S1.);
#323 = LINE('',#324,#325);
#324 = CARTESIAN_POINT('',(2.19,1.9,9.55));
#325 = VECTOR('',#326,1.);
#326 = DIRECTION('',(0.,-1.,0.));
#327 = PCURVE('',#254,#328);
#328 = DEFINITIONAL_REPRESENTATION('',(#329),#333);
#329 = LINE('',#330,#331);
#330 = CARTESIAN_POINT('',(3.8,0.));
#331 = VECTOR('',#332,1.);
#332 = DIRECTION('',(-1.,0.));
#333 = ( GEOMETRIC_REPRESENTATION_CONTEXT(2) 
PARAMETRIC_REPRESENTATION_CONTEXT() REPRESENTATION_CONTEXT('2D SPACE',''
  ) );
#334 = PCURVE('',#335,#340);
#335 = PLANE('',#336);
#336 = AXIS2_PLACEMENT_3D('',#337,#338,#339);
#337 = CARTESIAN_POINT('',(2.54,-1.110223024625E-15,9.55));
#338 = DIRECTION('',(0.,0.,1.));
#339 = DIRECTION('',(1.,0.,-0.));
#340 = DEFINITIONAL_REPRESENTATION('',(#341),#345);
#341 = LINE('',#342,#343);
#342 = CARTESIAN_POINT('',(-0.35,1.9));
#343 = VECTOR('',#344,1.);
#344 = DIRECTION('',(0.,-1.));
#345 = ( GEOMETRIC_REPRESENTATION_CONTEXT(2) 
PARAMETRIC_REPRESENTATION_CONTEXT() REPRESENTATION_CONTEXT('2D SPACE',''
  ) );
#346 = ORIENTED_EDGE('',*,*,#347,.T.);
#347 = EDGE_CURVE('',#320,#348,#350,.T.);
#348 = VERTEX_POINT('',#349);
#349 = CARTESIAN_POINT('',(2.19,-1.9,8.55));
#350 = SURFACE_CURVE('',#351,(#355,#362),.PCURVE_S1.);
#351 = LINE('',#352,#353);
#352 = CARTESIAN_POINT('',(2.19,-1.9,9.55));
#353 = VECTOR('',#354,1.);
#354 = DIRECTION('',(0.,0.,-1.));
#355 = PCURVE('',#254,#356);
#356 = DEFINITIONAL_REPRESENTATION('',(#357),#361);
#357 = LINE('',#358,#359);
#358 = CARTESIAN_POINT('',(0.,0.));
#359 = VECTOR('',#360,1.);
#360 = DIRECTION('',(0.,1.));
#361 = ( GEOMETRIC_REPRESENTATION_CONTEXT(2) 
PARAMETRIC_REPRESENTATION_CONTEXT() REPRESENTATION_CONTEXT('2D SPACE',''
  ) );
#362 = PCURVE('',#190,#363);
#363 = DEFINITIONAL_REPRESENTATION('',(#364),#368);
#364 = LINE('',#365,#366);
#365 = CARTESIAN_POINT('',(0.7,0.));
#366 = VECTOR('',#367,1.);
#367 = DIRECTION('',(0.,1.));
#368 = ( GEOMETRIC_REPRESENTATION_CONTEXT(2) 
PARAMETRIC_REPRESENTATION_CONTEXT() REPRESENTATION_CONTEXT('2D SPACE',''
  ) );
#369 = ORIENTED_EDGE('',*,*,#370,.T.);
#370 = EDGE_CURVE('',#348,#371,#373,.T.);
#371 = VERTEX_POINT('',#372);
#372 = CARTESIAN_POINT('',(2.19,1.9,8.55));
#373 = SURFACE_CURVE('',#374,(#378,#385),.PCURVE_S1.);
#374 = LINE('',#375,#376);
#375 = CARTESIAN_POINT('',(2.19,1.9,8.55));
#376 = VECTOR('',#377,1.);
#377 = DIRECTION('',(0.,1.,0.));
#378 = PCURVE('',#254,#379);
#379 = DEFINITIONAL_REPRESENTATION('',(#380),#384);
#380 = LINE('',#381,#382);
#381 = CARTESIAN_POINT('',(3.8,1.));
#382 = VECTOR('',#383,1.);
#383 = DIRECTION('',(1.,0.));
#384 = ( GEOMETRIC_REPRESENTATION_CONTEXT(2) 
PARAMETRIC_REPRESENTATION_CONTEXT() REPRESENTATION_CONTEXT('2D SPACE',''
  ) );
#385 = PCURVE('',#386,#391);
#386 = PLANE('',#387);
#387 = AXIS2_PLACEMENT_3D('',#388,#389,#390);
#388 = CARTESIAN_POINT('',(2.54,-1.110223024625E-15,8.55));
#389 = DIRECTION('',(0.,0.,-1.));
#390 = DIRECTION('',(-1.,0.,0.));
#391 = DEFINITIONAL_REPRESENTATION('',(#392),#396);
#392 = LINE('',#393,#394);
#393 = CARTESIAN_POINT('',(0.35,1.9));
#394 = VECTOR('',#395,1.);
#395 = DIRECTION('',(0.,1.));
#396 = ( GEOMETRIC_REPRESENTATION_CONTEXT(2) 
PARAMETRIC_REPRESENTATION_CONTEXT() REPRESENTATION_CONTEXT('2D SPACE',''
  ) );
#397 = ORIENTED_EDGE('',*,*,#398,.F.);
#398 = EDGE_CURVE('',#239,#371,#399,.T.);
#399 = SURFACE_CURVE('',#400,(#404,#411),.PCURVE_S1.);
#400 = LINE('',#401,#402);
#401 = CARTESIAN_POINT('',(2.19,1.9,9.55));
#402 = VECTOR('',#403,1.);
#403 = DIRECTION('',(0.,0.,-1.));
#404 = PCURVE('',#254,#405);
#405 = DEFINITIONAL_REPRESENTATION('',(#406),#410);
#406 = LINE('',#407,#408);
#407 = CARTESIAN_POINT('',(3.8,0.));
#408 = VECTOR('',#409,1.);
#409 = DIRECTION('',(0.,1.));
#410 = ( GEOMETRIC_REPRESENTATION_CONTEXT(2) 
PARAMETRIC_REPRESENTATION_CONTEXT() REPRESENTATION_CONTEXT('2D SPACE',''
  ) );
#411 = PCURVE('',#77,#412);
#412 = DEFINITIONAL_REPRESENTATION('',(#413),#417);
#413 = LINE('',#414,#415);
#414 = CARTESIAN_POINT('',(0.,0.));
#415 = VECTOR('',#416,1.);
#416 = DIRECTION('',(0.,1.));
#417 = ( GEOMETRIC_REPRESENTATION_CONTEXT(2) 
PARAMETRIC_REPRESENTATION_CONTEXT() REPRESENTATION_CONTEXT('2D SPACE',''
  ) );
#418 = ADVANCED_FACE('',(#419),#190,.F.);
#419 = FACE_BOUND('',#420,.T.);
#420 = EDGE_LOOP('',(#421,#442,#443,#466,#487));
#421 = ORIENTED_EDGE('',*,*,#422,.T.);
#422 = EDGE_CURVE('',#320,#121,#423,.T.);
#423 = SURFACE_CURVE('',#424,(#428,#435),.PCURVE_S1.);
#424 = LINE('',#425,#426);
#425 = CARTESIAN_POINT('',(2.19,-1.9,9.55));
#426 = VECTOR('',#427,1.);
#427 = DIRECTION('',(1.,0.,0.));
#428 = PCURVE('',#190,#429);
#429 = DEFINITIONAL_REPRESENTATION('',(#430),#434);
#430 = LINE('',#431,#432);
#431 = CARTESIAN_POINT('',(0.7,0.));
#432 = VECTOR('',#433,1.);
#433 = DIRECTION('',(-1.,-0.));
#434 = ( GEOMETRIC_REPRESENTATION_CONTEXT(2) 
PARAMETRIC_REPRESENTATION_CONTEXT() REPRESENTATION_CONTEXT('2D SPACE',''
  ) );
#435 = PCURVE('',#335,#436);
#436 = DEFINITIONAL_REPRESENTATION('',(#437),#441);
#437 = LINE('',#438,#439);
#438 = CARTESIAN_POINT('',(-0.35,-1.9));
#439 = VECTOR('',#440,1.);
#440 = DIRECTION('',(1.,0.));
#441 = ( GEOMETRIC_REPRESENTATION_CONTEXT(2) 
PARAMETRIC_REPRESENTATION_CONTEXT() REPRESENTATION_CONTEXT('2D SPACE',''
  ) );
#442 = ORIENTED_EDGE('',*,*,#176,.T.);
#443 = ORIENTED_EDGE('',*,*,#444,.T.);
#444 = EDGE_CURVE('',#154,#445,#447,.T.);
#445 = VERTEX_POINT('',#446);
#446 = CARTESIAN_POINT('',(2.89,-1.9,8.55));
#447 = SURFACE_CURVE('',#448,(#452,#459),.PCURVE_S1.);
#448 = LINE('',#449,#450);
#449 = CARTESIAN_POINT('',(2.89,-1.9,9.55));
#450 = VECTOR('',#451,1.);
#451 = DIRECTION('',(0.,0.,-1.));
#452 = PCURVE('',#190,#453);
#453 = DEFINITIONAL_REPRESENTATION('',(#454),#458);
#454 = LINE('',#455,#456);
#455 = CARTESIAN_POINT('',(0.,-0.));
#456 = VECTOR('',#457,1.);
#457 = DIRECTION('',(0.,1.));
#458 = ( GEOMETRIC_REPRESENTATION_CONTEXT(2) 
PARAMETRIC_REPRESENTATION_CONTEXT() REPRESENTATION_CONTEXT('2D SPACE',''
  ) );
#459 = PCURVE('',#103,#460);
#460 = DEFINITIONAL_REPRESENTATION('',(#461),#465);
#461 = LINE('',#462,#463);
#462 = CARTESIAN_POINT('',(3.8,0.));
#463 = VECTOR('',#464,1.);
#464 = DIRECTION('',(0.,1.));
#465 = ( GEOMETRIC_REPRESENTATION_CONTEXT(2) 
PARAMETRIC_REPRESENTATION_CONTEXT() REPRESENTATION_CONTEXT('2D SPACE',''
  ) );
#466 = ORIENTED_EDGE('',*,*,#467,.T.);
#467 = EDGE_CURVE('',#445,#348,#468,.T.);
#468 = SURFACE_CURVE('',#469,(#473,#480),.PCURVE_S1.);
#469 = LINE('',#470,#471);
#470 = CARTESIAN_POINT('',(2.19,-1.9,8.55));
#471 = VECTOR('',#472,1.);
#472 = DIRECTION('',(-1.,0.,0.));
#473 = PCURVE('',#190,#474);
#474 = DEFINITIONAL_REPRESENTATION('',(#475),#479);
#475 = LINE('',#476,#477);
#476 = CARTESIAN_POINT('',(0.7,1.));
#477 = VECTOR('',#478,1.);
#478 = DIRECTION('',(1.,0.));
#479 = ( GEOMETRIC_REPRESENTATION_CONTEXT(2) 
PARAMETRIC_REPRESENTATION_CONTEXT() REPRESENTATION_CONTEXT('2D SPACE',''
  ) );
#480 = PCURVE('',#386,#481);
#481 = DEFINITIONAL_REPRESENTATION('',(#482),#486);
#482 = LINE('',#483,#484);
#483 = CARTESIAN_POINT('',(0.35,-1.9));
#484 = VECTOR('',#485,1.);
#485 = DIRECTION('',(1.,0.));
#486 = ( GEOMETRIC_REPRESENTATION_CONTEXT(2) 
PARAMETRIC_REPRESENTATION_CONTEXT() REPRESENTATION_CONTEXT('2D SPACE',''
  ) );
#487 = ORIENTED_EDGE('',*,*,#347,.F.);
#488 = ADVANCED_FACE('',(#489),#103,.F.);
#489 = FACE_BOUND('',#490,.T.);
#490 = EDGE_LOOP('',(#491,#492,#518,#519,#542,#563));
#491 = ORIENTED_EDGE('',*,*,#153,.T.);
#492 = ORIENTED_EDGE('',*,*,#493,.F.);
#493 = EDGE_CURVE('',#24,#119,#494,.T.);
#494 = SURFACE_CURVE('',#495,(#499,#506),.PCURVE_S1.);
#495 = LINE('',#496,#497);
#496 = CARTESIAN_POINT('',(2.89,0.95,9.55));
#497 = VECTOR('',#498,1.);
#498 = DIRECTION('',(0.,-1.,0.));
#499 = PCURVE('',#103,#500);
#500 = DEFINITIONAL_REPRESENTATION('',(#501),#505);
#501 = LINE('',#502,#503);
#502 = CARTESIAN_POINT('',(0.95,0.));
#503 = VECTOR('',#504,1.);
#504 = DIRECTION('',(1.,0.));
#505 = ( GEOMETRIC_REPRESENTATION_CONTEXT(2) 
PARAMETRIC_REPRESENTATION_CONTEXT() REPRESENTATION_CONTEXT('2D SPACE',''
  ) );
#506 = PCURVE('',#507,#512);
#507 = PLANE('',#508);
#508 = AXIS2_PLACEMENT_3D('',#509,#510,#511);
#509 = CARTESIAN_POINT('',(2.54,0.,9.55));
#510 = DIRECTION('',(0.,0.,1.));
#511 = DIRECTION('',(1.,0.,-0.));
#512 = DEFINITIONAL_REPRESENTATION('',(#513),#517);
#513 = LINE('',#514,#515);
#514 = CARTESIAN_POINT('',(0.35,0.95));
#515 = VECTOR('',#516,1.);
#516 = DIRECTION('',(0.,-1.));
#517 = ( GEOMETRIC_REPRESENTATION_CONTEXT(2) 
PARAMETRIC_REPRESENTATION_CONTEXT() REPRESENTATION_CONTEXT('2D SPACE',''
  ) );
#518 = ORIENTED_EDGE('',*,*,#89,.T.);
#519 = ORIENTED_EDGE('',*,*,#520,.T.);
#520 = EDGE_CURVE('',#62,#521,#523,.T.);
#521 = VERTEX_POINT('',#522);
#522 = CARTESIAN_POINT('',(2.89,1.9,8.55));
#523 = SURFACE_CURVE('',#524,(#528,#535),.PCURVE_S1.);
#524 = LINE('',#525,#526);
#525 = CARTESIAN_POINT('',(2.89,1.9,9.55));
#526 = VECTOR('',#527,1.);
#527 = DIRECTION('',(0.,0.,-1.));
#528 = PCURVE('',#103,#529);
#529 = DEFINITIONAL_REPRESENTATION('',(#530),#534);
#530 = LINE('',#531,#532);
#531 = CARTESIAN_POINT('',(0.,0.));
#532 = VECTOR('',#533,1.);
#533 = DIRECTION('',(0.,1.));
#534 = ( GEOMETRIC_REPRESENTATION_CONTEXT(2) 
PARAMETRIC_REPRESENTATION_CONTEXT() REPRESENTATION_CONTEXT('2D SPACE',''
  ) );
#535 = PCURVE('',#77,#536);
#536 = DEFINITIONAL_REPRESENTATION('',(#537),#541);
#537 = LINE('',#538,#539);
#538 = CARTESIAN_POINT('',(0.7,0.));
#539 = VECTOR('',#540,1.);
#540 = DIRECTION('',(0.,1.));
#541 = ( GEOMETRIC_REPRESENTATION_CONTEXT(2) 
PARAMETRIC_REPRESENTATION_CONTEXT() REPRESENTATION_CONTEXT('2D SPACE',''
  ) );
#542 = ORIENTED_EDGE('',*,*,#543,.T.);
#543 = EDGE_CURVE('',#521,#445,#544,.T.);
#544 = SURFACE_CURVE('',#545,(#549,#556),.PCURVE_S1.);
#545 = LINE('',#546,#547);
#546 = CARTESIAN_POINT('',(2.89,-1.9,8.55));
#547 = VECTOR('',#548,1.);
#548 = DIRECTION('',(0.,-1.,0.));
#549 = PCURVE('',#103,#550);
#550 = DEFINITIONAL_REPRESENTATION('',(#551),#555);
#551 = LINE('',#552,#553);
#552 = CARTESIAN_POINT('',(3.8,1.));
#553 = VECTOR('',#554,1.);
#554 = DIRECTION('',(1.,0.));
#555 = ( GEOMETRIC_REPRESENTATION_CONTEXT(2) 
PARAMETRIC_REPRESENTATION_CONTEXT() REPRESENTATION_CONTEXT('2D SPACE',''
  ) );
#556 = PCURVE('',#386,#557);
#557 = DEFINITIONAL_REPRESENTATION('',(#558),#562);
#558 = LINE('',#559,#560);
#559 = CARTESIAN_POINT('',(-0.35,-1.9));
#560 = VECTOR('',#561,1.);
#561 = DIRECTION('',(0.,-1.));
#562 = ( GEOMETRIC_REPRESENTATION_CONTEXT(2) 
PARAMETRIC_REPRESENTATION_CONTEXT() REPRESENTATION_CONTEXT('2D SPACE',''
  ) );
#563 = ORIENTED_EDGE('',*,*,#444,.F.);
#564 = ADVANCED_FACE('',(#565),#77,.F.);
#565 = FACE_BOUND('',#566,.T.);
#566 = EDGE_LOOP('',(#567,#568,#569,#570,#591));
#567 = ORIENTED_EDGE('',*,*,#61,.T.);
#568 = ORIENTED_EDGE('',*,*,#266,.T.);
#569 = ORIENTED_EDGE('',*,*,#398,.T.);
#570 = ORIENTED_EDGE('',*,*,#571,.T.);
#571 = EDGE_CURVE('',#371,#521,#572,.T.);
#572 = SURFACE_CURVE('',#573,(#577,#584),.PCURVE_S1.);
#573 = LINE('',#574,#575);
#574 = CARTESIAN_POINT('',(2.89,1.9,8.55));
#575 = VECTOR('',#576,1.);
#576 = DIRECTION('',(1.,0.,0.));
#577 = PCURVE('',#77,#578);
#578 = DEFINITIONAL_REPRESENTATION('',(#579),#583);
#579 = LINE('',#580,#581);
#580 = CARTESIAN_POINT('',(0.7,1.));
#581 = VECTOR('',#582,1.);
#582 = DIRECTION('',(1.,0.));
#583 = ( GEOMETRIC_REPRESENTATION_CONTEXT(2) 
PARAMETRIC_REPRESENTATION_CONTEXT() REPRESENTATION_CONTEXT('2D SPACE',''
  ) );
#584 = PCURVE('',#386,#585);
#585 = DEFINITIONAL_REPRESENTATION('',(#586),#590);
#586 = LINE('',#587,#588);
#587 = CARTESIAN_POINT('',(-0.35,1.9));
#588 = VECTOR('',#589,1.);
#589 = DIRECTION('',(-1.,0.));
#590 = ( GEOMETRIC_REPRESENTATION_CONTEXT(2) 
PARAMETRIC_REPRESENTATION_CONTEXT() REPRESENTATION_CONTEXT('2D SPACE',''
  ) );
#591 = ORIENTED_EDGE('',*,*,#520,.F.);
#592 = ADVANCED_FACE('',(#593),#335,.F.);
#593 = FACE_BOUND('',#594,.T.);
#594 = EDGE_LOOP('',(#595,#621,#622));
#595 = ORIENTED_EDGE('',*,*,#596,.F.);
#596 = EDGE_CURVE('',#121,#292,#597,.T.);
#597 = SURFACE_CURVE('',#598,(#603,#614),.PCURVE_S1.);
#598 = CIRCLE('',#599,1.9);
#599 = AXIS2_PLACEMENT_3D('',#600,#601,#602);
#600 = CARTESIAN_POINT('',(2.54,0.,9.55));
#601 = DIRECTION('',(0.,0.,-1.));
#602 = DIRECTION('',(1.,0.,0.));
#603 = PCURVE('',#335,#604);
#604 = DEFINITIONAL_REPRESENTATION('',(#605),#613);
#605 = ( BOUNDED_CURVE() B_SPLINE_CURVE(2,(#606,#607,#608,#609,#610,#611
,#612),.UNSPECIFIED.,.T.,.F.) B_SPLINE_CURVE_WITH_KNOTS((1,2,2,2,2,1),(
    -2.094395102393,0.,2.094395102393,4.188790204786,6.28318530718,
8.377580409573),.UNSPECIFIED.) CURVE() GEOMETRIC_REPRESENTATION_ITEM() 
RATIONAL_B_SPLINE_CURVE((1.,0.5,1.,0.5,1.,0.5,1.)) REPRESENTATION_ITEM(
  '') );
#606 = CARTESIAN_POINT('',(1.9,1.110223024625E-15));
#607 = CARTESIAN_POINT('',(1.9,-3.290896534381));
#608 = CARTESIAN_POINT('',(-0.95,-1.64544826719));
#609 = CARTESIAN_POINT('',(-3.8,6.448572409492E-16));
#610 = CARTESIAN_POINT('',(-0.95,1.64544826719));
#611 = CARTESIAN_POINT('',(1.9,3.290896534381));
#612 = CARTESIAN_POINT('',(1.9,1.110223024625E-15));
#613 = ( GEOMETRIC_REPRESENTATION_CONTEXT(2) 
PARAMETRIC_REPRESENTATION_CONTEXT() REPRESENTATION_CONTEXT('2D SPACE',''
  ) );
#614 = PCURVE('',#49,#615);
#615 = DEFINITIONAL_REPRESENTATION('',(#616),#620);
#616 = LINE('',#617,#618);
#617 = CARTESIAN_POINT('',(6.28318530718,0.45));
#618 = VECTOR('',#619,1.);
#619 = DIRECTION('',(1.,0.));
#620 = ( GEOMETRIC_REPRESENTATION_CONTEXT(2) 
PARAMETRIC_REPRESENTATION_CONTEXT() REPRESENTATION_CONTEXT('2D SPACE',''
  ) );
#621 = ORIENTED_EDGE('',*,*,#422,.F.);
#622 = ORIENTED_EDGE('',*,*,#319,.F.);
#623 = ADVANCED_FACE('',(#624),#386,.F.);
#624 = FACE_BOUND('',#625,.T.);
#625 = EDGE_LOOP('',(#626,#627,#628,#629));
#626 = ORIENTED_EDGE('',*,*,#571,.F.);
#627 = ORIENTED_EDGE('',*,*,#370,.F.);
#628 = ORIENTED_EDGE('',*,*,#467,.F.);
#629 = ORIENTED_EDGE('',*,*,#543,.F.);
#630 = ADVANCED_FACE('',(#631),#646,.F.);
#631 = FACE_BOUND('',#632,.T.);
#632 = EDGE_LOOP('',(#633,#673,#701));
#633 = ORIENTED_EDGE('',*,*,#634,.F.);
#634 = EDGE_CURVE('',#635,#637,#639,.T.);
#635 = VERTEX_POINT('',#636);
#636 = CARTESIAN_POINT('',(-2.46,1.9,9.55));
#637 = VERTEX_POINT('',#638);
#638 = CARTESIAN_POINT('',(-2.11,1.867484939698,9.55));
#639 = SURFACE_CURVE('',#640,(#645,#661),.PCURVE_S1.);
#640 = CIRCLE('',#641,1.9);
#641 = AXIS2_PLACEMENT_3D('',#642,#643,#644);
#642 = CARTESIAN_POINT('',(-2.46,-6.540728365557E-16,9.55));
#643 = DIRECTION('',(0.,0.,-1.));
#644 = DIRECTION('',(1.,0.,0.));
#645 = PCURVE('',#646,#651);
#646 = PLANE('',#647);
#647 = AXIS2_PLACEMENT_3D('',#648,#649,#650);
#648 = CARTESIAN_POINT('',(-2.46,-1.110223024625E-15,9.55));
#649 = DIRECTION('',(0.,0.,1.));
#650 = DIRECTION('',(1.,0.,-0.));
#651 = DEFINITIONAL_REPRESENTATION('',(#652),#660);
#652 = ( BOUNDED_CURVE() B_SPLINE_CURVE(2,(#653,#654,#655,#656,#657,#658
,#659),.UNSPECIFIED.,.T.,.F.) B_SPLINE_CURVE_WITH_KNOTS((1,2,2,2,2,1),(
    -2.094395102393,0.,2.094395102393,4.188790204786,6.28318530718,
8.377580409573),.UNSPECIFIED.) CURVE() GEOMETRIC_REPRESENTATION_ITEM() 
RATIONAL_B_SPLINE_CURVE((1.,0.5,1.,0.5,1.,0.5,1.)) REPRESENTATION_ITEM(
  '') );
#653 = CARTESIAN_POINT('',(1.9,4.561501880695E-16));
#654 = CARTESIAN_POINT('',(1.9,-3.290896534381));
#655 = CARTESIAN_POINT('',(-0.95,-1.64544826719));
#656 = CARTESIAN_POINT('',(-3.8,-9.215595606534E-18));
#657 = CARTESIAN_POINT('',(-0.95,1.64544826719));
#658 = CARTESIAN_POINT('',(1.9,3.290896534381));
#659 = CARTESIAN_POINT('',(1.9,4.561501880695E-16));
#660 = ( GEOMETRIC_REPRESENTATION_CONTEXT(2) 
PARAMETRIC_REPRESENTATION_CONTEXT() REPRESENTATION_CONTEXT('2D SPACE',''
  ) );
#661 = PCURVE('',#662,#667);
#662 = CYLINDRICAL_SURFACE('',#663,1.9);
#663 = AXIS2_PLACEMENT_3D('',#664,#665,#666);
#664 = CARTESIAN_POINT('',(-2.46,-6.540728365557E-16,10.));
#665 = DIRECTION('',(0.,0.,-1.));
#666 = DIRECTION('',(1.,0.,0.));
#667 = DEFINITIONAL_REPRESENTATION('',(#668),#672);
#668 = LINE('',#669,#670);
#669 = CARTESIAN_POINT('',(0.,0.45));
#670 = VECTOR('',#671,1.);
#671 = DIRECTION('',(1.,0.));
#672 = ( GEOMETRIC_REPRESENTATION_CONTEXT(2) 
PARAMETRIC_REPRESENTATION_CONTEXT() REPRESENTATION_CONTEXT('2D SPACE',''
  ) );
#673 = ORIENTED_EDGE('',*,*,#674,.F.);
#674 = EDGE_CURVE('',#675,#635,#677,.T.);
#675 = VERTEX_POINT('',#676);
#676 = CARTESIAN_POINT('',(-2.11,1.9,9.55));
#677 = SURFACE_CURVE('',#678,(#682,#689),.PCURVE_S1.);
#678 = LINE('',#679,#680);
#679 = CARTESIAN_POINT('',(-2.11,1.9,9.55));
#680 = VECTOR('',#681,1.);
#681 = DIRECTION('',(-1.,0.,0.));
#682 = PCURVE('',#646,#683);
#683 = DEFINITIONAL_REPRESENTATION('',(#684),#688);
#684 = LINE('',#685,#686);
#685 = CARTESIAN_POINT('',(0.35,1.9));
#686 = VECTOR('',#687,1.);
#687 = DIRECTION('',(-1.,0.));
#688 = ( GEOMETRIC_REPRESENTATION_CONTEXT(2) 
PARAMETRIC_REPRESENTATION_CONTEXT() REPRESENTATION_CONTEXT('2D SPACE',''
  ) );
#689 = PCURVE('',#690,#695);
#690 = PLANE('',#691);
#691 = AXIS2_PLACEMENT_3D('',#692,#693,#694);
#692 = CARTESIAN_POINT('',(-2.81,1.9,9.55));
#693 = DIRECTION('',(0.,1.,0.));
#694 = DIRECTION('',(1.,0.,0.));
#695 = DEFINITIONAL_REPRESENTATION('',(#696),#700);
#696 = LINE('',#697,#698);
#697 = CARTESIAN_POINT('',(0.7,0.));
#698 = VECTOR('',#699,1.);
#699 = DIRECTION('',(-1.,0.));
#700 = ( GEOMETRIC_REPRESENTATION_CONTEXT(2) 
PARAMETRIC_REPRESENTATION_CONTEXT() REPRESENTATION_CONTEXT('2D SPACE',''
  ) );
#701 = ORIENTED_EDGE('',*,*,#702,.F.);
#702 = EDGE_CURVE('',#637,#675,#703,.T.);
#703 = SURFACE_CURVE('',#704,(#708,#715),.PCURVE_S1.);
#704 = LINE('',#705,#706);
#705 = CARTESIAN_POINT('',(-2.11,-1.9,9.55));
#706 = VECTOR('',#707,1.);
#707 = DIRECTION('',(0.,1.,0.));
#708 = PCURVE('',#646,#709);
#709 = DEFINITIONAL_REPRESENTATION('',(#710),#714);
#710 = LINE('',#711,#712);
#711 = CARTESIAN_POINT('',(0.35,-1.9));
#712 = VECTOR('',#713,1.);
#713 = DIRECTION('',(0.,1.));
#714 = ( GEOMETRIC_REPRESENTATION_CONTEXT(2) 
PARAMETRIC_REPRESENTATION_CONTEXT() REPRESENTATION_CONTEXT('2D SPACE',''
  ) );
#715 = PCURVE('',#716,#721);
#716 = PLANE('',#717);
#717 = AXIS2_PLACEMENT_3D('',#718,#719,#720);
#718 = CARTESIAN_POINT('',(-2.11,1.9,9.55));
#719 = DIRECTION('',(1.,0.,0.));
#720 = DIRECTION('',(0.,-1.,0.));
#721 = DEFINITIONAL_REPRESENTATION('',(#722),#726);
#722 = LINE('',#723,#724);
#723 = CARTESIAN_POINT('',(3.8,0.));
#724 = VECTOR('',#725,1.);
#725 = DIRECTION('',(-1.,0.));
#726 = ( GEOMETRIC_REPRESENTATION_CONTEXT(2) 
PARAMETRIC_REPRESENTATION_CONTEXT() REPRESENTATION_CONTEXT('2D SPACE',''
  ) );
#727 = ADVANCED_FACE('',(#728),#743,.F.);
#728 = FACE_BOUND('',#729,.T.);
#729 = EDGE_LOOP('',(#730,#765,#788));
#730 = ORIENTED_EDGE('',*,*,#731,.F.);
#731 = EDGE_CURVE('',#732,#734,#736,.T.);
#732 = VERTEX_POINT('',#733);
#733 = CARTESIAN_POINT('',(-2.11,-1.867484939698,9.55));
#734 = VERTEX_POINT('',#735);
#735 = CARTESIAN_POINT('',(-2.46,-1.9,9.55));
#736 = SURFACE_CURVE('',#737,(#742,#758),.PCURVE_S1.);
#737 = CIRCLE('',#738,1.9);
#738 = AXIS2_PLACEMENT_3D('',#739,#740,#741);
#739 = CARTESIAN_POINT('',(-2.46,-6.540728365557E-16,9.55));
#740 = DIRECTION('',(0.,0.,-1.));
#741 = DIRECTION('',(1.,0.,0.));
#742 = PCURVE('',#743,#748);
#743 = PLANE('',#744);
#744 = AXIS2_PLACEMENT_3D('',#745,#746,#747);
#745 = CARTESIAN_POINT('',(-2.46,-1.110223024625E-15,9.55));
#746 = DIRECTION('',(0.,0.,1.));
#747 = DIRECTION('',(1.,0.,-0.));
#748 = DEFINITIONAL_REPRESENTATION('',(#749),#757);
#749 = ( BOUNDED_CURVE() B_SPLINE_CURVE(2,(#750,#751,#752,#753,#754,#755
,#756),.UNSPECIFIED.,.T.,.F.) B_SPLINE_CURVE_WITH_KNOTS((1,2,2,2,2,1),(
    -2.094395102393,0.,2.094395102393,4.188790204786,6.28318530718,
8.377580409573),.UNSPECIFIED.) CURVE() GEOMETRIC_REPRESENTATION_ITEM() 
RATIONAL_B_SPLINE_CURVE((1.,0.5,1.,0.5,1.,0.5,1.)) REPRESENTATION_ITEM(
  '') );
#750 = CARTESIAN_POINT('',(1.9,4.561501880695E-16));
#751 = CARTESIAN_POINT('',(1.9,-3.290896534381));
#752 = CARTESIAN_POINT('',(-0.95,-1.64544826719));
#753 = CARTESIAN_POINT('',(-3.8,-9.215595606534E-18));
#754 = CARTESIAN_POINT('',(-0.95,1.64544826719));
#755 = CARTESIAN_POINT('',(1.9,3.290896534381));
#756 = CARTESIAN_POINT('',(1.9,4.561501880695E-16));
#757 = ( GEOMETRIC_REPRESENTATION_CONTEXT(2) 
PARAMETRIC_REPRESENTATION_CONTEXT() REPRESENTATION_CONTEXT('2D SPACE',''
  ) );
#758 = PCURVE('',#662,#759);
#759 = DEFINITIONAL_REPRESENTATION('',(#760),#764);
#760 = LINE('',#761,#762);
#761 = CARTESIAN_POINT('',(6.28318530718,0.45));
#762 = VECTOR('',#763,1.);
#763 = DIRECTION('',(1.,0.));
#764 = ( GEOMETRIC_REPRESENTATION_CONTEXT(2) 
PARAMETRIC_REPRESENTATION_CONTEXT() REPRESENTATION_CONTEXT('2D SPACE',''
  ) );
#765 = ORIENTED_EDGE('',*,*,#766,.F.);
#766 = EDGE_CURVE('',#767,#732,#769,.T.);
#767 = VERTEX_POINT('',#768);
#768 = CARTESIAN_POINT('',(-2.11,-1.9,9.55));
#769 = SURFACE_CURVE('',#770,(#774,#781),.PCURVE_S1.);
#770 = LINE('',#771,#772);
#771 = CARTESIAN_POINT('',(-2.11,-1.9,9.55));
#772 = VECTOR('',#773,1.);
#773 = DIRECTION('',(0.,1.,0.));
#774 = PCURVE('',#743,#775);
#775 = DEFINITIONAL_REPRESENTATION('',(#776),#780);
#776 = LINE('',#777,#778);
#777 = CARTESIAN_POINT('',(0.35,-1.9));
#778 = VECTOR('',#779,1.);
#779 = DIRECTION('',(0.,1.));
#780 = ( GEOMETRIC_REPRESENTATION_CONTEXT(2) 
PARAMETRIC_REPRESENTATION_CONTEXT() REPRESENTATION_CONTEXT('2D SPACE',''
  ) );
#781 = PCURVE('',#716,#782);
#782 = DEFINITIONAL_REPRESENTATION('',(#783),#787);
#783 = LINE('',#784,#785);
#784 = CARTESIAN_POINT('',(3.8,0.));
#785 = VECTOR('',#786,1.);
#786 = DIRECTION('',(-1.,0.));
#787 = ( GEOMETRIC_REPRESENTATION_CONTEXT(2) 
PARAMETRIC_REPRESENTATION_CONTEXT() REPRESENTATION_CONTEXT('2D SPACE',''
  ) );
#788 = ORIENTED_EDGE('',*,*,#789,.F.);
#789 = EDGE_CURVE('',#734,#767,#790,.T.);
#790 = SURFACE_CURVE('',#791,(#795,#802),.PCURVE_S1.);
#791 = LINE('',#792,#793);
#792 = CARTESIAN_POINT('',(-2.81,-1.9,9.55));
#793 = VECTOR('',#794,1.);
#794 = DIRECTION('',(1.,0.,0.));
#795 = PCURVE('',#743,#796);
#796 = DEFINITIONAL_REPRESENTATION('',(#797),#801);
#797 = LINE('',#798,#799);
#798 = CARTESIAN_POINT('',(-0.35,-1.9));
#799 = VECTOR('',#800,1.);
#800 = DIRECTION('',(1.,0.));
#801 = ( GEOMETRIC_REPRESENTATION_CONTEXT(2) 
PARAMETRIC_REPRESENTATION_CONTEXT() REPRESENTATION_CONTEXT('2D SPACE',''
  ) );
#802 = PCURVE('',#803,#808);
#803 = PLANE('',#804);
#804 = AXIS2_PLACEMENT_3D('',#805,#806,#807);
#805 = CARTESIAN_POINT('',(-2.11,-1.9,9.55));
#806 = DIRECTION('',(0.,-1.,0.));
#807 = DIRECTION('',(-1.,0.,0.));
#808 = DEFINITIONAL_REPRESENTATION('',(#809),#813);
#809 = LINE('',#810,#811);
#810 = CARTESIAN_POINT('',(0.7,0.));
#811 = VECTOR('',#812,1.);
#812 = DIRECTION('',(-1.,-0.));
#813 = ( GEOMETRIC_REPRESENTATION_CONTEXT(2) 
PARAMETRIC_REPRESENTATION_CONTEXT() REPRESENTATION_CONTEXT('2D SPACE',''
  ) );
#814 = ADVANCED_FACE('',(#815),#828,.F.);
#815 = FACE_BOUND('',#816,.T.);
#816 = EDGE_LOOP('',(#817,#850,#878));
#817 = ORIENTED_EDGE('',*,*,#818,.F.);
#818 = EDGE_CURVE('',#819,#635,#821,.T.);
#819 = VERTEX_POINT('',#820);
#820 = CARTESIAN_POINT('',(-2.81,1.867484939698,9.55));
#821 = SURFACE_CURVE('',#822,(#827,#843),.PCURVE_S1.);
#822 = CIRCLE('',#823,1.9);
#823 = AXIS2_PLACEMENT_3D('',#824,#825,#826);
#824 = CARTESIAN_POINT('',(-2.46,-6.540728365557E-16,9.55));
#825 = DIRECTION('',(0.,0.,-1.));
#826 = DIRECTION('',(1.,0.,0.));
#827 = PCURVE('',#828,#833);
#828 = PLANE('',#829);
#829 = AXIS2_PLACEMENT_3D('',#830,#831,#832);
#830 = CARTESIAN_POINT('',(-2.46,-1.110223024625E-15,9.55));
#831 = DIRECTION('',(0.,0.,1.));
#832 = DIRECTION('',(1.,0.,-0.));
#833 = DEFINITIONAL_REPRESENTATION('',(#834),#842);
#834 = ( BOUNDED_CURVE() B_SPLINE_CURVE(2,(#835,#836,#837,#838,#839,#840
,#841),.UNSPECIFIED.,.T.,.F.) B_SPLINE_CURVE_WITH_KNOTS((1,2,2,2,2,1),(
    -2.094395102393,0.,2.094395102393,4.188790204786,6.28318530718,
8.377580409573),.UNSPECIFIED.) CURVE() GEOMETRIC_REPRESENTATION_ITEM() 
RATIONAL_B_SPLINE_CURVE((1.,0.5,1.,0.5,1.,0.5,1.)) REPRESENTATION_ITEM(
  '') );
#835 = CARTESIAN_POINT('',(1.9,4.561501880695E-16));
#836 = CARTESIAN_POINT('',(1.9,-3.290896534381));
#837 = CARTESIAN_POINT('',(-0.95,-1.64544826719));
#838 = CARTESIAN_POINT('',(-3.8,-9.215595606534E-18));
#839 = CARTESIAN_POINT('',(-0.95,1.64544826719));
#840 = CARTESIAN_POINT('',(1.9,3.290896534381));
#841 = CARTESIAN_POINT('',(1.9,4.561501880695E-16));
#842 = ( GEOMETRIC_REPRESENTATION_CONTEXT(2) 
PARAMETRIC_REPRESENTATION_CONTEXT() REPRESENTATION_CONTEXT('2D SPACE',''
  ) );
#843 = PCURVE('',#662,#844);
#844 = DEFINITIONAL_REPRESENTATION('',(#845),#849);
#845 = LINE('',#846,#847);
#846 = CARTESIAN_POINT('',(0.,0.45));
#847 = VECTOR('',#848,1.);
#848 = DIRECTION('',(1.,0.));
#849 = ( GEOMETRIC_REPRESENTATION_CONTEXT(2) 
PARAMETRIC_REPRESENTATION_CONTEXT() REPRESENTATION_CONTEXT('2D SPACE',''
  ) );
#850 = ORIENTED_EDGE('',*,*,#851,.F.);
#851 = EDGE_CURVE('',#852,#819,#854,.T.);
#852 = VERTEX_POINT('',#853);
#853 = CARTESIAN_POINT('',(-2.81,1.9,9.55));
#854 = SURFACE_CURVE('',#855,(#859,#866),.PCURVE_S1.);
#855 = LINE('',#856,#857);
#856 = CARTESIAN_POINT('',(-2.81,1.9,9.55));
#857 = VECTOR('',#858,1.);
#858 = DIRECTION('',(0.,-1.,0.));
#859 = PCURVE('',#828,#860);
#860 = DEFINITIONAL_REPRESENTATION('',(#861),#865);
#861 = LINE('',#862,#863);
#862 = CARTESIAN_POINT('',(-0.35,1.9));
#863 = VECTOR('',#864,1.);
#864 = DIRECTION('',(0.,-1.));
#865 = ( GEOMETRIC_REPRESENTATION_CONTEXT(2) 
PARAMETRIC_REPRESENTATION_CONTEXT() REPRESENTATION_CONTEXT('2D SPACE',''
  ) );
#866 = PCURVE('',#867,#872);
#867 = PLANE('',#868);
#868 = AXIS2_PLACEMENT_3D('',#869,#870,#871);
#869 = CARTESIAN_POINT('',(-2.81,-1.9,9.55));
#870 = DIRECTION('',(-1.,0.,0.));
#871 = DIRECTION('',(0.,1.,0.));
#872 = DEFINITIONAL_REPRESENTATION('',(#873),#877);
#873 = LINE('',#874,#875);
#874 = CARTESIAN_POINT('',(3.8,0.));
#875 = VECTOR('',#876,1.);
#876 = DIRECTION('',(-1.,0.));
#877 = ( GEOMETRIC_REPRESENTATION_CONTEXT(2) 
PARAMETRIC_REPRESENTATION_CONTEXT() REPRESENTATION_CONTEXT('2D SPACE',''
  ) );
#878 = ORIENTED_EDGE('',*,*,#879,.F.);
#879 = EDGE_CURVE('',#635,#852,#880,.T.);
#880 = SURFACE_CURVE('',#881,(#885,#892),.PCURVE_S1.);
#881 = LINE('',#882,#883);
#882 = CARTESIAN_POINT('',(-2.11,1.9,9.55));
#883 = VECTOR('',#884,1.);
#884 = DIRECTION('',(-1.,0.,0.));
#885 = PCURVE('',#828,#886);
#886 = DEFINITIONAL_REPRESENTATION('',(#887),#891);
#887 = LINE('',#888,#889);
#888 = CARTESIAN_POINT('',(0.35,1.9));
#889 = VECTOR('',#890,1.);
#890 = DIRECTION('',(-1.,0.));
#891 = ( GEOMETRIC_REPRESENTATION_CONTEXT(2) 
PARAMETRIC_REPRESENTATION_CONTEXT() REPRESENTATION_CONTEXT('2D SPACE',''
  ) );
#892 = PCURVE('',#690,#893);
#893 = DEFINITIONAL_REPRESENTATION('',(#894),#898);
#894 = LINE('',#895,#896);
#895 = CARTESIAN_POINT('',(0.7,0.));
#896 = VECTOR('',#897,1.);
#897 = DIRECTION('',(-1.,0.));
#898 = ( GEOMETRIC_REPRESENTATION_CONTEXT(2) 
PARAMETRIC_REPRESENTATION_CONTEXT() REPRESENTATION_CONTEXT('2D SPACE',''
  ) );
#899 = ADVANCED_FACE('',(#900),#690,.F.);
#900 = FACE_BOUND('',#901,.T.);
#901 = EDGE_LOOP('',(#902,#903,#904,#927,#955));
#902 = ORIENTED_EDGE('',*,*,#674,.T.);
#903 = ORIENTED_EDGE('',*,*,#879,.T.);
#904 = ORIENTED_EDGE('',*,*,#905,.T.);
#905 = EDGE_CURVE('',#852,#906,#908,.T.);
#906 = VERTEX_POINT('',#907);
#907 = CARTESIAN_POINT('',(-2.81,1.9,8.55));
#908 = SURFACE_CURVE('',#909,(#913,#920),.PCURVE_S1.);
#909 = LINE('',#910,#911);
#910 = CARTESIAN_POINT('',(-2.81,1.9,9.55));
#911 = VECTOR('',#912,1.);
#912 = DIRECTION('',(0.,0.,-1.));
#913 = PCURVE('',#690,#914);
#914 = DEFINITIONAL_REPRESENTATION('',(#915),#919);
#915 = LINE('',#916,#917);
#916 = CARTESIAN_POINT('',(0.,0.));
#917 = VECTOR('',#918,1.);
#918 = DIRECTION('',(0.,1.));
#919 = ( GEOMETRIC_REPRESENTATION_CONTEXT(2) 
PARAMETRIC_REPRESENTATION_CONTEXT() REPRESENTATION_CONTEXT('2D SPACE',''
  ) );
#920 = PCURVE('',#867,#921);
#921 = DEFINITIONAL_REPRESENTATION('',(#922),#926);
#922 = LINE('',#923,#924);
#923 = CARTESIAN_POINT('',(3.8,0.));
#924 = VECTOR('',#925,1.);
#925 = DIRECTION('',(0.,1.));
#926 = ( GEOMETRIC_REPRESENTATION_CONTEXT(2) 
PARAMETRIC_REPRESENTATION_CONTEXT() REPRESENTATION_CONTEXT('2D SPACE',''
  ) );
#927 = ORIENTED_EDGE('',*,*,#928,.T.);
#928 = EDGE_CURVE('',#906,#929,#931,.T.);
#929 = VERTEX_POINT('',#930);
#930 = CARTESIAN_POINT('',(-2.11,1.9,8.55));
#931 = SURFACE_CURVE('',#932,(#936,#943),.PCURVE_S1.);
#932 = LINE('',#933,#934);
#933 = CARTESIAN_POINT('',(-2.11,1.9,8.55));
#934 = VECTOR('',#935,1.);
#935 = DIRECTION('',(1.,0.,0.));
#936 = PCURVE('',#690,#937);
#937 = DEFINITIONAL_REPRESENTATION('',(#938),#942);
#938 = LINE('',#939,#940);
#939 = CARTESIAN_POINT('',(0.7,1.));
#940 = VECTOR('',#941,1.);
#941 = DIRECTION('',(1.,0.));
#942 = ( GEOMETRIC_REPRESENTATION_CONTEXT(2) 
PARAMETRIC_REPRESENTATION_CONTEXT() REPRESENTATION_CONTEXT('2D SPACE',''
  ) );
#943 = PCURVE('',#944,#949);
#944 = PLANE('',#945);
#945 = AXIS2_PLACEMENT_3D('',#946,#947,#948);
#946 = CARTESIAN_POINT('',(-2.46,-1.110223024625E-15,8.55));
#947 = DIRECTION('',(0.,0.,-1.));
#948 = DIRECTION('',(-1.,0.,0.));
#949 = DEFINITIONAL_REPRESENTATION('',(#950),#954);
#950 = LINE('',#951,#952);
#951 = CARTESIAN_POINT('',(-0.35,1.9));
#952 = VECTOR('',#953,1.);
#953 = DIRECTION('',(-1.,0.));
#954 = ( GEOMETRIC_REPRESENTATION_CONTEXT(2) 
PARAMETRIC_REPRESENTATION_CONTEXT() REPRESENTATION_CONTEXT('2D SPACE',''
  ) );
#955 = ORIENTED_EDGE('',*,*,#956,.F.);
#956 = EDGE_CURVE('',#675,#929,#957,.T.);
#957 = SURFACE_CURVE('',#958,(#962,#969),.PCURVE_S1.);
#958 = LINE('',#959,#960);
#959 = CARTESIAN_POINT('',(-2.11,1.9,9.55));
#960 = VECTOR('',#961,1.);
#961 = DIRECTION('',(0.,0.,-1.));
#962 = PCURVE('',#690,#963);
#963 = DEFINITIONAL_REPRESENTATION('',(#964),#968);
#964 = LINE('',#965,#966);
#965 = CARTESIAN_POINT('',(0.7,0.));
#966 = VECTOR('',#967,1.);
#967 = DIRECTION('',(0.,1.));
#968 = ( GEOMETRIC_REPRESENTATION_CONTEXT(2) 
PARAMETRIC_REPRESENTATION_CONTEXT() REPRESENTATION_CONTEXT('2D SPACE',''
  ) );
#969 = PCURVE('',#716,#970);
#970 = DEFINITIONAL_REPRESENTATION('',(#971),#975);
#971 = LINE('',#972,#973);
#972 = CARTESIAN_POINT('',(0.,0.));
#973 = VECTOR('',#974,1.);
#974 = DIRECTION('',(0.,1.));
#975 = ( GEOMETRIC_REPRESENTATION_CONTEXT(2) 
PARAMETRIC_REPRESENTATION_CONTEXT() REPRESENTATION_CONTEXT('2D SPACE',''
  ) );
#976 = ADVANCED_FACE('',(#977),#867,.F.);
#977 = FACE_BOUND('',#978,.T.);
#978 = EDGE_LOOP('',(#979,#980,#1008,#1036,#1059,#1080));
#979 = ORIENTED_EDGE('',*,*,#851,.T.);
#980 = ORIENTED_EDGE('',*,*,#981,.F.);
#981 = EDGE_CURVE('',#982,#819,#984,.T.);
#982 = VERTEX_POINT('',#983);
#983 = CARTESIAN_POINT('',(-2.81,-1.867484939698,9.55));
#984 = SURFACE_CURVE('',#985,(#989,#996),.PCURVE_S1.);
#985 = LINE('',#986,#987);
#986 = CARTESIAN_POINT('',(-2.81,-0.95,9.55));
#987 = VECTOR('',#988,1.);
#988 = DIRECTION('',(0.,1.,0.));
#989 = PCURVE('',#867,#990);
#990 = DEFINITIONAL_REPRESENTATION('',(#991),#995);
#991 = LINE('',#992,#993);
#992 = CARTESIAN_POINT('',(0.95,0.));
#993 = VECTOR('',#994,1.);
#994 = DIRECTION('',(1.,0.));
#995 = ( GEOMETRIC_REPRESENTATION_CONTEXT(2) 
PARAMETRIC_REPRESENTATION_CONTEXT() REPRESENTATION_CONTEXT('2D SPACE',''
  ) );
#996 = PCURVE('',#997,#1002);
#997 = PLANE('',#998);
#998 = AXIS2_PLACEMENT_3D('',#999,#1000,#1001);
#999 = CARTESIAN_POINT('',(-2.46,-5.551115123126E-16,9.55));
#1000 = DIRECTION('',(0.,0.,1.));
#1001 = DIRECTION('',(1.,0.,-0.));
#1002 = DEFINITIONAL_REPRESENTATION('',(#1003),#1007);
#1003 = LINE('',#1004,#1005);
#1004 = CARTESIAN_POINT('',(-0.35,-0.95));
#1005 = VECTOR('',#1006,1.);
#1006 = DIRECTION('',(0.,1.));
#1007 = ( GEOMETRIC_REPRESENTATION_CONTEXT(2) 
PARAMETRIC_REPRESENTATION_CONTEXT() REPRESENTATION_CONTEXT('2D SPACE',''
  ) );
#1008 = ORIENTED_EDGE('',*,*,#1009,.T.);
#1009 = EDGE_CURVE('',#982,#1010,#1012,.T.);
#1010 = VERTEX_POINT('',#1011);
#1011 = CARTESIAN_POINT('',(-2.81,-1.9,9.55));
#1012 = SURFACE_CURVE('',#1013,(#1017,#1024),.PCURVE_S1.);
#1013 = LINE('',#1014,#1015);
#1014 = CARTESIAN_POINT('',(-2.81,1.9,9.55));
#1015 = VECTOR('',#1016,1.);
#1016 = DIRECTION('',(0.,-1.,0.));
#1017 = PCURVE('',#867,#1018);
#1018 = DEFINITIONAL_REPRESENTATION('',(#1019),#1023);
#1019 = LINE('',#1020,#1021);
#1020 = CARTESIAN_POINT('',(3.8,0.));
#1021 = VECTOR('',#1022,1.);
#1022 = DIRECTION('',(-1.,0.));
#1023 = ( GEOMETRIC_REPRESENTATION_CONTEXT(2) 
PARAMETRIC_REPRESENTATION_CONTEXT() REPRESENTATION_CONTEXT('2D SPACE',''
  ) );
#1024 = PCURVE('',#1025,#1030);
#1025 = PLANE('',#1026);
#1026 = AXIS2_PLACEMENT_3D('',#1027,#1028,#1029);
#1027 = CARTESIAN_POINT('',(-2.46,-1.110223024625E-15,9.55));
#1028 = DIRECTION('',(0.,0.,1.));
#1029 = DIRECTION('',(1.,0.,-0.));
#1030 = DEFINITIONAL_REPRESENTATION('',(#1031),#1035);
#1031 = LINE('',#1032,#1033);
#1032 = CARTESIAN_POINT('',(-0.35,1.9));
#1033 = VECTOR('',#1034,1.);
#1034 = DIRECTION('',(0.,-1.));
#1035 = ( GEOMETRIC_REPRESENTATION_CONTEXT(2) 
PARAMETRIC_REPRESENTATION_CONTEXT() REPRESENTATION_CONTEXT('2D SPACE',''
  ) );
#1036 = ORIENTED_EDGE('',*,*,#1037,.T.);
#1037 = EDGE_CURVE('',#1010,#1038,#1040,.T.);
#1038 = VERTEX_POINT('',#1039);
#1039 = CARTESIAN_POINT('',(-2.81,-1.9,8.55));
#1040 = SURFACE_CURVE('',#1041,(#1045,#1052),.PCURVE_S1.);
#1041 = LINE('',#1042,#1043);
#1042 = CARTESIAN_POINT('',(-2.81,-1.9,9.55));
#1043 = VECTOR('',#1044,1.);
#1044 = DIRECTION('',(0.,0.,-1.));
#1045 = PCURVE('',#867,#1046);
#1046 = DEFINITIONAL_REPRESENTATION('',(#1047),#1051);
#1047 = LINE('',#1048,#1049);
#1048 = CARTESIAN_POINT('',(0.,0.));
#1049 = VECTOR('',#1050,1.);
#1050 = DIRECTION('',(0.,1.));
#1051 = ( GEOMETRIC_REPRESENTATION_CONTEXT(2) 
PARAMETRIC_REPRESENTATION_CONTEXT() REPRESENTATION_CONTEXT('2D SPACE',''
  ) );
#1052 = PCURVE('',#803,#1053);
#1053 = DEFINITIONAL_REPRESENTATION('',(#1054),#1058);
#1054 = LINE('',#1055,#1056);
#1055 = CARTESIAN_POINT('',(0.7,0.));
#1056 = VECTOR('',#1057,1.);
#1057 = DIRECTION('',(0.,1.));
#1058 = ( GEOMETRIC_REPRESENTATION_CONTEXT(2) 
PARAMETRIC_REPRESENTATION_CONTEXT() REPRESENTATION_CONTEXT('2D SPACE',''
  ) );
#1059 = ORIENTED_EDGE('',*,*,#1060,.T.);
#1060 = EDGE_CURVE('',#1038,#906,#1061,.T.);
#1061 = SURFACE_CURVE('',#1062,(#1066,#1073),.PCURVE_S1.);
#1062 = LINE('',#1063,#1064);
#1063 = CARTESIAN_POINT('',(-2.81,1.9,8.55));
#1064 = VECTOR('',#1065,1.);
#1065 = DIRECTION('',(0.,1.,0.));
#1066 = PCURVE('',#867,#1067);
#1067 = DEFINITIONAL_REPRESENTATION('',(#1068),#1072);
#1068 = LINE('',#1069,#1070);
#1069 = CARTESIAN_POINT('',(3.8,1.));
#1070 = VECTOR('',#1071,1.);
#1071 = DIRECTION('',(1.,0.));
#1072 = ( GEOMETRIC_REPRESENTATION_CONTEXT(2) 
PARAMETRIC_REPRESENTATION_CONTEXT() REPRESENTATION_CONTEXT('2D SPACE',''
  ) );
#1073 = PCURVE('',#944,#1074);
#1074 = DEFINITIONAL_REPRESENTATION('',(#1075),#1079);
#1075 = LINE('',#1076,#1077);
#1076 = CARTESIAN_POINT('',(0.35,1.9));
#1077 = VECTOR('',#1078,1.);
#1078 = DIRECTION('',(0.,1.));
#1079 = ( GEOMETRIC_REPRESENTATION_CONTEXT(2) 
PARAMETRIC_REPRESENTATION_CONTEXT() REPRESENTATION_CONTEXT('2D SPACE',''
  ) );
#1080 = ORIENTED_EDGE('',*,*,#905,.F.);
#1081 = ADVANCED_FACE('',(#1082),#803,.F.);
#1082 = FACE_BOUND('',#1083,.T.);
#1083 = EDGE_LOOP('',(#1084,#1105,#1106,#1129,#1150));
#1084 = ORIENTED_EDGE('',*,*,#1085,.T.);
#1085 = EDGE_CURVE('',#1010,#734,#1086,.T.);
#1086 = SURFACE_CURVE('',#1087,(#1091,#1098),.PCURVE_S1.);
#1087 = LINE('',#1088,#1089);
#1088 = CARTESIAN_POINT('',(-2.81,-1.9,9.55));
#1089 = VECTOR('',#1090,1.);
#1090 = DIRECTION('',(1.,0.,0.));
#1091 = PCURVE('',#803,#1092);
#1092 = DEFINITIONAL_REPRESENTATION('',(#1093),#1097);
#1093 = LINE('',#1094,#1095);
#1094 = CARTESIAN_POINT('',(0.7,0.));
#1095 = VECTOR('',#1096,1.);
#1096 = DIRECTION('',(-1.,-0.));
#1097 = ( GEOMETRIC_REPRESENTATION_CONTEXT(2) 
PARAMETRIC_REPRESENTATION_CONTEXT() REPRESENTATION_CONTEXT('2D SPACE',''
  ) );
#1098 = PCURVE('',#1025,#1099);
#1099 = DEFINITIONAL_REPRESENTATION('',(#1100),#1104);
#1100 = LINE('',#1101,#1102);
#1101 = CARTESIAN_POINT('',(-0.35,-1.9));
#1102 = VECTOR('',#1103,1.);
#1103 = DIRECTION('',(1.,0.));
#1104 = ( GEOMETRIC_REPRESENTATION_CONTEXT(2) 
PARAMETRIC_REPRESENTATION_CONTEXT() REPRESENTATION_CONTEXT('2D SPACE',''
  ) );
#1105 = ORIENTED_EDGE('',*,*,#789,.T.);
#1106 = ORIENTED_EDGE('',*,*,#1107,.T.);
#1107 = EDGE_CURVE('',#767,#1108,#1110,.T.);
#1108 = VERTEX_POINT('',#1109);
#1109 = CARTESIAN_POINT('',(-2.11,-1.9,8.55));
#1110 = SURFACE_CURVE('',#1111,(#1115,#1122),.PCURVE_S1.);
#1111 = LINE('',#1112,#1113);
#1112 = CARTESIAN_POINT('',(-2.11,-1.9,9.55));
#1113 = VECTOR('',#1114,1.);
#1114 = DIRECTION('',(0.,0.,-1.));
#1115 = PCURVE('',#803,#1116);
#1116 = DEFINITIONAL_REPRESENTATION('',(#1117),#1121);
#1117 = LINE('',#1118,#1119);
#1118 = CARTESIAN_POINT('',(0.,-0.));
#1119 = VECTOR('',#1120,1.);
#1120 = DIRECTION('',(0.,1.));
#1121 = ( GEOMETRIC_REPRESENTATION_CONTEXT(2) 
PARAMETRIC_REPRESENTATION_CONTEXT() REPRESENTATION_CONTEXT('2D SPACE',''
  ) );
#1122 = PCURVE('',#716,#1123);
#1123 = DEFINITIONAL_REPRESENTATION('',(#1124),#1128);
#1124 = LINE('',#1125,#1126);
#1125 = CARTESIAN_POINT('',(3.8,0.));
#1126 = VECTOR('',#1127,1.);
#1127 = DIRECTION('',(0.,1.));
#1128 = ( GEOMETRIC_REPRESENTATION_CONTEXT(2) 
PARAMETRIC_REPRESENTATION_CONTEXT() REPRESENTATION_CONTEXT('2D SPACE',''
  ) );
#1129 = ORIENTED_EDGE('',*,*,#1130,.T.);
#1130 = EDGE_CURVE('',#1108,#1038,#1131,.T.);
#1131 = SURFACE_CURVE('',#1132,(#1136,#1143),.PCURVE_S1.);
#1132 = LINE('',#1133,#1134);
#1133 = CARTESIAN_POINT('',(-2.81,-1.9,8.55));
#1134 = VECTOR('',#1135,1.);
#1135 = DIRECTION('',(-1.,0.,0.));
#1136 = PCURVE('',#803,#1137);
#1137 = DEFINITIONAL_REPRESENTATION('',(#1138),#1142);
#1138 = LINE('',#1139,#1140);
#1139 = CARTESIAN_POINT('',(0.7,1.));
#1140 = VECTOR('',#1141,1.);
#1141 = DIRECTION('',(1.,0.));
#1142 = ( GEOMETRIC_REPRESENTATION_CONTEXT(2) 
PARAMETRIC_REPRESENTATION_CONTEXT() REPRESENTATION_CONTEXT('2D SPACE',''
  ) );
#1143 = PCURVE('',#944,#1144);
#1144 = DEFINITIONAL_REPRESENTATION('',(#1145),#1149);
#1145 = LINE('',#1146,#1147);
#1146 = CARTESIAN_POINT('',(0.35,-1.9));
#1147 = VECTOR('',#1148,1.);
#1148 = DIRECTION('',(1.,0.));
#1149 = ( GEOMETRIC_REPRESENTATION_CONTEXT(2) 
PARAMETRIC_REPRESENTATION_CONTEXT() REPRESENTATION_CONTEXT('2D SPACE',''
  ) );
#1150 = ORIENTED_EDGE('',*,*,#1037,.F.);
#1151 = ADVANCED_FACE('',(#1152),#716,.F.);
#1152 = FACE_BOUND('',#1153,.T.);
#1153 = EDGE_LOOP('',(#1154,#1155,#1181,#1182,#1183,#1204));
#1154 = ORIENTED_EDGE('',*,*,#766,.T.);
#1155 = ORIENTED_EDGE('',*,*,#1156,.F.);
#1156 = EDGE_CURVE('',#637,#732,#1157,.T.);
#1157 = SURFACE_CURVE('',#1158,(#1162,#1169),.PCURVE_S1.);
#1158 = LINE('',#1159,#1160);
#1159 = CARTESIAN_POINT('',(-2.11,0.95,9.55));
#1160 = VECTOR('',#1161,1.);
#1161 = DIRECTION('',(0.,-1.,0.));
#1162 = PCURVE('',#716,#1163);
#1163 = DEFINITIONAL_REPRESENTATION('',(#1164),#1168);
#1164 = LINE('',#1165,#1166);
#1165 = CARTESIAN_POINT('',(0.95,0.));
#1166 = VECTOR('',#1167,1.);
#1167 = DIRECTION('',(1.,0.));
#1168 = ( GEOMETRIC_REPRESENTATION_CONTEXT(2) 
PARAMETRIC_REPRESENTATION_CONTEXT() REPRESENTATION_CONTEXT('2D SPACE',''
  ) );
#1169 = PCURVE('',#1170,#1175);
#1170 = PLANE('',#1171);
#1171 = AXIS2_PLACEMENT_3D('',#1172,#1173,#1174);
#1172 = CARTESIAN_POINT('',(-2.46,-5.551115123126E-16,9.55));
#1173 = DIRECTION('',(0.,0.,1.));
#1174 = DIRECTION('',(1.,0.,-0.));
#1175 = DEFINITIONAL_REPRESENTATION('',(#1176),#1180);
#1176 = LINE('',#1177,#1178);
#1177 = CARTESIAN_POINT('',(0.35,0.95));
#1178 = VECTOR('',#1179,1.);
#1179 = DIRECTION('',(0.,-1.));
#1180 = ( GEOMETRIC_REPRESENTATION_CONTEXT(2) 
PARAMETRIC_REPRESENTATION_CONTEXT() REPRESENTATION_CONTEXT('2D SPACE',''
  ) );
#1181 = ORIENTED_EDGE('',*,*,#702,.T.);
#1182 = ORIENTED_EDGE('',*,*,#956,.T.);
#1183 = ORIENTED_EDGE('',*,*,#1184,.T.);
#1184 = EDGE_CURVE('',#929,#1108,#1185,.T.);
#1185 = SURFACE_CURVE('',#1186,(#1190,#1197),.PCURVE_S1.);
#1186 = LINE('',#1187,#1188);
#1187 = CARTESIAN_POINT('',(-2.11,-1.9,8.55));
#1188 = VECTOR('',#1189,1.);
#1189 = DIRECTION('',(0.,-1.,0.));
#1190 = PCURVE('',#716,#1191);
#1191 = DEFINITIONAL_REPRESENTATION('',(#1192),#1196);
#1192 = LINE('',#1193,#1194);
#1193 = CARTESIAN_POINT('',(3.8,1.));
#1194 = VECTOR('',#1195,1.);
#1195 = DIRECTION('',(1.,0.));
#1196 = ( GEOMETRIC_REPRESENTATION_CONTEXT(2) 
PARAMETRIC_REPRESENTATION_CONTEXT() REPRESENTATION_CONTEXT('2D SPACE',''
  ) );
#1197 = PCURVE('',#944,#1198);
#1198 = DEFINITIONAL_REPRESENTATION('',(#1199),#1203);
#1199 = LINE('',#1200,#1201);
#1200 = CARTESIAN_POINT('',(-0.35,-1.9));
#1201 = VECTOR('',#1202,1.);
#1202 = DIRECTION('',(0.,-1.));
#1203 = ( GEOMETRIC_REPRESENTATION_CONTEXT(2) 
PARAMETRIC_REPRESENTATION_CONTEXT() REPRESENTATION_CONTEXT('2D SPACE',''
  ) );
#1204 = ORIENTED_EDGE('',*,*,#1107,.F.);
#1205 = ADVANCED_FACE('',(#1206),#1025,.F.);
#1206 = FACE_BOUND('',#1207,.T.);
#1207 = EDGE_LOOP('',(#1208,#1234,#1235));
#1208 = ORIENTED_EDGE('',*,*,#1209,.F.);
#1209 = EDGE_CURVE('',#734,#982,#1210,.T.);
#1210 = SURFACE_CURVE('',#1211,(#1216,#1227),.PCURVE_S1.);
#1211 = CIRCLE('',#1212,1.9);
#1212 = AXIS2_PLACEMENT_3D('',#1213,#1214,#1215);
#1213 = CARTESIAN_POINT('',(-2.46,-6.540728365557E-16,9.55));
#1214 = DIRECTION('',(0.,0.,-1.));
#1215 = DIRECTION('',(1.,0.,0.));
#1216 = PCURVE('',#1025,#1217);
#1217 = DEFINITIONAL_REPRESENTATION('',(#1218),#1226);
#1218 = ( BOUNDED_CURVE() B_SPLINE_CURVE(2,(#1219,#1220,#1221,#1222,
#1223,#1224,#1225),.UNSPECIFIED.,.T.,.F.) B_SPLINE_CURVE_WITH_KNOTS((1,2
    ,2,2,2,1),(-2.094395102393,0.,2.094395102393,4.188790204786,
6.28318530718,8.377580409573),.UNSPECIFIED.) CURVE() 
GEOMETRIC_REPRESENTATION_ITEM() RATIONAL_B_SPLINE_CURVE((1.,0.5,1.,0.5,
1.,0.5,1.)) REPRESENTATION_ITEM('') );
#1219 = CARTESIAN_POINT('',(1.9,4.561501880695E-16));
#1220 = CARTESIAN_POINT('',(1.9,-3.290896534381));
#1221 = CARTESIAN_POINT('',(-0.95,-1.64544826719));
#1222 = CARTESIAN_POINT('',(-3.8,-9.215595606534E-18));
#1223 = CARTESIAN_POINT('',(-0.95,1.64544826719));
#1224 = CARTESIAN_POINT('',(1.9,3.290896534381));
#1225 = CARTESIAN_POINT('',(1.9,4.561501880695E-16));
#1226 = ( GEOMETRIC_REPRESENTATION_CONTEXT(2) 
PARAMETRIC_REPRESENTATION_CONTEXT() REPRESENTATION_CONTEXT('2D SPACE',''
  ) );
#1227 = PCURVE('',#662,#1228);
#1228 = DEFINITIONAL_REPRESENTATION('',(#1229),#1233);
#1229 = LINE('',#1230,#1231);
#1230 = CARTESIAN_POINT('',(6.28318530718,0.45));
#1231 = VECTOR('',#1232,1.);
#1232 = DIRECTION('',(1.,0.));
#1233 = ( GEOMETRIC_REPRESENTATION_CONTEXT(2) 
PARAMETRIC_REPRESENTATION_CONTEXT() REPRESENTATION_CONTEXT('2D SPACE',''
  ) );
#1234 = ORIENTED_EDGE('',*,*,#1085,.F.);
#1235 = ORIENTED_EDGE('',*,*,#1009,.F.);
#1236 = ADVANCED_FACE('',(#1237),#944,.F.);
#1237 = FACE_BOUND('',#1238,.T.);
#1238 = EDGE_LOOP('',(#1239,#1240,#1241,#1242));
#1239 = ORIENTED_EDGE('',*,*,#1184,.F.);
#1240 = ORIENTED_EDGE('',*,*,#928,.F.);
#1241 = ORIENTED_EDGE('',*,*,#1060,.F.);
#1242 = ORIENTED_EDGE('',*,*,#1130,.F.);
#1243 = ADVANCED_FACE('',(#1244),#1259,.F.);
#1244 = FACE_BOUND('',#1245,.T.);
#1245 = EDGE_LOOP('',(#1246,#1286,#1314));
#1246 = ORIENTED_EDGE('',*,*,#1247,.F.);
#1247 = EDGE_CURVE('',#1248,#1250,#1252,.T.);
#1248 = VERTEX_POINT('',#1249);
#1249 = CARTESIAN_POINT('',(7.54,1.9,9.55));
#1250 = VERTEX_POINT('',#1251);
#1251 = CARTESIAN_POINT('',(7.89,1.867484939698,9.55));
#1252 = SURFACE_CURVE('',#1253,(#1258,#1274),.PCURVE_S1.);
#1253 = CIRCLE('',#1254,1.9);
#1254 = AXIS2_PLACEMENT_3D('',#1255,#1256,#1257);
#1255 = CARTESIAN_POINT('',(7.54,0.,9.55));
#1256 = DIRECTION('',(0.,0.,-1.));
#1257 = DIRECTION('',(1.,0.,0.));
#1258 = PCURVE('',#1259,#1264);
#1259 = PLANE('',#1260);
#1260 = AXIS2_PLACEMENT_3D('',#1261,#1262,#1263);
#1261 = CARTESIAN_POINT('',(7.54,0.,9.55));
#1262 = DIRECTION('',(0.,0.,1.));
#1263 = DIRECTION('',(1.,0.,-0.));
#1264 = DEFINITIONAL_REPRESENTATION('',(#1265),#1273);
#1265 = ( BOUNDED_CURVE() B_SPLINE_CURVE(2,(#1266,#1267,#1268,#1269,
#1270,#1271,#1272),.UNSPECIFIED.,.T.,.F.) B_SPLINE_CURVE_WITH_KNOTS((1,2
    ,2,2,2,1),(-2.094395102393,0.,2.094395102393,4.188790204786,
6.28318530718,8.377580409573),.UNSPECIFIED.) CURVE() 
GEOMETRIC_REPRESENTATION_ITEM() RATIONAL_B_SPLINE_CURVE((1.,0.5,1.,0.5,
1.,0.5,1.)) REPRESENTATION_ITEM('') );
#1266 = CARTESIAN_POINT('',(1.9,0.));
#1267 = CARTESIAN_POINT('',(1.9,-3.290896534381));
#1268 = CARTESIAN_POINT('',(-0.95,-1.64544826719));
#1269 = CARTESIAN_POINT('',(-3.8,-4.65365783676E-16));
#1270 = CARTESIAN_POINT('',(-0.95,1.64544826719));
#1271 = CARTESIAN_POINT('',(1.9,3.290896534381));
#1272 = CARTESIAN_POINT('',(1.9,0.));
#1273 = ( GEOMETRIC_REPRESENTATION_CONTEXT(2) 
PARAMETRIC_REPRESENTATION_CONTEXT() REPRESENTATION_CONTEXT('2D SPACE',''
  ) );
#1274 = PCURVE('',#1275,#1280);
#1275 = CYLINDRICAL_SURFACE('',#1276,1.9);
#1276 = AXIS2_PLACEMENT_3D('',#1277,#1278,#1279);
#1277 = CARTESIAN_POINT('',(7.54,0.,10.));
#1278 = DIRECTION('',(0.,0.,-1.));
#1279 = DIRECTION('',(1.,0.,0.));
#1280 = DEFINITIONAL_REPRESENTATION('',(#1281),#1285);
#1281 = LINE('',#1282,#1283);
#1282 = CARTESIAN_POINT('',(0.,0.45));
#1283 = VECTOR('',#1284,1.);
#1284 = DIRECTION('',(1.,0.));
#1285 = ( GEOMETRIC_REPRESENTATION_CONTEXT(2) 
PARAMETRIC_REPRESENTATION_CONTEXT() REPRESENTATION_CONTEXT('2D SPACE',''
  ) );
#1286 = ORIENTED_EDGE('',*,*,#1287,.F.);
#1287 = EDGE_CURVE('',#1288,#1248,#1290,.T.);
#1288 = VERTEX_POINT('',#1289);
#1289 = CARTESIAN_POINT('',(7.89,1.9,9.55));
#1290 = SURFACE_CURVE('',#1291,(#1295,#1302),.PCURVE_S1.);
#1291 = LINE('',#1292,#1293);
#1292 = CARTESIAN_POINT('',(7.89,1.9,9.55));
#1293 = VECTOR('',#1294,1.);
#1294 = DIRECTION('',(-1.,0.,0.));
#1295 = PCURVE('',#1259,#1296);
#1296 = DEFINITIONAL_REPRESENTATION('',(#1297),#1301);
#1297 = LINE('',#1298,#1299);
#1298 = CARTESIAN_POINT('',(0.35,1.9));
#1299 = VECTOR('',#1300,1.);
#1300 = DIRECTION('',(-1.,0.));
#1301 = ( GEOMETRIC_REPRESENTATION_CONTEXT(2) 
PARAMETRIC_REPRESENTATION_CONTEXT() REPRESENTATION_CONTEXT('2D SPACE',''
  ) );
#1302 = PCURVE('',#1303,#1308);
#1303 = PLANE('',#1304);
#1304 = AXIS2_PLACEMENT_3D('',#1305,#1306,#1307);
#1305 = CARTESIAN_POINT('',(7.19,1.9,9.55));
#1306 = DIRECTION('',(0.,1.,0.));
#1307 = DIRECTION('',(1.,0.,0.));
#1308 = DEFINITIONAL_REPRESENTATION('',(#1309),#1313);
#1309 = LINE('',#1310,#1311);
#1310 = CARTESIAN_POINT('',(0.7,0.));
#1311 = VECTOR('',#1312,1.);
#1312 = DIRECTION('',(-1.,0.));
#1313 = ( GEOMETRIC_REPRESENTATION_CONTEXT(2) 
PARAMETRIC_REPRESENTATION_CONTEXT() REPRESENTATION_CONTEXT('2D SPACE',''
  ) );
#1314 = ORIENTED_EDGE('',*,*,#1315,.F.);
#1315 = EDGE_CURVE('',#1250,#1288,#1316,.T.);
#1316 = SURFACE_CURVE('',#1317,(#1321,#1328),.PCURVE_S1.);
#1317 = LINE('',#1318,#1319);
#1318 = CARTESIAN_POINT('',(7.89,-1.9,9.55));
#1319 = VECTOR('',#1320,1.);
#1320 = DIRECTION('',(0.,1.,0.));
#1321 = PCURVE('',#1259,#1322);
#1322 = DEFINITIONAL_REPRESENTATION('',(#1323),#1327);
#1323 = LINE('',#1324,#1325);
#1324 = CARTESIAN_POINT('',(0.35,-1.9));
#1325 = VECTOR('',#1326,1.);
#1326 = DIRECTION('',(0.,1.));
#1327 = ( GEOMETRIC_REPRESENTATION_CONTEXT(2) 
PARAMETRIC_REPRESENTATION_CONTEXT() REPRESENTATION_CONTEXT('2D SPACE',''
  ) );
#1328 = PCURVE('',#1329,#1334);
#1329 = PLANE('',#1330);
#1330 = AXIS2_PLACEMENT_3D('',#1331,#1332,#1333);
#1331 = CARTESIAN_POINT('',(7.89,1.9,9.55));
#1332 = DIRECTION('',(1.,0.,0.));
#1333 = DIRECTION('',(0.,-1.,0.));
#1334 = DEFINITIONAL_REPRESENTATION('',(#1335),#1339);
#1335 = LINE('',#1336,#1337);
#1336 = CARTESIAN_POINT('',(3.8,0.));
#1337 = VECTOR('',#1338,1.);
#1338 = DIRECTION('',(-1.,0.));
#1339 = ( GEOMETRIC_REPRESENTATION_CONTEXT(2) 
PARAMETRIC_REPRESENTATION_CONTEXT() REPRESENTATION_CONTEXT('2D SPACE',''
  ) );
#1340 = ADVANCED_FACE('',(#1341),#1356,.F.);
#1341 = FACE_BOUND('',#1342,.T.);
#1342 = EDGE_LOOP('',(#1343,#1378,#1401));
#1343 = ORIENTED_EDGE('',*,*,#1344,.F.);
#1344 = EDGE_CURVE('',#1345,#1347,#1349,.T.);
#1345 = VERTEX_POINT('',#1346);
#1346 = CARTESIAN_POINT('',(7.89,-1.867484939698,9.55));
#1347 = VERTEX_POINT('',#1348);
#1348 = CARTESIAN_POINT('',(7.54,-1.9,9.55));
#1349 = SURFACE_CURVE('',#1350,(#1355,#1371),.PCURVE_S1.);
#1350 = CIRCLE('',#1351,1.9);
#1351 = AXIS2_PLACEMENT_3D('',#1352,#1353,#1354);
#1352 = CARTESIAN_POINT('',(7.54,0.,9.55));
#1353 = DIRECTION('',(0.,0.,-1.));
#1354 = DIRECTION('',(1.,0.,0.));
#1355 = PCURVE('',#1356,#1361);
#1356 = PLANE('',#1357);
#1357 = AXIS2_PLACEMENT_3D('',#1358,#1359,#1360);
#1358 = CARTESIAN_POINT('',(7.54,0.,9.55));
#1359 = DIRECTION('',(0.,0.,1.));
#1360 = DIRECTION('',(1.,0.,-0.));
#1361 = DEFINITIONAL_REPRESENTATION('',(#1362),#1370);
#1362 = ( BOUNDED_CURVE() B_SPLINE_CURVE(2,(#1363,#1364,#1365,#1366,
#1367,#1368,#1369),.UNSPECIFIED.,.T.,.F.) B_SPLINE_CURVE_WITH_KNOTS((1,2
    ,2,2,2,1),(-2.094395102393,0.,2.094395102393,4.188790204786,
6.28318530718,8.377580409573),.UNSPECIFIED.) CURVE() 
GEOMETRIC_REPRESENTATION_ITEM() RATIONAL_B_SPLINE_CURVE((1.,0.5,1.,0.5,
1.,0.5,1.)) REPRESENTATION_ITEM('') );
#1363 = CARTESIAN_POINT('',(1.9,0.));
#1364 = CARTESIAN_POINT('',(1.9,-3.290896534381));
#1365 = CARTESIAN_POINT('',(-0.95,-1.64544826719));
#1366 = CARTESIAN_POINT('',(-3.8,-4.65365783676E-16));
#1367 = CARTESIAN_POINT('',(-0.95,1.64544826719));
#1368 = CARTESIAN_POINT('',(1.9,3.290896534381));
#1369 = CARTESIAN_POINT('',(1.9,0.));
#1370 = ( GEOMETRIC_REPRESENTATION_CONTEXT(2) 
PARAMETRIC_REPRESENTATION_CONTEXT() REPRESENTATION_CONTEXT('2D SPACE',''
  ) );
#1371 = PCURVE('',#1275,#1372);
#1372 = DEFINITIONAL_REPRESENTATION('',(#1373),#1377);
#1373 = LINE('',#1374,#1375);
#1374 = CARTESIAN_POINT('',(6.28318530718,0.45));
#1375 = VECTOR('',#1376,1.);
#1376 = DIRECTION('',(1.,0.));
#1377 = ( GEOMETRIC_REPRESENTATION_CONTEXT(2) 
PARAMETRIC_REPRESENTATION_CONTEXT() REPRESENTATION_CONTEXT('2D SPACE',''
  ) );
#1378 = ORIENTED_EDGE('',*,*,#1379,.F.);
#1379 = EDGE_CURVE('',#1380,#1345,#1382,.T.);
#1380 = VERTEX_POINT('',#1381);
#1381 = CARTESIAN_POINT('',(7.89,-1.9,9.55));
#1382 = SURFACE_CURVE('',#1383,(#1387,#1394),.PCURVE_S1.);
#1383 = LINE('',#1384,#1385);
#1384 = CARTESIAN_POINT('',(7.89,-1.9,9.55));
#1385 = VECTOR('',#1386,1.);
#1386 = DIRECTION('',(0.,1.,0.));
#1387 = PCURVE('',#1356,#1388);
#1388 = DEFINITIONAL_REPRESENTATION('',(#1389),#1393);
#1389 = LINE('',#1390,#1391);
#1390 = CARTESIAN_POINT('',(0.35,-1.9));
#1391 = VECTOR('',#1392,1.);
#1392 = DIRECTION('',(0.,1.));
#1393 = ( GEOMETRIC_REPRESENTATION_CONTEXT(2) 
PARAMETRIC_REPRESENTATION_CONTEXT() REPRESENTATION_CONTEXT('2D SPACE',''
  ) );
#1394 = PCURVE('',#1329,#1395);
#1395 = DEFINITIONAL_REPRESENTATION('',(#1396),#1400);
#1396 = LINE('',#1397,#1398);
#1397 = CARTESIAN_POINT('',(3.8,0.));
#1398 = VECTOR('',#1399,1.);
#1399 = DIRECTION('',(-1.,0.));
#1400 = ( GEOMETRIC_REPRESENTATION_CONTEXT(2) 
PARAMETRIC_REPRESENTATION_CONTEXT() REPRESENTATION_CONTEXT('2D SPACE',''
  ) );
#1401 = ORIENTED_EDGE('',*,*,#1402,.F.);
#1402 = EDGE_CURVE('',#1347,#1380,#1403,.T.);
#1403 = SURFACE_CURVE('',#1404,(#1408,#1415),.PCURVE_S1.);
#1404 = LINE('',#1405,#1406);
#1405 = CARTESIAN_POINT('',(7.19,-1.9,9.55));
#1406 = VECTOR('',#1407,1.);
#1407 = DIRECTION('',(1.,0.,0.));
#1408 = PCURVE('',#1356,#1409);
#1409 = DEFINITIONAL_REPRESENTATION('',(#1410),#1414);
#1410 = LINE('',#1411,#1412);
#1411 = CARTESIAN_POINT('',(-0.35,-1.9));
#1412 = VECTOR('',#1413,1.);
#1413 = DIRECTION('',(1.,0.));
#1414 = ( GEOMETRIC_REPRESENTATION_CONTEXT(2) 
PARAMETRIC_REPRESENTATION_CONTEXT() REPRESENTATION_CONTEXT('2D SPACE',''
  ) );
#1415 = PCURVE('',#1416,#1421);
#1416 = PLANE('',#1417);
#1417 = AXIS2_PLACEMENT_3D('',#1418,#1419,#1420);
#1418 = CARTESIAN_POINT('',(7.89,-1.9,9.55));
#1419 = DIRECTION('',(0.,-1.,0.));
#1420 = DIRECTION('',(-1.,0.,0.));
#1421 = DEFINITIONAL_REPRESENTATION('',(#1422),#1426);
#1422 = LINE('',#1423,#1424);
#1423 = CARTESIAN_POINT('',(0.7,0.));
#1424 = VECTOR('',#1425,1.);
#1425 = DIRECTION('',(-1.,-0.));
#1426 = ( GEOMETRIC_REPRESENTATION_CONTEXT(2) 
PARAMETRIC_REPRESENTATION_CONTEXT() REPRESENTATION_CONTEXT('2D SPACE',''
  ) );
#1427 = ADVANCED_FACE('',(#1428),#1441,.F.);
#1428 = FACE_BOUND('',#1429,.T.);
#1429 = EDGE_LOOP('',(#1430,#1463,#1491));
#1430 = ORIENTED_EDGE('',*,*,#1431,.F.);
#1431 = EDGE_CURVE('',#1432,#1248,#1434,.T.);
#1432 = VERTEX_POINT('',#1433);
#1433 = CARTESIAN_POINT('',(7.19,1.867484939698,9.55));
#1434 = SURFACE_CURVE('',#1435,(#1440,#1456),.PCURVE_S1.);
#1435 = CIRCLE('',#1436,1.9);
#1436 = AXIS2_PLACEMENT_3D('',#1437,#1438,#1439);
#1437 = CARTESIAN_POINT('',(7.54,0.,9.55));
#1438 = DIRECTION('',(0.,0.,-1.));
#1439 = DIRECTION('',(1.,0.,0.));
#1440 = PCURVE('',#1441,#1446);
#1441 = PLANE('',#1442);
#1442 = AXIS2_PLACEMENT_3D('',#1443,#1444,#1445);
#1443 = CARTESIAN_POINT('',(7.54,0.,9.55));
#1444 = DIRECTION('',(0.,0.,1.));
#1445 = DIRECTION('',(1.,0.,-0.));
#1446 = DEFINITIONAL_REPRESENTATION('',(#1447),#1455);
#1447 = ( BOUNDED_CURVE() B_SPLINE_CURVE(2,(#1448,#1449,#1450,#1451,
#1452,#1453,#1454),.UNSPECIFIED.,.T.,.F.) B_SPLINE_CURVE_WITH_KNOTS((1,2
    ,2,2,2,1),(-2.094395102393,0.,2.094395102393,4.188790204786,
6.28318530718,8.377580409573),.UNSPECIFIED.) CURVE() 
GEOMETRIC_REPRESENTATION_ITEM() RATIONAL_B_SPLINE_CURVE((1.,0.5,1.,0.5,
1.,0.5,1.)) REPRESENTATION_ITEM('') );
#1448 = CARTESIAN_POINT('',(1.9,0.));
#1449 = CARTESIAN_POINT('',(1.9,-3.290896534381));
#1450 = CARTESIAN_POINT('',(-0.95,-1.64544826719));
#1451 = CARTESIAN_POINT('',(-3.8,-4.65365783676E-16));
#1452 = CARTESIAN_POINT('',(-0.95,1.64544826719));
#1453 = CARTESIAN_POINT('',(1.9,3.290896534381));
#1454 = CARTESIAN_POINT('',(1.9,0.));
#1455 = ( GEOMETRIC_REPRESENTATION_CONTEXT(2) 
PARAMETRIC_REPRESENTATION_CONTEXT() REPRESENTATION_CONTEXT('2D SPACE',''
  ) );
#1456 = PCURVE('',#1275,#1457);
#1457 = DEFINITIONAL_REPRESENTATION('',(#1458),#1462);
#1458 = LINE('',#1459,#1460);
#1459 = CARTESIAN_POINT('',(0.,0.45));
#1460 = VECTOR('',#1461,1.);
#1461 = DIRECTION('',(1.,0.));
#1462 = ( GEOMETRIC_REPRESENTATION_CONTEXT(2) 
PARAMETRIC_REPRESENTATION_CONTEXT() REPRESENTATION_CONTEXT('2D SPACE',''
  ) );
#1463 = ORIENTED_EDGE('',*,*,#1464,.F.);
#1464 = EDGE_CURVE('',#1465,#1432,#1467,.T.);
#1465 = VERTEX_POINT('',#1466);
#1466 = CARTESIAN_POINT('',(7.19,1.9,9.55));
#1467 = SURFACE_CURVE('',#1468,(#1472,#1479),.PCURVE_S1.);
#1468 = LINE('',#1469,#1470);
#1469 = CARTESIAN_POINT('',(7.19,1.9,9.55));
#1470 = VECTOR('',#1471,1.);
#1471 = DIRECTION('',(0.,-1.,0.));
#1472 = PCURVE('',#1441,#1473);
#1473 = DEFINITIONAL_REPRESENTATION('',(#1474),#1478);
#1474 = LINE('',#1475,#1476);
#1475 = CARTESIAN_POINT('',(-0.35,1.9));
#1476 = VECTOR('',#1477,1.);
#1477 = DIRECTION('',(0.,-1.));
#1478 = ( GEOMETRIC_REPRESENTATION_CONTEXT(2) 
PARAMETRIC_REPRESENTATION_CONTEXT() REPRESENTATION_CONTEXT('2D SPACE',''
  ) );
#1479 = PCURVE('',#1480,#1485);
#1480 = PLANE('',#1481);
#1481 = AXIS2_PLACEMENT_3D('',#1482,#1483,#1484);
#1482 = CARTESIAN_POINT('',(7.19,-1.9,9.55));
#1483 = DIRECTION('',(-1.,0.,0.));
#1484 = DIRECTION('',(0.,1.,0.));
#1485 = DEFINITIONAL_REPRESENTATION('',(#1486),#1490);
#1486 = LINE('',#1487,#1488);
#1487 = CARTESIAN_POINT('',(3.8,0.));
#1488 = VECTOR('',#1489,1.);
#1489 = DIRECTION('',(-1.,0.));
#1490 = ( GEOMETRIC_REPRESENTATION_CONTEXT(2) 
PARAMETRIC_REPRESENTATION_CONTEXT() REPRESENTATION_CONTEXT('2D SPACE',''
  ) );
#1491 = ORIENTED_EDGE('',*,*,#1492,.F.);
#1492 = EDGE_CURVE('',#1248,#1465,#1493,.T.);
#1493 = SURFACE_CURVE('',#1494,(#1498,#1505),.PCURVE_S1.);
#1494 = LINE('',#1495,#1496);
#1495 = CARTESIAN_POINT('',(7.89,1.9,9.55));
#1496 = VECTOR('',#1497,1.);
#1497 = DIRECTION('',(-1.,0.,0.));
#1498 = PCURVE('',#1441,#1499);
#1499 = DEFINITIONAL_REPRESENTATION('',(#1500),#1504);
#1500 = LINE('',#1501,#1502);
#1501 = CARTESIAN_POINT('',(0.35,1.9));
#1502 = VECTOR('',#1503,1.);
#1503 = DIRECTION('',(-1.,0.));
#1504 = ( GEOMETRIC_REPRESENTATION_CONTEXT(2) 
PARAMETRIC_REPRESENTATION_CONTEXT() REPRESENTATION_CONTEXT('2D SPACE',''
  ) );
#1505 = PCURVE('',#1303,#1506);
#1506 = DEFINITIONAL_REPRESENTATION('',(#1507),#1511);
#1507 = LINE('',#1508,#1509);
#1508 = CARTESIAN_POINT('',(0.7,0.));
#1509 = VECTOR('',#1510,1.);
#1510 = DIRECTION('',(-1.,0.));
#1511 = ( GEOMETRIC_REPRESENTATION_CONTEXT(2) 
PARAMETRIC_REPRESENTATION_CONTEXT() REPRESENTATION_CONTEXT('2D SPACE',''
  ) );
#1512 = ADVANCED_FACE('',(#1513),#1303,.F.);
#1513 = FACE_BOUND('',#1514,.T.);
#1514 = EDGE_LOOP('',(#1515,#1516,#1517,#1540,#1568));
#1515 = ORIENTED_EDGE('',*,*,#1287,.T.);
#1516 = ORIENTED_EDGE('',*,*,#1492,.T.);
#1517 = ORIENTED_EDGE('',*,*,#1518,.T.);
#1518 = EDGE_CURVE('',#1465,#1519,#1521,.T.);
#1519 = VERTEX_POINT('',#1520);
#1520 = CARTESIAN_POINT('',(7.19,1.9,8.55));
#1521 = SURFACE_CURVE('',#1522,(#1526,#1533),.PCURVE_S1.);
#1522 = LINE('',#1523,#1524);
#1523 = CARTESIAN_POINT('',(7.19,1.9,9.55));
#1524 = VECTOR('',#1525,1.);
#1525 = DIRECTION('',(0.,0.,-1.));
#1526 = PCURVE('',#1303,#1527);
#1527 = DEFINITIONAL_REPRESENTATION('',(#1528),#1532);
#1528 = LINE('',#1529,#1530);
#1529 = CARTESIAN_POINT('',(0.,0.));
#1530 = VECTOR('',#1531,1.);
#1531 = DIRECTION('',(0.,1.));
#1532 = ( GEOMETRIC_REPRESENTATION_CONTEXT(2) 
PARAMETRIC_REPRESENTATION_CONTEXT() REPRESENTATION_CONTEXT('2D SPACE',''
  ) );
#1533 = PCURVE('',#1480,#1534);
#1534 = DEFINITIONAL_REPRESENTATION('',(#1535),#1539);
#1535 = LINE('',#1536,#1537);
#1536 = CARTESIAN_POINT('',(3.8,0.));
#1537 = VECTOR('',#1538,1.);
#1538 = DIRECTION('',(0.,1.));
#1539 = ( GEOMETRIC_REPRESENTATION_CONTEXT(2) 
PARAMETRIC_REPRESENTATION_CONTEXT() REPRESENTATION_CONTEXT('2D SPACE',''
  ) );
#1540 = ORIENTED_EDGE('',*,*,#1541,.T.);
#1541 = EDGE_CURVE('',#1519,#1542,#1544,.T.);
#1542 = VERTEX_POINT('',#1543);
#1543 = CARTESIAN_POINT('',(7.89,1.9,8.55));
#1544 = SURFACE_CURVE('',#1545,(#1549,#1556),.PCURVE_S1.);
#1545 = LINE('',#1546,#1547);
#1546 = CARTESIAN_POINT('',(7.89,1.9,8.55));
#1547 = VECTOR('',#1548,1.);
#1548 = DIRECTION('',(1.,0.,0.));
#1549 = PCURVE('',#1303,#1550);
#1550 = DEFINITIONAL_REPRESENTATION('',(#1551),#1555);
#1551 = LINE('',#1552,#1553);
#1552 = CARTESIAN_POINT('',(0.7,1.));
#1553 = VECTOR('',#1554,1.);
#1554 = DIRECTION('',(1.,0.));
#1555 = ( GEOMETRIC_REPRESENTATION_CONTEXT(2) 
PARAMETRIC_REPRESENTATION_CONTEXT() REPRESENTATION_CONTEXT('2D SPACE',''
  ) );
#1556 = PCURVE('',#1557,#1562);
#1557 = PLANE('',#1558);
#1558 = AXIS2_PLACEMENT_3D('',#1559,#1560,#1561);
#1559 = CARTESIAN_POINT('',(7.54,0.,8.55));
#1560 = DIRECTION('',(0.,0.,-1.));
#1561 = DIRECTION('',(-1.,0.,0.));
#1562 = DEFINITIONAL_REPRESENTATION('',(#1563),#1567);
#1563 = LINE('',#1564,#1565);
#1564 = CARTESIAN_POINT('',(-0.35,1.9));
#1565 = VECTOR('',#1566,1.);
#1566 = DIRECTION('',(-1.,0.));
#1567 = ( GEOMETRIC_REPRESENTATION_CONTEXT(2) 
PARAMETRIC_REPRESENTATION_CONTEXT() REPRESENTATION_CONTEXT('2D SPACE',''
  ) );
#1568 = ORIENTED_EDGE('',*,*,#1569,.F.);
#1569 = EDGE_CURVE('',#1288,#1542,#1570,.T.);
#1570 = SURFACE_CURVE('',#1571,(#1575,#1582),.PCURVE_S1.);
#1571 = LINE('',#1572,#1573);
#1572 = CARTESIAN_POINT('',(7.89,1.9,9.55));
#1573 = VECTOR('',#1574,1.);
#1574 = DIRECTION('',(0.,0.,-1.));
#1575 = PCURVE('',#1303,#1576);
#1576 = DEFINITIONAL_REPRESENTATION('',(#1577),#1581);
#1577 = LINE('',#1578,#1579);
#1578 = CARTESIAN_POINT('',(0.7,0.));
#1579 = VECTOR('',#1580,1.);
#1580 = DIRECTION('',(0.,1.));
#1581 = ( GEOMETRIC_REPRESENTATION_CONTEXT(2) 
PARAMETRIC_REPRESENTATION_CONTEXT() REPRESENTATION_CONTEXT('2D SPACE',''
  ) );
#1582 = PCURVE('',#1329,#1583);
#1583 = DEFINITIONAL_REPRESENTATION('',(#1584),#1588);
#1584 = LINE('',#1585,#1586);
#1585 = CARTESIAN_POINT('',(0.,0.));
#1586 = VECTOR('',#1587,1.);
#1587 = DIRECTION('',(0.,1.));
#1588 = ( GEOMETRIC_REPRESENTATION_CONTEXT(2) 
PARAMETRIC_REPRESENTATION_CONTEXT() REPRESENTATION_CONTEXT('2D SPACE',''
  ) );
#1589 = ADVANCED_FACE('',(#1590),#1480,.F.);
#1590 = FACE_BOUND('',#1591,.T.);
#1591 = EDGE_LOOP('',(#1592,#1593,#1621,#1649,#1672,#1693));
#1592 = ORIENTED_EDGE('',*,*,#1464,.T.);
#1593 = ORIENTED_EDGE('',*,*,#1594,.F.);
#1594 = EDGE_CURVE('',#1595,#1432,#1597,.T.);
#1595 = VERTEX_POINT('',#1596);
#1596 = CARTESIAN_POINT('',(7.19,-1.867484939698,9.55));
#1597 = SURFACE_CURVE('',#1598,(#1602,#1609),.PCURVE_S1.);
#1598 = LINE('',#1599,#1600);
#1599 = CARTESIAN_POINT('',(7.19,-0.95,9.55));
#1600 = VECTOR('',#1601,1.);
#1601 = DIRECTION('',(0.,1.,0.));
#1602 = PCURVE('',#1480,#1603);
#1603 = DEFINITIONAL_REPRESENTATION('',(#1604),#1608);
#1604 = LINE('',#1605,#1606);
#1605 = CARTESIAN_POINT('',(0.95,0.));
#1606 = VECTOR('',#1607,1.);
#1607 = DIRECTION('',(1.,0.));
#1608 = ( GEOMETRIC_REPRESENTATION_CONTEXT(2) 
PARAMETRIC_REPRESENTATION_CONTEXT() REPRESENTATION_CONTEXT('2D SPACE',''
  ) );
#1609 = PCURVE('',#1610,#1615);
#1610 = PLANE('',#1611);
#1611 = AXIS2_PLACEMENT_3D('',#1612,#1613,#1614);
#1612 = CARTESIAN_POINT('',(7.54,0.,9.55));
#1613 = DIRECTION('',(0.,0.,1.));
#1614 = DIRECTION('',(1.,0.,-0.));
#1615 = DEFINITIONAL_REPRESENTATION('',(#1616),#1620);
#1616 = LINE('',#1617,#1618);
#1617 = CARTESIAN_POINT('',(-0.35,-0.95));
#1618 = VECTOR('',#1619,1.);
#1619 = DIRECTION('',(0.,1.));
#1620 = ( GEOMETRIC_REPRESENTATION_CONTEXT(2) 
PARAMETRIC_REPRESENTATION_CONTEXT() REPRESENTATION_CONTEXT('2D SPACE',''
  ) );
#1621 = ORIENTED_EDGE('',*,*,#1622,.T.);
#1622 = EDGE_CURVE('',#1595,#1623,#1625,.T.);
#1623 = VERTEX_POINT('',#1624);
#1624 = CARTESIAN_POINT('',(7.19,-1.9,9.55));
#1625 = SURFACE_CURVE('',#1626,(#1630,#1637),.PCURVE_S1.);
#1626 = LINE('',#1627,#1628);
#1627 = CARTESIAN_POINT('',(7.19,1.9,9.55));
#1628 = VECTOR('',#1629,1.);
#1629 = DIRECTION('',(0.,-1.,0.));
#1630 = PCURVE('',#1480,#1631);
#1631 = DEFINITIONAL_REPRESENTATION('',(#1632),#1636);
#1632 = LINE('',#1633,#1634);
#1633 = CARTESIAN_POINT('',(3.8,0.));
#1634 = VECTOR('',#1635,1.);
#1635 = DIRECTION('',(-1.,0.));
#1636 = ( GEOMETRIC_REPRESENTATION_CONTEXT(2) 
PARAMETRIC_REPRESENTATION_CONTEXT() REPRESENTATION_CONTEXT('2D SPACE',''
  ) );
#1637 = PCURVE('',#1638,#1643);
#1638 = PLANE('',#1639);
#1639 = AXIS2_PLACEMENT_3D('',#1640,#1641,#1642);
#1640 = CARTESIAN_POINT('',(7.54,0.,9.55));
#1641 = DIRECTION('',(0.,0.,1.));
#1642 = DIRECTION('',(1.,0.,-0.));
#1643 = DEFINITIONAL_REPRESENTATION('',(#1644),#1648);
#1644 = LINE('',#1645,#1646);
#1645 = CARTESIAN_POINT('',(-0.35,1.9));
#1646 = VECTOR('',#1647,1.);
#1647 = DIRECTION('',(0.,-1.));
#1648 = ( GEOMETRIC_REPRESENTATION_CONTEXT(2) 
PARAMETRIC_REPRESENTATION_CONTEXT() REPRESENTATION_CONTEXT('2D SPACE',''
  ) );
#1649 = ORIENTED_EDGE('',*,*,#1650,.T.);
#1650 = EDGE_CURVE('',#1623,#1651,#1653,.T.);
#1651 = VERTEX_POINT('',#1652);
#1652 = CARTESIAN_POINT('',(7.19,-1.9,8.55));
#1653 = SURFACE_CURVE('',#1654,(#1658,#1665),.PCURVE_S1.);
#1654 = LINE('',#1655,#1656);
#1655 = CARTESIAN_POINT('',(7.19,-1.9,9.55));
#1656 = VECTOR('',#1657,1.);
#1657 = DIRECTION('',(0.,0.,-1.));
#1658 = PCURVE('',#1480,#1659);
#1659 = DEFINITIONAL_REPRESENTATION('',(#1660),#1664);
#1660 = LINE('',#1661,#1662);
#1661 = CARTESIAN_POINT('',(0.,0.));
#1662 = VECTOR('',#1663,1.);
#1663 = DIRECTION('',(0.,1.));
#1664 = ( GEOMETRIC_REPRESENTATION_CONTEXT(2) 
PARAMETRIC_REPRESENTATION_CONTEXT() REPRESENTATION_CONTEXT('2D SPACE',''
  ) );
#1665 = PCURVE('',#1416,#1666);
#1666 = DEFINITIONAL_REPRESENTATION('',(#1667),#1671);
#1667 = LINE('',#1668,#1669);
#1668 = CARTESIAN_POINT('',(0.7,0.));
#1669 = VECTOR('',#1670,1.);
#1670 = DIRECTION('',(0.,1.));
#1671 = ( GEOMETRIC_REPRESENTATION_CONTEXT(2) 
PARAMETRIC_REPRESENTATION_CONTEXT() REPRESENTATION_CONTEXT('2D SPACE',''
  ) );
#1672 = ORIENTED_EDGE('',*,*,#1673,.T.);
#1673 = EDGE_CURVE('',#1651,#1519,#1674,.T.);
#1674 = SURFACE_CURVE('',#1675,(#1679,#1686),.PCURVE_S1.);
#1675 = LINE('',#1676,#1677);
#1676 = CARTESIAN_POINT('',(7.19,1.9,8.55));
#1677 = VECTOR('',#1678,1.);
#1678 = DIRECTION('',(0.,1.,0.));
#1679 = PCURVE('',#1480,#1680);
#1680 = DEFINITIONAL_REPRESENTATION('',(#1681),#1685);
#1681 = LINE('',#1682,#1683);
#1682 = CARTESIAN_POINT('',(3.8,1.));
#1683 = VECTOR('',#1684,1.);
#1684 = DIRECTION('',(1.,0.));
#1685 = ( GEOMETRIC_REPRESENTATION_CONTEXT(2) 
PARAMETRIC_REPRESENTATION_CONTEXT() REPRESENTATION_CONTEXT('2D SPACE',''
  ) );
#1686 = PCURVE('',#1557,#1687);
#1687 = DEFINITIONAL_REPRESENTATION('',(#1688),#1692);
#1688 = LINE('',#1689,#1690);
#1689 = CARTESIAN_POINT('',(0.35,1.9));
#1690 = VECTOR('',#1691,1.);
#1691 = DIRECTION('',(0.,1.));
#1692 = ( GEOMETRIC_REPRESENTATION_CONTEXT(2) 
PARAMETRIC_REPRESENTATION_CONTEXT() REPRESENTATION_CONTEXT('2D SPACE',''
  ) );
#1693 = ORIENTED_EDGE('',*,*,#1518,.F.);
#1694 = ADVANCED_FACE('',(#1695),#1416,.F.);
#1695 = FACE_BOUND('',#1696,.T.);
#1696 = EDGE_LOOP('',(#1697,#1718,#1719,#1742,#1763));
#1697 = ORIENTED_EDGE('',*,*,#1698,.T.);
#1698 = EDGE_CURVE('',#1623,#1347,#1699,.T.);
#1699 = SURFACE_CURVE('',#1700,(#1704,#1711),.PCURVE_S1.);
#1700 = LINE('',#1701,#1702);
#1701 = CARTESIAN_POINT('',(7.19,-1.9,9.55));
#1702 = VECTOR('',#1703,1.);
#1703 = DIRECTION('',(1.,0.,0.));
#1704 = PCURVE('',#1416,#1705);
#1705 = DEFINITIONAL_REPRESENTATION('',(#1706),#1710);
#1706 = LINE('',#1707,#1708);
#1707 = CARTESIAN_POINT('',(0.7,0.));
#1708 = VECTOR('',#1709,1.);
#1709 = DIRECTION('',(-1.,-0.));
#1710 = ( GEOMETRIC_REPRESENTATION_CONTEXT(2) 
PARAMETRIC_REPRESENTATION_CONTEXT() REPRESENTATION_CONTEXT('2D SPACE',''
  ) );
#1711 = PCURVE('',#1638,#1712);
#1712 = DEFINITIONAL_REPRESENTATION('',(#1713),#1717);
#1713 = LINE('',#1714,#1715);
#1714 = CARTESIAN_POINT('',(-0.35,-1.9));
#1715 = VECTOR('',#1716,1.);
#1716 = DIRECTION('',(1.,0.));
#1717 = ( GEOMETRIC_REPRESENTATION_CONTEXT(2) 
PARAMETRIC_REPRESENTATION_CONTEXT() REPRESENTATION_CONTEXT('2D SPACE',''
  ) );
#1718 = ORIENTED_EDGE('',*,*,#1402,.T.);
#1719 = ORIENTED_EDGE('',*,*,#1720,.T.);
#1720 = EDGE_CURVE('',#1380,#1721,#1723,.T.);
#1721 = VERTEX_POINT('',#1722);
#1722 = CARTESIAN_POINT('',(7.89,-1.9,8.55));
#1723 = SURFACE_CURVE('',#1724,(#1728,#1735),.PCURVE_S1.);
#1724 = LINE('',#1725,#1726);
#1725 = CARTESIAN_POINT('',(7.89,-1.9,9.55));
#1726 = VECTOR('',#1727,1.);
#1727 = DIRECTION('',(0.,0.,-1.));
#1728 = PCURVE('',#1416,#1729);
#1729 = DEFINITIONAL_REPRESENTATION('',(#1730),#1734);
#1730 = LINE('',#1731,#1732);
#1731 = CARTESIAN_POINT('',(0.,-0.));
#1732 = VECTOR('',#1733,1.);
#1733 = DIRECTION('',(0.,1.));
#1734 = ( GEOMETRIC_REPRESENTATION_CONTEXT(2) 
PARAMETRIC_REPRESENTATION_CONTEXT() REPRESENTATION_CONTEXT('2D SPACE',''
  ) );
#1735 = PCURVE('',#1329,#1736);
#1736 = DEFINITIONAL_REPRESENTATION('',(#1737),#1741);
#1737 = LINE('',#1738,#1739);
#1738 = CARTESIAN_POINT('',(3.8,0.));
#1739 = VECTOR('',#1740,1.);
#1740 = DIRECTION('',(0.,1.));
#1741 = ( GEOMETRIC_REPRESENTATION_CONTEXT(2) 
PARAMETRIC_REPRESENTATION_CONTEXT() REPRESENTATION_CONTEXT('2D SPACE',''
  ) );
#1742 = ORIENTED_EDGE('',*,*,#1743,.T.);
#1743 = EDGE_CURVE('',#1721,#1651,#1744,.T.);
#1744 = SURFACE_CURVE('',#1745,(#1749,#1756),.PCURVE_S1.);
#1745 = LINE('',#1746,#1747);
#1746 = CARTESIAN_POINT('',(7.19,-1.9,8.55));
#1747 = VECTOR('',#1748,1.);
#1748 = DIRECTION('',(-1.,0.,0.));
#1749 = PCURVE('',#1416,#1750);
#1750 = DEFINITIONAL_REPRESENTATION('',(#1751),#1755);
#1751 = LINE('',#1752,#1753);
#1752 = CARTESIAN_POINT('',(0.7,1.));
#1753 = VECTOR('',#1754,1.);
#1754 = DIRECTION('',(1.,0.));
#1755 = ( GEOMETRIC_REPRESENTATION_CONTEXT(2) 
PARAMETRIC_REPRESENTATION_CONTEXT() REPRESENTATION_CONTEXT('2D SPACE',''
  ) );
#1756 = PCURVE('',#1557,#1757);
#1757 = DEFINITIONAL_REPRESENTATION('',(#1758),#1762);
#1758 = LINE('',#1759,#1760);
#1759 = CARTESIAN_POINT('',(0.35,-1.9));
#1760 = VECTOR('',#1761,1.);
#1761 = DIRECTION('',(1.,0.));
#1762 = ( GEOMETRIC_REPRESENTATION_CONTEXT(2) 
PARAMETRIC_REPRESENTATION_CONTEXT() REPRESENTATION_CONTEXT('2D SPACE',''
  ) );
#1763 = ORIENTED_EDGE('',*,*,#1650,.F.);
#1764 = ADVANCED_FACE('',(#1765),#1329,.F.);
#1765 = FACE_BOUND('',#1766,.T.);
#1766 = EDGE_LOOP('',(#1767,#1768,#1794,#1795,#1796,#1817));
#1767 = ORIENTED_EDGE('',*,*,#1379,.T.);
#1768 = ORIENTED_EDGE('',*,*,#1769,.F.);
#1769 = EDGE_CURVE('',#1250,#1345,#1770,.T.);
#1770 = SURFACE_CURVE('',#1771,(#1775,#1782),.PCURVE_S1.);
#1771 = LINE('',#1772,#1773);
#1772 = CARTESIAN_POINT('',(7.89,0.95,9.55));
#1773 = VECTOR('',#1774,1.);
#1774 = DIRECTION('',(0.,-1.,0.));
#1775 = PCURVE('',#1329,#1776);
#1776 = DEFINITIONAL_REPRESENTATION('',(#1777),#1781);
#1777 = LINE('',#1778,#1779);
#1778 = CARTESIAN_POINT('',(0.95,0.));
#1779 = VECTOR('',#1780,1.);
#1780 = DIRECTION('',(1.,0.));
#1781 = ( GEOMETRIC_REPRESENTATION_CONTEXT(2) 
PARAMETRIC_REPRESENTATION_CONTEXT() REPRESENTATION_CONTEXT('2D SPACE',''
  ) );
#1782 = PCURVE('',#1783,#1788);
#1783 = PLANE('',#1784);
#1784 = AXIS2_PLACEMENT_3D('',#1785,#1786,#1787);
#1785 = CARTESIAN_POINT('',(7.54,0.,9.55));
#1786 = DIRECTION('',(0.,0.,1.));
#1787 = DIRECTION('',(1.,0.,-0.));
#1788 = DEFINITIONAL_REPRESENTATION('',(#1789),#1793);
#1789 = LINE('',#1790,#1791);
#1790 = CARTESIAN_POINT('',(0.35,0.95));
#1791 = VECTOR('',#1792,1.);
#1792 = DIRECTION('',(0.,-1.));
#1793 = ( GEOMETRIC_REPRESENTATION_CONTEXT(2) 
PARAMETRIC_REPRESENTATION_CONTEXT() REPRESENTATION_CONTEXT('2D SPACE',''
  ) );
#1794 = ORIENTED_EDGE('',*,*,#1315,.T.);
#1795 = ORIENTED_EDGE('',*,*,#1569,.T.);
#1796 = ORIENTED_EDGE('',*,*,#1797,.T.);
#1797 = EDGE_CURVE('',#1542,#1721,#1798,.T.);
#1798 = SURFACE_CURVE('',#1799,(#1803,#1810),.PCURVE_S1.);
#1799 = LINE('',#1800,#1801);
#1800 = CARTESIAN_POINT('',(7.89,-1.9,8.55));
#1801 = VECTOR('',#1802,1.);
#1802 = DIRECTION('',(0.,-1.,0.));
#1803 = PCURVE('',#1329,#1804);
#1804 = DEFINITIONAL_REPRESENTATION('',(#1805),#1809);
#1805 = LINE('',#1806,#1807);
#1806 = CARTESIAN_POINT('',(3.8,1.));
#1807 = VECTOR('',#1808,1.);
#1808 = DIRECTION('',(1.,0.));
#1809 = ( GEOMETRIC_REPRESENTATION_CONTEXT(2) 
PARAMETRIC_REPRESENTATION_CONTEXT() REPRESENTATION_CONTEXT('2D SPACE',''
  ) );
#1810 = PCURVE('',#1557,#1811);
#1811 = DEFINITIONAL_REPRESENTATION('',(#1812),#1816);
#1812 = LINE('',#1813,#1814);
#1813 = CARTESIAN_POINT('',(-0.35,-1.9));
#1814 = VECTOR('',#1815,1.);
#1815 = DIRECTION('',(0.,-1.));
#1816 = ( GEOMETRIC_REPRESENTATION_CONTEXT(2) 
PARAMETRIC_REPRESENTATION_CONTEXT() REPRESENTATION_CONTEXT('2D SPACE',''
  ) );
#1817 = ORIENTED_EDGE('',*,*,#1720,.F.);
#1818 = ADVANCED_FACE('',(#1819),#1638,.F.);
#1819 = FACE_BOUND('',#1820,.T.);
#1820 = EDGE_LOOP('',(#1821,#1847,#1848));
#1821 = ORIENTED_EDGE('',*,*,#1822,.F.);
#1822 = EDGE_CURVE('',#1347,#1595,#1823,.T.);
#1823 = SURFACE_CURVE('',#1824,(#1829,#1840),.PCURVE_S1.);
#1824 = CIRCLE('',#1825,1.9);
#1825 = AXIS2_PLACEMENT_3D('',#1826,#1827,#1828);
#1826 = CARTESIAN_POINT('',(7.54,0.,9.55));
#1827 = DIRECTION('',(0.,0.,-1.));
#1828 = DIRECTION('',(1.,0.,0.));
#1829 = PCURVE('',#1638,#1830);
#1830 = DEFINITIONAL_REPRESENTATION('',(#1831),#1839);
#1831 = ( BOUNDED_CURVE() B_SPLINE_CURVE(2,(#1832,#1833,#1834,#1835,
#1836,#1837,#1838),.UNSPECIFIED.,.T.,.F.) B_SPLINE_CURVE_WITH_KNOTS((1,2
    ,2,2,2,1),(-2.094395102393,0.,2.094395102393,4.188790204786,
6.28318530718,8.377580409573),.UNSPECIFIED.) CURVE() 
GEOMETRIC_REPRESENTATION_ITEM() RATIONAL_B_SPLINE_CURVE((1.,0.5,1.,0.5,
1.,0.5,1.)) REPRESENTATION_ITEM('') );
#1832 = CARTESIAN_POINT('',(1.9,0.));
#1833 = CARTESIAN_POINT('',(1.9,-3.290896534381));
#1834 = CARTESIAN_POINT('',(-0.95,-1.64544826719));
#1835 = CARTESIAN_POINT('',(-3.8,-4.65365783676E-16));
#1836 = CARTESIAN_POINT('',(-0.95,1.64544826719));
#1837 = CARTESIAN_POINT('',(1.9,3.290896534381));
#1838 = CARTESIAN_POINT('',(1.9,0.));
#1839 = ( GEOMETRIC_REPRESENTATION_CONTEXT(2) 
PARAMETRIC_REPRESENTATION_CONTEXT() REPRESENTATION_CONTEXT('2D SPACE',''
  ) );
#1840 = PCURVE('',#1275,#1841);
#1841 = DEFINITIONAL_REPRESENTATION('',(#1842),#1846);
#1842 = LINE('',#1843,#1844);
#1843 = CARTESIAN_POINT('',(6.28318530718,0.45));
#1844 = VECTOR('',#1845,1.);
#1845 = DIRECTION('',(1.,0.));
#1846 = ( GEOMETRIC_REPRESENTATION_CONTEXT(2) 
PARAMETRIC_REPRESENTATION_CONTEXT() REPRESENTATION_CONTEXT('2D SPACE',''
  ) );
#1847 = ORIENTED_EDGE('',*,*,#1698,.F.);
#1848 = ORIENTED_EDGE('',*,*,#1622,.F.);
#1849 = ADVANCED_FACE('',(#1850),#1557,.F.);
#1850 = FACE_BOUND('',#1851,.T.);
#1851 = EDGE_LOOP('',(#1852,#1853,#1854,#1855));
#1852 = ORIENTED_EDGE('',*,*,#1797,.F.);
#1853 = ORIENTED_EDGE('',*,*,#1541,.F.);
#1854 = ORIENTED_EDGE('',*,*,#1673,.F.);
#1855 = ORIENTED_EDGE('',*,*,#1743,.F.);
#1856 = ADVANCED_FACE('',(#1857),#1872,.F.);
#1857 = FACE_BOUND('',#1858,.T.);
#1858 = EDGE_LOOP('',(#1859,#1899,#1927));
#1859 = ORIENTED_EDGE('',*,*,#1860,.F.);
#1860 = EDGE_CURVE('',#1861,#1863,#1865,.T.);
#1861 = VERTEX_POINT('',#1862);
#1862 = CARTESIAN_POINT('',(-7.46,1.9,9.55));
#1863 = VERTEX_POINT('',#1864);
#1864 = CARTESIAN_POINT('',(-7.11,1.867484939698,9.55));
#1865 = SURFACE_CURVE('',#1866,(#1871,#1887),.PCURVE_S1.);
#1866 = CIRCLE('',#1867,1.9);
#1867 = AXIS2_PLACEMENT_3D('',#1868,#1869,#1870);
#1868 = CARTESIAN_POINT('',(-7.46,-1.092459456231E-15,9.55));
#1869 = DIRECTION('',(0.,0.,-1.));
#1870 = DIRECTION('',(1.,0.,0.));
#1871 = PCURVE('',#1872,#1877);
#1872 = PLANE('',#1873);
#1873 = AXIS2_PLACEMENT_3D('',#1874,#1875,#1876);
#1874 = CARTESIAN_POINT('',(-7.46,-1.110223024625E-15,9.55));
#1875 = DIRECTION('',(0.,0.,1.));
#1876 = DIRECTION('',(1.,0.,-0.));
#1877 = DEFINITIONAL_REPRESENTATION('',(#1878),#1886);
#1878 = ( BOUNDED_CURVE() B_SPLINE_CURVE(2,(#1879,#1880,#1881,#1882,
#1883,#1884,#1885),.UNSPECIFIED.,.T.,.F.) B_SPLINE_CURVE_WITH_KNOTS((1,2
    ,2,2,2,1),(-2.094395102393,0.,2.094395102393,4.188790204786,
6.28318530718,8.377580409573),.UNSPECIFIED.) CURVE() 
GEOMETRIC_REPRESENTATION_ITEM() RATIONAL_B_SPLINE_CURVE((1.,0.5,1.,0.5,
1.,0.5,1.)) REPRESENTATION_ITEM('') );
#1879 = CARTESIAN_POINT('',(1.9,1.776356839416E-17));
#1880 = CARTESIAN_POINT('',(1.9,-3.290896534381));
#1881 = CARTESIAN_POINT('',(-0.95,-1.64544826719));
#1882 = CARTESIAN_POINT('',(-3.8,-4.476022152818E-16));
#1883 = CARTESIAN_POINT('',(-0.95,1.64544826719));
#1884 = CARTESIAN_POINT('',(1.9,3.290896534381));
#1885 = CARTESIAN_POINT('',(1.9,1.776356839416E-17));
#1886 = ( GEOMETRIC_REPRESENTATION_CONTEXT(2) 
PARAMETRIC_REPRESENTATION_CONTEXT() REPRESENTATION_CONTEXT('2D SPACE',''
  ) );
#1887 = PCURVE('',#1888,#1893);
#1888 = CYLINDRICAL_SURFACE('',#1889,1.9);
#1889 = AXIS2_PLACEMENT_3D('',#1890,#1891,#1892);
#1890 = CARTESIAN_POINT('',(-7.46,-1.092459456231E-15,10.));
#1891 = DIRECTION('',(0.,0.,-1.));
#1892 = DIRECTION('',(1.,0.,0.));
#1893 = DEFINITIONAL_REPRESENTATION('',(#1894),#1898);
#1894 = LINE('',#1895,#1896);
#1895 = CARTESIAN_POINT('',(0.,0.45));
#1896 = VECTOR('',#1897,1.);
#1897 = DIRECTION('',(1.,0.));
#1898 = ( GEOMETRIC_REPRESENTATION_CONTEXT(2) 
PARAMETRIC_REPRESENTATION_CONTEXT() REPRESENTATION_CONTEXT('2D SPACE',''
  ) );
#1899 = ORIENTED_EDGE('',*,*,#1900,.F.);
#1900 = EDGE_CURVE('',#1901,#1861,#1903,.T.);
#1901 = VERTEX_POINT('',#1902);
#1902 = CARTESIAN_POINT('',(-7.11,1.9,9.55));
#1903 = SURFACE_CURVE('',#1904,(#1908,#1915),.PCURVE_S1.);
#1904 = LINE('',#1905,#1906);
#1905 = CARTESIAN_POINT('',(-7.11,1.9,9.55));
#1906 = VECTOR('',#1907,1.);
#1907 = DIRECTION('',(-1.,0.,0.));
#1908 = PCURVE('',#1872,#1909);
#1909 = DEFINITIONAL_REPRESENTATION('',(#1910),#1914);
#1910 = LINE('',#1911,#1912);
#1911 = CARTESIAN_POINT('',(0.35,1.9));
#1912 = VECTOR('',#1913,1.);
#1913 = DIRECTION('',(-1.,0.));
#1914 = ( GEOMETRIC_REPRESENTATION_CONTEXT(2) 
PARAMETRIC_REPRESENTATION_CONTEXT() REPRESENTATION_CONTEXT('2D SPACE',''
  ) );
#1915 = PCURVE('',#1916,#1921);
#1916 = PLANE('',#1917);
#1917 = AXIS2_PLACEMENT_3D('',#1918,#1919,#1920);
#1918 = CARTESIAN_POINT('',(-7.81,1.9,9.55));
#1919 = DIRECTION('',(0.,1.,0.));
#1920 = DIRECTION('',(1.,0.,0.));
#1921 = DEFINITIONAL_REPRESENTATION('',(#1922),#1926);
#1922 = LINE('',#1923,#1924);
#1923 = CARTESIAN_POINT('',(0.7,0.));
#1924 = VECTOR('',#1925,1.);
#1925 = DIRECTION('',(-1.,0.));
#1926 = ( GEOMETRIC_REPRESENTATION_CONTEXT(2) 
PARAMETRIC_REPRESENTATION_CONTEXT() REPRESENTATION_CONTEXT('2D SPACE',''
  ) );
#1927 = ORIENTED_EDGE('',*,*,#1928,.F.);
#1928 = EDGE_CURVE('',#1863,#1901,#1929,.T.);
#1929 = SURFACE_CURVE('',#1930,(#1934,#1941),.PCURVE_S1.);
#1930 = LINE('',#1931,#1932);
#1931 = CARTESIAN_POINT('',(-7.11,-1.9,9.55));
#1932 = VECTOR('',#1933,1.);
#1933 = DIRECTION('',(0.,1.,0.));
#1934 = PCURVE('',#1872,#1935);
#1935 = DEFINITIONAL_REPRESENTATION('',(#1936),#1940);
#1936 = LINE('',#1937,#1938);
#1937 = CARTESIAN_POINT('',(0.35,-1.9));
#1938 = VECTOR('',#1939,1.);
#1939 = DIRECTION('',(0.,1.));
#1940 = ( GEOMETRIC_REPRESENTATION_CONTEXT(2) 
PARAMETRIC_REPRESENTATION_CONTEXT() REPRESENTATION_CONTEXT('2D SPACE',''
  ) );
#1941 = PCURVE('',#1942,#1947);
#1942 = PLANE('',#1943);
#1943 = AXIS2_PLACEMENT_3D('',#1944,#1945,#1946);
#1944 = CARTESIAN_POINT('',(-7.11,1.9,9.55));
#1945 = DIRECTION('',(1.,0.,0.));
#1946 = DIRECTION('',(0.,-1.,0.));
#1947 = DEFINITIONAL_REPRESENTATION('',(#1948),#1952);
#1948 = LINE('',#1949,#1950);
#1949 = CARTESIAN_POINT('',(3.8,0.));
#1950 = VECTOR('',#1951,1.);
#1951 = DIRECTION('',(-1.,0.));
#1952 = ( GEOMETRIC_REPRESENTATION_CONTEXT(2) 
PARAMETRIC_REPRESENTATION_CONTEXT() REPRESENTATION_CONTEXT('2D SPACE',''
  ) );
#1953 = ADVANCED_FACE('',(#1954),#1969,.F.);
#1954 = FACE_BOUND('',#1955,.T.);
#1955 = EDGE_LOOP('',(#1956,#1991,#2014));
#1956 = ORIENTED_EDGE('',*,*,#1957,.F.);
#1957 = EDGE_CURVE('',#1958,#1960,#1962,.T.);
#1958 = VERTEX_POINT('',#1959);
#1959 = CARTESIAN_POINT('',(-7.11,-1.867484939698,9.55));
#1960 = VERTEX_POINT('',#1961);
#1961 = CARTESIAN_POINT('',(-7.46,-1.9,9.55));
#1962 = SURFACE_CURVE('',#1963,(#1968,#1984),.PCURVE_S1.);
#1963 = CIRCLE('',#1964,1.9);
#1964 = AXIS2_PLACEMENT_3D('',#1965,#1966,#1967);
#1965 = CARTESIAN_POINT('',(-7.46,-1.092459456231E-15,9.55));
#1966 = DIRECTION('',(0.,0.,-1.));
#1967 = DIRECTION('',(1.,0.,0.));
#1968 = PCURVE('',#1969,#1974);
#1969 = PLANE('',#1970);
#1970 = AXIS2_PLACEMENT_3D('',#1971,#1972,#1973);
#1971 = CARTESIAN_POINT('',(-7.46,-1.110223024625E-15,9.55));
#1972 = DIRECTION('',(0.,0.,1.));
#1973 = DIRECTION('',(1.,0.,-0.));
#1974 = DEFINITIONAL_REPRESENTATION('',(#1975),#1983);
#1975 = ( BOUNDED_CURVE() B_SPLINE_CURVE(2,(#1976,#1977,#1978,#1979,
#1980,#1981,#1982),.UNSPECIFIED.,.T.,.F.) B_SPLINE_CURVE_WITH_KNOTS((1,2
    ,2,2,2,1),(-2.094395102393,0.,2.094395102393,4.188790204786,
6.28318530718,8.377580409573),.UNSPECIFIED.) CURVE() 
GEOMETRIC_REPRESENTATION_ITEM() RATIONAL_B_SPLINE_CURVE((1.,0.5,1.,0.5,
1.,0.5,1.)) REPRESENTATION_ITEM('') );
#1976 = CARTESIAN_POINT('',(1.9,1.776356839416E-17));
#1977 = CARTESIAN_POINT('',(1.9,-3.290896534381));
#1978 = CARTESIAN_POINT('',(-0.95,-1.64544826719));
#1979 = CARTESIAN_POINT('',(-3.8,-4.476022152818E-16));
#1980 = CARTESIAN_POINT('',(-0.95,1.64544826719));
#1981 = CARTESIAN_POINT('',(1.9,3.290896534381));
#1982 = CARTESIAN_POINT('',(1.9,1.776356839416E-17));
#1983 = ( GEOMETRIC_REPRESENTATION_CONTEXT(2) 
PARAMETRIC_REPRESENTATION_CONTEXT() REPRESENTATION_CONTEXT('2D SPACE',''
  ) );
#1984 = PCURVE('',#1888,#1985);
#1985 = DEFINITIONAL_REPRESENTATION('',(#1986),#1990);
#1986 = LINE('',#1987,#1988);
#1987 = CARTESIAN_POINT('',(6.28318530718,0.45));
#1988 = VECTOR('',#1989,1.);
#1989 = DIRECTION('',(1.,0.));
#1990 = ( GEOMETRIC_REPRESENTATION_CONTEXT(2) 
PARAMETRIC_REPRESENTATION_CONTEXT() REPRESENTATION_CONTEXT('2D SPACE',''
  ) );
#1991 = ORIENTED_EDGE('',*,*,#1992,.F.);
#1992 = EDGE_CURVE('',#1993,#1958,#1995,.T.);
#1993 = VERTEX_POINT('',#1994);
#1994 = CARTESIAN_POINT('',(-7.11,-1.9,9.55));
#1995 = SURFACE_CURVE('',#1996,(#2000,#2007),.PCURVE_S1.);
#1996 = LINE('',#1997,#1998);
#1997 = CARTESIAN_POINT('',(-7.11,-1.9,9.55));
#1998 = VECTOR('',#1999,1.);
#1999 = DIRECTION('',(0.,1.,0.));
#2000 = PCURVE('',#1969,#2001);
#2001 = DEFINITIONAL_REPRESENTATION('',(#2002),#2006);
#2002 = LINE('',#2003,#2004);
#2003 = CARTESIAN_POINT('',(0.35,-1.9));
#2004 = VECTOR('',#2005,1.);
#2005 = DIRECTION('',(0.,1.));
#2006 = ( GEOMETRIC_REPRESENTATION_CONTEXT(2) 
PARAMETRIC_REPRESENTATION_CONTEXT() REPRESENTATION_CONTEXT('2D SPACE',''
  ) );
#2007 = PCURVE('',#1942,#2008);
#2008 = DEFINITIONAL_REPRESENTATION('',(#2009),#2013);
#2009 = LINE('',#2010,#2011);
#2010 = CARTESIAN_POINT('',(3.8,0.));
#2011 = VECTOR('',#2012,1.);
#2012 = DIRECTION('',(-1.,0.));
#2013 = ( GEOMETRIC_REPRESENTATION_CONTEXT(2) 
PARAMETRIC_REPRESENTATION_CONTEXT() REPRESENTATION_CONTEXT('2D SPACE',''
  ) );
#2014 = ORIENTED_EDGE('',*,*,#2015,.F.);
#2015 = EDGE_CURVE('',#1960,#1993,#2016,.T.);
#2016 = SURFACE_CURVE('',#2017,(#2021,#2028),.PCURVE_S1.);
#2017 = LINE('',#2018,#2019);
#2018 = CARTESIAN_POINT('',(-7.81,-1.9,9.55));
#2019 = VECTOR('',#2020,1.);
#2020 = DIRECTION('',(1.,0.,0.));
#2021 = PCURVE('',#1969,#2022);
#2022 = DEFINITIONAL_REPRESENTATION('',(#2023),#2027);
#2023 = LINE('',#2024,#2025);
#2024 = CARTESIAN_POINT('',(-0.35,-1.9));
#2025 = VECTOR('',#2026,1.);
#2026 = DIRECTION('',(1.,0.));
#2027 = ( GEOMETRIC_REPRESENTATION_CONTEXT(2) 
PARAMETRIC_REPRESENTATION_CONTEXT() REPRESENTATION_CONTEXT('2D SPACE',''
  ) );
#2028 = PCURVE('',#2029,#2034);
#2029 = PLANE('',#2030);
#2030 = AXIS2_PLACEMENT_3D('',#2031,#2032,#2033);
#2031 = CARTESIAN_POINT('',(-7.11,-1.9,9.55));
#2032 = DIRECTION('',(0.,-1.,0.));
#2033 = DIRECTION('',(-1.,0.,0.));
#2034 = DEFINITIONAL_REPRESENTATION('',(#2035),#2039);
#2035 = LINE('',#2036,#2037);
#2036 = CARTESIAN_POINT('',(0.7,0.));
#2037 = VECTOR('',#2038,1.);
#2038 = DIRECTION('',(-1.,-0.));
#2039 = ( GEOMETRIC_REPRESENTATION_CONTEXT(2) 
PARAMETRIC_REPRESENTATION_CONTEXT() REPRESENTATION_CONTEXT('2D SPACE',''
  ) );
#2040 = ADVANCED_FACE('',(#2041),#2054,.F.);
#2041 = FACE_BOUND('',#2042,.T.);
#2042 = EDGE_LOOP('',(#2043,#2076,#2104));
#2043 = ORIENTED_EDGE('',*,*,#2044,.F.);
#2044 = EDGE_CURVE('',#2045,#1861,#2047,.T.);
#2045 = VERTEX_POINT('',#2046);
#2046 = CARTESIAN_POINT('',(-7.81,1.867484939698,9.55));
#2047 = SURFACE_CURVE('',#2048,(#2053,#2069),.PCURVE_S1.);
#2048 = CIRCLE('',#2049,1.9);
#2049 = AXIS2_PLACEMENT_3D('',#2050,#2051,#2052);
#2050 = CARTESIAN_POINT('',(-7.46,-1.092459456231E-15,9.55));
#2051 = DIRECTION('',(0.,0.,-1.));
#2052 = DIRECTION('',(1.,0.,0.));
#2053 = PCURVE('',#2054,#2059);
#2054 = PLANE('',#2055);
#2055 = AXIS2_PLACEMENT_3D('',#2056,#2057,#2058);
#2056 = CARTESIAN_POINT('',(-7.46,-1.110223024625E-15,9.55));
#2057 = DIRECTION('',(0.,0.,1.));
#2058 = DIRECTION('',(1.,0.,-0.));
#2059 = DEFINITIONAL_REPRESENTATION('',(#2060),#2068);
#2060 = ( BOUNDED_CURVE() B_SPLINE_CURVE(2,(#2061,#2062,#2063,#2064,
#2065,#2066,#2067),.UNSPECIFIED.,.T.,.F.) B_SPLINE_CURVE_WITH_KNOTS((1,2
    ,2,2,2,1),(-2.094395102393,0.,2.094395102393,4.188790204786,
6.28318530718,8.377580409573),.UNSPECIFIED.) CURVE() 
GEOMETRIC_REPRESENTATION_ITEM() RATIONAL_B_SPLINE_CURVE((1.,0.5,1.,0.5,
1.,0.5,1.)) REPRESENTATION_ITEM('') );
#2061 = CARTESIAN_POINT('',(1.9,1.776356839416E-17));
#2062 = CARTESIAN_POINT('',(1.9,-3.290896534381));
#2063 = CARTESIAN_POINT('',(-0.95,-1.64544826719));
#2064 = CARTESIAN_POINT('',(-3.8,-4.476022152818E-16));
#2065 = CARTESIAN_POINT('',(-0.95,1.64544826719));
#2066 = CARTESIAN_POINT('',(1.9,3.290896534381));
#2067 = CARTESIAN_POINT('',(1.9,1.776356839416E-17));
#2068 = ( GEOMETRIC_REPRESENTATION_CONTEXT(2) 
PARAMETRIC_REPRESENTATION_CONTEXT() REPRESENTATION_CONTEXT('2D SPACE',''
  ) );
#2069 = PCURVE('',#1888,#2070);
#2070 = DEFINITIONAL_REPRESENTATION('',(#2071),#2075);
#2071 = LINE('',#2072,#2073);
#2072 = CARTESIAN_POINT('',(0.,0.45));
#2073 = VECTOR('',#2074,1.);
#2074 = DIRECTION('',(1.,0.));
#2075 = ( GEOMETRIC_REPRESENTATION_CONTEXT(2) 
PARAMETRIC_REPRESENTATION_CONTEXT() REPRESENTATION_CONTEXT('2D SPACE',''
  ) );
#2076 = ORIENTED_EDGE('',*,*,#2077,.F.);
#2077 = EDGE_CURVE('',#2078,#2045,#2080,.T.);
#2078 = VERTEX_POINT('',#2079);
#2079 = CARTESIAN_POINT('',(-7.81,1.9,9.55));
#2080 = SURFACE_CURVE('',#2081,(#2085,#2092),.PCURVE_S1.);
#2081 = LINE('',#2082,#2083);
#2082 = CARTESIAN_POINT('',(-7.81,1.9,9.55));
#2083 = VECTOR('',#2084,1.);
#2084 = DIRECTION('',(0.,-1.,0.));
#2085 = PCURVE('',#2054,#2086);
#2086 = DEFINITIONAL_REPRESENTATION('',(#2087),#2091);
#2087 = LINE('',#2088,#2089);
#2088 = CARTESIAN_POINT('',(-0.35,1.9));
#2089 = VECTOR('',#2090,1.);
#2090 = DIRECTION('',(0.,-1.));
#2091 = ( GEOMETRIC_REPRESENTATION_CONTEXT(2) 
PARAMETRIC_REPRESENTATION_CONTEXT() REPRESENTATION_CONTEXT('2D SPACE',''
  ) );
#2092 = PCURVE('',#2093,#2098);
#2093 = PLANE('',#2094);
#2094 = AXIS2_PLACEMENT_3D('',#2095,#2096,#2097);
#2095 = CARTESIAN_POINT('',(-7.81,-1.9,9.55));
#2096 = DIRECTION('',(-1.,0.,0.));
#2097 = DIRECTION('',(0.,1.,0.));
#2098 = DEFINITIONAL_REPRESENTATION('',(#2099),#2103);
#2099 = LINE('',#2100,#2101);
#2100 = CARTESIAN_POINT('',(3.8,0.));
#2101 = VECTOR('',#2102,1.);
#2102 = DIRECTION('',(-1.,0.));
#2103 = ( GEOMETRIC_REPRESENTATION_CONTEXT(2) 
PARAMETRIC_REPRESENTATION_CONTEXT() REPRESENTATION_CONTEXT('2D SPACE',''
  ) );
#2104 = ORIENTED_EDGE('',*,*,#2105,.F.);
#2105 = EDGE_CURVE('',#1861,#2078,#2106,.T.);
#2106 = SURFACE_CURVE('',#2107,(#2111,#2118),.PCURVE_S1.);
#2107 = LINE('',#2108,#2109);
#2108 = CARTESIAN_POINT('',(-7.11,1.9,9.55));
#2109 = VECTOR('',#2110,1.);
#2110 = DIRECTION('',(-1.,0.,0.));
#2111 = PCURVE('',#2054,#2112);
#2112 = DEFINITIONAL_REPRESENTATION('',(#2113),#2117);
#2113 = LINE('',#2114,#2115);
#2114 = CARTESIAN_POINT('',(0.35,1.9));
#2115 = VECTOR('',#2116,1.);
#2116 = DIRECTION('',(-1.,0.));
#2117 = ( GEOMETRIC_REPRESENTATION_CONTEXT(2) 
PARAMETRIC_REPRESENTATION_CONTEXT() REPRESENTATION_CONTEXT('2D SPACE',''
  ) );
#2118 = PCURVE('',#1916,#2119);
#2119 = DEFINITIONAL_REPRESENTATION('',(#2120),#2124);
#2120 = LINE('',#2121,#2122);
#2121 = CARTESIAN_POINT('',(0.7,0.));
#2122 = VECTOR('',#2123,1.);
#2123 = DIRECTION('',(-1.,0.));
#2124 = ( GEOMETRIC_REPRESENTATION_CONTEXT(2) 
PARAMETRIC_REPRESENTATION_CONTEXT() REPRESENTATION_CONTEXT('2D SPACE',''
  ) );
#2125 = ADVANCED_FACE('',(#2126),#1916,.F.);
#2126 = FACE_BOUND('',#2127,.T.);
#2127 = EDGE_LOOP('',(#2128,#2129,#2130,#2153,#2181));
#2128 = ORIENTED_EDGE('',*,*,#1900,.T.);
#2129 = ORIENTED_EDGE('',*,*,#2105,.T.);
#2130 = ORIENTED_EDGE('',*,*,#2131,.T.);
#2131 = EDGE_CURVE('',#2078,#2132,#2134,.T.);
#2132 = VERTEX_POINT('',#2133);
#2133 = CARTESIAN_POINT('',(-7.81,1.9,8.55));
#2134 = SURFACE_CURVE('',#2135,(#2139,#2146),.PCURVE_S1.);
#2135 = LINE('',#2136,#2137);
#2136 = CARTESIAN_POINT('',(-7.81,1.9,9.55));
#2137 = VECTOR('',#2138,1.);
#2138 = DIRECTION('',(0.,0.,-1.));
#2139 = PCURVE('',#1916,#2140);
#2140 = DEFINITIONAL_REPRESENTATION('',(#2141),#2145);
#2141 = LINE('',#2142,#2143);
#2142 = CARTESIAN_POINT('',(0.,0.));
#2143 = VECTOR('',#2144,1.);
#2144 = DIRECTION('',(0.,1.));
#2145 = ( GEOMETRIC_REPRESENTATION_CONTEXT(2) 
PARAMETRIC_REPRESENTATION_CONTEXT() REPRESENTATION_CONTEXT('2D SPACE',''
  ) );
#2146 = PCURVE('',#2093,#2147);
#2147 = DEFINITIONAL_REPRESENTATION('',(#2148),#2152);
#2148 = LINE('',#2149,#2150);
#2149 = CARTESIAN_POINT('',(3.8,0.));
#2150 = VECTOR('',#2151,1.);
#2151 = DIRECTION('',(0.,1.));
#2152 = ( GEOMETRIC_REPRESENTATION_CONTEXT(2) 
PARAMETRIC_REPRESENTATION_CONTEXT() REPRESENTATION_CONTEXT('2D SPACE',''
  ) );
#2153 = ORIENTED_EDGE('',*,*,#2154,.T.);
#2154 = EDGE_CURVE('',#2132,#2155,#2157,.T.);
#2155 = VERTEX_POINT('',#2156);
#2156 = CARTESIAN_POINT('',(-7.11,1.9,8.55));
#2157 = SURFACE_CURVE('',#2158,(#2162,#2169),.PCURVE_S1.);
#2158 = LINE('',#2159,#2160);
#2159 = CARTESIAN_POINT('',(-7.11,1.9,8.55));
#2160 = VECTOR('',#2161,1.);
#2161 = DIRECTION('',(1.,0.,0.));
#2162 = PCURVE('',#1916,#2163);
#2163 = DEFINITIONAL_REPRESENTATION('',(#2164),#2168);
#2164 = LINE('',#2165,#2166);
#2165 = CARTESIAN_POINT('',(0.7,1.));
#2166 = VECTOR('',#2167,1.);
#2167 = DIRECTION('',(1.,0.));
#2168 = ( GEOMETRIC_REPRESENTATION_CONTEXT(2) 
PARAMETRIC_REPRESENTATION_CONTEXT() REPRESENTATION_CONTEXT('2D SPACE',''
  ) );
#2169 = PCURVE('',#2170,#2175);
#2170 = PLANE('',#2171);
#2171 = AXIS2_PLACEMENT_3D('',#2172,#2173,#2174);
#2172 = CARTESIAN_POINT('',(-7.46,-1.110223024625E-15,8.55));
#2173 = DIRECTION('',(0.,0.,-1.));
#2174 = DIRECTION('',(-1.,0.,0.));
#2175 = DEFINITIONAL_REPRESENTATION('',(#2176),#2180);
#2176 = LINE('',#2177,#2178);
#2177 = CARTESIAN_POINT('',(-0.35,1.9));
#2178 = VECTOR('',#2179,1.);
#2179 = DIRECTION('',(-1.,0.));
#2180 = ( GEOMETRIC_REPRESENTATION_CONTEXT(2) 
PARAMETRIC_REPRESENTATION_CONTEXT() REPRESENTATION_CONTEXT('2D SPACE',''
  ) );
#2181 = ORIENTED_EDGE('',*,*,#2182,.F.);
#2182 = EDGE_CURVE('',#1901,#2155,#2183,.T.);
#2183 = SURFACE_CURVE('',#2184,(#2188,#2195),.PCURVE_S1.);
#2184 = LINE('',#2185,#2186);
#2185 = CARTESIAN_POINT('',(-7.11,1.9,9.55));
#2186 = VECTOR('',#2187,1.);
#2187 = DIRECTION('',(0.,0.,-1.));
#2188 = PCURVE('',#1916,#2189);
#2189 = DEFINITIONAL_REPRESENTATION('',(#2190),#2194);
#2190 = LINE('',#2191,#2192);
#2191 = CARTESIAN_POINT('',(0.7,0.));
#2192 = VECTOR('',#2193,1.);
#2193 = DIRECTION('',(0.,1.));
#2194 = ( GEOMETRIC_REPRESENTATION_CONTEXT(2) 
PARAMETRIC_REPRESENTATION_CONTEXT() REPRESENTATION_CONTEXT('2D SPACE',''
  ) );
#2195 = PCURVE('',#1942,#2196);
#2196 = DEFINITIONAL_REPRESENTATION('',(#2197),#2201);
#2197 = LINE('',#2198,#2199);
#2198 = CARTESIAN_POINT('',(0.,0.));
#2199 = VECTOR('',#2200,1.);
#2200 = DIRECTION('',(0.,1.));
#2201 = ( GEOMETRIC_REPRESENTATION_CONTEXT(2) 
PARAMETRIC_REPRESENTATION_CONTEXT() REPRESENTATION_CONTEXT('2D SPACE',''
  ) );
#2202 = ADVANCED_FACE('',(#2203),#2093,.F.);
#2203 = FACE_BOUND('',#2204,.T.);
#2204 = EDGE_LOOP('',(#2205,#2206,#2234,#2262,#2285,#2306));
#2205 = ORIENTED_EDGE('',*,*,#2077,.T.);
#2206 = ORIENTED_EDGE('',*,*,#2207,.F.);
#2207 = EDGE_CURVE('',#2208,#2045,#2210,.T.);
#2208 = VERTEX_POINT('',#2209);
#2209 = CARTESIAN_POINT('',(-7.81,-1.867484939698,9.55));
#2210 = SURFACE_CURVE('',#2211,(#2215,#2222),.PCURVE_S1.);
#2211 = LINE('',#2212,#2213);
#2212 = CARTESIAN_POINT('',(-7.81,-0.95,9.55));
#2213 = VECTOR('',#2214,1.);
#2214 = DIRECTION('',(0.,1.,0.));
#2215 = PCURVE('',#2093,#2216);
#2216 = DEFINITIONAL_REPRESENTATION('',(#2217),#2221);
#2217 = LINE('',#2218,#2219);
#2218 = CARTESIAN_POINT('',(0.95,0.));
#2219 = VECTOR('',#2220,1.);
#2220 = DIRECTION('',(1.,0.));
#2221 = ( GEOMETRIC_REPRESENTATION_CONTEXT(2) 
PARAMETRIC_REPRESENTATION_CONTEXT() REPRESENTATION_CONTEXT('2D SPACE',''
  ) );
#2222 = PCURVE('',#2223,#2228);
#2223 = PLANE('',#2224);
#2224 = AXIS2_PLACEMENT_3D('',#2225,#2226,#2227);
#2225 = CARTESIAN_POINT('',(-7.46,-1.110223024625E-15,9.55));
#2226 = DIRECTION('',(0.,0.,1.));
#2227 = DIRECTION('',(1.,0.,-0.));
#2228 = DEFINITIONAL_REPRESENTATION('',(#2229),#2233);
#2229 = LINE('',#2230,#2231);
#2230 = CARTESIAN_POINT('',(-0.35,-0.95));
#2231 = VECTOR('',#2232,1.);
#2232 = DIRECTION('',(0.,1.));
#2233 = ( GEOMETRIC_REPRESENTATION_CONTEXT(2) 
PARAMETRIC_REPRESENTATION_CONTEXT() REPRESENTATION_CONTEXT('2D SPACE',''
  ) );
#2234 = ORIENTED_EDGE('',*,*,#2235,.T.);
#2235 = EDGE_CURVE('',#2208,#2236,#2238,.T.);
#2236 = VERTEX_POINT('',#2237);
#2237 = CARTESIAN_POINT('',(-7.81,-1.9,9.55));
#2238 = SURFACE_CURVE('',#2239,(#2243,#2250),.PCURVE_S1.);
#2239 = LINE('',#2240,#2241);
#2240 = CARTESIAN_POINT('',(-7.81,1.9,9.55));
#2241 = VECTOR('',#2242,1.);
#2242 = DIRECTION('',(0.,-1.,0.));
#2243 = PCURVE('',#2093,#2244);
#2244 = DEFINITIONAL_REPRESENTATION('',(#2245),#2249);
#2245 = LINE('',#2246,#2247);
#2246 = CARTESIAN_POINT('',(3.8,0.));
#2247 = VECTOR('',#2248,1.);
#2248 = DIRECTION('',(-1.,0.));
#2249 = ( GEOMETRIC_REPRESENTATION_CONTEXT(2) 
PARAMETRIC_REPRESENTATION_CONTEXT() REPRESENTATION_CONTEXT('2D SPACE',''
  ) );
#2250 = PCURVE('',#2251,#2256);
#2251 = PLANE('',#2252);
#2252 = AXIS2_PLACEMENT_3D('',#2253,#2254,#2255);
#2253 = CARTESIAN_POINT('',(-7.46,-1.110223024625E-15,9.55));
#2254 = DIRECTION('',(0.,0.,1.));
#2255 = DIRECTION('',(1.,0.,-0.));
#2256 = DEFINITIONAL_REPRESENTATION('',(#2257),#2261);
#2257 = LINE('',#2258,#2259);
#2258 = CARTESIAN_POINT('',(-0.35,1.9));
#2259 = VECTOR('',#2260,1.);
#2260 = DIRECTION('',(0.,-1.));
#2261 = ( GEOMETRIC_REPRESENTATION_CONTEXT(2) 
PARAMETRIC_REPRESENTATION_CONTEXT() REPRESENTATION_CONTEXT('2D SPACE',''
  ) );
#2262 = ORIENTED_EDGE('',*,*,#2263,.T.);
#2263 = EDGE_CURVE('',#2236,#2264,#2266,.T.);
#2264 = VERTEX_POINT('',#2265);
#2265 = CARTESIAN_POINT('',(-7.81,-1.9,8.55));
#2266 = SURFACE_CURVE('',#2267,(#2271,#2278),.PCURVE_S1.);
#2267 = LINE('',#2268,#2269);
#2268 = CARTESIAN_POINT('',(-7.81,-1.9,9.55));
#2269 = VECTOR('',#2270,1.);
#2270 = DIRECTION('',(0.,0.,-1.));
#2271 = PCURVE('',#2093,#2272);
#2272 = DEFINITIONAL_REPRESENTATION('',(#2273),#2277);
#2273 = LINE('',#2274,#2275);
#2274 = CARTESIAN_POINT('',(0.,0.));
#2275 = VECTOR('',#2276,1.);
#2276 = DIRECTION('',(0.,1.));
#2277 = ( GEOMETRIC_REPRESENTATION_CONTEXT(2) 
PARAMETRIC_REPRESENTATION_CONTEXT() REPRESENTATION_CONTEXT('2D SPACE',''
  ) );
#2278 = PCURVE('',#2029,#2279);
#2279 = DEFINITIONAL_REPRESENTATION('',(#2280),#2284);
#2280 = LINE('',#2281,#2282);
#2281 = CARTESIAN_POINT('',(0.7,0.));
#2282 = VECTOR('',#2283,1.);
#2283 = DIRECTION('',(0.,1.));
#2284 = ( GEOMETRIC_REPRESENTATION_CONTEXT(2) 
PARAMETRIC_REPRESENTATION_CONTEXT() REPRESENTATION_CONTEXT('2D SPACE',''
  ) );
#2285 = ORIENTED_EDGE('',*,*,#2286,.T.);
#2286 = EDGE_CURVE('',#2264,#2132,#2287,.T.);
#2287 = SURFACE_CURVE('',#2288,(#2292,#2299),.PCURVE_S1.);
#2288 = LINE('',#2289,#2290);
#2289 = CARTESIAN_POINT('',(-7.81,1.9,8.55));
#2290 = VECTOR('',#2291,1.);
#2291 = DIRECTION('',(0.,1.,0.));
#2292 = PCURVE('',#2093,#2293);
#2293 = DEFINITIONAL_REPRESENTATION('',(#2294),#2298);
#2294 = LINE('',#2295,#2296);
#2295 = CARTESIAN_POINT('',(3.8,1.));
#2296 = VECTOR('',#2297,1.);
#2297 = DIRECTION('',(1.,0.));
#2298 = ( GEOMETRIC_REPRESENTATION_CONTEXT(2) 
PARAMETRIC_REPRESENTATION_CONTEXT() REPRESENTATION_CONTEXT('2D SPACE',''
  ) );
#2299 = PCURVE('',#2170,#2300);
#2300 = DEFINITIONAL_REPRESENTATION('',(#2301),#2305);
#2301 = LINE('',#2302,#2303);
#2302 = CARTESIAN_POINT('',(0.35,1.9));
#2303 = VECTOR('',#2304,1.);
#2304 = DIRECTION('',(0.,1.));
#2305 = ( GEOMETRIC_REPRESENTATION_CONTEXT(2) 
PARAMETRIC_REPRESENTATION_CONTEXT() REPRESENTATION_CONTEXT('2D SPACE',''
  ) );
#2306 = ORIENTED_EDGE('',*,*,#2131,.F.);
#2307 = ADVANCED_FACE('',(#2308),#2029,.F.);
#2308 = FACE_BOUND('',#2309,.T.);
#2309 = EDGE_LOOP('',(#2310,#2331,#2332,#2355,#2376));
#2310 = ORIENTED_EDGE('',*,*,#2311,.T.);
#2311 = EDGE_CURVE('',#2236,#1960,#2312,.T.);
#2312 = SURFACE_CURVE('',#2313,(#2317,#2324),.PCURVE_S1.);
#2313 = LINE('',#2314,#2315);
#2314 = CARTESIAN_POINT('',(-7.81,-1.9,9.55));
#2315 = VECTOR('',#2316,1.);
#2316 = DIRECTION('',(1.,0.,0.));
#2317 = PCURVE('',#2029,#2318);
#2318 = DEFINITIONAL_REPRESENTATION('',(#2319),#2323);
#2319 = LINE('',#2320,#2321);
#2320 = CARTESIAN_POINT('',(0.7,0.));
#2321 = VECTOR('',#2322,1.);
#2322 = DIRECTION('',(-1.,-0.));
#2323 = ( GEOMETRIC_REPRESENTATION_CONTEXT(2) 
PARAMETRIC_REPRESENTATION_CONTEXT() REPRESENTATION_CONTEXT('2D SPACE',''
  ) );
#2324 = PCURVE('',#2251,#2325);
#2325 = DEFINITIONAL_REPRESENTATION('',(#2326),#2330);
#2326 = LINE('',#2327,#2328);
#2327 = CARTESIAN_POINT('',(-0.35,-1.9));
#2328 = VECTOR('',#2329,1.);
#2329 = DIRECTION('',(1.,0.));
#2330 = ( GEOMETRIC_REPRESENTATION_CONTEXT(2) 
PARAMETRIC_REPRESENTATION_CONTEXT() REPRESENTATION_CONTEXT('2D SPACE',''
  ) );
#2331 = ORIENTED_EDGE('',*,*,#2015,.T.);
#2332 = ORIENTED_EDGE('',*,*,#2333,.T.);
#2333 = EDGE_CURVE('',#1993,#2334,#2336,.T.);
#2334 = VERTEX_POINT('',#2335);
#2335 = CARTESIAN_POINT('',(-7.11,-1.9,8.55));
#2336 = SURFACE_CURVE('',#2337,(#2341,#2348),.PCURVE_S1.);
#2337 = LINE('',#2338,#2339);
#2338 = CARTESIAN_POINT('',(-7.11,-1.9,9.55));
#2339 = VECTOR('',#2340,1.);
#2340 = DIRECTION('',(0.,0.,-1.));
#2341 = PCURVE('',#2029,#2342);
#2342 = DEFINITIONAL_REPRESENTATION('',(#2343),#2347);
#2343 = LINE('',#2344,#2345);
#2344 = CARTESIAN_POINT('',(0.,-0.));
#2345 = VECTOR('',#2346,1.);
#2346 = DIRECTION('',(0.,1.));
#2347 = ( GEOMETRIC_REPRESENTATION_CONTEXT(2) 
PARAMETRIC_REPRESENTATION_CONTEXT() REPRESENTATION_CONTEXT('2D SPACE',''
  ) );
#2348 = PCURVE('',#1942,#2349);
#2349 = DEFINITIONAL_REPRESENTATION('',(#2350),#2354);
#2350 = LINE('',#2351,#2352);
#2351 = CARTESIAN_POINT('',(3.8,0.));
#2352 = VECTOR('',#2353,1.);
#2353 = DIRECTION('',(0.,1.));
#2354 = ( GEOMETRIC_REPRESENTATION_CONTEXT(2) 
PARAMETRIC_REPRESENTATION_CONTEXT() REPRESENTATION_CONTEXT('2D SPACE',''
  ) );
#2355 = ORIENTED_EDGE('',*,*,#2356,.T.);
#2356 = EDGE_CURVE('',#2334,#2264,#2357,.T.);
#2357 = SURFACE_CURVE('',#2358,(#2362,#2369),.PCURVE_S1.);
#2358 = LINE('',#2359,#2360);
#2359 = CARTESIAN_POINT('',(-7.81,-1.9,8.55));
#2360 = VECTOR('',#2361,1.);
#2361 = DIRECTION('',(-1.,0.,0.));
#2362 = PCURVE('',#2029,#2363);
#2363 = DEFINITIONAL_REPRESENTATION('',(#2364),#2368);
#2364 = LINE('',#2365,#2366);
#2365 = CARTESIAN_POINT('',(0.7,1.));
#2366 = VECTOR('',#2367,1.);
#2367 = DIRECTION('',(1.,0.));
#2368 = ( GEOMETRIC_REPRESENTATION_CONTEXT(2) 
PARAMETRIC_REPRESENTATION_CONTEXT() REPRESENTATION_CONTEXT('2D SPACE',''
  ) );
#2369 = PCURVE('',#2170,#2370);
#2370 = DEFINITIONAL_REPRESENTATION('',(#2371),#2375);
#2371 = LINE('',#2372,#2373);
#2372 = CARTESIAN_POINT('',(0.35,-1.9));
#2373 = VECTOR('',#2374,1.);
#2374 = DIRECTION('',(1.,0.));
#2375 = ( GEOMETRIC_REPRESENTATION_CONTEXT(2) 
PARAMETRIC_REPRESENTATION_CONTEXT() REPRESENTATION_CONTEXT('2D SPACE',''
  ) );
#2376 = ORIENTED_EDGE('',*,*,#2263,.F.);
#2377 = ADVANCED_FACE('',(#2378),#1942,.F.);
#2378 = FACE_BOUND('',#2379,.T.);
#2379 = EDGE_LOOP('',(#2380,#2381,#2407,#2408,#2409,#2430));
#2380 = ORIENTED_EDGE('',*,*,#1992,.T.);
#2381 = ORIENTED_EDGE('',*,*,#2382,.F.);
#2382 = EDGE_CURVE('',#1863,#1958,#2383,.T.);
#2383 = SURFACE_CURVE('',#2384,(#2388,#2395),.PCURVE_S1.);
#2384 = LINE('',#2385,#2386);
#2385 = CARTESIAN_POINT('',(-7.11,0.95,9.55));
#2386 = VECTOR('',#2387,1.);
#2387 = DIRECTION('',(0.,-1.,0.));
#2388 = PCURVE('',#1942,#2389);
#2389 = DEFINITIONAL_REPRESENTATION('',(#2390),#2394);
#2390 = LINE('',#2391,#2392);
#2391 = CARTESIAN_POINT('',(0.95,0.));
#2392 = VECTOR('',#2393,1.);
#2393 = DIRECTION('',(1.,0.));
#2394 = ( GEOMETRIC_REPRESENTATION_CONTEXT(2) 
PARAMETRIC_REPRESENTATION_CONTEXT() REPRESENTATION_CONTEXT('2D SPACE',''
  ) );
#2395 = PCURVE('',#2396,#2401);
#2396 = PLANE('',#2397);
#2397 = AXIS2_PLACEMENT_3D('',#2398,#2399,#2400);
#2398 = CARTESIAN_POINT('',(-7.46,-1.110223024625E-15,9.55));
#2399 = DIRECTION('',(0.,0.,1.));
#2400 = DIRECTION('',(1.,0.,-0.));
#2401 = DEFINITIONAL_REPRESENTATION('',(#2402),#2406);
#2402 = LINE('',#2403,#2404);
#2403 = CARTESIAN_POINT('',(0.35,0.95));
#2404 = VECTOR('',#2405,1.);
#2405 = DIRECTION('',(0.,-1.));
#2406 = ( GEOMETRIC_REPRESENTATION_CONTEXT(2) 
PARAMETRIC_REPRESENTATION_CONTEXT() REPRESENTATION_CONTEXT('2D SPACE',''
  ) );
#2407 = ORIENTED_EDGE('',*,*,#1928,.T.);
#2408 = ORIENTED_EDGE('',*,*,#2182,.T.);
#2409 = ORIENTED_EDGE('',*,*,#2410,.T.);
#2410 = EDGE_CURVE('',#2155,#2334,#2411,.T.);
#2411 = SURFACE_CURVE('',#2412,(#2416,#2423),.PCURVE_S1.);
#2412 = LINE('',#2413,#2414);
#2413 = CARTESIAN_POINT('',(-7.11,-1.9,8.55));
#2414 = VECTOR('',#2415,1.);
#2415 = DIRECTION('',(0.,-1.,0.));
#2416 = PCURVE('',#1942,#2417);
#2417 = DEFINITIONAL_REPRESENTATION('',(#2418),#2422);
#2418 = LINE('',#2419,#2420);
#2419 = CARTESIAN_POINT('',(3.8,1.));
#2420 = VECTOR('',#2421,1.);
#2421 = DIRECTION('',(1.,0.));
#2422 = ( GEOMETRIC_REPRESENTATION_CONTEXT(2) 
PARAMETRIC_REPRESENTATION_CONTEXT() REPRESENTATION_CONTEXT('2D SPACE',''
  ) );
#2423 = PCURVE('',#2170,#2424);
#2424 = DEFINITIONAL_REPRESENTATION('',(#2425),#2429);
#2425 = LINE('',#2426,#2427);
#2426 = CARTESIAN_POINT('',(-0.35,-1.9));
#2427 = VECTOR('',#2428,1.);
#2428 = DIRECTION('',(0.,-1.));
#2429 = ( GEOMETRIC_REPRESENTATION_CONTEXT(2) 
PARAMETRIC_REPRESENTATION_CONTEXT() REPRESENTATION_CONTEXT('2D SPACE',''
  ) );
#2430 = ORIENTED_EDGE('',*,*,#2333,.F.);
#2431 = ADVANCED_FACE('',(#2432),#2251,.F.);
#2432 = FACE_BOUND('',#2433,.T.);
#2433 = EDGE_LOOP('',(#2434,#2460,#2461));
#2434 = ORIENTED_EDGE('',*,*,#2435,.F.);
#2435 = EDGE_CURVE('',#1960,#2208,#2436,.T.);
#2436 = SURFACE_CURVE('',#2437,(#2442,#2453),.PCURVE_S1.);
#2437 = CIRCLE('',#2438,1.9);
#2438 = AXIS2_PLACEMENT_3D('',#2439,#2440,#2441);
#2439 = CARTESIAN_POINT('',(-7.46,-1.092459456231E-15,9.55));
#2440 = DIRECTION('',(0.,0.,-1.));
#2441 = DIRECTION('',(1.,0.,0.));
#2442 = PCURVE('',#2251,#2443);
#2443 = DEFINITIONAL_REPRESENTATION('',(#2444),#2452);
#2444 = ( BOUNDED_CURVE() B_SPLINE_CURVE(2,(#2445,#2446,#2447,#2448,
#2449,#2450,#2451),.UNSPECIFIED.,.T.,.F.) B_SPLINE_CURVE_WITH_KNOTS((1,2
    ,2,2,2,1),(-2.094395102393,0.,2.094395102393,4.188790204786,
6.28318530718,8.377580409573),.UNSPECIFIED.) CURVE() 
GEOMETRIC_REPRESENTATION_ITEM() RATIONAL_B_SPLINE_CURVE((1.,0.5,1.,0.5,
1.,0.5,1.)) REPRESENTATION_ITEM('') );
#2445 = CARTESIAN_POINT('',(1.9,1.776356839416E-17));
#2446 = CARTESIAN_POINT('',(1.9,-3.290896534381));
#2447 = CARTESIAN_POINT('',(-0.95,-1.64544826719));
#2448 = CARTESIAN_POINT('',(-3.8,-4.476022152818E-16));
#2449 = CARTESIAN_POINT('',(-0.95,1.64544826719));
#2450 = CARTESIAN_POINT('',(1.9,3.290896534381));
#2451 = CARTESIAN_POINT('',(1.9,1.776356839416E-17));
#2452 = ( GEOMETRIC_REPRESENTATION_CONTEXT(2) 
PARAMETRIC_REPRESENTATION_CONTEXT() REPRESENTATION_CONTEXT('2D SPACE',''
  ) );
#2453 = PCURVE('',#1888,#2454);
#2454 = DEFINITIONAL_REPRESENTATION('',(#2455),#2459);
#2455 = LINE('',#2456,#2457);
#2456 = CARTESIAN_POINT('',(6.28318530718,0.45));
#2457 = VECTOR('',#2458,1.);
#2458 = DIRECTION('',(1.,0.));
#2459 = ( GEOMETRIC_REPRESENTATION_CONTEXT(2) 
PARAMETRIC_REPRESENTATION_CONTEXT() REPRESENTATION_CONTEXT('2D SPACE',''
  ) );
#2460 = ORIENTED_EDGE('',*,*,#2311,.F.);
#2461 = ORIENTED_EDGE('',*,*,#2235,.F.);
#2462 = ADVANCED_FACE('',(#2463),#2170,.F.);
#2463 = FACE_BOUND('',#2464,.T.);
#2464 = EDGE_LOOP('',(#2465,#2466,#2467,#2468));
#2465 = ORIENTED_EDGE('',*,*,#2410,.F.);
#2466 = ORIENTED_EDGE('',*,*,#2154,.F.);
#2467 = ORIENTED_EDGE('',*,*,#2286,.F.);
#2468 = ORIENTED_EDGE('',*,*,#2356,.F.);
#2469 = ADVANCED_FACE('',(#2470),#507,.T.);
#2470 = FACE_BOUND('',#2471,.T.);
#2471 = EDGE_LOOP('',(#2472,#2473));
#2472 = ORIENTED_EDGE('',*,*,#493,.T.);
#2473 = ORIENTED_EDGE('',*,*,#2474,.F.);
#2474 = EDGE_CURVE('',#24,#119,#2475,.T.);
#2475 = SURFACE_CURVE('',#2476,(#2481,#2492),.PCURVE_S1.);
#2476 = CIRCLE('',#2477,1.9);
#2477 = AXIS2_PLACEMENT_3D('',#2478,#2479,#2480);
#2478 = CARTESIAN_POINT('',(2.54,0.,9.55));
#2479 = DIRECTION('',(0.,0.,-1.));
#2480 = DIRECTION('',(1.,0.,0.));
#2481 = PCURVE('',#507,#2482);
#2482 = DEFINITIONAL_REPRESENTATION('',(#2483),#2491);
#2483 = ( BOUNDED_CURVE() B_SPLINE_CURVE(2,(#2484,#2485,#2486,#2487,
#2488,#2489,#2490),.UNSPECIFIED.,.T.,.F.) B_SPLINE_CURVE_WITH_KNOTS((1,2
    ,2,2,2,1),(-2.094395102393,0.,2.094395102393,4.188790204786,
6.28318530718,8.377580409573),.UNSPECIFIED.) CURVE() 
GEOMETRIC_REPRESENTATION_ITEM() RATIONAL_B_SPLINE_CURVE((1.,0.5,1.,0.5,
1.,0.5,1.)) REPRESENTATION_ITEM('') );
#2484 = CARTESIAN_POINT('',(1.9,0.));
#2485 = CARTESIAN_POINT('',(1.9,-3.290896534381));
#2486 = CARTESIAN_POINT('',(-0.95,-1.64544826719));
#2487 = CARTESIAN_POINT('',(-3.8,-4.65365783676E-16));
#2488 = CARTESIAN_POINT('',(-0.95,1.64544826719));
#2489 = CARTESIAN_POINT('',(1.9,3.290896534381));
#2490 = CARTESIAN_POINT('',(1.9,0.));
#2491 = ( GEOMETRIC_REPRESENTATION_CONTEXT(2) 
PARAMETRIC_REPRESENTATION_CONTEXT() REPRESENTATION_CONTEXT('2D SPACE',''
  ) );
#2492 = PCURVE('',#49,#2493);
#2493 = DEFINITIONAL_REPRESENTATION('',(#2494),#2498);
#2494 = LINE('',#2495,#2496);
#2495 = CARTESIAN_POINT('',(0.,0.45));
#2496 = VECTOR('',#2497,1.);
#2497 = DIRECTION('',(1.,0.));
#2498 = ( GEOMETRIC_REPRESENTATION_CONTEXT(2) 
PARAMETRIC_REPRESENTATION_CONTEXT() REPRESENTATION_CONTEXT('2D SPACE',''
  ) );
#2499 = ADVANCED_FACE('',(#2500),#307,.T.);
#2500 = FACE_BOUND('',#2501,.T.);
#2501 = EDGE_LOOP('',(#2502,#2503,#2531));
#2502 = ORIENTED_EDGE('',*,*,#291,.T.);
#2503 = ORIENTED_EDGE('',*,*,#2504,.F.);
#2504 = EDGE_CURVE('',#2505,#206,#2507,.T.);
#2505 = VERTEX_POINT('',#2506);
#2506 = CARTESIAN_POINT('',(0.64,2.32682891838E-16,9.55));
#2507 = SURFACE_CURVE('',#2508,(#2513,#2524),.PCURVE_S1.);
#2508 = CIRCLE('',#2509,1.9);
#2509 = AXIS2_PLACEMENT_3D('',#2510,#2511,#2512);
#2510 = CARTESIAN_POINT('',(2.54,0.,9.55));
#2511 = DIRECTION('',(0.,0.,-1.));
#2512 = DIRECTION('',(1.,0.,0.));
#2513 = PCURVE('',#307,#2514);
#2514 = DEFINITIONAL_REPRESENTATION('',(#2515),#2523);
#2515 = ( BOUNDED_CURVE() B_SPLINE_CURVE(2,(#2516,#2517,#2518,#2519,
#2520,#2521,#2522),.UNSPECIFIED.,.T.,.F.) B_SPLINE_CURVE_WITH_KNOTS((1,2
    ,2,2,2,1),(-2.094395102393,0.,2.094395102393,4.188790204786,
6.28318530718,8.377580409573),.UNSPECIFIED.) CURVE() 
GEOMETRIC_REPRESENTATION_ITEM() RATIONAL_B_SPLINE_CURVE((1.,0.5,1.,0.5,
1.,0.5,1.)) REPRESENTATION_ITEM('') );
#2516 = CARTESIAN_POINT('',(1.9,0.));
#2517 = CARTESIAN_POINT('',(1.9,-3.290896534381));
#2518 = CARTESIAN_POINT('',(-0.95,-1.64544826719));
#2519 = CARTESIAN_POINT('',(-3.8,-4.65365783676E-16));
#2520 = CARTESIAN_POINT('',(-0.95,1.64544826719));
#2521 = CARTESIAN_POINT('',(1.9,3.290896534381));
#2522 = CARTESIAN_POINT('',(1.9,0.));
#2523 = ( GEOMETRIC_REPRESENTATION_CONTEXT(2) 
PARAMETRIC_REPRESENTATION_CONTEXT() REPRESENTATION_CONTEXT('2D SPACE',''
  ) );
#2524 = PCURVE('',#49,#2525);
#2525 = DEFINITIONAL_REPRESENTATION('',(#2526),#2530);
#2526 = LINE('',#2527,#2528);
#2527 = CARTESIAN_POINT('',(0.,0.45));
#2528 = VECTOR('',#2529,1.);
#2529 = DIRECTION('',(1.,0.));
#2530 = ( GEOMETRIC_REPRESENTATION_CONTEXT(2) 
PARAMETRIC_REPRESENTATION_CONTEXT() REPRESENTATION_CONTEXT('2D SPACE',''
  ) );
#2531 = ORIENTED_EDGE('',*,*,#2532,.F.);
#2532 = EDGE_CURVE('',#292,#2505,#2533,.T.);
#2533 = SURFACE_CURVE('',#2534,(#2539,#2550),.PCURVE_S1.);
#2534 = CIRCLE('',#2535,1.9);
#2535 = AXIS2_PLACEMENT_3D('',#2536,#2537,#2538);
#2536 = CARTESIAN_POINT('',(2.54,0.,9.55));
#2537 = DIRECTION('',(0.,0.,-1.));
#2538 = DIRECTION('',(1.,0.,0.));
#2539 = PCURVE('',#307,#2540);
#2540 = DEFINITIONAL_REPRESENTATION('',(#2541),#2549);
#2541 = ( BOUNDED_CURVE() B_SPLINE_CURVE(2,(#2542,#2543,#2544,#2545,
#2546,#2547,#2548),.UNSPECIFIED.,.T.,.F.) B_SPLINE_CURVE_WITH_KNOTS((1,2
    ,2,2,2,1),(-2.094395102393,0.,2.094395102393,4.188790204786,
6.28318530718,8.377580409573),.UNSPECIFIED.) CURVE() 
GEOMETRIC_REPRESENTATION_ITEM() RATIONAL_B_SPLINE_CURVE((1.,0.5,1.,0.5,
1.,0.5,1.)) REPRESENTATION_ITEM('') );
#2542 = CARTESIAN_POINT('',(1.9,0.));
#2543 = CARTESIAN_POINT('',(1.9,-3.290896534381));
#2544 = CARTESIAN_POINT('',(-0.95,-1.64544826719));
#2545 = CARTESIAN_POINT('',(-3.8,-4.65365783676E-16));
#2546 = CARTESIAN_POINT('',(-0.95,1.64544826719));
#2547 = CARTESIAN_POINT('',(1.9,3.290896534381));
#2548 = CARTESIAN_POINT('',(1.9,0.));
#2549 = ( GEOMETRIC_REPRESENTATION_CONTEXT(2) 
PARAMETRIC_REPRESENTATION_CONTEXT() REPRESENTATION_CONTEXT('2D SPACE',''
  ) );
#2550 = PCURVE('',#49,#2551);
#2551 = DEFINITIONAL_REPRESENTATION('',(#2552),#2556);
#2552 = LINE('',#2553,#2554);
#2553 = CARTESIAN_POINT('',(6.28318530718,0.45));
#2554 = VECTOR('',#2555,1.);
#2555 = DIRECTION('',(1.,0.));
#2556 = ( GEOMETRIC_REPRESENTATION_CONTEXT(2) 
PARAMETRIC_REPRESENTATION_CONTEXT() REPRESENTATION_CONTEXT('2D SPACE',''
  ) );
#2557 = ADVANCED_FACE('',(#2558),#1170,.T.);
#2558 = FACE_BOUND('',#2559,.T.);
#2559 = EDGE_LOOP('',(#2560,#2561));
#2560 = ORIENTED_EDGE('',*,*,#1156,.T.);
#2561 = ORIENTED_EDGE('',*,*,#2562,.F.);
#2562 = EDGE_CURVE('',#637,#732,#2563,.T.);
#2563 = SURFACE_CURVE('',#2564,(#2569,#2580),.PCURVE_S1.);
#2564 = CIRCLE('',#2565,1.9);
#2565 = AXIS2_PLACEMENT_3D('',#2566,#2567,#2568);
#2566 = CARTESIAN_POINT('',(-2.46,-6.540728365557E-16,9.55));
#2567 = DIRECTION('',(0.,0.,-1.));
#2568 = DIRECTION('',(1.,0.,0.));
#2569 = PCURVE('',#1170,#2570);
#2570 = DEFINITIONAL_REPRESENTATION('',(#2571),#2579);
#2571 = ( BOUNDED_CURVE() B_SPLINE_CURVE(2,(#2572,#2573,#2574,#2575,
#2576,#2577,#2578),.UNSPECIFIED.,.T.,.F.) B_SPLINE_CURVE_WITH_KNOTS((1,2
    ,2,2,2,1),(-2.094395102393,0.,2.094395102393,4.188790204786,
6.28318530718,8.377580409573),.UNSPECIFIED.) CURVE() 
GEOMETRIC_REPRESENTATION_ITEM() RATIONAL_B_SPLINE_CURVE((1.,0.5,1.,0.5,
1.,0.5,1.)) REPRESENTATION_ITEM('') );
#2572 = CARTESIAN_POINT('',(1.9,-9.89613242431E-17));
#2573 = CARTESIAN_POINT('',(1.9,-3.290896534381));
#2574 = CARTESIAN_POINT('',(-0.95,-1.64544826719));
#2575 = CARTESIAN_POINT('',(-3.8,-5.643271079191E-16));
#2576 = CARTESIAN_POINT('',(-0.95,1.64544826719));
#2577 = CARTESIAN_POINT('',(1.9,3.290896534381));
#2578 = CARTESIAN_POINT('',(1.9,-9.89613242431E-17));
#2579 = ( GEOMETRIC_REPRESENTATION_CONTEXT(2) 
PARAMETRIC_REPRESENTATION_CONTEXT() REPRESENTATION_CONTEXT('2D SPACE',''
  ) );
#2580 = PCURVE('',#662,#2581);
#2581 = DEFINITIONAL_REPRESENTATION('',(#2582),#2586);
#2582 = LINE('',#2583,#2584);
#2583 = CARTESIAN_POINT('',(0.,0.45));
#2584 = VECTOR('',#2585,1.);
#2585 = DIRECTION('',(1.,0.));
#2586 = ( GEOMETRIC_REPRESENTATION_CONTEXT(2) 
PARAMETRIC_REPRESENTATION_CONTEXT() REPRESENTATION_CONTEXT('2D SPACE',''
  ) );
#2587 = ADVANCED_FACE('',(#2588),#997,.T.);
#2588 = FACE_BOUND('',#2589,.T.);
#2589 = EDGE_LOOP('',(#2590,#2591,#2619));
#2590 = ORIENTED_EDGE('',*,*,#981,.T.);
#2591 = ORIENTED_EDGE('',*,*,#2592,.F.);
#2592 = EDGE_CURVE('',#2593,#819,#2595,.T.);
#2593 = VERTEX_POINT('',#2594);
#2594 = CARTESIAN_POINT('',(-4.36,-4.213899447177E-16,9.55));
#2595 = SURFACE_CURVE('',#2596,(#2601,#2612),.PCURVE_S1.);
#2596 = CIRCLE('',#2597,1.9);
#2597 = AXIS2_PLACEMENT_3D('',#2598,#2599,#2600);
#2598 = CARTESIAN_POINT('',(-2.46,-6.540728365557E-16,9.55));
#2599 = DIRECTION('',(0.,0.,-1.));
#2600 = DIRECTION('',(1.,0.,0.));
#2601 = PCURVE('',#997,#2602);
#2602 = DEFINITIONAL_REPRESENTATION('',(#2603),#2611);
#2603 = ( BOUNDED_CURVE() B_SPLINE_CURVE(2,(#2604,#2605,#2606,#2607,
#2608,#2609,#2610),.UNSPECIFIED.,.T.,.F.) B_SPLINE_CURVE_WITH_KNOTS((1,2
    ,2,2,2,1),(-2.094395102393,0.,2.094395102393,4.188790204786,
6.28318530718,8.377580409573),.UNSPECIFIED.) CURVE() 
GEOMETRIC_REPRESENTATION_ITEM() RATIONAL_B_SPLINE_CURVE((1.,0.5,1.,0.5,
1.,0.5,1.)) REPRESENTATION_ITEM('') );
#2604 = CARTESIAN_POINT('',(1.9,-9.89613242431E-17));
#2605 = CARTESIAN_POINT('',(1.9,-3.290896534381));
#2606 = CARTESIAN_POINT('',(-0.95,-1.64544826719));
#2607 = CARTESIAN_POINT('',(-3.8,-5.643271079191E-16));
#2608 = CARTESIAN_POINT('',(-0.95,1.64544826719));
#2609 = CARTESIAN_POINT('',(1.9,3.290896534381));
#2610 = CARTESIAN_POINT('',(1.9,-9.89613242431E-17));
#2611 = ( GEOMETRIC_REPRESENTATION_CONTEXT(2) 
PARAMETRIC_REPRESENTATION_CONTEXT() REPRESENTATION_CONTEXT('2D SPACE',''
  ) );
#2612 = PCURVE('',#662,#2613);
#2613 = DEFINITIONAL_REPRESENTATION('',(#2614),#2618);
#2614 = LINE('',#2615,#2616);
#2615 = CARTESIAN_POINT('',(0.,0.45));
#2616 = VECTOR('',#2617,1.);
#2617 = DIRECTION('',(1.,0.));
#2618 = ( GEOMETRIC_REPRESENTATION_CONTEXT(2) 
PARAMETRIC_REPRESENTATION_CONTEXT() REPRESENTATION_CONTEXT('2D SPACE',''
  ) );
#2619 = ORIENTED_EDGE('',*,*,#2620,.F.);
#2620 = EDGE_CURVE('',#982,#2593,#2621,.T.);
#2621 = SURFACE_CURVE('',#2622,(#2627,#2638),.PCURVE_S1.);
#2622 = CIRCLE('',#2623,1.9);
#2623 = AXIS2_PLACEMENT_3D('',#2624,#2625,#2626);
#2624 = CARTESIAN_POINT('',(-2.46,-6.540728365557E-16,9.55));
#2625 = DIRECTION('',(0.,0.,-1.));
#2626 = DIRECTION('',(1.,0.,0.));
#2627 = PCURVE('',#997,#2628);
#2628 = DEFINITIONAL_REPRESENTATION('',(#2629),#2637);
#2629 = ( BOUNDED_CURVE() B_SPLINE_CURVE(2,(#2630,#2631,#2632,#2633,
#2634,#2635,#2636),.UNSPECIFIED.,.T.,.F.) B_SPLINE_CURVE_WITH_KNOTS((1,2
    ,2,2,2,1),(-2.094395102393,0.,2.094395102393,4.188790204786,
6.28318530718,8.377580409573),.UNSPECIFIED.) CURVE() 
GEOMETRIC_REPRESENTATION_ITEM() RATIONAL_B_SPLINE_CURVE((1.,0.5,1.,0.5,
1.,0.5,1.)) REPRESENTATION_ITEM('') );
#2630 = CARTESIAN_POINT('',(1.9,-9.89613242431E-17));
#2631 = CARTESIAN_POINT('',(1.9,-3.290896534381));
#2632 = CARTESIAN_POINT('',(-0.95,-1.64544826719));
#2633 = CARTESIAN_POINT('',(-3.8,-5.643271079191E-16));
#2634 = CARTESIAN_POINT('',(-0.95,1.64544826719));
#2635 = CARTESIAN_POINT('',(1.9,3.290896534381));
#2636 = CARTESIAN_POINT('',(1.9,-9.89613242431E-17));
#2637 = ( GEOMETRIC_REPRESENTATION_CONTEXT(2) 
PARAMETRIC_REPRESENTATION_CONTEXT() REPRESENTATION_CONTEXT('2D SPACE',''
  ) );
#2638 = PCURVE('',#662,#2639);
#2639 = DEFINITIONAL_REPRESENTATION('',(#2640),#2644);
#2640 = LINE('',#2641,#2642);
#2641 = CARTESIAN_POINT('',(6.28318530718,0.45));
#2642 = VECTOR('',#2643,1.);
#2643 = DIRECTION('',(1.,0.));
#2644 = ( GEOMETRIC_REPRESENTATION_CONTEXT(2) 
PARAMETRIC_REPRESENTATION_CONTEXT() REPRESENTATION_CONTEXT('2D SPACE',''
  ) );
#2645 = ADVANCED_FACE('',(#2646),#1783,.T.);
#2646 = FACE_BOUND('',#2647,.T.);
#2647 = EDGE_LOOP('',(#2648,#2649));
#2648 = ORIENTED_EDGE('',*,*,#1769,.T.);
#2649 = ORIENTED_EDGE('',*,*,#2650,.F.);
#2650 = EDGE_CURVE('',#1250,#1345,#2651,.T.);
#2651 = SURFACE_CURVE('',#2652,(#2657,#2668),.PCURVE_S1.);
#2652 = CIRCLE('',#2653,1.9);
#2653 = AXIS2_PLACEMENT_3D('',#2654,#2655,#2656);
#2654 = CARTESIAN_POINT('',(7.54,0.,9.55));
#2655 = DIRECTION('',(0.,0.,-1.));
#2656 = DIRECTION('',(1.,0.,0.));
#2657 = PCURVE('',#1783,#2658);
#2658 = DEFINITIONAL_REPRESENTATION('',(#2659),#2667);
#2659 = ( BOUNDED_CURVE() B_SPLINE_CURVE(2,(#2660,#2661,#2662,#2663,
#2664,#2665,#2666),.UNSPECIFIED.,.T.,.F.) B_SPLINE_CURVE_WITH_KNOTS((1,2
    ,2,2,2,1),(-2.094395102393,0.,2.094395102393,4.188790204786,
6.28318530718,8.377580409573),.UNSPECIFIED.) CURVE() 
GEOMETRIC_REPRESENTATION_ITEM() RATIONAL_B_SPLINE_CURVE((1.,0.5,1.,0.5,
1.,0.5,1.)) REPRESENTATION_ITEM('') );
#2660 = CARTESIAN_POINT('',(1.9,0.));
#2661 = CARTESIAN_POINT('',(1.9,-3.290896534381));
#2662 = CARTESIAN_POINT('',(-0.95,-1.64544826719));
#2663 = CARTESIAN_POINT('',(-3.8,-4.65365783676E-16));
#2664 = CARTESIAN_POINT('',(-0.95,1.64544826719));
#2665 = CARTESIAN_POINT('',(1.9,3.290896534381));
#2666 = CARTESIAN_POINT('',(1.9,0.));
#2667 = ( GEOMETRIC_REPRESENTATION_CONTEXT(2) 
PARAMETRIC_REPRESENTATION_CONTEXT() REPRESENTATION_CONTEXT('2D SPACE',''
  ) );
#2668 = PCURVE('',#1275,#2669);
#2669 = DEFINITIONAL_REPRESENTATION('',(#2670),#2674);
#2670 = LINE('',#2671,#2672);
#2671 = CARTESIAN_POINT('',(0.,0.45));
#2672 = VECTOR('',#2673,1.);
#2673 = DIRECTION('',(1.,0.));
#2674 = ( GEOMETRIC_REPRESENTATION_CONTEXT(2) 
PARAMETRIC_REPRESENTATION_CONTEXT() REPRESENTATION_CONTEXT('2D SPACE',''
  ) );
#2675 = ADVANCED_FACE('',(#2676),#1610,.T.);
#2676 = FACE_BOUND('',#2677,.T.);
#2677 = EDGE_LOOP('',(#2678,#2679,#2707));
#2678 = ORIENTED_EDGE('',*,*,#1594,.T.);
#2679 = ORIENTED_EDGE('',*,*,#2680,.F.);
#2680 = EDGE_CURVE('',#2681,#1432,#2683,.T.);
#2681 = VERTEX_POINT('',#2682);
#2682 = CARTESIAN_POINT('',(5.64,2.32682891838E-16,9.55));
#2683 = SURFACE_CURVE('',#2684,(#2689,#2700),.PCURVE_S1.);
#2684 = CIRCLE('',#2685,1.9);
#2685 = AXIS2_PLACEMENT_3D('',#2686,#2687,#2688);
#2686 = CARTESIAN_POINT('',(7.54,0.,9.55));
#2687 = DIRECTION('',(0.,0.,-1.));
#2688 = DIRECTION('',(1.,0.,0.));
#2689 = PCURVE('',#1610,#2690);
#2690 = DEFINITIONAL_REPRESENTATION('',(#2691),#2699);
#2691 = ( BOUNDED_CURVE() B_SPLINE_CURVE(2,(#2692,#2693,#2694,#2695,
#2696,#2697,#2698),.UNSPECIFIED.,.T.,.F.) B_SPLINE_CURVE_WITH_KNOTS((1,2
    ,2,2,2,1),(-2.094395102393,0.,2.094395102393,4.188790204786,
6.28318530718,8.377580409573),.UNSPECIFIED.) CURVE() 
GEOMETRIC_REPRESENTATION_ITEM() RATIONAL_B_SPLINE_CURVE((1.,0.5,1.,0.5,
1.,0.5,1.)) REPRESENTATION_ITEM('') );
#2692 = CARTESIAN_POINT('',(1.9,0.));
#2693 = CARTESIAN_POINT('',(1.9,-3.290896534381));
#2694 = CARTESIAN_POINT('',(-0.95,-1.64544826719));
#2695 = CARTESIAN_POINT('',(-3.8,-4.65365783676E-16));
#2696 = CARTESIAN_POINT('',(-0.95,1.64544826719));
#2697 = CARTESIAN_POINT('',(1.9,3.290896534381));
#2698 = CARTESIAN_POINT('',(1.9,0.));
#2699 = ( GEOMETRIC_REPRESENTATION_CONTEXT(2) 
PARAMETRIC_REPRESENTATION_CONTEXT() REPRESENTATION_CONTEXT('2D SPACE',''
  ) );
#2700 = PCURVE('',#1275,#2701);
#2701 = DEFINITIONAL_REPRESENTATION('',(#2702),#2706);
#2702 = LINE('',#2703,#2704);
#2703 = CARTESIAN_POINT('',(0.,0.45));
#2704 = VECTOR('',#2705,1.);
#2705 = DIRECTION('',(1.,0.));
#2706 = ( GEOMETRIC_REPRESENTATION_CONTEXT(2) 
PARAMETRIC_REPRESENTATION_CONTEXT() REPRESENTATION_CONTEXT('2D SPACE',''
  ) );
#2707 = ORIENTED_EDGE('',*,*,#2708,.F.);
#2708 = EDGE_CURVE('',#1595,#2681,#2709,.T.);
#2709 = SURFACE_CURVE('',#2710,(#2715,#2726),.PCURVE_S1.);
#2710 = CIRCLE('',#2711,1.9);
#2711 = AXIS2_PLACEMENT_3D('',#2712,#2713,#2714);
#2712 = CARTESIAN_POINT('',(7.54,0.,9.55));
#2713 = DIRECTION('',(0.,0.,-1.));
#2714 = DIRECTION('',(1.,0.,0.));
#2715 = PCURVE('',#1610,#2716);
#2716 = DEFINITIONAL_REPRESENTATION('',(#2717),#2725);
#2717 = ( BOUNDED_CURVE() B_SPLINE_CURVE(2,(#2718,#2719,#2720,#2721,
#2722,#2723,#2724),.UNSPECIFIED.,.T.,.F.) B_SPLINE_CURVE_WITH_KNOTS((1,2
    ,2,2,2,1),(-2.094395102393,0.,2.094395102393,4.188790204786,
6.28318530718,8.377580409573),.UNSPECIFIED.) CURVE() 
GEOMETRIC_REPRESENTATION_ITEM() RATIONAL_B_SPLINE_CURVE((1.,0.5,1.,0.5,
1.,0.5,1.)) REPRESENTATION_ITEM('') );
#2718 = CARTESIAN_POINT('',(1.9,0.));
#2719 = CARTESIAN_POINT('',(1.9,-3.290896534381));
#2720 = CARTESIAN_POINT('',(-0.95,-1.64544826719));
#2721 = CARTESIAN_POINT('',(-3.8,-4.65365783676E-16));
#2722 = CARTESIAN_POINT('',(-0.95,1.64544826719));
#2723 = CARTESIAN_POINT('',(1.9,3.290896534381));
#2724 = CARTESIAN_POINT('',(1.9,0.));
#2725 = ( GEOMETRIC_REPRESENTATION_CONTEXT(2) 
PARAMETRIC_REPRESENTATION_CONTEXT() REPRESENTATION_CONTEXT('2D SPACE',''
  ) );
#2726 = PCURVE('',#1275,#2727);
#2727 = DEFINITIONAL_REPRESENTATION('',(#2728),#2732);
#2728 = LINE('',#2729,#2730);
#2729 = CARTESIAN_POINT('',(6.28318530718,0.45));
#2730 = VECTOR('',#2731,1.);
#2731 = DIRECTION('',(1.,0.));
#2732 = ( GEOMETRIC_REPRESENTATION_CONTEXT(2) 
PARAMETRIC_REPRESENTATION_CONTEXT() REPRESENTATION_CONTEXT('2D SPACE',''
  ) );
#2733 = ADVANCED_FACE('',(#2734),#2396,.T.);
#2734 = FACE_BOUND('',#2735,.T.);
#2735 = EDGE_LOOP('',(#2736,#2737));
#2736 = ORIENTED_EDGE('',*,*,#2382,.T.);
#2737 = ORIENTED_EDGE('',*,*,#2738,.F.);
#2738 = EDGE_CURVE('',#1863,#1958,#2739,.T.);
#2739 = SURFACE_CURVE('',#2740,(#2745,#2756),.PCURVE_S1.);
#2740 = CIRCLE('',#2741,1.9);
#2741 = AXIS2_PLACEMENT_3D('',#2742,#2743,#2744);
#2742 = CARTESIAN_POINT('',(-7.46,-1.092459456231E-15,9.55));
#2743 = DIRECTION('',(0.,0.,-1.));
#2744 = DIRECTION('',(1.,0.,0.));
#2745 = PCURVE('',#2396,#2746);
#2746 = DEFINITIONAL_REPRESENTATION('',(#2747),#2755);
#2747 = ( BOUNDED_CURVE() B_SPLINE_CURVE(2,(#2748,#2749,#2750,#2751,
#2752,#2753,#2754),.UNSPECIFIED.,.T.,.F.) B_SPLINE_CURVE_WITH_KNOTS((1,2
    ,2,2,2,1),(-2.094395102393,0.,2.094395102393,4.188790204786,
6.28318530718,8.377580409573),.UNSPECIFIED.) CURVE() 
GEOMETRIC_REPRESENTATION_ITEM() RATIONAL_B_SPLINE_CURVE((1.,0.5,1.,0.5,
1.,0.5,1.)) REPRESENTATION_ITEM('') );
#2748 = CARTESIAN_POINT('',(1.9,1.7763568394E-17));
#2749 = CARTESIAN_POINT('',(1.9,-3.290896534381));
#2750 = CARTESIAN_POINT('',(-0.95,-1.64544826719));
#2751 = CARTESIAN_POINT('',(-3.8,-4.47602215282E-16));
#2752 = CARTESIAN_POINT('',(-0.95,1.64544826719));
#2753 = CARTESIAN_POINT('',(1.9,3.290896534381));
#2754 = CARTESIAN_POINT('',(1.9,1.7763568394E-17));
#2755 = ( GEOMETRIC_REPRESENTATION_CONTEXT(2) 
PARAMETRIC_REPRESENTATION_CONTEXT() REPRESENTATION_CONTEXT('2D SPACE',''
  ) );
#2756 = PCURVE('',#1888,#2757);
#2757 = DEFINITIONAL_REPRESENTATION('',(#2758),#2762);
#2758 = LINE('',#2759,#2760);
#2759 = CARTESIAN_POINT('',(0.,0.45));
#2760 = VECTOR('',#2761,1.);
#2761 = DIRECTION('',(1.,0.));
#2762 = ( GEOMETRIC_REPRESENTATION_CONTEXT(2) 
PARAMETRIC_REPRESENTATION_CONTEXT() REPRESENTATION_CONTEXT('2D SPACE',''
  ) );
#2763 = ADVANCED_FACE('',(#2764),#2223,.T.);
#2764 = FACE_BOUND('',#2765,.T.);
#2765 = EDGE_LOOP('',(#2766,#2767,#2795));
#2766 = ORIENTED_EDGE('',*,*,#2207,.T.);
#2767 = ORIENTED_EDGE('',*,*,#2768,.F.);
#2768 = EDGE_CURVE('',#2769,#2045,#2771,.T.);
#2769 = VERTEX_POINT('',#2770);
#2770 = CARTESIAN_POINT('',(-9.36,-8.59776564393E-16,9.55));
#2771 = SURFACE_CURVE('',#2772,(#2777,#2788),.PCURVE_S1.);
#2772 = CIRCLE('',#2773,1.9);
#2773 = AXIS2_PLACEMENT_3D('',#2774,#2775,#2776);
#2774 = CARTESIAN_POINT('',(-7.46,-1.092459456231E-15,9.55));
#2775 = DIRECTION('',(0.,0.,-1.));
#2776 = DIRECTION('',(1.,0.,0.));
#2777 = PCURVE('',#2223,#2778);
#2778 = DEFINITIONAL_REPRESENTATION('',(#2779),#2787);
#2779 = ( BOUNDED_CURVE() B_SPLINE_CURVE(2,(#2780,#2781,#2782,#2783,
#2784,#2785,#2786),.UNSPECIFIED.,.T.,.F.) B_SPLINE_CURVE_WITH_KNOTS((1,2
    ,2,2,2,1),(-2.094395102393,0.,2.094395102393,4.188790204786,
6.28318530718,8.377580409573),.UNSPECIFIED.) CURVE() 
GEOMETRIC_REPRESENTATION_ITEM() RATIONAL_B_SPLINE_CURVE((1.,0.5,1.,0.5,
1.,0.5,1.)) REPRESENTATION_ITEM('') );
#2780 = CARTESIAN_POINT('',(1.9,1.7763568394E-17));
#2781 = CARTESIAN_POINT('',(1.9,-3.290896534381));
#2782 = CARTESIAN_POINT('',(-0.95,-1.64544826719));
#2783 = CARTESIAN_POINT('',(-3.8,-4.47602215282E-16));
#2784 = CARTESIAN_POINT('',(-0.95,1.64544826719));
#2785 = CARTESIAN_POINT('',(1.9,3.290896534381));
#2786 = CARTESIAN_POINT('',(1.9,1.7763568394E-17));
#2787 = ( GEOMETRIC_REPRESENTATION_CONTEXT(2) 
PARAMETRIC_REPRESENTATION_CONTEXT() REPRESENTATION_CONTEXT('2D SPACE',''
  ) );
#2788 = PCURVE('',#1888,#2789);
#2789 = DEFINITIONAL_REPRESENTATION('',(#2790),#2794);
#2790 = LINE('',#2791,#2792);
#2791 = CARTESIAN_POINT('',(0.,0.45));
#2792 = VECTOR('',#2793,1.);
#2793 = DIRECTION('',(1.,0.));
#2794 = ( GEOMETRIC_REPRESENTATION_CONTEXT(2) 
PARAMETRIC_REPRESENTATION_CONTEXT() REPRESENTATION_CONTEXT('2D SPACE',''
  ) );
#2795 = ORIENTED_EDGE('',*,*,#2796,.F.);
#2796 = EDGE_CURVE('',#2208,#2769,#2797,.T.);
#2797 = SURFACE_CURVE('',#2798,(#2803,#2814),.PCURVE_S1.);
#2798 = CIRCLE('',#2799,1.9);
#2799 = AXIS2_PLACEMENT_3D('',#2800,#2801,#2802);
#2800 = CARTESIAN_POINT('',(-7.46,-1.092459456231E-15,9.55));
#2801 = DIRECTION('',(0.,0.,-1.));
#2802 = DIRECTION('',(1.,0.,0.));
#2803 = PCURVE('',#2223,#2804);
#2804 = DEFINITIONAL_REPRESENTATION('',(#2805),#2813);
#2805 = ( BOUNDED_CURVE() B_SPLINE_CURVE(2,(#2806,#2807,#2808,#2809,
#2810,#2811,#2812),.UNSPECIFIED.,.T.,.F.) B_SPLINE_CURVE_WITH_KNOTS((1,2
    ,2,2,2,1),(-2.094395102393,0.,2.094395102393,4.188790204786,
6.28318530718,8.377580409573),.UNSPECIFIED.) CURVE() 
GEOMETRIC_REPRESENTATION_ITEM() RATIONAL_B_SPLINE_CURVE((1.,0.5,1.,0.5,
1.,0.5,1.)) REPRESENTATION_ITEM('') );
#2806 = CARTESIAN_POINT('',(1.9,1.7763568394E-17));
#2807 = CARTESIAN_POINT('',(1.9,-3.290896534381));
#2808 = CARTESIAN_POINT('',(-0.95,-1.64544826719));
#2809 = CARTESIAN_POINT('',(-3.8,-4.47602215282E-16));
#2810 = CARTESIAN_POINT('',(-0.95,1.64544826719));
#2811 = CARTESIAN_POINT('',(1.9,3.290896534381));
#2812 = CARTESIAN_POINT('',(1.9,1.7763568394E-17));
#2813 = ( GEOMETRIC_REPRESENTATION_CONTEXT(2) 
PARAMETRIC_REPRESENTATION_CONTEXT() REPRESENTATION_CONTEXT('2D SPACE',''
  ) );
#2814 = PCURVE('',#1888,#2815);
#2815 = DEFINITIONAL_REPRESENTATION('',(#2816),#2820);
#2816 = LINE('',#2817,#2818);
#2817 = CARTESIAN_POINT('',(6.28318530718,0.45));
#2818 = VECTOR('',#2819,1.);
#2819 = DIRECTION('',(1.,0.));
#2820 = ( GEOMETRIC_REPRESENTATION_CONTEXT(2) 
PARAMETRIC_REPRESENTATION_CONTEXT() REPRESENTATION_CONTEXT('2D SPACE',''
  ) );
#2821 = ADVANCED_FACE('',(#2822),#2836,.F.);
#2822 = FACE_BOUND('',#2823,.T.);
#2823 = EDGE_LOOP('',(#2824,#2859,#2887,#2915));
#2824 = ORIENTED_EDGE('',*,*,#2825,.F.);
#2825 = EDGE_CURVE('',#2826,#2828,#2830,.T.);
#2826 = VERTEX_POINT('',#2827);
#2827 = CARTESIAN_POINT('',(-3.96,-4.05,4.205));
#2828 = VERTEX_POINT('',#2829);
#2829 = CARTESIAN_POINT('',(-0.96,-4.05,4.205));
#2830 = SURFACE_CURVE('',#2831,(#2835,#2847),.PCURVE_S1.);
#2831 = LINE('',#2832,#2833);
#2832 = CARTESIAN_POINT('',(-6.98,-4.05,4.205));
#2833 = VECTOR('',#2834,1.);
#2834 = DIRECTION('',(1.,0.,0.));
#2835 = PCURVE('',#2836,#2841);
#2836 = PLANE('',#2837);
#2837 = AXIS2_PLACEMENT_3D('',#2838,#2839,#2840);
#2838 = CARTESIAN_POINT('',(-3.96,-4.05,4.205));
#2839 = DIRECTION('',(0.,0.,1.));
#2840 = DIRECTION('',(1.,0.,-0.));
#2841 = DEFINITIONAL_REPRESENTATION('',(#2842),#2846);
#2842 = LINE('',#2843,#2844);
#2843 = CARTESIAN_POINT('',(-3.02,0.));
#2844 = VECTOR('',#2845,1.);
#2845 = DIRECTION('',(1.,0.));
#2846 = ( GEOMETRIC_REPRESENTATION_CONTEXT(2) 
PARAMETRIC_REPRESENTATION_CONTEXT() REPRESENTATION_CONTEXT('2D SPACE',''
  ) );
#2847 = PCURVE('',#2848,#2853);
#2848 = PLANE('',#2849);
#2849 = AXIS2_PLACEMENT_3D('',#2850,#2851,#2852);
#2850 = CARTESIAN_POINT('',(-10.,-4.05,0.));
#2851 = DIRECTION('',(0.,-1.,0.));
#2852 = DIRECTION('',(1.,0.,0.));
#2853 = DEFINITIONAL_REPRESENTATION('',(#2854),#2858);
#2854 = LINE('',#2855,#2856);
#2855 = CARTESIAN_POINT('',(3.02,4.205));
#2856 = VECTOR('',#2857,1.);
#2857 = DIRECTION('',(1.,0.));
#2858 = ( GEOMETRIC_REPRESENTATION_CONTEXT(2) 
PARAMETRIC_REPRESENTATION_CONTEXT() REPRESENTATION_CONTEXT('2D SPACE',''
  ) );
#2859 = ORIENTED_EDGE('',*,*,#2860,.T.);
#2860 = EDGE_CURVE('',#2826,#2861,#2863,.T.);
#2861 = VERTEX_POINT('',#2862);
#2862 = CARTESIAN_POINT('',(-3.96,-2.05,4.205));
#2863 = SURFACE_CURVE('',#2864,(#2868,#2875),.PCURVE_S1.);
#2864 = LINE('',#2865,#2866);
#2865 = CARTESIAN_POINT('',(-3.96,-4.05,4.205));
#2866 = VECTOR('',#2867,1.);
#2867 = DIRECTION('',(0.,1.,0.));
#2868 = PCURVE('',#2836,#2869);
#2869 = DEFINITIONAL_REPRESENTATION('',(#2870),#2874);
#2870 = LINE('',#2871,#2872);
#2871 = CARTESIAN_POINT('',(0.,0.));
#2872 = VECTOR('',#2873,1.);
#2873 = DIRECTION('',(0.,1.));
#2874 = ( GEOMETRIC_REPRESENTATION_CONTEXT(2) 
PARAMETRIC_REPRESENTATION_CONTEXT() REPRESENTATION_CONTEXT('2D SPACE',''
  ) );
#2875 = PCURVE('',#2876,#2881);
#2876 = PLANE('',#2877);
#2877 = AXIS2_PLACEMENT_3D('',#2878,#2879,#2880);
#2878 = CARTESIAN_POINT('',(-3.96,-4.05,1.205));
#2879 = DIRECTION('',(-1.,0.,0.));
#2880 = DIRECTION('',(0.,0.,1.));
#2881 = DEFINITIONAL_REPRESENTATION('',(#2882),#2886);
#2882 = LINE('',#2883,#2884);
#2883 = CARTESIAN_POINT('',(3.,0.));
#2884 = VECTOR('',#2885,1.);
#2885 = DIRECTION('',(0.,1.));
#2886 = ( GEOMETRIC_REPRESENTATION_CONTEXT(2) 
PARAMETRIC_REPRESENTATION_CONTEXT() REPRESENTATION_CONTEXT('2D SPACE',''
  ) );
#2887 = ORIENTED_EDGE('',*,*,#2888,.T.);
#2888 = EDGE_CURVE('',#2861,#2889,#2891,.T.);
#2889 = VERTEX_POINT('',#2890);
#2890 = CARTESIAN_POINT('',(-0.96,-2.05,4.205));
#2891 = SURFACE_CURVE('',#2892,(#2896,#2903),.PCURVE_S1.);
#2892 = LINE('',#2893,#2894);
#2893 = CARTESIAN_POINT('',(-0.96,-2.05,4.205));
#2894 = VECTOR('',#2895,1.);
#2895 = DIRECTION('',(1.,0.,0.));
#2896 = PCURVE('',#2836,#2897);
#2897 = DEFINITIONAL_REPRESENTATION('',(#2898),#2902);
#2898 = LINE('',#2899,#2900);
#2899 = CARTESIAN_POINT('',(3.,2.));
#2900 = VECTOR('',#2901,1.);
#2901 = DIRECTION('',(1.,0.));
#2902 = ( GEOMETRIC_REPRESENTATION_CONTEXT(2) 
PARAMETRIC_REPRESENTATION_CONTEXT() REPRESENTATION_CONTEXT('2D SPACE',''
  ) );
#2903 = PCURVE('',#2904,#2909);
#2904 = PLANE('',#2905);
#2905 = AXIS2_PLACEMENT_3D('',#2906,#2907,#2908);
#2906 = CARTESIAN_POINT('',(-2.46,-2.05,2.705));
#2907 = DIRECTION('',(0.,1.,0.));
#2908 = DIRECTION('',(0.,-0.,1.));
#2909 = DEFINITIONAL_REPRESENTATION('',(#2910),#2914);
#2910 = LINE('',#2911,#2912);
#2911 = CARTESIAN_POINT('',(1.5,1.5));
#2912 = VECTOR('',#2913,1.);
#2913 = DIRECTION('',(0.,1.));
#2914 = ( GEOMETRIC_REPRESENTATION_CONTEXT(2) 
PARAMETRIC_REPRESENTATION_CONTEXT() REPRESENTATION_CONTEXT('2D SPACE',''
  ) );
#2915 = ORIENTED_EDGE('',*,*,#2916,.F.);
#2916 = EDGE_CURVE('',#2828,#2889,#2917,.T.);
#2917 = SURFACE_CURVE('',#2918,(#2922,#2929),.PCURVE_S1.);
#2918 = LINE('',#2919,#2920);
#2919 = CARTESIAN_POINT('',(-0.96,-4.05,4.205));
#2920 = VECTOR('',#2921,1.);
#2921 = DIRECTION('',(0.,1.,0.));
#2922 = PCURVE('',#2836,#2923);
#2923 = DEFINITIONAL_REPRESENTATION('',(#2924),#2928);
#2924 = LINE('',#2925,#2926);
#2925 = CARTESIAN_POINT('',(3.,0.));
#2926 = VECTOR('',#2927,1.);
#2927 = DIRECTION('',(0.,1.));
#2928 = ( GEOMETRIC_REPRESENTATION_CONTEXT(2) 
PARAMETRIC_REPRESENTATION_CONTEXT() REPRESENTATION_CONTEXT('2D SPACE',''
  ) );
#2929 = PCURVE('',#2930,#2935);
#2930 = PLANE('',#2931);
#2931 = AXIS2_PLACEMENT_3D('',#2932,#2933,#2934);
#2932 = CARTESIAN_POINT('',(-0.96,-4.05,4.205));
#2933 = DIRECTION('',(1.,0.,0.));
#2934 = DIRECTION('',(0.,0.,-1.));
#2935 = DEFINITIONAL_REPRESENTATION('',(#2936),#2940);
#2936 = LINE('',#2937,#2938);
#2937 = CARTESIAN_POINT('',(0.,0.));
#2938 = VECTOR('',#2939,1.);
#2939 = DIRECTION('',(0.,1.));
#2940 = ( GEOMETRIC_REPRESENTATION_CONTEXT(2) 
PARAMETRIC_REPRESENTATION_CONTEXT() REPRESENTATION_CONTEXT('2D SPACE',''
  ) );
#2941 = ADVANCED_FACE('',(#2942),#2876,.F.);
#2942 = FACE_BOUND('',#2943,.T.);
#2943 = EDGE_LOOP('',(#2944,#2967,#2995,#3016));
#2944 = ORIENTED_EDGE('',*,*,#2945,.F.);
#2945 = EDGE_CURVE('',#2946,#2826,#2948,.T.);
#2946 = VERTEX_POINT('',#2947);
#2947 = CARTESIAN_POINT('',(-3.96,-4.05,1.205));
#2948 = SURFACE_CURVE('',#2949,(#2953,#2960),.PCURVE_S1.);
#2949 = LINE('',#2950,#2951);
#2950 = CARTESIAN_POINT('',(-3.96,-4.05,0.6025));
#2951 = VECTOR('',#2952,1.);
#2952 = DIRECTION('',(0.,0.,1.));
#2953 = PCURVE('',#2876,#2954);
#2954 = DEFINITIONAL_REPRESENTATION('',(#2955),#2959);
#2955 = LINE('',#2956,#2957);
#2956 = CARTESIAN_POINT('',(-0.6025,0.));
#2957 = VECTOR('',#2958,1.);
#2958 = DIRECTION('',(1.,0.));
#2959 = ( GEOMETRIC_REPRESENTATION_CONTEXT(2) 
PARAMETRIC_REPRESENTATION_CONTEXT() REPRESENTATION_CONTEXT('2D SPACE',''
  ) );
#2960 = PCURVE('',#2848,#2961);
#2961 = DEFINITIONAL_REPRESENTATION('',(#2962),#2966);
#2962 = LINE('',#2963,#2964);
#2963 = CARTESIAN_POINT('',(6.04,0.6025));
#2964 = VECTOR('',#2965,1.);
#2965 = DIRECTION('',(0.,1.));
#2966 = ( GEOMETRIC_REPRESENTATION_CONTEXT(2) 
PARAMETRIC_REPRESENTATION_CONTEXT() REPRESENTATION_CONTEXT('2D SPACE',''
  ) );
#2967 = ORIENTED_EDGE('',*,*,#2968,.T.);
#2968 = EDGE_CURVE('',#2946,#2969,#2971,.T.);
#2969 = VERTEX_POINT('',#2970);
#2970 = CARTESIAN_POINT('',(-3.96,-2.05,1.205));
#2971 = SURFACE_CURVE('',#2972,(#2976,#2983),.PCURVE_S1.);
#2972 = LINE('',#2973,#2974);
#2973 = CARTESIAN_POINT('',(-3.96,-4.05,1.205));
#2974 = VECTOR('',#2975,1.);
#2975 = DIRECTION('',(0.,1.,0.));
#2976 = PCURVE('',#2876,#2977);
#2977 = DEFINITIONAL_REPRESENTATION('',(#2978),#2982);
#2978 = LINE('',#2979,#2980);
#2979 = CARTESIAN_POINT('',(0.,0.));
#2980 = VECTOR('',#2981,1.);
#2981 = DIRECTION('',(0.,1.));
#2982 = ( GEOMETRIC_REPRESENTATION_CONTEXT(2) 
PARAMETRIC_REPRESENTATION_CONTEXT() REPRESENTATION_CONTEXT('2D SPACE',''
  ) );
#2983 = PCURVE('',#2984,#2989);
#2984 = PLANE('',#2985);
#2985 = AXIS2_PLACEMENT_3D('',#2986,#2987,#2988);
#2986 = CARTESIAN_POINT('',(-0.96,-4.05,1.205));
#2987 = DIRECTION('',(0.,0.,-1.));
#2988 = DIRECTION('',(-1.,0.,0.));
#2989 = DEFINITIONAL_REPRESENTATION('',(#2990),#2994);
#2990 = LINE('',#2991,#2992);
#2991 = CARTESIAN_POINT('',(3.,0.));
#2992 = VECTOR('',#2993,1.);
#2993 = DIRECTION('',(0.,1.));
#2994 = ( GEOMETRIC_REPRESENTATION_CONTEXT(2) 
PARAMETRIC_REPRESENTATION_CONTEXT() REPRESENTATION_CONTEXT('2D SPACE',''
  ) );
#2995 = ORIENTED_EDGE('',*,*,#2996,.T.);
#2996 = EDGE_CURVE('',#2969,#2861,#2997,.T.);
#2997 = SURFACE_CURVE('',#2998,(#3002,#3009),.PCURVE_S1.);
#2998 = LINE('',#2999,#3000);
#2999 = CARTESIAN_POINT('',(-3.96,-2.05,4.205));
#3000 = VECTOR('',#3001,1.);
#3001 = DIRECTION('',(0.,0.,1.));
#3002 = PCURVE('',#2876,#3003);
#3003 = DEFINITIONAL_REPRESENTATION('',(#3004),#3008);
#3004 = LINE('',#3005,#3006);
#3005 = CARTESIAN_POINT('',(3.,2.));
#3006 = VECTOR('',#3007,1.);
#3007 = DIRECTION('',(1.,0.));
#3008 = ( GEOMETRIC_REPRESENTATION_CONTEXT(2) 
PARAMETRIC_REPRESENTATION_CONTEXT() REPRESENTATION_CONTEXT('2D SPACE',''
  ) );
#3009 = PCURVE('',#2904,#3010);
#3010 = DEFINITIONAL_REPRESENTATION('',(#3011),#3015);
#3011 = LINE('',#3012,#3013);
#3012 = CARTESIAN_POINT('',(1.5,-1.5));
#3013 = VECTOR('',#3014,1.);
#3014 = DIRECTION('',(1.,0.));
#3015 = ( GEOMETRIC_REPRESENTATION_CONTEXT(2) 
PARAMETRIC_REPRESENTATION_CONTEXT() REPRESENTATION_CONTEXT('2D SPACE',''
  ) );
#3016 = ORIENTED_EDGE('',*,*,#2860,.F.);
#3017 = ADVANCED_FACE('',(#3018),#2984,.F.);
#3018 = FACE_BOUND('',#3019,.T.);
#3019 = EDGE_LOOP('',(#3020,#3043,#3066,#3087));
#3020 = ORIENTED_EDGE('',*,*,#3021,.F.);
#3021 = EDGE_CURVE('',#3022,#2946,#3024,.T.);
#3022 = VERTEX_POINT('',#3023);
#3023 = CARTESIAN_POINT('',(-0.96,-4.05,1.205));
#3024 = SURFACE_CURVE('',#3025,(#3029,#3036),.PCURVE_S1.);
#3025 = LINE('',#3026,#3027);
#3026 = CARTESIAN_POINT('',(-5.48,-4.05,1.205));
#3027 = VECTOR('',#3028,1.);
#3028 = DIRECTION('',(-1.,0.,0.));
#3029 = PCURVE('',#2984,#3030);
#3030 = DEFINITIONAL_REPRESENTATION('',(#3031),#3035);
#3031 = LINE('',#3032,#3033);
#3032 = CARTESIAN_POINT('',(4.52,0.));
#3033 = VECTOR('',#3034,1.);
#3034 = DIRECTION('',(1.,0.));
#3035 = ( GEOMETRIC_REPRESENTATION_CONTEXT(2) 
PARAMETRIC_REPRESENTATION_CONTEXT() REPRESENTATION_CONTEXT('2D SPACE',''
  ) );
#3036 = PCURVE('',#2848,#3037);
#3037 = DEFINITIONAL_REPRESENTATION('',(#3038),#3042);
#3038 = LINE('',#3039,#3040);
#3039 = CARTESIAN_POINT('',(4.52,1.205));
#3040 = VECTOR('',#3041,1.);
#3041 = DIRECTION('',(-1.,0.));
#3042 = ( GEOMETRIC_REPRESENTATION_CONTEXT(2) 
PARAMETRIC_REPRESENTATION_CONTEXT() REPRESENTATION_CONTEXT('2D SPACE',''
  ) );
#3043 = ORIENTED_EDGE('',*,*,#3044,.T.);
#3044 = EDGE_CURVE('',#3022,#3045,#3047,.T.);
#3045 = VERTEX_POINT('',#3046);
#3046 = CARTESIAN_POINT('',(-0.96,-2.05,1.205));
#3047 = SURFACE_CURVE('',#3048,(#3052,#3059),.PCURVE_S1.);
#3048 = LINE('',#3049,#3050);
#3049 = CARTESIAN_POINT('',(-0.96,-4.05,1.205));
#3050 = VECTOR('',#3051,1.);
#3051 = DIRECTION('',(0.,1.,0.));
#3052 = PCURVE('',#2984,#3053);
#3053 = DEFINITIONAL_REPRESENTATION('',(#3054),#3058);
#3054 = LINE('',#3055,#3056);
#3055 = CARTESIAN_POINT('',(0.,0.));
#3056 = VECTOR('',#3057,1.);
#3057 = DIRECTION('',(0.,1.));
#3058 = ( GEOMETRIC_REPRESENTATION_CONTEXT(2) 
PARAMETRIC_REPRESENTATION_CONTEXT() REPRESENTATION_CONTEXT('2D SPACE',''
  ) );
#3059 = PCURVE('',#2930,#3060);
#3060 = DEFINITIONAL_REPRESENTATION('',(#3061),#3065);
#3061 = LINE('',#3062,#3063);
#3062 = CARTESIAN_POINT('',(3.,0.));
#3063 = VECTOR('',#3064,1.);
#3064 = DIRECTION('',(0.,1.));
#3065 = ( GEOMETRIC_REPRESENTATION_CONTEXT(2) 
PARAMETRIC_REPRESENTATION_CONTEXT() REPRESENTATION_CONTEXT('2D SPACE',''
  ) );
#3066 = ORIENTED_EDGE('',*,*,#3067,.T.);
#3067 = EDGE_CURVE('',#3045,#2969,#3068,.T.);
#3068 = SURFACE_CURVE('',#3069,(#3073,#3080),.PCURVE_S1.);
#3069 = LINE('',#3070,#3071);
#3070 = CARTESIAN_POINT('',(-3.96,-2.05,1.205));
#3071 = VECTOR('',#3072,1.);
#3072 = DIRECTION('',(-1.,0.,0.));
#3073 = PCURVE('',#2984,#3074);
#3074 = DEFINITIONAL_REPRESENTATION('',(#3075),#3079);
#3075 = LINE('',#3076,#3077);
#3076 = CARTESIAN_POINT('',(3.,2.));
#3077 = VECTOR('',#3078,1.);
#3078 = DIRECTION('',(1.,0.));
#3079 = ( GEOMETRIC_REPRESENTATION_CONTEXT(2) 
PARAMETRIC_REPRESENTATION_CONTEXT() REPRESENTATION_CONTEXT('2D SPACE',''
  ) );
#3080 = PCURVE('',#2904,#3081);
#3081 = DEFINITIONAL_REPRESENTATION('',(#3082),#3086);
#3082 = LINE('',#3083,#3084);
#3083 = CARTESIAN_POINT('',(-1.5,-1.5));
#3084 = VECTOR('',#3085,1.);
#3085 = DIRECTION('',(0.,-1.));
#3086 = ( GEOMETRIC_REPRESENTATION_CONTEXT(2) 
PARAMETRIC_REPRESENTATION_CONTEXT() REPRESENTATION_CONTEXT('2D SPACE',''
  ) );
#3087 = ORIENTED_EDGE('',*,*,#2968,.F.);
#3088 = ADVANCED_FACE('',(#3089),#2930,.F.);
#3089 = FACE_BOUND('',#3090,.T.);
#3090 = EDGE_LOOP('',(#3091,#3112,#3113,#3134));
#3091 = ORIENTED_EDGE('',*,*,#3092,.F.);
#3092 = EDGE_CURVE('',#2828,#3022,#3093,.T.);
#3093 = SURFACE_CURVE('',#3094,(#3098,#3105),.PCURVE_S1.);
#3094 = LINE('',#3095,#3096);
#3095 = CARTESIAN_POINT('',(-0.96,-4.05,2.1025));
#3096 = VECTOR('',#3097,1.);
#3097 = DIRECTION('',(0.,0.,-1.));
#3098 = PCURVE('',#2930,#3099);
#3099 = DEFINITIONAL_REPRESENTATION('',(#3100),#3104);
#3100 = LINE('',#3101,#3102);
#3101 = CARTESIAN_POINT('',(2.1025,0.));
#3102 = VECTOR('',#3103,1.);
#3103 = DIRECTION('',(1.,0.));
#3104 = ( GEOMETRIC_REPRESENTATION_CONTEXT(2) 
PARAMETRIC_REPRESENTATION_CONTEXT() REPRESENTATION_CONTEXT('2D SPACE',''
  ) );
#3105 = PCURVE('',#2848,#3106);
#3106 = DEFINITIONAL_REPRESENTATION('',(#3107),#3111);
#3107 = LINE('',#3108,#3109);
#3108 = CARTESIAN_POINT('',(9.04,2.1025));
#3109 = VECTOR('',#3110,1.);
#3110 = DIRECTION('',(0.,-1.));
#3111 = ( GEOMETRIC_REPRESENTATION_CONTEXT(2) 
PARAMETRIC_REPRESENTATION_CONTEXT() REPRESENTATION_CONTEXT('2D SPACE',''
  ) );
#3112 = ORIENTED_EDGE('',*,*,#2916,.T.);
#3113 = ORIENTED_EDGE('',*,*,#3114,.T.);
#3114 = EDGE_CURVE('',#2889,#3045,#3115,.T.);
#3115 = SURFACE_CURVE('',#3116,(#3120,#3127),.PCURVE_S1.);
#3116 = LINE('',#3117,#3118);
#3117 = CARTESIAN_POINT('',(-0.96,-2.05,1.205));
#3118 = VECTOR('',#3119,1.);
#3119 = DIRECTION('',(0.,0.,-1.));
#3120 = PCURVE('',#2930,#3121);
#3121 = DEFINITIONAL_REPRESENTATION('',(#3122),#3126);
#3122 = LINE('',#3123,#3124);
#3123 = CARTESIAN_POINT('',(3.,2.));
#3124 = VECTOR('',#3125,1.);
#3125 = DIRECTION('',(1.,0.));
#3126 = ( GEOMETRIC_REPRESENTATION_CONTEXT(2) 
PARAMETRIC_REPRESENTATION_CONTEXT() REPRESENTATION_CONTEXT('2D SPACE',''
  ) );
#3127 = PCURVE('',#2904,#3128);
#3128 = DEFINITIONAL_REPRESENTATION('',(#3129),#3133);
#3129 = LINE('',#3130,#3131);
#3130 = CARTESIAN_POINT('',(-1.5,1.5));
#3131 = VECTOR('',#3132,1.);
#3132 = DIRECTION('',(-1.,0.));
#3133 = ( GEOMETRIC_REPRESENTATION_CONTEXT(2) 
PARAMETRIC_REPRESENTATION_CONTEXT() REPRESENTATION_CONTEXT('2D SPACE',''
  ) );
#3134 = ORIENTED_EDGE('',*,*,#3044,.F.);
#3135 = ADVANCED_FACE('',(#3136),#2904,.F.);
#3136 = FACE_BOUND('',#3137,.T.);
#3137 = EDGE_LOOP('',(#3138,#3139,#3140,#3141));
#3138 = ORIENTED_EDGE('',*,*,#3114,.F.);
#3139 = ORIENTED_EDGE('',*,*,#2888,.F.);
#3140 = ORIENTED_EDGE('',*,*,#2996,.F.);
#3141 = ORIENTED_EDGE('',*,*,#3067,.F.);
#3142 = ADVANCED_FACE('',(#3143),#3157,.F.);
#3143 = FACE_BOUND('',#3144,.T.);
#3144 = EDGE_LOOP('',(#3145,#3175,#3203,#3231));
#3145 = ORIENTED_EDGE('',*,*,#3146,.F.);
#3146 = EDGE_CURVE('',#3147,#3149,#3151,.T.);
#3147 = VERTEX_POINT('',#3148);
#3148 = CARTESIAN_POINT('',(-8.96,-4.05,1.205));
#3149 = VERTEX_POINT('',#3150);
#3150 = CARTESIAN_POINT('',(-8.96,-4.05,4.205));
#3151 = SURFACE_CURVE('',#3152,(#3156,#3168),.PCURVE_S1.);
#3152 = LINE('',#3153,#3154);
#3153 = CARTESIAN_POINT('',(-8.96,-4.05,0.6025));
#3154 = VECTOR('',#3155,1.);
#3155 = DIRECTION('',(1.850371707709E-16,0.,1.));
#3156 = PCURVE('',#3157,#3162);
#3157 = PLANE('',#3158);
#3158 = AXIS2_PLACEMENT_3D('',#3159,#3160,#3161);
#3159 = CARTESIAN_POINT('',(-8.96,-4.05,1.205));
#3160 = DIRECTION('',(-1.,0.,1.850371707709E-16));
#3161 = DIRECTION('',(1.850371707709E-16,0.,1.));
#3162 = DEFINITIONAL_REPRESENTATION('',(#3163),#3167);
#3163 = LINE('',#3164,#3165);
#3164 = CARTESIAN_POINT('',(-0.6025,0.));
#3165 = VECTOR('',#3166,1.);
#3166 = DIRECTION('',(1.,0.));
#3167 = ( GEOMETRIC_REPRESENTATION_CONTEXT(2) 
PARAMETRIC_REPRESENTATION_CONTEXT() REPRESENTATION_CONTEXT('2D SPACE',''
  ) );
#3168 = PCURVE('',#2848,#3169);
#3169 = DEFINITIONAL_REPRESENTATION('',(#3170),#3174);
#3170 = LINE('',#3171,#3172);
#3171 = CARTESIAN_POINT('',(1.04,0.6025));
#3172 = VECTOR('',#3173,1.);
#3173 = DIRECTION('',(1.850371707709E-16,1.));
#3174 = ( GEOMETRIC_REPRESENTATION_CONTEXT(2) 
PARAMETRIC_REPRESENTATION_CONTEXT() REPRESENTATION_CONTEXT('2D SPACE',''
  ) );
#3175 = ORIENTED_EDGE('',*,*,#3176,.T.);
#3176 = EDGE_CURVE('',#3147,#3177,#3179,.T.);
#3177 = VERTEX_POINT('',#3178);
#3178 = CARTESIAN_POINT('',(-8.96,-2.05,1.205));
#3179 = SURFACE_CURVE('',#3180,(#3184,#3191),.PCURVE_S1.);
#3180 = LINE('',#3181,#3182);
#3181 = CARTESIAN_POINT('',(-8.96,-4.05,1.205));
#3182 = VECTOR('',#3183,1.);
#3183 = DIRECTION('',(0.,1.,0.));
#3184 = PCURVE('',#3157,#3185);
#3185 = DEFINITIONAL_REPRESENTATION('',(#3186),#3190);
#3186 = LINE('',#3187,#3188);
#3187 = CARTESIAN_POINT('',(0.,0.));
#3188 = VECTOR('',#3189,1.);
#3189 = DIRECTION('',(0.,1.));
#3190 = ( GEOMETRIC_REPRESENTATION_CONTEXT(2) 
PARAMETRIC_REPRESENTATION_CONTEXT() REPRESENTATION_CONTEXT('2D SPACE',''
  ) );
#3191 = PCURVE('',#3192,#3197);
#3192 = PLANE('',#3193);
#3193 = AXIS2_PLACEMENT_3D('',#3194,#3195,#3196);
#3194 = CARTESIAN_POINT('',(-5.96,-4.05,1.205));
#3195 = DIRECTION('',(9.251858538543E-17,0.,-1.));
#3196 = DIRECTION('',(-1.,0.,-9.251858538543E-17));
#3197 = DEFINITIONAL_REPRESENTATION('',(#3198),#3202);
#3198 = LINE('',#3199,#3200);
#3199 = CARTESIAN_POINT('',(3.,0.));
#3200 = VECTOR('',#3201,1.);
#3201 = DIRECTION('',(0.,1.));
#3202 = ( GEOMETRIC_REPRESENTATION_CONTEXT(2) 
PARAMETRIC_REPRESENTATION_CONTEXT() REPRESENTATION_CONTEXT('2D SPACE',''
  ) );
#3203 = ORIENTED_EDGE('',*,*,#3204,.T.);
#3204 = EDGE_CURVE('',#3177,#3205,#3207,.T.);
#3205 = VERTEX_POINT('',#3206);
#3206 = CARTESIAN_POINT('',(-8.96,-2.05,4.205));
#3207 = SURFACE_CURVE('',#3208,(#3212,#3219),.PCURVE_S1.);
#3208 = LINE('',#3209,#3210);
#3209 = CARTESIAN_POINT('',(-8.96,-2.05,4.205));
#3210 = VECTOR('',#3211,1.);
#3211 = DIRECTION('',(1.850371707709E-16,0.,1.));
#3212 = PCURVE('',#3157,#3213);
#3213 = DEFINITIONAL_REPRESENTATION('',(#3214),#3218);
#3214 = LINE('',#3215,#3216);
#3215 = CARTESIAN_POINT('',(3.,2.));
#3216 = VECTOR('',#3217,1.);
#3217 = DIRECTION('',(1.,0.));
#3218 = ( GEOMETRIC_REPRESENTATION_CONTEXT(2) 
PARAMETRIC_REPRESENTATION_CONTEXT() REPRESENTATION_CONTEXT('2D SPACE',''
  ) );
#3219 = PCURVE('',#3220,#3225);
#3220 = PLANE('',#3221);
#3221 = AXIS2_PLACEMENT_3D('',#3222,#3223,#3224);
#3222 = CARTESIAN_POINT('',(-7.46,-2.05,2.705));
#3223 = DIRECTION('',(0.,1.,0.));
#3224 = DIRECTION('',(0.,-0.,1.));
#3225 = DEFINITIONAL_REPRESENTATION('',(#3226),#3230);
#3226 = LINE('',#3227,#3228);
#3227 = CARTESIAN_POINT('',(1.5,-1.5));
#3228 = VECTOR('',#3229,1.);
#3229 = DIRECTION('',(1.,1.850371707709E-16));
#3230 = ( GEOMETRIC_REPRESENTATION_CONTEXT(2) 
PARAMETRIC_REPRESENTATION_CONTEXT() REPRESENTATION_CONTEXT('2D SPACE',''
  ) );
#3231 = ORIENTED_EDGE('',*,*,#3232,.F.);
#3232 = EDGE_CURVE('',#3149,#3205,#3233,.T.);
#3233 = SURFACE_CURVE('',#3234,(#3238,#3245),.PCURVE_S1.);
#3234 = LINE('',#3235,#3236);
#3235 = CARTESIAN_POINT('',(-8.96,-4.05,4.205));
#3236 = VECTOR('',#3237,1.);
#3237 = DIRECTION('',(0.,1.,0.));
#3238 = PCURVE('',#3157,#3239);
#3239 = DEFINITIONAL_REPRESENTATION('',(#3240),#3244);
#3240 = LINE('',#3241,#3242);
#3241 = CARTESIAN_POINT('',(3.,0.));
#3242 = VECTOR('',#3243,1.);
#3243 = DIRECTION('',(0.,1.));
#3244 = ( GEOMETRIC_REPRESENTATION_CONTEXT(2) 
PARAMETRIC_REPRESENTATION_CONTEXT() REPRESENTATION_CONTEXT('2D SPACE',''
  ) );
#3245 = PCURVE('',#3246,#3251);
#3246 = PLANE('',#3247);
#3247 = AXIS2_PLACEMENT_3D('',#3248,#3249,#3250);
#3248 = CARTESIAN_POINT('',(-8.96,-4.05,4.205));
#3249 = DIRECTION('',(-3.700743415417E-16,0.,1.));
#3250 = DIRECTION('',(1.,0.,3.700743415417E-16));
#3251 = DEFINITIONAL_REPRESENTATION('',(#3252),#3256);
#3252 = LINE('',#3253,#3254);
#3253 = CARTESIAN_POINT('',(0.,0.));
#3254 = VECTOR('',#3255,1.);
#3255 = DIRECTION('',(0.,1.));
#3256 = ( GEOMETRIC_REPRESENTATION_CONTEXT(2) 
PARAMETRIC_REPRESENTATION_CONTEXT() REPRESENTATION_CONTEXT('2D SPACE',''
  ) );
#3257 = ADVANCED_FACE('',(#3258),#3192,.F.);
#3258 = FACE_BOUND('',#3259,.T.);
#3259 = EDGE_LOOP('',(#3260,#3283,#3311,#3332));
#3260 = ORIENTED_EDGE('',*,*,#3261,.F.);
#3261 = EDGE_CURVE('',#3262,#3147,#3264,.T.);
#3262 = VERTEX_POINT('',#3263);
#3263 = CARTESIAN_POINT('',(-5.96,-4.05,1.205));
#3264 = SURFACE_CURVE('',#3265,(#3269,#3276),.PCURVE_S1.);
#3265 = LINE('',#3266,#3267);
#3266 = CARTESIAN_POINT('',(-7.98,-4.05,1.205));
#3267 = VECTOR('',#3268,1.);
#3268 = DIRECTION('',(-1.,0.,-9.251858538543E-17));
#3269 = PCURVE('',#3192,#3270);
#3270 = DEFINITIONAL_REPRESENTATION('',(#3271),#3275);
#3271 = LINE('',#3272,#3273);
#3272 = CARTESIAN_POINT('',(2.02,0.));
#3273 = VECTOR('',#3274,1.);
#3274 = DIRECTION('',(1.,0.));
#3275 = ( GEOMETRIC_REPRESENTATION_CONTEXT(2) 
PARAMETRIC_REPRESENTATION_CONTEXT() REPRESENTATION_CONTEXT('2D SPACE',''
  ) );
#3276 = PCURVE('',#2848,#3277);
#3277 = DEFINITIONAL_REPRESENTATION('',(#3278),#3282);
#3278 = LINE('',#3279,#3280);
#3279 = CARTESIAN_POINT('',(2.02,1.205));
#3280 = VECTOR('',#3281,1.);
#3281 = DIRECTION('',(-1.,-9.251858538543E-17));
#3282 = ( GEOMETRIC_REPRESENTATION_CONTEXT(2) 
PARAMETRIC_REPRESENTATION_CONTEXT() REPRESENTATION_CONTEXT('2D SPACE',''
  ) );
#3283 = ORIENTED_EDGE('',*,*,#3284,.T.);
#3284 = EDGE_CURVE('',#3262,#3285,#3287,.T.);
#3285 = VERTEX_POINT('',#3286);
#3286 = CARTESIAN_POINT('',(-5.96,-2.05,1.205));
#3287 = SURFACE_CURVE('',#3288,(#3292,#3299),.PCURVE_S1.);
#3288 = LINE('',#3289,#3290);
#3289 = CARTESIAN_POINT('',(-5.96,-4.05,1.205));
#3290 = VECTOR('',#3291,1.);
#3291 = DIRECTION('',(0.,1.,0.));
#3292 = PCURVE('',#3192,#3293);
#3293 = DEFINITIONAL_REPRESENTATION('',(#3294),#3298);
#3294 = LINE('',#3295,#3296);
#3295 = CARTESIAN_POINT('',(0.,0.));
#3296 = VECTOR('',#3297,1.);
#3297 = DIRECTION('',(0.,1.));
#3298 = ( GEOMETRIC_REPRESENTATION_CONTEXT(2) 
PARAMETRIC_REPRESENTATION_CONTEXT() REPRESENTATION_CONTEXT('2D SPACE',''
  ) );
#3299 = PCURVE('',#3300,#3305);
#3300 = PLANE('',#3301);
#3301 = AXIS2_PLACEMENT_3D('',#3302,#3303,#3304);
#3302 = CARTESIAN_POINT('',(-5.96,-4.05,4.205));
#3303 = DIRECTION('',(1.,0.,0.));
#3304 = DIRECTION('',(0.,0.,-1.));
#3305 = DEFINITIONAL_REPRESENTATION('',(#3306),#3310);
#3306 = LINE('',#3307,#3308);
#3307 = CARTESIAN_POINT('',(3.,0.));
#3308 = VECTOR('',#3309,1.);
#3309 = DIRECTION('',(0.,1.));
#3310 = ( GEOMETRIC_REPRESENTATION_CONTEXT(2) 
PARAMETRIC_REPRESENTATION_CONTEXT() REPRESENTATION_CONTEXT('2D SPACE',''
  ) );
#3311 = ORIENTED_EDGE('',*,*,#3312,.T.);
#3312 = EDGE_CURVE('',#3285,#3177,#3313,.T.);
#3313 = SURFACE_CURVE('',#3314,(#3318,#3325),.PCURVE_S1.);
#3314 = LINE('',#3315,#3316);
#3315 = CARTESIAN_POINT('',(-8.96,-2.05,1.205));
#3316 = VECTOR('',#3317,1.);
#3317 = DIRECTION('',(-1.,0.,-9.251858538543E-17));
#3318 = PCURVE('',#3192,#3319);
#3319 = DEFINITIONAL_REPRESENTATION('',(#3320),#3324);
#3320 = LINE('',#3321,#3322);
#3321 = CARTESIAN_POINT('',(3.,2.));
#3322 = VECTOR('',#3323,1.);
#3323 = DIRECTION('',(1.,0.));
#3324 = ( GEOMETRIC_REPRESENTATION_CONTEXT(2) 
PARAMETRIC_REPRESENTATION_CONTEXT() REPRESENTATION_CONTEXT('2D SPACE',''
  ) );
#3325 = PCURVE('',#3220,#3326);
#3326 = DEFINITIONAL_REPRESENTATION('',(#3327),#3331);
#3327 = LINE('',#3328,#3329);
#3328 = CARTESIAN_POINT('',(-1.5,-1.5));
#3329 = VECTOR('',#3330,1.);
#3330 = DIRECTION('',(-9.251858538543E-17,-1.));
#3331 = ( GEOMETRIC_REPRESENTATION_CONTEXT(2) 
PARAMETRIC_REPRESENTATION_CONTEXT() REPRESENTATION_CONTEXT('2D SPACE',''
  ) );
#3332 = ORIENTED_EDGE('',*,*,#3176,.F.);
#3333 = ADVANCED_FACE('',(#3334),#3300,.F.);
#3334 = FACE_BOUND('',#3335,.T.);
#3335 = EDGE_LOOP('',(#3336,#3359,#3382,#3403));
#3336 = ORIENTED_EDGE('',*,*,#3337,.F.);
#3337 = EDGE_CURVE('',#3338,#3262,#3340,.T.);
#3338 = VERTEX_POINT('',#3339);
#3339 = CARTESIAN_POINT('',(-5.96,-4.05,4.205));
#3340 = SURFACE_CURVE('',#3341,(#3345,#3352),.PCURVE_S1.);
#3341 = LINE('',#3342,#3343);
#3342 = CARTESIAN_POINT('',(-5.96,-4.05,2.1025));
#3343 = VECTOR('',#3344,1.);
#3344 = DIRECTION('',(0.,0.,-1.));
#3345 = PCURVE('',#3300,#3346);
#3346 = DEFINITIONAL_REPRESENTATION('',(#3347),#3351);
#3347 = LINE('',#3348,#3349);
#3348 = CARTESIAN_POINT('',(2.1025,0.));
#3349 = VECTOR('',#3350,1.);
#3350 = DIRECTION('',(1.,0.));
#3351 = ( GEOMETRIC_REPRESENTATION_CONTEXT(2) 
PARAMETRIC_REPRESENTATION_CONTEXT() REPRESENTATION_CONTEXT('2D SPACE',''
  ) );
#3352 = PCURVE('',#2848,#3353);
#3353 = DEFINITIONAL_REPRESENTATION('',(#3354),#3358);
#3354 = LINE('',#3355,#3356);
#3355 = CARTESIAN_POINT('',(4.04,2.1025));
#3356 = VECTOR('',#3357,1.);
#3357 = DIRECTION('',(0.,-1.));
#3358 = ( GEOMETRIC_REPRESENTATION_CONTEXT(2) 
PARAMETRIC_REPRESENTATION_CONTEXT() REPRESENTATION_CONTEXT('2D SPACE',''
  ) );
#3359 = ORIENTED_EDGE('',*,*,#3360,.T.);
#3360 = EDGE_CURVE('',#3338,#3361,#3363,.T.);
#3361 = VERTEX_POINT('',#3362);
#3362 = CARTESIAN_POINT('',(-5.96,-2.05,4.205));
#3363 = SURFACE_CURVE('',#3364,(#3368,#3375),.PCURVE_S1.);
#3364 = LINE('',#3365,#3366);
#3365 = CARTESIAN_POINT('',(-5.96,-4.05,4.205));
#3366 = VECTOR('',#3367,1.);
#3367 = DIRECTION('',(0.,1.,0.));
#3368 = PCURVE('',#3300,#3369);
#3369 = DEFINITIONAL_REPRESENTATION('',(#3370),#3374);
#3370 = LINE('',#3371,#3372);
#3371 = CARTESIAN_POINT('',(0.,0.));
#3372 = VECTOR('',#3373,1.);
#3373 = DIRECTION('',(0.,1.));
#3374 = ( GEOMETRIC_REPRESENTATION_CONTEXT(2) 
PARAMETRIC_REPRESENTATION_CONTEXT() REPRESENTATION_CONTEXT('2D SPACE',''
  ) );
#3375 = PCURVE('',#3246,#3376);
#3376 = DEFINITIONAL_REPRESENTATION('',(#3377),#3381);
#3377 = LINE('',#3378,#3379);
#3378 = CARTESIAN_POINT('',(3.,0.));
#3379 = VECTOR('',#3380,1.);
#3380 = DIRECTION('',(0.,1.));
#3381 = ( GEOMETRIC_REPRESENTATION_CONTEXT(2) 
PARAMETRIC_REPRESENTATION_CONTEXT() REPRESENTATION_CONTEXT('2D SPACE',''
  ) );
#3382 = ORIENTED_EDGE('',*,*,#3383,.T.);
#3383 = EDGE_CURVE('',#3361,#3285,#3384,.T.);
#3384 = SURFACE_CURVE('',#3385,(#3389,#3396),.PCURVE_S1.);
#3385 = LINE('',#3386,#3387);
#3386 = CARTESIAN_POINT('',(-5.96,-2.05,1.205));
#3387 = VECTOR('',#3388,1.);
#3388 = DIRECTION('',(0.,0.,-1.));
#3389 = PCURVE('',#3300,#3390);
#3390 = DEFINITIONAL_REPRESENTATION('',(#3391),#3395);
#3391 = LINE('',#3392,#3393);
#3392 = CARTESIAN_POINT('',(3.,2.));
#3393 = VECTOR('',#3394,1.);
#3394 = DIRECTION('',(1.,0.));
#3395 = ( GEOMETRIC_REPRESENTATION_CONTEXT(2) 
PARAMETRIC_REPRESENTATION_CONTEXT() REPRESENTATION_CONTEXT('2D SPACE',''
  ) );
#3396 = PCURVE('',#3220,#3397);
#3397 = DEFINITIONAL_REPRESENTATION('',(#3398),#3402);
#3398 = LINE('',#3399,#3400);
#3399 = CARTESIAN_POINT('',(-1.5,1.5));
#3400 = VECTOR('',#3401,1.);
#3401 = DIRECTION('',(-1.,0.));
#3402 = ( GEOMETRIC_REPRESENTATION_CONTEXT(2) 
PARAMETRIC_REPRESENTATION_CONTEXT() REPRESENTATION_CONTEXT('2D SPACE',''
  ) );
#3403 = ORIENTED_EDGE('',*,*,#3284,.F.);
#3404 = ADVANCED_FACE('',(#3405),#3246,.F.);
#3405 = FACE_BOUND('',#3406,.T.);
#3406 = EDGE_LOOP('',(#3407,#3428,#3429,#3450));
#3407 = ORIENTED_EDGE('',*,*,#3408,.F.);
#3408 = EDGE_CURVE('',#3149,#3338,#3409,.T.);
#3409 = SURFACE_CURVE('',#3410,(#3414,#3421),.PCURVE_S1.);
#3410 = LINE('',#3411,#3412);
#3411 = CARTESIAN_POINT('',(-9.48,-4.05,4.205));
#3412 = VECTOR('',#3413,1.);
#3413 = DIRECTION('',(1.,0.,3.700743415417E-16));
#3414 = PCURVE('',#3246,#3415);
#3415 = DEFINITIONAL_REPRESENTATION('',(#3416),#3420);
#3416 = LINE('',#3417,#3418);
#3417 = CARTESIAN_POINT('',(-0.52,0.));
#3418 = VECTOR('',#3419,1.);
#3419 = DIRECTION('',(1.,0.));
#3420 = ( GEOMETRIC_REPRESENTATION_CONTEXT(2) 
PARAMETRIC_REPRESENTATION_CONTEXT() REPRESENTATION_CONTEXT('2D SPACE',''
  ) );
#3421 = PCURVE('',#2848,#3422);
#3422 = DEFINITIONAL_REPRESENTATION('',(#3423),#3427);
#3423 = LINE('',#3424,#3425);
#3424 = CARTESIAN_POINT('',(0.52,4.205));
#3425 = VECTOR('',#3426,1.);
#3426 = DIRECTION('',(1.,3.700743415417E-16));
#3427 = ( GEOMETRIC_REPRESENTATION_CONTEXT(2) 
PARAMETRIC_REPRESENTATION_CONTEXT() REPRESENTATION_CONTEXT('2D SPACE',''
  ) );
#3428 = ORIENTED_EDGE('',*,*,#3232,.T.);
#3429 = ORIENTED_EDGE('',*,*,#3430,.T.);
#3430 = EDGE_CURVE('',#3205,#3361,#3431,.T.);
#3431 = SURFACE_CURVE('',#3432,(#3436,#3443),.PCURVE_S1.);
#3432 = LINE('',#3433,#3434);
#3433 = CARTESIAN_POINT('',(-5.96,-2.05,4.205));
#3434 = VECTOR('',#3435,1.);
#3435 = DIRECTION('',(1.,0.,3.700743415417E-16));
#3436 = PCURVE('',#3246,#3437);
#3437 = DEFINITIONAL_REPRESENTATION('',(#3438),#3442);
#3438 = LINE('',#3439,#3440);
#3439 = CARTESIAN_POINT('',(3.,2.));
#3440 = VECTOR('',#3441,1.);
#3441 = DIRECTION('',(1.,0.));
#3442 = ( GEOMETRIC_REPRESENTATION_CONTEXT(2) 
PARAMETRIC_REPRESENTATION_CONTEXT() REPRESENTATION_CONTEXT('2D SPACE',''
  ) );
#3443 = PCURVE('',#3220,#3444);
#3444 = DEFINITIONAL_REPRESENTATION('',(#3445),#3449);
#3445 = LINE('',#3446,#3447);
#3446 = CARTESIAN_POINT('',(1.5,1.5));
#3447 = VECTOR('',#3448,1.);
#3448 = DIRECTION('',(3.700743415417E-16,1.));
#3449 = ( GEOMETRIC_REPRESENTATION_CONTEXT(2) 
PARAMETRIC_REPRESENTATION_CONTEXT() REPRESENTATION_CONTEXT('2D SPACE',''
  ) );
#3450 = ORIENTED_EDGE('',*,*,#3360,.F.);
#3451 = ADVANCED_FACE('',(#3452),#3220,.F.);
#3452 = FACE_BOUND('',#3453,.T.);
#3453 = EDGE_LOOP('',(#3454,#3455,#3456,#3457));
#3454 = ORIENTED_EDGE('',*,*,#3430,.F.);
#3455 = ORIENTED_EDGE('',*,*,#3204,.F.);
#3456 = ORIENTED_EDGE('',*,*,#3312,.F.);
#3457 = ORIENTED_EDGE('',*,*,#3383,.F.);
#3458 = ADVANCED_FACE('',(#3459),#3473,.F.);
#3459 = FACE_BOUND('',#3460,.T.);
#3460 = EDGE_LOOP('',(#3461,#3491,#3519,#3547));
#3461 = ORIENTED_EDGE('',*,*,#3462,.F.);
#3462 = EDGE_CURVE('',#3463,#3465,#3467,.T.);
#3463 = VERTEX_POINT('',#3464);
#3464 = CARTESIAN_POINT('',(1.04,-4.05,4.205));
#3465 = VERTEX_POINT('',#3466);
#3466 = CARTESIAN_POINT('',(4.04,-4.05,4.205));
#3467 = SURFACE_CURVE('',#3468,(#3472,#3484),.PCURVE_S1.);
#3468 = LINE('',#3469,#3470);
#3469 = CARTESIAN_POINT('',(-4.48,-4.05,4.205));
#3470 = VECTOR('',#3471,1.);
#3471 = DIRECTION('',(1.,0.,0.));
#3472 = PCURVE('',#3473,#3478);
#3473 = PLANE('',#3474);
#3474 = AXIS2_PLACEMENT_3D('',#3475,#3476,#3477);
#3475 = CARTESIAN_POINT('',(1.04,-4.05,4.205));
#3476 = DIRECTION('',(0.,0.,1.));
#3477 = DIRECTION('',(1.,0.,-0.));
#3478 = DEFINITIONAL_REPRESENTATION('',(#3479),#3483);
#3479 = LINE('',#3480,#3481);
#3480 = CARTESIAN_POINT('',(-5.52,0.));
#3481 = VECTOR('',#3482,1.);
#3482 = DIRECTION('',(1.,0.));
#3483 = ( GEOMETRIC_REPRESENTATION_CONTEXT(2) 
PARAMETRIC_REPRESENTATION_CONTEXT() REPRESENTATION_CONTEXT('2D SPACE',''
  ) );
#3484 = PCURVE('',#2848,#3485);
#3485 = DEFINITIONAL_REPRESENTATION('',(#3486),#3490);
#3486 = LINE('',#3487,#3488);
#3487 = CARTESIAN_POINT('',(5.52,4.205));
#3488 = VECTOR('',#3489,1.);
#3489 = DIRECTION('',(1.,0.));
#3490 = ( GEOMETRIC_REPRESENTATION_CONTEXT(2) 
PARAMETRIC_REPRESENTATION_CONTEXT() REPRESENTATION_CONTEXT('2D SPACE',''
  ) );
#3491 = ORIENTED_EDGE('',*,*,#3492,.T.);
#3492 = EDGE_CURVE('',#3463,#3493,#3495,.T.);
#3493 = VERTEX_POINT('',#3494);
#3494 = CARTESIAN_POINT('',(1.04,-2.05,4.205));
#3495 = SURFACE_CURVE('',#3496,(#3500,#3507),.PCURVE_S1.);
#3496 = LINE('',#3497,#3498);
#3497 = CARTESIAN_POINT('',(1.04,-4.05,4.205));
#3498 = VECTOR('',#3499,1.);
#3499 = DIRECTION('',(0.,1.,0.));
#3500 = PCURVE('',#3473,#3501);
#3501 = DEFINITIONAL_REPRESENTATION('',(#3502),#3506);
#3502 = LINE('',#3503,#3504);
#3503 = CARTESIAN_POINT('',(0.,0.));
#3504 = VECTOR('',#3505,1.);
#3505 = DIRECTION('',(0.,1.));
#3506 = ( GEOMETRIC_REPRESENTATION_CONTEXT(2) 
PARAMETRIC_REPRESENTATION_CONTEXT() REPRESENTATION_CONTEXT('2D SPACE',''
  ) );
#3507 = PCURVE('',#3508,#3513);
#3508 = PLANE('',#3509);
#3509 = AXIS2_PLACEMENT_3D('',#3510,#3511,#3512);
#3510 = CARTESIAN_POINT('',(1.04,-4.05,1.205));
#3511 = DIRECTION('',(-1.,0.,-7.401486830834E-16));
#3512 = DIRECTION('',(-7.401486830834E-16,0.,1.));
#3513 = DEFINITIONAL_REPRESENTATION('',(#3514),#3518);
#3514 = LINE('',#3515,#3516);
#3515 = CARTESIAN_POINT('',(3.,0.));
#3516 = VECTOR('',#3517,1.);
#3517 = DIRECTION('',(0.,1.));
#3518 = ( GEOMETRIC_REPRESENTATION_CONTEXT(2) 
PARAMETRIC_REPRESENTATION_CONTEXT() REPRESENTATION_CONTEXT('2D SPACE',''
  ) );
#3519 = ORIENTED_EDGE('',*,*,#3520,.T.);
#3520 = EDGE_CURVE('',#3493,#3521,#3523,.T.);
#3521 = VERTEX_POINT('',#3522);
#3522 = CARTESIAN_POINT('',(4.04,-2.05,4.205));
#3523 = SURFACE_CURVE('',#3524,(#3528,#3535),.PCURVE_S1.);
#3524 = LINE('',#3525,#3526);
#3525 = CARTESIAN_POINT('',(4.04,-2.05,4.205));
#3526 = VECTOR('',#3527,1.);
#3527 = DIRECTION('',(1.,0.,0.));
#3528 = PCURVE('',#3473,#3529);
#3529 = DEFINITIONAL_REPRESENTATION('',(#3530),#3534);
#3530 = LINE('',#3531,#3532);
#3531 = CARTESIAN_POINT('',(3.,2.));
#3532 = VECTOR('',#3533,1.);
#3533 = DIRECTION('',(1.,0.));
#3534 = ( GEOMETRIC_REPRESENTATION_CONTEXT(2) 
PARAMETRIC_REPRESENTATION_CONTEXT() REPRESENTATION_CONTEXT('2D SPACE',''
  ) );
#3535 = PCURVE('',#3536,#3541);
#3536 = PLANE('',#3537);
#3537 = AXIS2_PLACEMENT_3D('',#3538,#3539,#3540);
#3538 = CARTESIAN_POINT('',(2.54,-2.05,2.705));
#3539 = DIRECTION('',(0.,1.,0.));
#3540 = DIRECTION('',(0.,-0.,1.));
#3541 = DEFINITIONAL_REPRESENTATION('',(#3542),#3546);
#3542 = LINE('',#3543,#3544);
#3543 = CARTESIAN_POINT('',(1.5,1.5));
#3544 = VECTOR('',#3545,1.);
#3545 = DIRECTION('',(0.,1.));
#3546 = ( GEOMETRIC_REPRESENTATION_CONTEXT(2) 
PARAMETRIC_REPRESENTATION_CONTEXT() REPRESENTATION_CONTEXT('2D SPACE',''
  ) );
#3547 = ORIENTED_EDGE('',*,*,#3548,.F.);
#3548 = EDGE_CURVE('',#3465,#3521,#3549,.T.);
#3549 = SURFACE_CURVE('',#3550,(#3554,#3561),.PCURVE_S1.);
#3550 = LINE('',#3551,#3552);
#3551 = CARTESIAN_POINT('',(4.04,-4.05,4.205));
#3552 = VECTOR('',#3553,1.);
#3553 = DIRECTION('',(0.,1.,0.));
#3554 = PCURVE('',#3473,#3555);
#3555 = DEFINITIONAL_REPRESENTATION('',(#3556),#3560);
#3556 = LINE('',#3557,#3558);
#3557 = CARTESIAN_POINT('',(3.,0.));
#3558 = VECTOR('',#3559,1.);
#3559 = DIRECTION('',(0.,1.));
#3560 = ( GEOMETRIC_REPRESENTATION_CONTEXT(2) 
PARAMETRIC_REPRESENTATION_CONTEXT() REPRESENTATION_CONTEXT('2D SPACE',''
  ) );
#3561 = PCURVE('',#3562,#3567);
#3562 = PLANE('',#3563);
#3563 = AXIS2_PLACEMENT_3D('',#3564,#3565,#3566);
#3564 = CARTESIAN_POINT('',(4.04,-4.05,4.205));
#3565 = DIRECTION('',(1.,0.,0.));
#3566 = DIRECTION('',(0.,0.,-1.));
#3567 = DEFINITIONAL_REPRESENTATION('',(#3568),#3572);
#3568 = LINE('',#3569,#3570);
#3569 = CARTESIAN_POINT('',(0.,0.));
#3570 = VECTOR('',#3571,1.);
#3571 = DIRECTION('',(0.,1.));
#3572 = ( GEOMETRIC_REPRESENTATION_CONTEXT(2) 
PARAMETRIC_REPRESENTATION_CONTEXT() REPRESENTATION_CONTEXT('2D SPACE',''
  ) );
#3573 = ADVANCED_FACE('',(#3574),#3508,.F.);
#3574 = FACE_BOUND('',#3575,.T.);
#3575 = EDGE_LOOP('',(#3576,#3599,#3627,#3648));
#3576 = ORIENTED_EDGE('',*,*,#3577,.F.);
#3577 = EDGE_CURVE('',#3578,#3463,#3580,.T.);
#3578 = VERTEX_POINT('',#3579);
#3579 = CARTESIAN_POINT('',(1.04,-4.05,1.205));
#3580 = SURFACE_CURVE('',#3581,(#3585,#3592),.PCURVE_S1.);
#3581 = LINE('',#3582,#3583);
#3582 = CARTESIAN_POINT('',(1.04,-4.05,0.6025));
#3583 = VECTOR('',#3584,1.);
#3584 = DIRECTION('',(-7.401486830834E-16,0.,1.));
#3585 = PCURVE('',#3508,#3586);
#3586 = DEFINITIONAL_REPRESENTATION('',(#3587),#3591);
#3587 = LINE('',#3588,#3589);
#3588 = CARTESIAN_POINT('',(-0.6025,0.));
#3589 = VECTOR('',#3590,1.);
#3590 = DIRECTION('',(1.,0.));
#3591 = ( GEOMETRIC_REPRESENTATION_CONTEXT(2) 
PARAMETRIC_REPRESENTATION_CONTEXT() REPRESENTATION_CONTEXT('2D SPACE',''
  ) );
#3592 = PCURVE('',#2848,#3593);
#3593 = DEFINITIONAL_REPRESENTATION('',(#3594),#3598);
#3594 = LINE('',#3595,#3596);
#3595 = CARTESIAN_POINT('',(11.04,0.6025));
#3596 = VECTOR('',#3597,1.);
#3597 = DIRECTION('',(-7.401486830834E-16,1.));
#3598 = ( GEOMETRIC_REPRESENTATION_CONTEXT(2) 
PARAMETRIC_REPRESENTATION_CONTEXT() REPRESENTATION_CONTEXT('2D SPACE',''
  ) );
#3599 = ORIENTED_EDGE('',*,*,#3600,.T.);
#3600 = EDGE_CURVE('',#3578,#3601,#3603,.T.);
#3601 = VERTEX_POINT('',#3602);
#3602 = CARTESIAN_POINT('',(1.04,-2.05,1.205));
#3603 = SURFACE_CURVE('',#3604,(#3608,#3615),.PCURVE_S1.);
#3604 = LINE('',#3605,#3606);
#3605 = CARTESIAN_POINT('',(1.04,-4.05,1.205));
#3606 = VECTOR('',#3607,1.);
#3607 = DIRECTION('',(0.,1.,0.));
#3608 = PCURVE('',#3508,#3609);
#3609 = DEFINITIONAL_REPRESENTATION('',(#3610),#3614);
#3610 = LINE('',#3611,#3612);
#3611 = CARTESIAN_POINT('',(0.,0.));
#3612 = VECTOR('',#3613,1.);
#3613 = DIRECTION('',(0.,1.));
#3614 = ( GEOMETRIC_REPRESENTATION_CONTEXT(2) 
PARAMETRIC_REPRESENTATION_CONTEXT() REPRESENTATION_CONTEXT('2D SPACE',''
  ) );
#3615 = PCURVE('',#3616,#3621);
#3616 = PLANE('',#3617);
#3617 = AXIS2_PLACEMENT_3D('',#3618,#3619,#3620);
#3618 = CARTESIAN_POINT('',(4.04,-4.05,1.205));
#3619 = DIRECTION('',(0.,0.,-1.));
#3620 = DIRECTION('',(-1.,0.,0.));
#3621 = DEFINITIONAL_REPRESENTATION('',(#3622),#3626);
#3622 = LINE('',#3623,#3624);
#3623 = CARTESIAN_POINT('',(3.,0.));
#3624 = VECTOR('',#3625,1.);
#3625 = DIRECTION('',(0.,1.));
#3626 = ( GEOMETRIC_REPRESENTATION_CONTEXT(2) 
PARAMETRIC_REPRESENTATION_CONTEXT() REPRESENTATION_CONTEXT('2D SPACE',''
  ) );
#3627 = ORIENTED_EDGE('',*,*,#3628,.T.);
#3628 = EDGE_CURVE('',#3601,#3493,#3629,.T.);
#3629 = SURFACE_CURVE('',#3630,(#3634,#3641),.PCURVE_S1.);
#3630 = LINE('',#3631,#3632);
#3631 = CARTESIAN_POINT('',(1.04,-2.05,4.205));
#3632 = VECTOR('',#3633,1.);
#3633 = DIRECTION('',(-7.401486830834E-16,0.,1.));
#3634 = PCURVE('',#3508,#3635);
#3635 = DEFINITIONAL_REPRESENTATION('',(#3636),#3640);
#3636 = LINE('',#3637,#3638);
#3637 = CARTESIAN_POINT('',(3.,2.));
#3638 = VECTOR('',#3639,1.);
#3639 = DIRECTION('',(1.,0.));
#3640 = ( GEOMETRIC_REPRESENTATION_CONTEXT(2) 
PARAMETRIC_REPRESENTATION_CONTEXT() REPRESENTATION_CONTEXT('2D SPACE',''
  ) );
#3641 = PCURVE('',#3536,#3642);
#3642 = DEFINITIONAL_REPRESENTATION('',(#3643),#3647);
#3643 = LINE('',#3644,#3645);
#3644 = CARTESIAN_POINT('',(1.5,-1.5));
#3645 = VECTOR('',#3646,1.);
#3646 = DIRECTION('',(1.,-7.401486830834E-16));
#3647 = ( GEOMETRIC_REPRESENTATION_CONTEXT(2) 
PARAMETRIC_REPRESENTATION_CONTEXT() REPRESENTATION_CONTEXT('2D SPACE',''
  ) );
#3648 = ORIENTED_EDGE('',*,*,#3492,.F.);
#3649 = ADVANCED_FACE('',(#3650),#3616,.F.);
#3650 = FACE_BOUND('',#3651,.T.);
#3651 = EDGE_LOOP('',(#3652,#3675,#3698,#3719));
#3652 = ORIENTED_EDGE('',*,*,#3653,.F.);
#3653 = EDGE_CURVE('',#3654,#3578,#3656,.T.);
#3654 = VERTEX_POINT('',#3655);
#3655 = CARTESIAN_POINT('',(4.04,-4.05,1.205));
#3656 = SURFACE_CURVE('',#3657,(#3661,#3668),.PCURVE_S1.);
#3657 = LINE('',#3658,#3659);
#3658 = CARTESIAN_POINT('',(-2.98,-4.05,1.205));
#3659 = VECTOR('',#3660,1.);
#3660 = DIRECTION('',(-1.,0.,0.));
#3661 = PCURVE('',#3616,#3662);
#3662 = DEFINITIONAL_REPRESENTATION('',(#3663),#3667);
#3663 = LINE('',#3664,#3665);
#3664 = CARTESIAN_POINT('',(7.02,0.));
#3665 = VECTOR('',#3666,1.);
#3666 = DIRECTION('',(1.,0.));
#3667 = ( GEOMETRIC_REPRESENTATION_CONTEXT(2) 
PARAMETRIC_REPRESENTATION_CONTEXT() REPRESENTATION_CONTEXT('2D SPACE',''
  ) );
#3668 = PCURVE('',#2848,#3669);
#3669 = DEFINITIONAL_REPRESENTATION('',(#3670),#3674);
#3670 = LINE('',#3671,#3672);
#3671 = CARTESIAN_POINT('',(7.02,1.205));
#3672 = VECTOR('',#3673,1.);
#3673 = DIRECTION('',(-1.,0.));
#3674 = ( GEOMETRIC_REPRESENTATION_CONTEXT(2) 
PARAMETRIC_REPRESENTATION_CONTEXT() REPRESENTATION_CONTEXT('2D SPACE',''
  ) );
#3675 = ORIENTED_EDGE('',*,*,#3676,.T.);
#3676 = EDGE_CURVE('',#3654,#3677,#3679,.T.);
#3677 = VERTEX_POINT('',#3678);
#3678 = CARTESIAN_POINT('',(4.04,-2.05,1.205));
#3679 = SURFACE_CURVE('',#3680,(#3684,#3691),.PCURVE_S1.);
#3680 = LINE('',#3681,#3682);
#3681 = CARTESIAN_POINT('',(4.04,-4.05,1.205));
#3682 = VECTOR('',#3683,1.);
#3683 = DIRECTION('',(0.,1.,0.));
#3684 = PCURVE('',#3616,#3685);
#3685 = DEFINITIONAL_REPRESENTATION('',(#3686),#3690);
#3686 = LINE('',#3687,#3688);
#3687 = CARTESIAN_POINT('',(0.,0.));
#3688 = VECTOR('',#3689,1.);
#3689 = DIRECTION('',(0.,1.));
#3690 = ( GEOMETRIC_REPRESENTATION_CONTEXT(2) 
PARAMETRIC_REPRESENTATION_CONTEXT() REPRESENTATION_CONTEXT('2D SPACE',''
  ) );
#3691 = PCURVE('',#3562,#3692);
#3692 = DEFINITIONAL_REPRESENTATION('',(#3693),#3697);
#3693 = LINE('',#3694,#3695);
#3694 = CARTESIAN_POINT('',(3.,0.));
#3695 = VECTOR('',#3696,1.);
#3696 = DIRECTION('',(0.,1.));
#3697 = ( GEOMETRIC_REPRESENTATION_CONTEXT(2) 
PARAMETRIC_REPRESENTATION_CONTEXT() REPRESENTATION_CONTEXT('2D SPACE',''
  ) );
#3698 = ORIENTED_EDGE('',*,*,#3699,.T.);
#3699 = EDGE_CURVE('',#3677,#3601,#3700,.T.);
#3700 = SURFACE_CURVE('',#3701,(#3705,#3712),.PCURVE_S1.);
#3701 = LINE('',#3702,#3703);
#3702 = CARTESIAN_POINT('',(1.04,-2.05,1.205));
#3703 = VECTOR('',#3704,1.);
#3704 = DIRECTION('',(-1.,0.,0.));
#3705 = PCURVE('',#3616,#3706);
#3706 = DEFINITIONAL_REPRESENTATION('',(#3707),#3711);
#3707 = LINE('',#3708,#3709);
#3708 = CARTESIAN_POINT('',(3.,2.));
#3709 = VECTOR('',#3710,1.);
#3710 = DIRECTION('',(1.,0.));
#3711 = ( GEOMETRIC_REPRESENTATION_CONTEXT(2) 
PARAMETRIC_REPRESENTATION_CONTEXT() REPRESENTATION_CONTEXT('2D SPACE',''
  ) );
#3712 = PCURVE('',#3536,#3713);
#3713 = DEFINITIONAL_REPRESENTATION('',(#3714),#3718);
#3714 = LINE('',#3715,#3716);
#3715 = CARTESIAN_POINT('',(-1.5,-1.5));
#3716 = VECTOR('',#3717,1.);
#3717 = DIRECTION('',(0.,-1.));
#3718 = ( GEOMETRIC_REPRESENTATION_CONTEXT(2) 
PARAMETRIC_REPRESENTATION_CONTEXT() REPRESENTATION_CONTEXT('2D SPACE',''
  ) );
#3719 = ORIENTED_EDGE('',*,*,#3600,.F.);
#3720 = ADVANCED_FACE('',(#3721),#3562,.F.);
#3721 = FACE_BOUND('',#3722,.T.);
#3722 = EDGE_LOOP('',(#3723,#3744,#3745,#3766));
#3723 = ORIENTED_EDGE('',*,*,#3724,.F.);
#3724 = EDGE_CURVE('',#3465,#3654,#3725,.T.);
#3725 = SURFACE_CURVE('',#3726,(#3730,#3737),.PCURVE_S1.);
#3726 = LINE('',#3727,#3728);
#3727 = CARTESIAN_POINT('',(4.04,-4.05,2.1025));
#3728 = VECTOR('',#3729,1.);
#3729 = DIRECTION('',(0.,0.,-1.));
#3730 = PCURVE('',#3562,#3731);
#3731 = DEFINITIONAL_REPRESENTATION('',(#3732),#3736);
#3732 = LINE('',#3733,#3734);
#3733 = CARTESIAN_POINT('',(2.1025,0.));
#3734 = VECTOR('',#3735,1.);
#3735 = DIRECTION('',(1.,0.));
#3736 = ( GEOMETRIC_REPRESENTATION_CONTEXT(2) 
PARAMETRIC_REPRESENTATION_CONTEXT() REPRESENTATION_CONTEXT('2D SPACE',''
  ) );
#3737 = PCURVE('',#2848,#3738);
#3738 = DEFINITIONAL_REPRESENTATION('',(#3739),#3743);
#3739 = LINE('',#3740,#3741);
#3740 = CARTESIAN_POINT('',(14.04,2.1025));
#3741 = VECTOR('',#3742,1.);
#3742 = DIRECTION('',(0.,-1.));
#3743 = ( GEOMETRIC_REPRESENTATION_CONTEXT(2) 
PARAMETRIC_REPRESENTATION_CONTEXT() REPRESENTATION_CONTEXT('2D SPACE',''
  ) );
#3744 = ORIENTED_EDGE('',*,*,#3548,.T.);
#3745 = ORIENTED_EDGE('',*,*,#3746,.T.);
#3746 = EDGE_CURVE('',#3521,#3677,#3747,.T.);
#3747 = SURFACE_CURVE('',#3748,(#3752,#3759),.PCURVE_S1.);
#3748 = LINE('',#3749,#3750);
#3749 = CARTESIAN_POINT('',(4.04,-2.05,1.205));
#3750 = VECTOR('',#3751,1.);
#3751 = DIRECTION('',(0.,0.,-1.));
#3752 = PCURVE('',#3562,#3753);
#3753 = DEFINITIONAL_REPRESENTATION('',(#3754),#3758);
#3754 = LINE('',#3755,#3756);
#3755 = CARTESIAN_POINT('',(3.,2.));
#3756 = VECTOR('',#3757,1.);
#3757 = DIRECTION('',(1.,0.));
#3758 = ( GEOMETRIC_REPRESENTATION_CONTEXT(2) 
PARAMETRIC_REPRESENTATION_CONTEXT() REPRESENTATION_CONTEXT('2D SPACE',''
  ) );
#3759 = PCURVE('',#3536,#3760);
#3760 = DEFINITIONAL_REPRESENTATION('',(#3761),#3765);
#3761 = LINE('',#3762,#3763);
#3762 = CARTESIAN_POINT('',(-1.5,1.5));
#3763 = VECTOR('',#3764,1.);
#3764 = DIRECTION('',(-1.,0.));
#3765 = ( GEOMETRIC_REPRESENTATION_CONTEXT(2) 
PARAMETRIC_REPRESENTATION_CONTEXT() REPRESENTATION_CONTEXT('2D SPACE',''
  ) );
#3766 = ORIENTED_EDGE('',*,*,#3676,.F.);
#3767 = ADVANCED_FACE('',(#3768),#3536,.F.);
#3768 = FACE_BOUND('',#3769,.T.);
#3769 = EDGE_LOOP('',(#3770,#3771,#3772,#3773));
#3770 = ORIENTED_EDGE('',*,*,#3746,.F.);
#3771 = ORIENTED_EDGE('',*,*,#3520,.F.);
#3772 = ORIENTED_EDGE('',*,*,#3628,.F.);
#3773 = ORIENTED_EDGE('',*,*,#3699,.F.);
#3774 = ADVANCED_FACE('',(#3775),#3789,.F.);
#3775 = FACE_BOUND('',#3776,.T.);
#3776 = EDGE_LOOP('',(#3777,#3807,#3835,#3863));
#3777 = ORIENTED_EDGE('',*,*,#3778,.F.);
#3778 = EDGE_CURVE('',#3779,#3781,#3783,.T.);
#3779 = VERTEX_POINT('',#3780);
#3780 = CARTESIAN_POINT('',(6.04,-4.05,4.205));
#3781 = VERTEX_POINT('',#3782);
#3782 = CARTESIAN_POINT('',(9.04,-4.05,4.205));
#3783 = SURFACE_CURVE('',#3784,(#3788,#3800),.PCURVE_S1.);
#3784 = LINE('',#3785,#3786);
#3785 = CARTESIAN_POINT('',(-1.98,-4.05,4.205));
#3786 = VECTOR('',#3787,1.);
#3787 = DIRECTION('',(1.,0.,0.));
#3788 = PCURVE('',#3789,#3794);
#3789 = PLANE('',#3790);
#3790 = AXIS2_PLACEMENT_3D('',#3791,#3792,#3793);
#3791 = CARTESIAN_POINT('',(6.04,-4.05,4.205));
#3792 = DIRECTION('',(0.,0.,1.));
#3793 = DIRECTION('',(1.,0.,-0.));
#3794 = DEFINITIONAL_REPRESENTATION('',(#3795),#3799);
#3795 = LINE('',#3796,#3797);
#3796 = CARTESIAN_POINT('',(-8.02,0.));
#3797 = VECTOR('',#3798,1.);
#3798 = DIRECTION('',(1.,0.));
#3799 = ( GEOMETRIC_REPRESENTATION_CONTEXT(2) 
PARAMETRIC_REPRESENTATION_CONTEXT() REPRESENTATION_CONTEXT('2D SPACE',''
  ) );
#3800 = PCURVE('',#2848,#3801);
#3801 = DEFINITIONAL_REPRESENTATION('',(#3802),#3806);
#3802 = LINE('',#3803,#3804);
#3803 = CARTESIAN_POINT('',(8.02,4.205));
#3804 = VECTOR('',#3805,1.);
#3805 = DIRECTION('',(1.,0.));
#3806 = ( GEOMETRIC_REPRESENTATION_CONTEXT(2) 
PARAMETRIC_REPRESENTATION_CONTEXT() REPRESENTATION_CONTEXT('2D SPACE',''
  ) );
#3807 = ORIENTED_EDGE('',*,*,#3808,.T.);
#3808 = EDGE_CURVE('',#3779,#3809,#3811,.T.);
#3809 = VERTEX_POINT('',#3810);
#3810 = CARTESIAN_POINT('',(6.04,-2.05,4.205));
#3811 = SURFACE_CURVE('',#3812,(#3816,#3823),.PCURVE_S1.);
#3812 = LINE('',#3813,#3814);
#3813 = CARTESIAN_POINT('',(6.04,-4.05,4.205));
#3814 = VECTOR('',#3815,1.);
#3815 = DIRECTION('',(0.,1.,0.));
#3816 = PCURVE('',#3789,#3817);
#3817 = DEFINITIONAL_REPRESENTATION('',(#3818),#3822);
#3818 = LINE('',#3819,#3820);
#3819 = CARTESIAN_POINT('',(0.,0.));
#3820 = VECTOR('',#3821,1.);
#3821 = DIRECTION('',(0.,1.));
#3822 = ( GEOMETRIC_REPRESENTATION_CONTEXT(2) 
PARAMETRIC_REPRESENTATION_CONTEXT() REPRESENTATION_CONTEXT('2D SPACE',''
  ) );
#3823 = PCURVE('',#3824,#3829);
#3824 = PLANE('',#3825);
#3825 = AXIS2_PLACEMENT_3D('',#3826,#3827,#3828);
#3826 = CARTESIAN_POINT('',(6.04,-4.05,1.205));
#3827 = DIRECTION('',(-1.,0.,0.));
#3828 = DIRECTION('',(0.,0.,1.));
#3829 = DEFINITIONAL_REPRESENTATION('',(#3830),#3834);
#3830 = LINE('',#3831,#3832);
#3831 = CARTESIAN_POINT('',(3.,0.));
#3832 = VECTOR('',#3833,1.);
#3833 = DIRECTION('',(0.,1.));
#3834 = ( GEOMETRIC_REPRESENTATION_CONTEXT(2) 
PARAMETRIC_REPRESENTATION_CONTEXT() REPRESENTATION_CONTEXT('2D SPACE',''
  ) );
#3835 = ORIENTED_EDGE('',*,*,#3836,.T.);
#3836 = EDGE_CURVE('',#3809,#3837,#3839,.T.);
#3837 = VERTEX_POINT('',#3838);
#3838 = CARTESIAN_POINT('',(9.04,-2.05,4.205));
#3839 = SURFACE_CURVE('',#3840,(#3844,#3851),.PCURVE_S1.);
#3840 = LINE('',#3841,#3842);
#3841 = CARTESIAN_POINT('',(9.04,-2.05,4.205));
#3842 = VECTOR('',#3843,1.);
#3843 = DIRECTION('',(1.,0.,0.));
#3844 = PCURVE('',#3789,#3845);
#3845 = DEFINITIONAL_REPRESENTATION('',(#3846),#3850);
#3846 = LINE('',#3847,#3848);
#3847 = CARTESIAN_POINT('',(3.,2.));
#3848 = VECTOR('',#3849,1.);
#3849 = DIRECTION('',(1.,0.));
#3850 = ( GEOMETRIC_REPRESENTATION_CONTEXT(2) 
PARAMETRIC_REPRESENTATION_CONTEXT() REPRESENTATION_CONTEXT('2D SPACE',''
  ) );
#3851 = PCURVE('',#3852,#3857);
#3852 = PLANE('',#3853);
#3853 = AXIS2_PLACEMENT_3D('',#3854,#3855,#3856);
#3854 = CARTESIAN_POINT('',(7.54,-2.05,2.705));
#3855 = DIRECTION('',(0.,1.,0.));
#3856 = DIRECTION('',(0.,-0.,1.));
#3857 = DEFINITIONAL_REPRESENTATION('',(#3858),#3862);
#3858 = LINE('',#3859,#3860);
#3859 = CARTESIAN_POINT('',(1.5,1.5));
#3860 = VECTOR('',#3861,1.);
#3861 = DIRECTION('',(0.,1.));
#3862 = ( GEOMETRIC_REPRESENTATION_CONTEXT(2) 
PARAMETRIC_REPRESENTATION_CONTEXT() REPRESENTATION_CONTEXT('2D SPACE',''
  ) );
#3863 = ORIENTED_EDGE('',*,*,#3864,.F.);
#3864 = EDGE_CURVE('',#3781,#3837,#3865,.T.);
#3865 = SURFACE_CURVE('',#3866,(#3870,#3877),.PCURVE_S1.);
#3866 = LINE('',#3867,#3868);
#3867 = CARTESIAN_POINT('',(9.04,-4.05,4.205));
#3868 = VECTOR('',#3869,1.);
#3869 = DIRECTION('',(0.,1.,0.));
#3870 = PCURVE('',#3789,#3871);
#3871 = DEFINITIONAL_REPRESENTATION('',(#3872),#3876);
#3872 = LINE('',#3873,#3874);
#3873 = CARTESIAN_POINT('',(3.,0.));
#3874 = VECTOR('',#3875,1.);
#3875 = DIRECTION('',(0.,1.));
#3876 = ( GEOMETRIC_REPRESENTATION_CONTEXT(2) 
PARAMETRIC_REPRESENTATION_CONTEXT() REPRESENTATION_CONTEXT('2D SPACE',''
  ) );
#3877 = PCURVE('',#3878,#3883);
#3878 = PLANE('',#3879);
#3879 = AXIS2_PLACEMENT_3D('',#3880,#3881,#3882);
#3880 = CARTESIAN_POINT('',(9.04,-4.05,4.205));
#3881 = DIRECTION('',(1.,0.,0.));
#3882 = DIRECTION('',(0.,0.,-1.));
#3883 = DEFINITIONAL_REPRESENTATION('',(#3884),#3888);
#3884 = LINE('',#3885,#3886);
#3885 = CARTESIAN_POINT('',(0.,0.));
#3886 = VECTOR('',#3887,1.);
#3887 = DIRECTION('',(0.,1.));
#3888 = ( GEOMETRIC_REPRESENTATION_CONTEXT(2) 
PARAMETRIC_REPRESENTATION_CONTEXT() REPRESENTATION_CONTEXT('2D SPACE',''
  ) );
#3889 = ADVANCED_FACE('',(#3890),#3824,.F.);
#3890 = FACE_BOUND('',#3891,.T.);
#3891 = EDGE_LOOP('',(#3892,#3915,#3943,#3964));
#3892 = ORIENTED_EDGE('',*,*,#3893,.F.);
#3893 = EDGE_CURVE('',#3894,#3779,#3896,.T.);
#3894 = VERTEX_POINT('',#3895);
#3895 = CARTESIAN_POINT('',(6.04,-4.05,1.205));
#3896 = SURFACE_CURVE('',#3897,(#3901,#3908),.PCURVE_S1.);
#3897 = LINE('',#3898,#3899);
#3898 = CARTESIAN_POINT('',(6.04,-4.05,0.6025));
#3899 = VECTOR('',#3900,1.);
#3900 = DIRECTION('',(0.,0.,1.));
#3901 = PCURVE('',#3824,#3902);
#3902 = DEFINITIONAL_REPRESENTATION('',(#3903),#3907);
#3903 = LINE('',#3904,#3905);
#3904 = CARTESIAN_POINT('',(-0.6025,0.));
#3905 = VECTOR('',#3906,1.);
#3906 = DIRECTION('',(1.,0.));
#3907 = ( GEOMETRIC_REPRESENTATION_CONTEXT(2) 
PARAMETRIC_REPRESENTATION_CONTEXT() REPRESENTATION_CONTEXT('2D SPACE',''
  ) );
#3908 = PCURVE('',#2848,#3909);
#3909 = DEFINITIONAL_REPRESENTATION('',(#3910),#3914);
#3910 = LINE('',#3911,#3912);
#3911 = CARTESIAN_POINT('',(16.04,0.6025));
#3912 = VECTOR('',#3913,1.);
#3913 = DIRECTION('',(0.,1.));
#3914 = ( GEOMETRIC_REPRESENTATION_CONTEXT(2) 
PARAMETRIC_REPRESENTATION_CONTEXT() REPRESENTATION_CONTEXT('2D SPACE',''
  ) );
#3915 = ORIENTED_EDGE('',*,*,#3916,.T.);
#3916 = EDGE_CURVE('',#3894,#3917,#3919,.T.);
#3917 = VERTEX_POINT('',#3918);
#3918 = CARTESIAN_POINT('',(6.04,-2.05,1.205));
#3919 = SURFACE_CURVE('',#3920,(#3924,#3931),.PCURVE_S1.);
#3920 = LINE('',#3921,#3922);
#3921 = CARTESIAN_POINT('',(6.04,-4.05,1.205));
#3922 = VECTOR('',#3923,1.);
#3923 = DIRECTION('',(0.,1.,0.));
#3924 = PCURVE('',#3824,#3925);
#3925 = DEFINITIONAL_REPRESENTATION('',(#3926),#3930);
#3926 = LINE('',#3927,#3928);
#3927 = CARTESIAN_POINT('',(0.,0.));
#3928 = VECTOR('',#3929,1.);
#3929 = DIRECTION('',(0.,1.));
#3930 = ( GEOMETRIC_REPRESENTATION_CONTEXT(2) 
PARAMETRIC_REPRESENTATION_CONTEXT() REPRESENTATION_CONTEXT('2D SPACE',''
  ) );
#3931 = PCURVE('',#3932,#3937);
#3932 = PLANE('',#3933);
#3933 = AXIS2_PLACEMENT_3D('',#3934,#3935,#3936);
#3934 = CARTESIAN_POINT('',(9.04,-4.05,1.205));
#3935 = DIRECTION('',(0.,0.,-1.));
#3936 = DIRECTION('',(-1.,0.,0.));
#3937 = DEFINITIONAL_REPRESENTATION('',(#3938),#3942);
#3938 = LINE('',#3939,#3940);
#3939 = CARTESIAN_POINT('',(3.,0.));
#3940 = VECTOR('',#3941,1.);
#3941 = DIRECTION('',(0.,1.));
#3942 = ( GEOMETRIC_REPRESENTATION_CONTEXT(2) 
PARAMETRIC_REPRESENTATION_CONTEXT() REPRESENTATION_CONTEXT('2D SPACE',''
  ) );
#3943 = ORIENTED_EDGE('',*,*,#3944,.T.);
#3944 = EDGE_CURVE('',#3917,#3809,#3945,.T.);
#3945 = SURFACE_CURVE('',#3946,(#3950,#3957),.PCURVE_S1.);
#3946 = LINE('',#3947,#3948);
#3947 = CARTESIAN_POINT('',(6.04,-2.05,4.205));
#3948 = VECTOR('',#3949,1.);
#3949 = DIRECTION('',(0.,0.,1.));
#3950 = PCURVE('',#3824,#3951);
#3951 = DEFINITIONAL_REPRESENTATION('',(#3952),#3956);
#3952 = LINE('',#3953,#3954);
#3953 = CARTESIAN_POINT('',(3.,2.));
#3954 = VECTOR('',#3955,1.);
#3955 = DIRECTION('',(1.,0.));
#3956 = ( GEOMETRIC_REPRESENTATION_CONTEXT(2) 
PARAMETRIC_REPRESENTATION_CONTEXT() REPRESENTATION_CONTEXT('2D SPACE',''
  ) );
#3957 = PCURVE('',#3852,#3958);
#3958 = DEFINITIONAL_REPRESENTATION('',(#3959),#3963);
#3959 = LINE('',#3960,#3961);
#3960 = CARTESIAN_POINT('',(1.5,-1.5));
#3961 = VECTOR('',#3962,1.);
#3962 = DIRECTION('',(1.,0.));
#3963 = ( GEOMETRIC_REPRESENTATION_CONTEXT(2) 
PARAMETRIC_REPRESENTATION_CONTEXT() REPRESENTATION_CONTEXT('2D SPACE',''
  ) );
#3964 = ORIENTED_EDGE('',*,*,#3808,.F.);
#3965 = ADVANCED_FACE('',(#3966),#3932,.F.);
#3966 = FACE_BOUND('',#3967,.T.);
#3967 = EDGE_LOOP('',(#3968,#3991,#4014,#4035));
#3968 = ORIENTED_EDGE('',*,*,#3969,.F.);
#3969 = EDGE_CURVE('',#3970,#3894,#3972,.T.);
#3970 = VERTEX_POINT('',#3971);
#3971 = CARTESIAN_POINT('',(9.04,-4.05,1.205));
#3972 = SURFACE_CURVE('',#3973,(#3977,#3984),.PCURVE_S1.);
#3973 = LINE('',#3974,#3975);
#3974 = CARTESIAN_POINT('',(-0.48,-4.05,1.205));
#3975 = VECTOR('',#3976,1.);
#3976 = DIRECTION('',(-1.,0.,0.));
#3977 = PCURVE('',#3932,#3978);
#3978 = DEFINITIONAL_REPRESENTATION('',(#3979),#3983);
#3979 = LINE('',#3980,#3981);
#3980 = CARTESIAN_POINT('',(9.52,0.));
#3981 = VECTOR('',#3982,1.);
#3982 = DIRECTION('',(1.,0.));
#3983 = ( GEOMETRIC_REPRESENTATION_CONTEXT(2) 
PARAMETRIC_REPRESENTATION_CONTEXT() REPRESENTATION_CONTEXT('2D SPACE',''
  ) );
#3984 = PCURVE('',#2848,#3985);
#3985 = DEFINITIONAL_REPRESENTATION('',(#3986),#3990);
#3986 = LINE('',#3987,#3988);
#3987 = CARTESIAN_POINT('',(9.52,1.205));
#3988 = VECTOR('',#3989,1.);
#3989 = DIRECTION('',(-1.,0.));
#3990 = ( GEOMETRIC_REPRESENTATION_CONTEXT(2) 
PARAMETRIC_REPRESENTATION_CONTEXT() REPRESENTATION_CONTEXT('2D SPACE',''
  ) );
#3991 = ORIENTED_EDGE('',*,*,#3992,.T.);
#3992 = EDGE_CURVE('',#3970,#3993,#3995,.T.);
#3993 = VERTEX_POINT('',#3994);
#3994 = CARTESIAN_POINT('',(9.04,-2.05,1.205));
#3995 = SURFACE_CURVE('',#3996,(#4000,#4007),.PCURVE_S1.);
#3996 = LINE('',#3997,#3998);
#3997 = CARTESIAN_POINT('',(9.04,-4.05,1.205));
#3998 = VECTOR('',#3999,1.);
#3999 = DIRECTION('',(0.,1.,0.));
#4000 = PCURVE('',#3932,#4001);
#4001 = DEFINITIONAL_REPRESENTATION('',(#4002),#4006);
#4002 = LINE('',#4003,#4004);
#4003 = CARTESIAN_POINT('',(0.,0.));
#4004 = VECTOR('',#4005,1.);
#4005 = DIRECTION('',(0.,1.));
#4006 = ( GEOMETRIC_REPRESENTATION_CONTEXT(2) 
PARAMETRIC_REPRESENTATION_CONTEXT() REPRESENTATION_CONTEXT('2D SPACE',''
  ) );
#4007 = PCURVE('',#3878,#4008);
#4008 = DEFINITIONAL_REPRESENTATION('',(#4009),#4013);
#4009 = LINE('',#4010,#4011);
#4010 = CARTESIAN_POINT('',(3.,0.));
#4011 = VECTOR('',#4012,1.);
#4012 = DIRECTION('',(0.,1.));
#4013 = ( GEOMETRIC_REPRESENTATION_CONTEXT(2) 
PARAMETRIC_REPRESENTATION_CONTEXT() REPRESENTATION_CONTEXT('2D SPACE',''
  ) );
#4014 = ORIENTED_EDGE('',*,*,#4015,.T.);
#4015 = EDGE_CURVE('',#3993,#3917,#4016,.T.);
#4016 = SURFACE_CURVE('',#4017,(#4021,#4028),.PCURVE_S1.);
#4017 = LINE('',#4018,#4019);
#4018 = CARTESIAN_POINT('',(6.04,-2.05,1.205));
#4019 = VECTOR('',#4020,1.);
#4020 = DIRECTION('',(-1.,0.,0.));
#4021 = PCURVE('',#3932,#4022);
#4022 = DEFINITIONAL_REPRESENTATION('',(#4023),#4027);
#4023 = LINE('',#4024,#4025);
#4024 = CARTESIAN_POINT('',(3.,2.));
#4025 = VECTOR('',#4026,1.);
#4026 = DIRECTION('',(1.,0.));
#4027 = ( GEOMETRIC_REPRESENTATION_CONTEXT(2) 
PARAMETRIC_REPRESENTATION_CONTEXT() REPRESENTATION_CONTEXT('2D SPACE',''
  ) );
#4028 = PCURVE('',#3852,#4029);
#4029 = DEFINITIONAL_REPRESENTATION('',(#4030),#4034);
#4030 = LINE('',#4031,#4032);
#4031 = CARTESIAN_POINT('',(-1.5,-1.5));
#4032 = VECTOR('',#4033,1.);
#4033 = DIRECTION('',(0.,-1.));
#4034 = ( GEOMETRIC_REPRESENTATION_CONTEXT(2) 
PARAMETRIC_REPRESENTATION_CONTEXT() REPRESENTATION_CONTEXT('2D SPACE',''
  ) );
#4035 = ORIENTED_EDGE('',*,*,#3916,.F.);
#4036 = ADVANCED_FACE('',(#4037),#3878,.F.);
#4037 = FACE_BOUND('',#4038,.T.);
#4038 = EDGE_LOOP('',(#4039,#4060,#4061,#4082));
#4039 = ORIENTED_EDGE('',*,*,#4040,.F.);
#4040 = EDGE_CURVE('',#3781,#3970,#4041,.T.);
#4041 = SURFACE_CURVE('',#4042,(#4046,#4053),.PCURVE_S1.);
#4042 = LINE('',#4043,#4044);
#4043 = CARTESIAN_POINT('',(9.04,-4.05,2.1025));
#4044 = VECTOR('',#4045,1.);
#4045 = DIRECTION('',(0.,0.,-1.));
#4046 = PCURVE('',#3878,#4047);
#4047 = DEFINITIONAL_REPRESENTATION('',(#4048),#4052);
#4048 = LINE('',#4049,#4050);
#4049 = CARTESIAN_POINT('',(2.1025,0.));
#4050 = VECTOR('',#4051,1.);
#4051 = DIRECTION('',(1.,0.));
#4052 = ( GEOMETRIC_REPRESENTATION_CONTEXT(2) 
PARAMETRIC_REPRESENTATION_CONTEXT() REPRESENTATION_CONTEXT('2D SPACE',''
  ) );
#4053 = PCURVE('',#2848,#4054);
#4054 = DEFINITIONAL_REPRESENTATION('',(#4055),#4059);
#4055 = LINE('',#4056,#4057);
#4056 = CARTESIAN_POINT('',(19.04,2.1025));
#4057 = VECTOR('',#4058,1.);
#4058 = DIRECTION('',(0.,-1.));
#4059 = ( GEOMETRIC_REPRESENTATION_CONTEXT(2) 
PARAMETRIC_REPRESENTATION_CONTEXT() REPRESENTATION_CONTEXT('2D SPACE',''
  ) );
#4060 = ORIENTED_EDGE('',*,*,#3864,.T.);
#4061 = ORIENTED_EDGE('',*,*,#4062,.T.);
#4062 = EDGE_CURVE('',#3837,#3993,#4063,.T.);
#4063 = SURFACE_CURVE('',#4064,(#4068,#4075),.PCURVE_S1.);
#4064 = LINE('',#4065,#4066);
#4065 = CARTESIAN_POINT('',(9.04,-2.05,1.205));
#4066 = VECTOR('',#4067,1.);
#4067 = DIRECTION('',(0.,0.,-1.));
#4068 = PCURVE('',#3878,#4069);
#4069 = DEFINITIONAL_REPRESENTATION('',(#4070),#4074);
#4070 = LINE('',#4071,#4072);
#4071 = CARTESIAN_POINT('',(3.,2.));
#4072 = VECTOR('',#4073,1.);
#4073 = DIRECTION('',(1.,0.));
#4074 = ( GEOMETRIC_REPRESENTATION_CONTEXT(2) 
PARAMETRIC_REPRESENTATION_CONTEXT() REPRESENTATION_CONTEXT('2D SPACE',''
  ) );
#4075 = PCURVE('',#3852,#4076);
#4076 = DEFINITIONAL_REPRESENTATION('',(#4077),#4081);
#4077 = LINE('',#4078,#4079);
#4078 = CARTESIAN_POINT('',(-1.5,1.5));
#4079 = VECTOR('',#4080,1.);
#4080 = DIRECTION('',(-1.,0.));
#4081 = ( GEOMETRIC_REPRESENTATION_CONTEXT(2) 
PARAMETRIC_REPRESENTATION_CONTEXT() REPRESENTATION_CONTEXT('2D SPACE',''
  ) );
#4082 = ORIENTED_EDGE('',*,*,#3992,.F.);
#4083 = ADVANCED_FACE('',(#4084),#3852,.F.);
#4084 = FACE_BOUND('',#4085,.T.);
#4085 = EDGE_LOOP('',(#4086,#4087,#4088,#4089));
#4086 = ORIENTED_EDGE('',*,*,#4062,.F.);
#4087 = ORIENTED_EDGE('',*,*,#3836,.F.);
#4088 = ORIENTED_EDGE('',*,*,#3944,.F.);
#4089 = ORIENTED_EDGE('',*,*,#4015,.F.);
#4090 = ADVANCED_FACE('',(#4091),#4106,.T.);
#4091 = FACE_BOUND('',#4092,.T.);
#4092 = EDGE_LOOP('',(#4093,#4173,#4201));
#4093 = ORIENTED_EDGE('',*,*,#4094,.T.);
#4094 = EDGE_CURVE('',#4095,#4097,#4099,.T.);
#4095 = VERTEX_POINT('',#4096);
#4096 = CARTESIAN_POINT('',(7.44,0.,-3.5));
#4097 = VERTEX_POINT('',#4098);
#4098 = CARTESIAN_POINT('',(7.19,-0.25,-3.25));
#4099 = SURFACE_CURVE('',#4100,(#4105,#4139),.PCURVE_S1.);
#4100 = ELLIPSE('',#4101,0.353553390593,0.25);
#4101 = AXIS2_PLACEMENT_3D('',#4102,#4103,#4104);
#4102 = CARTESIAN_POINT('',(7.44,0.,-3.25));
#4103 = DIRECTION('',(-0.707106781187,0.707106781187,0.));
#4104 = DIRECTION('',(-0.707106781187,-0.707106781187,0.));
#4105 = PCURVE('',#4106,#4111);
#4106 = CYLINDRICAL_SURFACE('',#4107,0.25);
#4107 = AXIS2_PLACEMENT_3D('',#4108,#4109,#4110);
#4108 = CARTESIAN_POINT('',(7.44,-0.125,-3.25));
#4109 = DIRECTION('',(0.,1.,0.));
#4110 = DIRECTION('',(-0.707106781187,0.,-0.707106781187));
#4111 = DEFINITIONAL_REPRESENTATION('',(#4112),#4138);
#4112 = B_SPLINE_CURVE_WITH_KNOTS('',3,(#4113,#4114,#4115,#4116,#4117,
    #4118,#4119,#4120,#4121,#4122,#4123,#4124,#4125,#4126,#4127,#4128,
    #4129,#4130,#4131,#4132,#4133,#4134,#4135,#4136,#4137),
  .UNSPECIFIED.,.F.,.F.,(4,1,1,1,1,1,1,1,1,1,1,1,1,1,1,1,1,1,1,1,1,1,4),
  (4.712388980385,4.783788813421,4.855188646457,4.926588479493,
    4.997988312529,5.069388145565,5.140787978601,5.212187811638,
    5.283587644674,5.35498747771,5.426387310746,5.497787143782,
    5.569186976818,5.640586809854,5.711986642891,5.783386475927,
    5.854786308963,5.926186141999,5.997585975035,6.068985808071,
    6.140385641107,6.211785474143,6.28318530718),.QUASI_UNIFORM_KNOTS.);
#4113 = CARTESIAN_POINT('',(5.497787143782,0.125));
#4114 = CARTESIAN_POINT('',(5.521587088127,0.119049967608));
#4115 = CARTESIAN_POINT('',(5.569186976818,0.107150066209));
#4116 = CARTESIAN_POINT('',(5.640586809854,8.939104205684E-02));
#4117 = CARTESIAN_POINT('',(5.71198664289,7.181350815356E-02));
#4118 = CARTESIAN_POINT('',(5.783386475926,5.450699099971E-02));
#4119 = CARTESIAN_POINT('',(5.854786308963,3.755969258579E-02));
#4120 = CARTESIAN_POINT('',(5.926186141999,2.10579692589E-02));
#4121 = CARTESIAN_POINT('',(5.997585975035,5.085910876274E-03));
#4122 = CARTESIAN_POINT('',(6.068985808071,-1.027509284352E-02));
#4123 = CARTESIAN_POINT('',(6.140385641107,-2.494676568495E-02));
#4124 = CARTESIAN_POINT('',(6.211785474143,-3.885434418301E-02));
#4125 = CARTESIAN_POINT('',(6.283185307179,-5.192695850019E-02));
#4126 = CARTESIAN_POINT('',(6.354585140215,-6.409799359525E-02));
#4127 = CARTESIAN_POINT('',(6.425984973251,-7.530542864934E-02));
#4128 = CARTESIAN_POINT('',(6.497384806288,-8.549215319302E-02));
#4129 = CARTESIAN_POINT('',(6.568784639324,-9.460625782439E-02));
#4130 = CARTESIAN_POINT('',(6.64018447236,-0.102601299859));
#4131 = CARTESIAN_POINT('',(6.711584305396,-0.109436535769));
#4132 = CARTESIAN_POINT('',(6.782984138432,-0.115077144563));
#4133 = CARTESIAN_POINT('',(6.854383971468,-0.119494346401));
#4134 = CARTESIAN_POINT('',(6.925783804505,-0.122665768789));
#4135 = CARTESIAN_POINT('',(6.997183637541,-0.124574741262));
#4136 = CARTESIAN_POINT('',(7.044783526232,-0.125000539139));
#4137 = CARTESIAN_POINT('',(7.068583470577,-0.125));
#4138 = ( GEOMETRIC_REPRESENTATION_CONTEXT(2) 
PARAMETRIC_REPRESENTATION_CONTEXT() REPRESENTATION_CONTEXT('2D SPACE',''
  ) );
#4139 = PCURVE('',#4140,#4145);
#4140 = CYLINDRICAL_SURFACE('',#4141,0.25);
#4141 = AXIS2_PLACEMENT_3D('',#4142,#4143,#4144);
#4142 = CARTESIAN_POINT('',(7.715,0.,-3.25));
#4143 = DIRECTION('',(-1.,0.,0.));
#4144 = DIRECTION('',(-0.,-0.707106781187,-0.707106781187));
#4145 = DEFINITIONAL_REPRESENTATION('',(#4146),#4172);
#4146 = B_SPLINE_CURVE_WITH_KNOTS('',3,(#4147,#4148,#4149,#4150,#4151,
    #4152,#4153,#4154,#4155,#4156,#4157,#4158,#4159,#4160,#4161,#4162,
    #4163,#4164,#4165,#4166,#4167,#4168,#4169,#4170,#4171),
  .UNSPECIFIED.,.F.,.F.,(4,1,1,1,1,1,1,1,1,1,1,1,1,1,1,1,1,1,1,1,1,1,4),
  (4.712388980385,4.783788813421,4.855188646457,4.926588479493,
    4.997988312529,5.069388145565,5.140787978601,5.212187811638,
    5.283587644674,5.35498747771,5.426387310746,5.497787143782,
    5.569186976818,5.640586809854,5.711986642891,5.783386475927,
    5.854786308963,5.926186141999,5.997585975035,6.068985808071,
    6.140385641107,6.211785474143,6.28318530718),.QUASI_UNIFORM_KNOTS.);
#4147 = CARTESIAN_POINT('',(5.497787143782,0.275));
#4148 = CARTESIAN_POINT('',(5.521587088127,0.280950032392));
#4149 = CARTESIAN_POINT('',(5.569186976818,0.292849933791));
#4150 = CARTESIAN_POINT('',(5.640586809854,0.310608957943));
#4151 = CARTESIAN_POINT('',(5.71198664289,0.328186491846));
#4152 = CARTESIAN_POINT('',(5.783386475926,0.345493009));
#4153 = CARTESIAN_POINT('',(5.854786308963,0.362440307414));
#4154 = CARTESIAN_POINT('',(5.926186141999,0.378942030741));
#4155 = CARTESIAN_POINT('',(5.997585975035,0.394914089124));
#4156 = CARTESIAN_POINT('',(6.068985808071,0.410275092844));
#4157 = CARTESIAN_POINT('',(6.140385641107,0.424946765685));
#4158 = CARTESIAN_POINT('',(6.211785474143,0.438854344183));
#4159 = CARTESIAN_POINT('',(6.283185307179,0.4519269585));
#4160 = CARTESIAN_POINT('',(6.354585140215,0.464097993595));
#4161 = CARTESIAN_POINT('',(6.425984973251,0.475305428649));
#4162 = CARTESIAN_POINT('',(6.497384806288,0.485492153193));
#4163 = CARTESIAN_POINT('',(6.568784639324,0.494606257824));
#4164 = CARTESIAN_POINT('',(6.64018447236,0.502601299859));
#4165 = CARTESIAN_POINT('',(6.711584305396,0.509436535769));
#4166 = CARTESIAN_POINT('',(6.782984138432,0.515077144563));
#4167 = CARTESIAN_POINT('',(6.854383971468,0.519494346401));
#4168 = CARTESIAN_POINT('',(6.925783804505,0.522665768789));
#4169 = CARTESIAN_POINT('',(6.997183637541,0.524574741262));
#4170 = CARTESIAN_POINT('',(7.044783526232,0.525000539139));
#4171 = CARTESIAN_POINT('',(7.068583470577,0.525));
#4172 = ( GEOMETRIC_REPRESENTATION_CONTEXT(2) 
PARAMETRIC_REPRESENTATION_CONTEXT() REPRESENTATION_CONTEXT('2D SPACE',''
  ) );
#4173 = ORIENTED_EDGE('',*,*,#4174,.T.);
#4174 = EDGE_CURVE('',#4097,#4175,#4177,.T.);
#4175 = VERTEX_POINT('',#4176);
#4176 = CARTESIAN_POINT('',(7.19,0.25,-3.25));
#4177 = SURFACE_CURVE('',#4178,(#4182,#4189),.PCURVE_S1.);
#4178 = LINE('',#4179,#4180);
#4179 = CARTESIAN_POINT('',(7.19,-0.125,-3.25));
#4180 = VECTOR('',#4181,1.);
#4181 = DIRECTION('',(0.,1.,0.));
#4182 = PCURVE('',#4106,#4183);
#4183 = DEFINITIONAL_REPRESENTATION('',(#4184),#4188);
#4184 = LINE('',#4185,#4186);
#4185 = CARTESIAN_POINT('',(7.068583470577,0.));
#4186 = VECTOR('',#4187,1.);
#4187 = DIRECTION('',(0.,1.));
#4188 = ( GEOMETRIC_REPRESENTATION_CONTEXT(2) 
PARAMETRIC_REPRESENTATION_CONTEXT() REPRESENTATION_CONTEXT('2D SPACE',''
  ) );
#4189 = PCURVE('',#4190,#4195);
#4190 = PLANE('',#4191);
#4191 = AXIS2_PLACEMENT_3D('',#4192,#4193,#4194);
#4192 = CARTESIAN_POINT('',(7.19,-0.25,0.));
#4193 = DIRECTION('',(-1.,0.,0.));
#4194 = DIRECTION('',(0.,1.,0.));
#4195 = DEFINITIONAL_REPRESENTATION('',(#4196),#4200);
#4196 = LINE('',#4197,#4198);
#4197 = CARTESIAN_POINT('',(0.125,3.25));
#4198 = VECTOR('',#4199,1.);
#4199 = DIRECTION('',(1.,0.));
#4200 = ( GEOMETRIC_REPRESENTATION_CONTEXT(2) 
PARAMETRIC_REPRESENTATION_CONTEXT() REPRESENTATION_CONTEXT('2D SPACE',''
  ) );
#4201 = ORIENTED_EDGE('',*,*,#4202,.F.);
#4202 = EDGE_CURVE('',#4095,#4175,#4203,.T.);
#4203 = SURFACE_CURVE('',#4204,(#4209,#4238),.PCURVE_S1.);
#4204 = ELLIPSE('',#4205,0.353553390593,0.25);
#4205 = AXIS2_PLACEMENT_3D('',#4206,#4207,#4208);
#4206 = CARTESIAN_POINT('',(7.44,0.,-3.25));
#4207 = DIRECTION('',(0.707106781187,0.707106781187,0.));
#4208 = DIRECTION('',(-0.707106781187,0.707106781187,0.));
#4209 = PCURVE('',#4106,#4210);
#4210 = DEFINITIONAL_REPRESENTATION('',(#4211),#4237);
#4211 = B_SPLINE_CURVE_WITH_KNOTS('',3,(#4212,#4213,#4214,#4215,#4216,
    #4217,#4218,#4219,#4220,#4221,#4222,#4223,#4224,#4225,#4226,#4227,
    #4228,#4229,#4230,#4231,#4232,#4233,#4234,#4235,#4236),
  .UNSPECIFIED.,.F.,.F.,(4,1,1,1,1,1,1,1,1,1,1,1,1,1,1,1,1,1,1,1,1,1,4),
  (4.712388980385,4.783788813421,4.855188646457,4.926588479493,
    4.997988312529,5.069388145565,5.140787978601,5.212187811638,
    5.283587644674,5.35498747771,5.426387310746,5.497787143782,
    5.569186976818,5.640586809854,5.711986642891,5.783386475927,
    5.854786308963,5.926186141999,5.997585975035,6.068985808071,
    6.140385641107,6.211785474143,6.28318530718),.QUASI_UNIFORM_KNOTS.);
#4212 = CARTESIAN_POINT('',(5.497787143782,0.125));
#4213 = CARTESIAN_POINT('',(5.521587088127,0.130950032392));
#4214 = CARTESIAN_POINT('',(5.569186976818,0.142849933791));
#4215 = CARTESIAN_POINT('',(5.640586809854,0.160608957943));
#4216 = CARTESIAN_POINT('',(5.71198664289,0.178186491846));
#4217 = CARTESIAN_POINT('',(5.783386475926,0.195493009));
#4218 = CARTESIAN_POINT('',(5.854786308963,0.212440307414));
#4219 = CARTESIAN_POINT('',(5.926186141999,0.228942030741));
#4220 = CARTESIAN_POINT('',(5.997585975035,0.244914089124));
#4221 = CARTESIAN_POINT('',(6.068985808071,0.260275092844));
#4222 = CARTESIAN_POINT('',(6.140385641107,0.274946765685));
#4223 = CARTESIAN_POINT('',(6.211785474143,0.288854344183));
#4224 = CARTESIAN_POINT('',(6.283185307179,0.3019269585));
#4225 = CARTESIAN_POINT('',(6.354585140215,0.314097993595));
#4226 = CARTESIAN_POINT('',(6.425984973251,0.325305428649));
#4227 = CARTESIAN_POINT('',(6.497384806288,0.335492153193));
#4228 = CARTESIAN_POINT('',(6.568784639324,0.344606257824));
#4229 = CARTESIAN_POINT('',(6.64018447236,0.352601299859));
#4230 = CARTESIAN_POINT('',(6.711584305396,0.359436535769));
#4231 = CARTESIAN_POINT('',(6.782984138432,0.365077144563));
#4232 = CARTESIAN_POINT('',(6.854383971468,0.369494346401));
#4233 = CARTESIAN_POINT('',(6.925783804505,0.372665768789));
#4234 = CARTESIAN_POINT('',(6.997183637541,0.374574741262));
#4235 = CARTESIAN_POINT('',(7.044783526232,0.375000539139));
#4236 = CARTESIAN_POINT('',(7.068583470577,0.375));
#4237 = ( GEOMETRIC_REPRESENTATION_CONTEXT(2) 
PARAMETRIC_REPRESENTATION_CONTEXT() REPRESENTATION_CONTEXT('2D SPACE',''
  ) );
#4238 = PCURVE('',#4140,#4239);
#4239 = DEFINITIONAL_REPRESENTATION('',(#4240),#4266);
#4240 = B_SPLINE_CURVE_WITH_KNOTS('',3,(#4241,#4242,#4243,#4244,#4245,
    #4246,#4247,#4248,#4249,#4250,#4251,#4252,#4253,#4254,#4255,#4256,
    #4257,#4258,#4259,#4260,#4261,#4262,#4263,#4264,#4265),
  .UNSPECIFIED.,.F.,.F.,(4,1,1,1,1,1,1,1,1,1,1,1,1,1,1,1,1,1,1,1,1,1,4),
  (4.712388980385,4.783788813421,4.855188646457,4.926588479493,
    4.997988312529,5.069388145565,5.140787978601,5.212187811638,
    5.283587644674,5.35498747771,5.426387310746,5.497787143782,
    5.569186976818,5.640586809854,5.711986642891,5.783386475927,
    5.854786308963,5.926186141999,5.997585975035,6.068985808071,
    6.140385641107,6.211785474143,6.28318530718),.QUASI_UNIFORM_KNOTS.);
#4241 = CARTESIAN_POINT('',(5.497787143782,0.275));
#4242 = CARTESIAN_POINT('',(5.473987199437,0.280950032392));
#4243 = CARTESIAN_POINT('',(5.426387310746,0.292849933791));
#4244 = CARTESIAN_POINT('',(5.35498747771,0.310608957943));
#4245 = CARTESIAN_POINT('',(5.283587644674,0.328186491846));
#4246 = CARTESIAN_POINT('',(5.212187811638,0.345493009));
#4247 = CARTESIAN_POINT('',(5.140787978602,0.362440307414));
#4248 = CARTESIAN_POINT('',(5.069388145566,0.378942030741));
#4249 = CARTESIAN_POINT('',(4.99798831253,0.394914089124));
#4250 = CARTESIAN_POINT('',(4.926588479493,0.410275092844));
#4251 = CARTESIAN_POINT('',(4.855188646457,0.424946765685));
#4252 = CARTESIAN_POINT('',(4.783788813421,0.438854344183));
#4253 = CARTESIAN_POINT('',(4.712388980385,0.4519269585));
#4254 = CARTESIAN_POINT('',(4.640989147349,0.464097993595));
#4255 = CARTESIAN_POINT('',(4.569589314313,0.475305428649));
#4256 = CARTESIAN_POINT('',(4.498189481277,0.485492153193));
#4257 = CARTESIAN_POINT('',(4.42678964824,0.494606257824));
#4258 = CARTESIAN_POINT('',(4.355389815204,0.502601299859));
#4259 = CARTESIAN_POINT('',(4.283989982168,0.509436535769));
#4260 = CARTESIAN_POINT('',(4.212590149132,0.515077144563));
#4261 = CARTESIAN_POINT('',(4.141190316096,0.519494346401));
#4262 = CARTESIAN_POINT('',(4.06979048306,0.522665768789));
#4263 = CARTESIAN_POINT('',(3.998390650023,0.524574741262));
#4264 = CARTESIAN_POINT('',(3.950790761333,0.525000539139));
#4265 = CARTESIAN_POINT('',(3.926990816987,0.525));
#4266 = ( GEOMETRIC_REPRESENTATION_CONTEXT(2) 
PARAMETRIC_REPRESENTATION_CONTEXT() REPRESENTATION_CONTEXT('2D SPACE',''
  ) );
#4267 = ADVANCED_FACE('',(#4268),#4140,.T.);
#4268 = FACE_BOUND('',#4269,.T.);
#4269 = EDGE_LOOP('',(#4270,#4271,#4299,#4372,#4440,#4466));
#4270 = ORIENTED_EDGE('',*,*,#4202,.T.);
#4271 = ORIENTED_EDGE('',*,*,#4272,.T.);
#4272 = EDGE_CURVE('',#4175,#4273,#4275,.T.);
#4273 = VERTEX_POINT('',#4274);
#4274 = CARTESIAN_POINT('',(7.89,0.25,-3.25));
#4275 = SURFACE_CURVE('',#4276,(#4280,#4287),.PCURVE_S1.);
#4276 = LINE('',#4277,#4278);
#4277 = CARTESIAN_POINT('',(7.365,0.25,-3.25));
#4278 = VECTOR('',#4279,1.);
#4279 = DIRECTION('',(1.,0.,0.));
#4280 = PCURVE('',#4140,#4281);
#4281 = DEFINITIONAL_REPRESENTATION('',(#4282),#4286);
#4282 = LINE('',#4283,#4284);
#4283 = CARTESIAN_POINT('',(3.926990816987,0.35));
#4284 = VECTOR('',#4285,1.);
#4285 = DIRECTION('',(0.,-1.));
#4286 = ( GEOMETRIC_REPRESENTATION_CONTEXT(2) 
PARAMETRIC_REPRESENTATION_CONTEXT() REPRESENTATION_CONTEXT('2D SPACE',''
  ) );
#4287 = PCURVE('',#4288,#4293);
#4288 = PLANE('',#4289);
#4289 = AXIS2_PLACEMENT_3D('',#4290,#4291,#4292);
#4290 = CARTESIAN_POINT('',(7.19,0.25,0.));
#4291 = DIRECTION('',(0.,1.,0.));
#4292 = DIRECTION('',(1.,0.,0.));
#4293 = DEFINITIONAL_REPRESENTATION('',(#4294),#4298);
#4294 = LINE('',#4295,#4296);
#4295 = CARTESIAN_POINT('',(0.175,3.25));
#4296 = VECTOR('',#4297,1.);
#4297 = DIRECTION('',(1.,0.));
#4298 = ( GEOMETRIC_REPRESENTATION_CONTEXT(2) 
PARAMETRIC_REPRESENTATION_CONTEXT() REPRESENTATION_CONTEXT('2D SPACE',''
  ) );
#4299 = ORIENTED_EDGE('',*,*,#4300,.F.);
#4300 = EDGE_CURVE('',#4301,#4273,#4303,.T.);
#4301 = VERTEX_POINT('',#4302);
#4302 = CARTESIAN_POINT('',(7.64,0.,-3.5));
#4303 = SURFACE_CURVE('',#4304,(#4309,#4338),.PCURVE_S1.);
#4304 = ELLIPSE('',#4305,0.353553390593,0.25);
#4305 = AXIS2_PLACEMENT_3D('',#4306,#4307,#4308);
#4306 = CARTESIAN_POINT('',(7.64,0.,-3.25));
#4307 = DIRECTION('',(0.707106781187,-0.707106781187,0.));
#4308 = DIRECTION('',(0.707106781187,0.707106781187,0.));
#4309 = PCURVE('',#4140,#4310);
#4310 = DEFINITIONAL_REPRESENTATION('',(#4311),#4337);
#4311 = B_SPLINE_CURVE_WITH_KNOTS('',3,(#4312,#4313,#4314,#4315,#4316,
    #4317,#4318,#4319,#4320,#4321,#4322,#4323,#4324,#4325,#4326,#4327,
    #4328,#4329,#4330,#4331,#4332,#4333,#4334,#4335,#4336),
  .UNSPECIFIED.,.F.,.F.,(4,1,1,1,1,1,1,1,1,1,1,1,1,1,1,1,1,1,1,1,1,1,4),
  (4.712388980385,4.783788813421,4.855188646457,4.926588479493,
    4.997988312529,5.069388145565,5.140787978601,5.212187811638,
    5.283587644674,5.35498747771,5.426387310746,5.497787143782,
    5.569186976818,5.640586809854,5.711986642891,5.783386475927,
    5.854786308963,5.926186141999,5.997585975035,6.068985808071,
    6.140385641107,6.211785474143,6.28318530718),.QUASI_UNIFORM_KNOTS.);
#4312 = CARTESIAN_POINT('',(5.497787143782,7.5E-02));
#4313 = CARTESIAN_POINT('',(5.473987199437,6.904996760789E-02));
#4314 = CARTESIAN_POINT('',(5.426387310746,5.71500662093E-02));
#4315 = CARTESIAN_POINT('',(5.35498747771,3.939104205684E-02));
#4316 = CARTESIAN_POINT('',(5.283587644674,2.181350815356E-02));
#4317 = CARTESIAN_POINT('',(5.212187811638,4.506990999711E-03));
#4318 = CARTESIAN_POINT('',(5.140787978602,-1.244030741421E-02));
#4319 = CARTESIAN_POINT('',(5.069388145566,-2.89420307411E-02));
#4320 = CARTESIAN_POINT('',(4.99798831253,-4.491408912373E-02));
#4321 = CARTESIAN_POINT('',(4.926588479493,-6.027509284352E-02));
#4322 = CARTESIAN_POINT('',(4.855188646457,-7.494676568495E-02));
#4323 = CARTESIAN_POINT('',(4.783788813421,-8.885434418301E-02));
#4324 = CARTESIAN_POINT('',(4.712388980385,-0.1019269585));
#4325 = CARTESIAN_POINT('',(4.640989147349,-0.114097993595));
#4326 = CARTESIAN_POINT('',(4.569589314313,-0.125305428649));
#4327 = CARTESIAN_POINT('',(4.498189481277,-0.135492153193));
#4328 = CARTESIAN_POINT('',(4.42678964824,-0.144606257824));
#4329 = CARTESIAN_POINT('',(4.355389815204,-0.152601299859));
#4330 = CARTESIAN_POINT('',(4.283989982168,-0.159436535769));
#4331 = CARTESIAN_POINT('',(4.212590149132,-0.165077144563));
#4332 = CARTESIAN_POINT('',(4.141190316096,-0.169494346401));
#4333 = CARTESIAN_POINT('',(4.06979048306,-0.172665768789));
#4334 = CARTESIAN_POINT('',(3.998390650023,-0.174574741262));
#4335 = CARTESIAN_POINT('',(3.950790761333,-0.175000539139));
#4336 = CARTESIAN_POINT('',(3.926990816987,-0.175));
#4337 = ( GEOMETRIC_REPRESENTATION_CONTEXT(2) 
PARAMETRIC_REPRESENTATION_CONTEXT() REPRESENTATION_CONTEXT('2D SPACE',''
  ) );
#4338 = PCURVE('',#4339,#4344);
#4339 = CYLINDRICAL_SURFACE('',#4340,0.25);
#4340 = AXIS2_PLACEMENT_3D('',#4341,#4342,#4343);
#4341 = CARTESIAN_POINT('',(7.64,0.125,-3.25));
#4342 = DIRECTION('',(0.,-1.,0.));
#4343 = DIRECTION('',(0.707106781187,0.,-0.707106781187));
#4344 = DEFINITIONAL_REPRESENTATION('',(#4345),#4371);
#4345 = B_SPLINE_CURVE_WITH_KNOTS('',3,(#4346,#4347,#4348,#4349,#4350,
    #4351,#4352,#4353,#4354,#4355,#4356,#4357,#4358,#4359,#4360,#4361,
    #4362,#4363,#4364,#4365,#4366,#4367,#4368,#4369,#4370),
  .UNSPECIFIED.,.F.,.F.,(4,1,1,1,1,1,1,1,1,1,1,1,1,1,1,1,1,1,1,1,1,1,4),
  (4.712388980385,4.783788813421,4.855188646457,4.926588479493,
    4.997988312529,5.069388145565,5.140787978601,5.212187811638,
    5.283587644674,5.35498747771,5.426387310746,5.497787143782,
    5.569186976818,5.640586809854,5.711986642891,5.783386475927,
    5.854786308963,5.926186141999,5.997585975035,6.068985808071,
    6.140385641107,6.211785474143,6.28318530718),.QUASI_UNIFORM_KNOTS.);
#4346 = CARTESIAN_POINT('',(5.497787143782,0.125));
#4347 = CARTESIAN_POINT('',(5.521587088128,0.119049967608));
#4348 = CARTESIAN_POINT('',(5.569186976818,0.107150066209));
#4349 = CARTESIAN_POINT('',(5.640586809854,8.939104205684E-02));
#4350 = CARTESIAN_POINT('',(5.71198664289,7.181350815356E-02));
#4351 = CARTESIAN_POINT('',(5.783386475926,5.450699099971E-02));
#4352 = CARTESIAN_POINT('',(5.854786308963,3.755969258579E-02));
#4353 = CARTESIAN_POINT('',(5.926186141999,2.10579692589E-02));
#4354 = CARTESIAN_POINT('',(5.997585975035,5.085910876274E-03));
#4355 = CARTESIAN_POINT('',(6.068985808071,-1.027509284352E-02));
#4356 = CARTESIAN_POINT('',(6.140385641107,-2.494676568495E-02));
#4357 = CARTESIAN_POINT('',(6.211785474143,-3.885434418301E-02));
#4358 = CARTESIAN_POINT('',(6.283185307179,-5.192695850019E-02));
#4359 = CARTESIAN_POINT('',(6.354585140215,-6.409799359525E-02));
#4360 = CARTESIAN_POINT('',(6.425984973251,-7.530542864934E-02));
#4361 = CARTESIAN_POINT('',(6.497384806288,-8.549215319302E-02));
#4362 = CARTESIAN_POINT('',(6.568784639324,-9.460625782439E-02));
#4363 = CARTESIAN_POINT('',(6.64018447236,-0.102601299859));
#4364 = CARTESIAN_POINT('',(6.711584305396,-0.109436535769));
#4365 = CARTESIAN_POINT('',(6.782984138432,-0.115077144563));
#4366 = CARTESIAN_POINT('',(6.854383971468,-0.119494346401));
#4367 = CARTESIAN_POINT('',(6.925783804505,-0.122665768789));
#4368 = CARTESIAN_POINT('',(6.997183637541,-0.124574741262));
#4369 = CARTESIAN_POINT('',(7.044783526232,-0.125000539139));
#4370 = CARTESIAN_POINT('',(7.068583470577,-0.125));
#4371 = ( GEOMETRIC_REPRESENTATION_CONTEXT(2) 
PARAMETRIC_REPRESENTATION_CONTEXT() REPRESENTATION_CONTEXT('2D SPACE',''
  ) );
#4372 = ORIENTED_EDGE('',*,*,#4373,.T.);
#4373 = EDGE_CURVE('',#4301,#4374,#4376,.T.);
#4374 = VERTEX_POINT('',#4375);
#4375 = CARTESIAN_POINT('',(7.89,-0.25,-3.25));
#4376 = SURFACE_CURVE('',#4377,(#4382,#4411),.PCURVE_S1.);
#4377 = ELLIPSE('',#4378,0.353553390593,0.25);
#4378 = AXIS2_PLACEMENT_3D('',#4379,#4380,#4381);
#4379 = CARTESIAN_POINT('',(7.64,0.,-3.25));
#4380 = DIRECTION('',(-0.707106781187,-0.707106781187,0.));
#4381 = DIRECTION('',(0.707106781187,-0.707106781187,0.));
#4382 = PCURVE('',#4140,#4383);
#4383 = DEFINITIONAL_REPRESENTATION('',(#4384),#4410);
#4384 = B_SPLINE_CURVE_WITH_KNOTS('',3,(#4385,#4386,#4387,#4388,#4389,
    #4390,#4391,#4392,#4393,#4394,#4395,#4396,#4397,#4398,#4399,#4400,
    #4401,#4402,#4403,#4404,#4405,#4406,#4407,#4408,#4409),
  .UNSPECIFIED.,.F.,.F.,(4,1,1,1,1,1,1,1,1,1,1,1,1,1,1,1,1,1,1,1,1,1,4),
  (4.712388980385,4.783788813421,4.855188646457,4.926588479493,
    4.997988312529,5.069388145565,5.140787978601,5.212187811638,
    5.283587644674,5.35498747771,5.426387310746,5.497787143782,
    5.569186976818,5.640586809854,5.711986642891,5.783386475927,
    5.854786308963,5.926186141999,5.997585975035,6.068985808071,
    6.140385641107,6.211785474143,6.28318530718),.QUASI_UNIFORM_KNOTS.);
#4385 = CARTESIAN_POINT('',(5.497787143782,7.5E-02));
#4386 = CARTESIAN_POINT('',(5.521587088127,6.904996760789E-02));
#4387 = CARTESIAN_POINT('',(5.569186976818,5.71500662093E-02));
#4388 = CARTESIAN_POINT('',(5.640586809854,3.939104205684E-02));
#4389 = CARTESIAN_POINT('',(5.71198664289,2.181350815356E-02));
#4390 = CARTESIAN_POINT('',(5.783386475926,4.506990999711E-03));
#4391 = CARTESIAN_POINT('',(5.854786308963,-1.244030741421E-02));
#4392 = CARTESIAN_POINT('',(5.926186141999,-2.89420307411E-02));
#4393 = CARTESIAN_POINT('',(5.997585975035,-4.491408912373E-02));
#4394 = CARTESIAN_POINT('',(6.068985808071,-6.027509284352E-02));
#4395 = CARTESIAN_POINT('',(6.140385641107,-7.494676568495E-02));
#4396 = CARTESIAN_POINT('',(6.211785474143,-8.885434418301E-02));
#4397 = CARTESIAN_POINT('',(6.283185307179,-0.1019269585));
#4398 = CARTESIAN_POINT('',(6.354585140215,-0.114097993595));
#4399 = CARTESIAN_POINT('',(6.425984973251,-0.125305428649));
#4400 = CARTESIAN_POINT('',(6.497384806288,-0.135492153193));
#4401 = CARTESIAN_POINT('',(6.568784639324,-0.144606257824));
#4402 = CARTESIAN_POINT('',(6.64018447236,-0.152601299859));
#4403 = CARTESIAN_POINT('',(6.711584305396,-0.159436535769));
#4404 = CARTESIAN_POINT('',(6.782984138432,-0.165077144563));
#4405 = CARTESIAN_POINT('',(6.854383971468,-0.169494346401));
#4406 = CARTESIAN_POINT('',(6.925783804505,-0.172665768789));
#4407 = CARTESIAN_POINT('',(6.997183637541,-0.174574741262));
#4408 = CARTESIAN_POINT('',(7.044783526232,-0.175000539139));
#4409 = CARTESIAN_POINT('',(7.068583470577,-0.175));
#4410 = ( GEOMETRIC_REPRESENTATION_CONTEXT(2) 
PARAMETRIC_REPRESENTATION_CONTEXT() REPRESENTATION_CONTEXT('2D SPACE',''
  ) );
#4411 = PCURVE('',#4339,#4412);
#4412 = DEFINITIONAL_REPRESENTATION('',(#4413),#4439);
#4413 = B_SPLINE_CURVE_WITH_KNOTS('',3,(#4414,#4415,#4416,#4417,#4418,
    #4419,#4420,#4421,#4422,#4423,#4424,#4425,#4426,#4427,#4428,#4429,
    #4430,#4431,#4432,#4433,#4434,#4435,#4436,#4437,#4438),
  .UNSPECIFIED.,.F.,.F.,(4,1,1,1,1,1,1,1,1,1,1,1,1,1,1,1,1,1,1,1,1,1,4),
  (4.712388980385,4.783788813421,4.855188646457,4.926588479493,
    4.997988312529,5.069388145565,5.140787978601,5.212187811638,
    5.283587644674,5.35498747771,5.426387310746,5.497787143782,
    5.569186976818,5.640586809854,5.711986642891,5.783386475927,
    5.854786308963,5.926186141999,5.997585975035,6.068985808071,
    6.140385641107,6.211785474143,6.28318530718),.QUASI_UNIFORM_KNOTS.);
#4414 = CARTESIAN_POINT('',(5.497787143782,0.125));
#4415 = CARTESIAN_POINT('',(5.521587088128,0.130950032392));
#4416 = CARTESIAN_POINT('',(5.569186976818,0.142849933791));
#4417 = CARTESIAN_POINT('',(5.640586809854,0.160608957943));
#4418 = CARTESIAN_POINT('',(5.71198664289,0.178186491846));
#4419 = CARTESIAN_POINT('',(5.783386475926,0.195493009));
#4420 = CARTESIAN_POINT('',(5.854786308963,0.212440307414));
#4421 = CARTESIAN_POINT('',(5.926186141999,0.228942030741));
#4422 = CARTESIAN_POINT('',(5.997585975035,0.244914089124));
#4423 = CARTESIAN_POINT('',(6.068985808071,0.260275092844));
#4424 = CARTESIAN_POINT('',(6.140385641107,0.274946765685));
#4425 = CARTESIAN_POINT('',(6.211785474143,0.288854344183));
#4426 = CARTESIAN_POINT('',(6.283185307179,0.3019269585));
#4427 = CARTESIAN_POINT('',(6.354585140215,0.314097993595));
#4428 = CARTESIAN_POINT('',(6.425984973251,0.325305428649));
#4429 = CARTESIAN_POINT('',(6.497384806288,0.335492153193));
#4430 = CARTESIAN_POINT('',(6.568784639324,0.344606257824));
#4431 = CARTESIAN_POINT('',(6.64018447236,0.352601299859));
#4432 = CARTESIAN_POINT('',(6.711584305396,0.359436535769));
#4433 = CARTESIAN_POINT('',(6.782984138432,0.365077144563));
#4434 = CARTESIAN_POINT('',(6.854383971468,0.369494346401));
#4435 = CARTESIAN_POINT('',(6.925783804505,0.372665768789));
#4436 = CARTESIAN_POINT('',(6.997183637541,0.374574741262));
#4437 = CARTESIAN_POINT('',(7.044783526232,0.375000539139));
#4438 = CARTESIAN_POINT('',(7.068583470577,0.375));
#4439 = ( GEOMETRIC_REPRESENTATION_CONTEXT(2) 
PARAMETRIC_REPRESENTATION_CONTEXT() REPRESENTATION_CONTEXT('2D SPACE',''
  ) );
#4440 = ORIENTED_EDGE('',*,*,#4441,.T.);
#4441 = EDGE_CURVE('',#4374,#4097,#4442,.T.);
#4442 = SURFACE_CURVE('',#4443,(#4447,#4454),.PCURVE_S1.);
#4443 = LINE('',#4444,#4445);
#4444 = CARTESIAN_POINT('',(7.715,-0.25,-3.25));
#4445 = VECTOR('',#4446,1.);
#4446 = DIRECTION('',(-1.,0.,0.));
#4447 = PCURVE('',#4140,#4448);
#4448 = DEFINITIONAL_REPRESENTATION('',(#4449),#4453);
#4449 = LINE('',#4450,#4451);
#4450 = CARTESIAN_POINT('',(7.068583470577,0.));
#4451 = VECTOR('',#4452,1.);
#4452 = DIRECTION('',(0.,1.));
#4453 = ( GEOMETRIC_REPRESENTATION_CONTEXT(2) 
PARAMETRIC_REPRESENTATION_CONTEXT() REPRESENTATION_CONTEXT('2D SPACE',''
  ) );
#4454 = PCURVE('',#4455,#4460);
#4455 = PLANE('',#4456);
#4456 = AXIS2_PLACEMENT_3D('',#4457,#4458,#4459);
#4457 = CARTESIAN_POINT('',(7.89,-0.25,0.));
#4458 = DIRECTION('',(0.,-1.,0.));
#4459 = DIRECTION('',(-1.,0.,0.));
#4460 = DEFINITIONAL_REPRESENTATION('',(#4461),#4465);
#4461 = LINE('',#4462,#4463);
#4462 = CARTESIAN_POINT('',(0.175,3.25));
#4463 = VECTOR('',#4464,1.);
#4464 = DIRECTION('',(1.,0.));
#4465 = ( GEOMETRIC_REPRESENTATION_CONTEXT(2) 
PARAMETRIC_REPRESENTATION_CONTEXT() REPRESENTATION_CONTEXT('2D SPACE',''
  ) );
#4466 = ORIENTED_EDGE('',*,*,#4094,.F.);
#4467 = ADVANCED_FACE('',(#4468),#4339,.T.);
#4468 = FACE_BOUND('',#4469,.T.);
#4469 = EDGE_LOOP('',(#4470,#4471,#4497));
#4470 = ORIENTED_EDGE('',*,*,#4300,.T.);
#4471 = ORIENTED_EDGE('',*,*,#4472,.T.);
#4472 = EDGE_CURVE('',#4273,#4374,#4473,.T.);
#4473 = SURFACE_CURVE('',#4474,(#4478,#4485),.PCURVE_S1.);
#4474 = LINE('',#4475,#4476);
#4475 = CARTESIAN_POINT('',(7.89,0.125,-3.25));
#4476 = VECTOR('',#4477,1.);
#4477 = DIRECTION('',(0.,-1.,0.));
#4478 = PCURVE('',#4339,#4479);
#4479 = DEFINITIONAL_REPRESENTATION('',(#4480),#4484);
#4480 = LINE('',#4481,#4482);
#4481 = CARTESIAN_POINT('',(7.068583470577,0.));
#4482 = VECTOR('',#4483,1.);
#4483 = DIRECTION('',(0.,1.));
#4484 = ( GEOMETRIC_REPRESENTATION_CONTEXT(2) 
PARAMETRIC_REPRESENTATION_CONTEXT() REPRESENTATION_CONTEXT('2D SPACE',''
  ) );
#4485 = PCURVE('',#4486,#4491);
#4486 = PLANE('',#4487);
#4487 = AXIS2_PLACEMENT_3D('',#4488,#4489,#4490);
#4488 = CARTESIAN_POINT('',(7.89,0.25,0.));
#4489 = DIRECTION('',(1.,0.,0.));
#4490 = DIRECTION('',(0.,-1.,0.));
#4491 = DEFINITIONAL_REPRESENTATION('',(#4492),#4496);
#4492 = LINE('',#4493,#4494);
#4493 = CARTESIAN_POINT('',(0.125,3.25));
#4494 = VECTOR('',#4495,1.);
#4495 = DIRECTION('',(1.,0.));
#4496 = ( GEOMETRIC_REPRESENTATION_CONTEXT(2) 
PARAMETRIC_REPRESENTATION_CONTEXT() REPRESENTATION_CONTEXT('2D SPACE',''
  ) );
#4497 = ORIENTED_EDGE('',*,*,#4373,.F.);
#4498 = ADVANCED_FACE('',(#4499),#4288,.T.);
#4499 = FACE_BOUND('',#4500,.T.);
#4500 = EDGE_LOOP('',(#4501,#4502,#4525,#4553));
#4501 = ORIENTED_EDGE('',*,*,#4272,.F.);
#4502 = ORIENTED_EDGE('',*,*,#4503,.F.);
#4503 = EDGE_CURVE('',#4504,#4175,#4506,.T.);
#4504 = VERTEX_POINT('',#4505);
#4505 = CARTESIAN_POINT('',(7.19,0.25,0.));
#4506 = SURFACE_CURVE('',#4507,(#4511,#4518),.PCURVE_S1.);
#4507 = LINE('',#4508,#4509);
#4508 = CARTESIAN_POINT('',(7.19,0.25,0.));
#4509 = VECTOR('',#4510,1.);
#4510 = DIRECTION('',(0.,0.,-1.));
#4511 = PCURVE('',#4288,#4512);
#4512 = DEFINITIONAL_REPRESENTATION('',(#4513),#4517);
#4513 = LINE('',#4514,#4515);
#4514 = CARTESIAN_POINT('',(0.,0.));
#4515 = VECTOR('',#4516,1.);
#4516 = DIRECTION('',(0.,1.));
#4517 = ( GEOMETRIC_REPRESENTATION_CONTEXT(2) 
PARAMETRIC_REPRESENTATION_CONTEXT() REPRESENTATION_CONTEXT('2D SPACE',''
  ) );
#4518 = PCURVE('',#4190,#4519);
#4519 = DEFINITIONAL_REPRESENTATION('',(#4520),#4524);
#4520 = LINE('',#4521,#4522);
#4521 = CARTESIAN_POINT('',(0.5,0.));
#4522 = VECTOR('',#4523,1.);
#4523 = DIRECTION('',(0.,1.));
#4524 = ( GEOMETRIC_REPRESENTATION_CONTEXT(2) 
PARAMETRIC_REPRESENTATION_CONTEXT() REPRESENTATION_CONTEXT('2D SPACE',''
  ) );
#4525 = ORIENTED_EDGE('',*,*,#4526,.F.);
#4526 = EDGE_CURVE('',#4527,#4504,#4529,.T.);
#4527 = VERTEX_POINT('',#4528);
#4528 = CARTESIAN_POINT('',(7.89,0.25,0.));
#4529 = SURFACE_CURVE('',#4530,(#4534,#4541),.PCURVE_S1.);
#4530 = LINE('',#4531,#4532);
#4531 = CARTESIAN_POINT('',(3.595,0.25,0.));
#4532 = VECTOR('',#4533,1.);
#4533 = DIRECTION('',(-1.,0.,0.));
#4534 = PCURVE('',#4288,#4535);
#4535 = DEFINITIONAL_REPRESENTATION('',(#4536),#4540);
#4536 = LINE('',#4537,#4538);
#4537 = CARTESIAN_POINT('',(-3.595,0.));
#4538 = VECTOR('',#4539,1.);
#4539 = DIRECTION('',(-1.,0.));
#4540 = ( GEOMETRIC_REPRESENTATION_CONTEXT(2) 
PARAMETRIC_REPRESENTATION_CONTEXT() REPRESENTATION_CONTEXT('2D SPACE',''
  ) );
#4541 = PCURVE('',#4542,#4547);
#4542 = PLANE('',#4543);
#4543 = AXIS2_PLACEMENT_3D('',#4544,#4545,#4546);
#4544 = CARTESIAN_POINT('',(-5.551115123126E-16,-1.110223024625E-15,0.)
  );
#4545 = DIRECTION('',(0.,0.,1.));
#4546 = DIRECTION('',(1.,0.,-0.));
#4547 = DEFINITIONAL_REPRESENTATION('',(#4548),#4552);
#4548 = LINE('',#4549,#4550);
#4549 = CARTESIAN_POINT('',(3.595,0.25));
#4550 = VECTOR('',#4551,1.);
#4551 = DIRECTION('',(-1.,0.));
#4552 = ( GEOMETRIC_REPRESENTATION_CONTEXT(2) 
PARAMETRIC_REPRESENTATION_CONTEXT() REPRESENTATION_CONTEXT('2D SPACE',''
  ) );
#4553 = ORIENTED_EDGE('',*,*,#4554,.T.);
#4554 = EDGE_CURVE('',#4527,#4273,#4555,.T.);
#4555 = SURFACE_CURVE('',#4556,(#4560,#4567),.PCURVE_S1.);
#4556 = LINE('',#4557,#4558);
#4557 = CARTESIAN_POINT('',(7.89,0.25,0.));
#4558 = VECTOR('',#4559,1.);
#4559 = DIRECTION('',(0.,0.,-1.));
#4560 = PCURVE('',#4288,#4561);
#4561 = DEFINITIONAL_REPRESENTATION('',(#4562),#4566);
#4562 = LINE('',#4563,#4564);
#4563 = CARTESIAN_POINT('',(0.7,0.));
#4564 = VECTOR('',#4565,1.);
#4565 = DIRECTION('',(0.,1.));
#4566 = ( GEOMETRIC_REPRESENTATION_CONTEXT(2) 
PARAMETRIC_REPRESENTATION_CONTEXT() REPRESENTATION_CONTEXT('2D SPACE',''
  ) );
#4567 = PCURVE('',#4486,#4568);
#4568 = DEFINITIONAL_REPRESENTATION('',(#4569),#4573);
#4569 = LINE('',#4570,#4571);
#4570 = CARTESIAN_POINT('',(0.,0.));
#4571 = VECTOR('',#4572,1.);
#4572 = DIRECTION('',(0.,1.));
#4573 = ( GEOMETRIC_REPRESENTATION_CONTEXT(2) 
PARAMETRIC_REPRESENTATION_CONTEXT() REPRESENTATION_CONTEXT('2D SPACE',''
  ) );
#4574 = ADVANCED_FACE('',(#4575),#4190,.T.);
#4575 = FACE_BOUND('',#4576,.T.);
#4576 = EDGE_LOOP('',(#4577,#4578,#4601,#4622));
#4577 = ORIENTED_EDGE('',*,*,#4174,.F.);
#4578 = ORIENTED_EDGE('',*,*,#4579,.F.);
#4579 = EDGE_CURVE('',#4580,#4097,#4582,.T.);
#4580 = VERTEX_POINT('',#4581);
#4581 = CARTESIAN_POINT('',(7.19,-0.25,0.));
#4582 = SURFACE_CURVE('',#4583,(#4587,#4594),.PCURVE_S1.);
#4583 = LINE('',#4584,#4585);
#4584 = CARTESIAN_POINT('',(7.19,-0.25,0.));
#4585 = VECTOR('',#4586,1.);
#4586 = DIRECTION('',(0.,0.,-1.));
#4587 = PCURVE('',#4190,#4588);
#4588 = DEFINITIONAL_REPRESENTATION('',(#4589),#4593);
#4589 = LINE('',#4590,#4591);
#4590 = CARTESIAN_POINT('',(0.,0.));
#4591 = VECTOR('',#4592,1.);
#4592 = DIRECTION('',(0.,1.));
#4593 = ( GEOMETRIC_REPRESENTATION_CONTEXT(2) 
PARAMETRIC_REPRESENTATION_CONTEXT() REPRESENTATION_CONTEXT('2D SPACE',''
  ) );
#4594 = PCURVE('',#4455,#4595);
#4595 = DEFINITIONAL_REPRESENTATION('',(#4596),#4600);
#4596 = LINE('',#4597,#4598);
#4597 = CARTESIAN_POINT('',(0.7,0.));
#4598 = VECTOR('',#4599,1.);
#4599 = DIRECTION('',(0.,1.));
#4600 = ( GEOMETRIC_REPRESENTATION_CONTEXT(2) 
PARAMETRIC_REPRESENTATION_CONTEXT() REPRESENTATION_CONTEXT('2D SPACE',''
  ) );
#4601 = ORIENTED_EDGE('',*,*,#4602,.F.);
#4602 = EDGE_CURVE('',#4504,#4580,#4603,.T.);
#4603 = SURFACE_CURVE('',#4604,(#4608,#4615),.PCURVE_S1.);
#4604 = LINE('',#4605,#4606);
#4605 = CARTESIAN_POINT('',(7.19,-0.125,0.));
#4606 = VECTOR('',#4607,1.);
#4607 = DIRECTION('',(0.,-1.,0.));
#4608 = PCURVE('',#4190,#4609);
#4609 = DEFINITIONAL_REPRESENTATION('',(#4610),#4614);
#4610 = LINE('',#4611,#4612);
#4611 = CARTESIAN_POINT('',(0.125,0.));
#4612 = VECTOR('',#4613,1.);
#4613 = DIRECTION('',(-1.,0.));
#4614 = ( GEOMETRIC_REPRESENTATION_CONTEXT(2) 
PARAMETRIC_REPRESENTATION_CONTEXT() REPRESENTATION_CONTEXT('2D SPACE',''
  ) );
#4615 = PCURVE('',#4542,#4616);
#4616 = DEFINITIONAL_REPRESENTATION('',(#4617),#4621);
#4617 = LINE('',#4618,#4619);
#4618 = CARTESIAN_POINT('',(7.19,-0.125));
#4619 = VECTOR('',#4620,1.);
#4620 = DIRECTION('',(0.,-1.));
#4621 = ( GEOMETRIC_REPRESENTATION_CONTEXT(2) 
PARAMETRIC_REPRESENTATION_CONTEXT() REPRESENTATION_CONTEXT('2D SPACE',''
  ) );
#4622 = ORIENTED_EDGE('',*,*,#4503,.T.);
#4623 = ADVANCED_FACE('',(#4624),#4639,.T.);
#4624 = FACE_BOUND('',#4625,.T.);
#4625 = EDGE_LOOP('',(#4626,#4706,#4734));
#4626 = ORIENTED_EDGE('',*,*,#4627,.T.);
#4627 = EDGE_CURVE('',#4628,#4630,#4632,.T.);
#4628 = VERTEX_POINT('',#4629);
#4629 = CARTESIAN_POINT('',(2.44,0.,-3.5));
#4630 = VERTEX_POINT('',#4631);
#4631 = CARTESIAN_POINT('',(2.19,-0.25,-3.25));
#4632 = SURFACE_CURVE('',#4633,(#4638,#4672),.PCURVE_S1.);
#4633 = ELLIPSE('',#4634,0.353553390593,0.25);
#4634 = AXIS2_PLACEMENT_3D('',#4635,#4636,#4637);
#4635 = CARTESIAN_POINT('',(2.44,0.,-3.25));
#4636 = DIRECTION('',(-0.707106781187,0.707106781187,0.));
#4637 = DIRECTION('',(-0.707106781187,-0.707106781187,0.));
#4638 = PCURVE('',#4639,#4644);
#4639 = CYLINDRICAL_SURFACE('',#4640,0.25);
#4640 = AXIS2_PLACEMENT_3D('',#4641,#4642,#4643);
#4641 = CARTESIAN_POINT('',(2.44,-0.125,-3.25));
#4642 = DIRECTION('',(0.,1.,0.));
#4643 = DIRECTION('',(-0.707106781187,0.,-0.707106781187));
#4644 = DEFINITIONAL_REPRESENTATION('',(#4645),#4671);
#4645 = B_SPLINE_CURVE_WITH_KNOTS('',3,(#4646,#4647,#4648,#4649,#4650,
    #4651,#4652,#4653,#4654,#4655,#4656,#4657,#4658,#4659,#4660,#4661,
    #4662,#4663,#4664,#4665,#4666,#4667,#4668,#4669,#4670),
  .UNSPECIFIED.,.F.,.F.,(4,1,1,1,1,1,1,1,1,1,1,1,1,1,1,1,1,1,1,1,1,1,4),
  (4.712388980385,4.783788813421,4.855188646457,4.926588479493,
    4.997988312529,5.069388145565,5.140787978601,5.212187811638,
    5.283587644674,5.35498747771,5.426387310746,5.497787143782,
    5.569186976818,5.640586809854,5.711986642891,5.783386475927,
    5.854786308963,5.926186141999,5.997585975035,6.068985808071,
    6.140385641107,6.211785474143,6.28318530718),.QUASI_UNIFORM_KNOTS.);
#4646 = CARTESIAN_POINT('',(5.497787143782,0.125));
#4647 = CARTESIAN_POINT('',(5.521587088127,0.119049967608));
#4648 = CARTESIAN_POINT('',(5.569186976818,0.107150066209));
#4649 = CARTESIAN_POINT('',(5.640586809854,8.939104205684E-02));
#4650 = CARTESIAN_POINT('',(5.71198664289,7.181350815356E-02));
#4651 = CARTESIAN_POINT('',(5.783386475926,5.450699099971E-02));
#4652 = CARTESIAN_POINT('',(5.854786308963,3.755969258579E-02));
#4653 = CARTESIAN_POINT('',(5.926186141999,2.10579692589E-02));
#4654 = CARTESIAN_POINT('',(5.997585975035,5.085910876274E-03));
#4655 = CARTESIAN_POINT('',(6.068985808071,-1.027509284352E-02));
#4656 = CARTESIAN_POINT('',(6.140385641107,-2.494676568495E-02));
#4657 = CARTESIAN_POINT('',(6.211785474143,-3.885434418301E-02));
#4658 = CARTESIAN_POINT('',(6.283185307179,-5.192695850019E-02));
#4659 = CARTESIAN_POINT('',(6.354585140215,-6.409799359525E-02));
#4660 = CARTESIAN_POINT('',(6.425984973251,-7.530542864934E-02));
#4661 = CARTESIAN_POINT('',(6.497384806288,-8.549215319302E-02));
#4662 = CARTESIAN_POINT('',(6.568784639324,-9.460625782439E-02));
#4663 = CARTESIAN_POINT('',(6.64018447236,-0.102601299859));
#4664 = CARTESIAN_POINT('',(6.711584305396,-0.109436535769));
#4665 = CARTESIAN_POINT('',(6.782984138432,-0.115077144563));
#4666 = CARTESIAN_POINT('',(6.854383971468,-0.119494346401));
#4667 = CARTESIAN_POINT('',(6.925783804505,-0.122665768789));
#4668 = CARTESIAN_POINT('',(6.997183637541,-0.124574741262));
#4669 = CARTESIAN_POINT('',(7.044783526232,-0.125000539139));
#4670 = CARTESIAN_POINT('',(7.068583470577,-0.125));
#4671 = ( GEOMETRIC_REPRESENTATION_CONTEXT(2) 
PARAMETRIC_REPRESENTATION_CONTEXT() REPRESENTATION_CONTEXT('2D SPACE',''
  ) );
#4672 = PCURVE('',#4673,#4678);
#4673 = CYLINDRICAL_SURFACE('',#4674,0.25);
#4674 = AXIS2_PLACEMENT_3D('',#4675,#4676,#4677);
#4675 = CARTESIAN_POINT('',(2.715,0.,-3.25));
#4676 = DIRECTION('',(-1.,0.,0.));
#4677 = DIRECTION('',(-0.,-0.707106781187,-0.707106781187));
#4678 = DEFINITIONAL_REPRESENTATION('',(#4679),#4705);
#4679 = B_SPLINE_CURVE_WITH_KNOTS('',3,(#4680,#4681,#4682,#4683,#4684,
    #4685,#4686,#4687,#4688,#4689,#4690,#4691,#4692,#4693,#4694,#4695,
    #4696,#4697,#4698,#4699,#4700,#4701,#4702,#4703,#4704),
  .UNSPECIFIED.,.F.,.F.,(4,1,1,1,1,1,1,1,1,1,1,1,1,1,1,1,1,1,1,1,1,1,4),
  (4.712388980385,4.783788813421,4.855188646457,4.926588479493,
    4.997988312529,5.069388145565,5.140787978601,5.212187811638,
    5.283587644674,5.35498747771,5.426387310746,5.497787143782,
    5.569186976818,5.640586809854,5.711986642891,5.783386475927,
    5.854786308963,5.926186141999,5.997585975035,6.068985808071,
    6.140385641107,6.211785474143,6.28318530718),.QUASI_UNIFORM_KNOTS.);
#4680 = CARTESIAN_POINT('',(5.497787143782,0.275));
#4681 = CARTESIAN_POINT('',(5.521587088127,0.280950032392));
#4682 = CARTESIAN_POINT('',(5.569186976818,0.292849933791));
#4683 = CARTESIAN_POINT('',(5.640586809854,0.310608957943));
#4684 = CARTESIAN_POINT('',(5.71198664289,0.328186491846));
#4685 = CARTESIAN_POINT('',(5.783386475926,0.345493009));
#4686 = CARTESIAN_POINT('',(5.854786308963,0.362440307414));
#4687 = CARTESIAN_POINT('',(5.926186141999,0.378942030741));
#4688 = CARTESIAN_POINT('',(5.997585975035,0.394914089124));
#4689 = CARTESIAN_POINT('',(6.068985808071,0.410275092844));
#4690 = CARTESIAN_POINT('',(6.140385641107,0.424946765685));
#4691 = CARTESIAN_POINT('',(6.211785474143,0.438854344183));
#4692 = CARTESIAN_POINT('',(6.283185307179,0.4519269585));
#4693 = CARTESIAN_POINT('',(6.354585140215,0.464097993595));
#4694 = CARTESIAN_POINT('',(6.425984973251,0.475305428649));
#4695 = CARTESIAN_POINT('',(6.497384806288,0.485492153193));
#4696 = CARTESIAN_POINT('',(6.568784639324,0.494606257824));
#4697 = CARTESIAN_POINT('',(6.64018447236,0.502601299859));
#4698 = CARTESIAN_POINT('',(6.711584305396,0.509436535769));
#4699 = CARTESIAN_POINT('',(6.782984138432,0.515077144563));
#4700 = CARTESIAN_POINT('',(6.854383971468,0.519494346401));
#4701 = CARTESIAN_POINT('',(6.925783804505,0.522665768789));
#4702 = CARTESIAN_POINT('',(6.997183637541,0.524574741262));
#4703 = CARTESIAN_POINT('',(7.044783526232,0.525000539139));
#4704 = CARTESIAN_POINT('',(7.068583470577,0.525));
#4705 = ( GEOMETRIC_REPRESENTATION_CONTEXT(2) 
PARAMETRIC_REPRESENTATION_CONTEXT() REPRESENTATION_CONTEXT('2D SPACE',''
  ) );
#4706 = ORIENTED_EDGE('',*,*,#4707,.T.);
#4707 = EDGE_CURVE('',#4630,#4708,#4710,.T.);
#4708 = VERTEX_POINT('',#4709);
#4709 = CARTESIAN_POINT('',(2.19,0.25,-3.25));
#4710 = SURFACE_CURVE('',#4711,(#4715,#4722),.PCURVE_S1.);
#4711 = LINE('',#4712,#4713);
#4712 = CARTESIAN_POINT('',(2.19,-0.125,-3.25));
#4713 = VECTOR('',#4714,1.);
#4714 = DIRECTION('',(0.,1.,0.));
#4715 = PCURVE('',#4639,#4716);
#4716 = DEFINITIONAL_REPRESENTATION('',(#4717),#4721);
#4717 = LINE('',#4718,#4719);
#4718 = CARTESIAN_POINT('',(7.068583470577,0.));
#4719 = VECTOR('',#4720,1.);
#4720 = DIRECTION('',(0.,1.));
#4721 = ( GEOMETRIC_REPRESENTATION_CONTEXT(2) 
PARAMETRIC_REPRESENTATION_CONTEXT() REPRESENTATION_CONTEXT('2D SPACE',''
  ) );
#4722 = PCURVE('',#4723,#4728);
#4723 = PLANE('',#4724);
#4724 = AXIS2_PLACEMENT_3D('',#4725,#4726,#4727);
#4725 = CARTESIAN_POINT('',(2.19,-0.25,0.));
#4726 = DIRECTION('',(-1.,0.,0.));
#4727 = DIRECTION('',(0.,1.,0.));
#4728 = DEFINITIONAL_REPRESENTATION('',(#4729),#4733);
#4729 = LINE('',#4730,#4731);
#4730 = CARTESIAN_POINT('',(0.125,3.25));
#4731 = VECTOR('',#4732,1.);
#4732 = DIRECTION('',(1.,0.));
#4733 = ( GEOMETRIC_REPRESENTATION_CONTEXT(2) 
PARAMETRIC_REPRESENTATION_CONTEXT() REPRESENTATION_CONTEXT('2D SPACE',''
  ) );
#4734 = ORIENTED_EDGE('',*,*,#4735,.F.);
#4735 = EDGE_CURVE('',#4628,#4708,#4736,.T.);
#4736 = SURFACE_CURVE('',#4737,(#4742,#4771),.PCURVE_S1.);
#4737 = ELLIPSE('',#4738,0.353553390593,0.25);
#4738 = AXIS2_PLACEMENT_3D('',#4739,#4740,#4741);
#4739 = CARTESIAN_POINT('',(2.44,0.,-3.25));
#4740 = DIRECTION('',(0.707106781187,0.707106781187,0.));
#4741 = DIRECTION('',(-0.707106781187,0.707106781187,0.));
#4742 = PCURVE('',#4639,#4743);
#4743 = DEFINITIONAL_REPRESENTATION('',(#4744),#4770);
#4744 = B_SPLINE_CURVE_WITH_KNOTS('',3,(#4745,#4746,#4747,#4748,#4749,
    #4750,#4751,#4752,#4753,#4754,#4755,#4756,#4757,#4758,#4759,#4760,
    #4761,#4762,#4763,#4764,#4765,#4766,#4767,#4768,#4769),
  .UNSPECIFIED.,.F.,.F.,(4,1,1,1,1,1,1,1,1,1,1,1,1,1,1,1,1,1,1,1,1,1,4),
  (4.712388980385,4.783788813421,4.855188646457,4.926588479493,
    4.997988312529,5.069388145565,5.140787978601,5.212187811638,
    5.283587644674,5.35498747771,5.426387310746,5.497787143782,
    5.569186976818,5.640586809854,5.711986642891,5.783386475927,
    5.854786308963,5.926186141999,5.997585975035,6.068985808071,
    6.140385641107,6.211785474143,6.28318530718),.QUASI_UNIFORM_KNOTS.);
#4745 = CARTESIAN_POINT('',(5.497787143782,0.125));
#4746 = CARTESIAN_POINT('',(5.521587088127,0.130950032392));
#4747 = CARTESIAN_POINT('',(5.569186976818,0.142849933791));
#4748 = CARTESIAN_POINT('',(5.640586809854,0.160608957943));
#4749 = CARTESIAN_POINT('',(5.71198664289,0.178186491846));
#4750 = CARTESIAN_POINT('',(5.783386475926,0.195493009));
#4751 = CARTESIAN_POINT('',(5.854786308963,0.212440307414));
#4752 = CARTESIAN_POINT('',(5.926186141999,0.228942030741));
#4753 = CARTESIAN_POINT('',(5.997585975035,0.244914089124));
#4754 = CARTESIAN_POINT('',(6.068985808071,0.260275092844));
#4755 = CARTESIAN_POINT('',(6.140385641107,0.274946765685));
#4756 = CARTESIAN_POINT('',(6.211785474143,0.288854344183));
#4757 = CARTESIAN_POINT('',(6.283185307179,0.3019269585));
#4758 = CARTESIAN_POINT('',(6.354585140215,0.314097993595));
#4759 = CARTESIAN_POINT('',(6.425984973251,0.325305428649));
#4760 = CARTESIAN_POINT('',(6.497384806288,0.335492153193));
#4761 = CARTESIAN_POINT('',(6.568784639324,0.344606257824));
#4762 = CARTESIAN_POINT('',(6.64018447236,0.352601299859));
#4763 = CARTESIAN_POINT('',(6.711584305396,0.359436535769));
#4764 = CARTESIAN_POINT('',(6.782984138432,0.365077144563));
#4765 = CARTESIAN_POINT('',(6.854383971468,0.369494346401));
#4766 = CARTESIAN_POINT('',(6.925783804505,0.372665768789));
#4767 = CARTESIAN_POINT('',(6.997183637541,0.374574741262));
#4768 = CARTESIAN_POINT('',(7.044783526232,0.375000539139));
#4769 = CARTESIAN_POINT('',(7.068583470577,0.375));
#4770 = ( GEOMETRIC_REPRESENTATION_CONTEXT(2) 
PARAMETRIC_REPRESENTATION_CONTEXT() REPRESENTATION_CONTEXT('2D SPACE',''
  ) );
#4771 = PCURVE('',#4673,#4772);
#4772 = DEFINITIONAL_REPRESENTATION('',(#4773),#4799);
#4773 = B_SPLINE_CURVE_WITH_KNOTS('',3,(#4774,#4775,#4776,#4777,#4778,
    #4779,#4780,#4781,#4782,#4783,#4784,#4785,#4786,#4787,#4788,#4789,
    #4790,#4791,#4792,#4793,#4794,#4795,#4796,#4797,#4798),
  .UNSPECIFIED.,.F.,.F.,(4,1,1,1,1,1,1,1,1,1,1,1,1,1,1,1,1,1,1,1,1,1,4),
  (4.712388980385,4.783788813421,4.855188646457,4.926588479493,
    4.997988312529,5.069388145565,5.140787978601,5.212187811638,
    5.283587644674,5.35498747771,5.426387310746,5.497787143782,
    5.569186976818,5.640586809854,5.711986642891,5.783386475927,
    5.854786308963,5.926186141999,5.997585975035,6.068985808071,
    6.140385641107,6.211785474143,6.28318530718),.QUASI_UNIFORM_KNOTS.);
#4774 = CARTESIAN_POINT('',(5.497787143782,0.275));
#4775 = CARTESIAN_POINT('',(5.473987199437,0.280950032392));
#4776 = CARTESIAN_POINT('',(5.426387310746,0.292849933791));
#4777 = CARTESIAN_POINT('',(5.35498747771,0.310608957943));
#4778 = CARTESIAN_POINT('',(5.283587644674,0.328186491846));
#4779 = CARTESIAN_POINT('',(5.212187811638,0.345493009));
#4780 = CARTESIAN_POINT('',(5.140787978602,0.362440307414));
#4781 = CARTESIAN_POINT('',(5.069388145566,0.378942030741));
#4782 = CARTESIAN_POINT('',(4.99798831253,0.394914089124));
#4783 = CARTESIAN_POINT('',(4.926588479493,0.410275092844));
#4784 = CARTESIAN_POINT('',(4.855188646457,0.424946765685));
#4785 = CARTESIAN_POINT('',(4.783788813421,0.438854344183));
#4786 = CARTESIAN_POINT('',(4.712388980385,0.4519269585));
#4787 = CARTESIAN_POINT('',(4.640989147349,0.464097993595));
#4788 = CARTESIAN_POINT('',(4.569589314313,0.475305428649));
#4789 = CARTESIAN_POINT('',(4.498189481277,0.485492153193));
#4790 = CARTESIAN_POINT('',(4.42678964824,0.494606257824));
#4791 = CARTESIAN_POINT('',(4.355389815204,0.502601299859));
#4792 = CARTESIAN_POINT('',(4.283989982168,0.509436535769));
#4793 = CARTESIAN_POINT('',(4.212590149132,0.515077144563));
#4794 = CARTESIAN_POINT('',(4.141190316096,0.519494346401));
#4795 = CARTESIAN_POINT('',(4.06979048306,0.522665768789));
#4796 = CARTESIAN_POINT('',(3.998390650023,0.524574741262));
#4797 = CARTESIAN_POINT('',(3.950790761333,0.525000539139));
#4798 = CARTESIAN_POINT('',(3.926990816987,0.525));
#4799 = ( GEOMETRIC_REPRESENTATION_CONTEXT(2) 
PARAMETRIC_REPRESENTATION_CONTEXT() REPRESENTATION_CONTEXT('2D SPACE',''
  ) );
#4800 = ADVANCED_FACE('',(#4801),#4673,.T.);
#4801 = FACE_BOUND('',#4802,.T.);
#4802 = EDGE_LOOP('',(#4803,#4804,#4832,#4905,#4973,#4999));
#4803 = ORIENTED_EDGE('',*,*,#4735,.T.);
#4804 = ORIENTED_EDGE('',*,*,#4805,.T.);
#4805 = EDGE_CURVE('',#4708,#4806,#4808,.T.);
#4806 = VERTEX_POINT('',#4807);
#4807 = CARTESIAN_POINT('',(2.89,0.25,-3.25));
#4808 = SURFACE_CURVE('',#4809,(#4813,#4820),.PCURVE_S1.);
#4809 = LINE('',#4810,#4811);
#4810 = CARTESIAN_POINT('',(2.365,0.25,-3.25));
#4811 = VECTOR('',#4812,1.);
#4812 = DIRECTION('',(1.,0.,0.));
#4813 = PCURVE('',#4673,#4814);
#4814 = DEFINITIONAL_REPRESENTATION('',(#4815),#4819);
#4815 = LINE('',#4816,#4817);
#4816 = CARTESIAN_POINT('',(3.926990816987,0.35));
#4817 = VECTOR('',#4818,1.);
#4818 = DIRECTION('',(0.,-1.));
#4819 = ( GEOMETRIC_REPRESENTATION_CONTEXT(2) 
PARAMETRIC_REPRESENTATION_CONTEXT() REPRESENTATION_CONTEXT('2D SPACE',''
  ) );
#4820 = PCURVE('',#4821,#4826);
#4821 = PLANE('',#4822);
#4822 = AXIS2_PLACEMENT_3D('',#4823,#4824,#4825);
#4823 = CARTESIAN_POINT('',(2.19,0.25,0.));
#4824 = DIRECTION('',(0.,1.,0.));
#4825 = DIRECTION('',(1.,0.,0.));
#4826 = DEFINITIONAL_REPRESENTATION('',(#4827),#4831);
#4827 = LINE('',#4828,#4829);
#4828 = CARTESIAN_POINT('',(0.175,3.25));
#4829 = VECTOR('',#4830,1.);
#4830 = DIRECTION('',(1.,0.));
#4831 = ( GEOMETRIC_REPRESENTATION_CONTEXT(2) 
PARAMETRIC_REPRESENTATION_CONTEXT() REPRESENTATION_CONTEXT('2D SPACE',''
  ) );
#4832 = ORIENTED_EDGE('',*,*,#4833,.F.);
#4833 = EDGE_CURVE('',#4834,#4806,#4836,.T.);
#4834 = VERTEX_POINT('',#4835);
#4835 = CARTESIAN_POINT('',(2.64,0.,-3.5));
#4836 = SURFACE_CURVE('',#4837,(#4842,#4871),.PCURVE_S1.);
#4837 = ELLIPSE('',#4838,0.353553390593,0.25);
#4838 = AXIS2_PLACEMENT_3D('',#4839,#4840,#4841);
#4839 = CARTESIAN_POINT('',(2.64,0.,-3.25));
#4840 = DIRECTION('',(0.707106781187,-0.707106781187,0.));
#4841 = DIRECTION('',(0.707106781187,0.707106781187,0.));
#4842 = PCURVE('',#4673,#4843);
#4843 = DEFINITIONAL_REPRESENTATION('',(#4844),#4870);
#4844 = B_SPLINE_CURVE_WITH_KNOTS('',3,(#4845,#4846,#4847,#4848,#4849,
    #4850,#4851,#4852,#4853,#4854,#4855,#4856,#4857,#4858,#4859,#4860,
    #4861,#4862,#4863,#4864,#4865,#4866,#4867,#4868,#4869),
  .UNSPECIFIED.,.F.,.F.,(4,1,1,1,1,1,1,1,1,1,1,1,1,1,1,1,1,1,1,1,1,1,4),
  (4.712388980385,4.783788813421,4.855188646457,4.926588479493,
    4.997988312529,5.069388145565,5.140787978601,5.212187811638,
    5.283587644674,5.35498747771,5.426387310746,5.497787143782,
    5.569186976818,5.640586809854,5.711986642891,5.783386475927,
    5.854786308963,5.926186141999,5.997585975035,6.068985808071,
    6.140385641107,6.211785474143,6.28318530718),.QUASI_UNIFORM_KNOTS.);
#4845 = CARTESIAN_POINT('',(5.497787143782,7.5E-02));
#4846 = CARTESIAN_POINT('',(5.473987199437,6.904996760789E-02));
#4847 = CARTESIAN_POINT('',(5.426387310746,5.71500662093E-02));
#4848 = CARTESIAN_POINT('',(5.35498747771,3.939104205684E-02));
#4849 = CARTESIAN_POINT('',(5.283587644674,2.181350815356E-02));
#4850 = CARTESIAN_POINT('',(5.212187811638,4.506990999709E-03));
#4851 = CARTESIAN_POINT('',(5.140787978602,-1.244030741421E-02));
#4852 = CARTESIAN_POINT('',(5.069388145566,-2.89420307411E-02));
#4853 = CARTESIAN_POINT('',(4.99798831253,-4.491408912373E-02));
#4854 = CARTESIAN_POINT('',(4.926588479493,-6.027509284352E-02));
#4855 = CARTESIAN_POINT('',(4.855188646457,-7.494676568495E-02));
#4856 = CARTESIAN_POINT('',(4.783788813421,-8.885434418301E-02));
#4857 = CARTESIAN_POINT('',(4.712388980385,-0.1019269585));
#4858 = CARTESIAN_POINT('',(4.640989147349,-0.114097993595));
#4859 = CARTESIAN_POINT('',(4.569589314313,-0.125305428649));
#4860 = CARTESIAN_POINT('',(4.498189481277,-0.135492153193));
#4861 = CARTESIAN_POINT('',(4.42678964824,-0.144606257824));
#4862 = CARTESIAN_POINT('',(4.355389815204,-0.152601299859));
#4863 = CARTESIAN_POINT('',(4.283989982168,-0.159436535769));
#4864 = CARTESIAN_POINT('',(4.212590149132,-0.165077144563));
#4865 = CARTESIAN_POINT('',(4.141190316096,-0.169494346401));
#4866 = CARTESIAN_POINT('',(4.06979048306,-0.172665768789));
#4867 = CARTESIAN_POINT('',(3.998390650023,-0.174574741262));
#4868 = CARTESIAN_POINT('',(3.950790761333,-0.175000539139));
#4869 = CARTESIAN_POINT('',(3.926990816987,-0.175));
#4870 = ( GEOMETRIC_REPRESENTATION_CONTEXT(2) 
PARAMETRIC_REPRESENTATION_CONTEXT() REPRESENTATION_CONTEXT('2D SPACE',''
  ) );
#4871 = PCURVE('',#4872,#4877);
#4872 = CYLINDRICAL_SURFACE('',#4873,0.25);
#4873 = AXIS2_PLACEMENT_3D('',#4874,#4875,#4876);
#4874 = CARTESIAN_POINT('',(2.64,0.125,-3.25));
#4875 = DIRECTION('',(0.,-1.,0.));
#4876 = DIRECTION('',(0.707106781187,0.,-0.707106781187));
#4877 = DEFINITIONAL_REPRESENTATION('',(#4878),#4904);
#4878 = B_SPLINE_CURVE_WITH_KNOTS('',3,(#4879,#4880,#4881,#4882,#4883,
    #4884,#4885,#4886,#4887,#4888,#4889,#4890,#4891,#4892,#4893,#4894,
    #4895,#4896,#4897,#4898,#4899,#4900,#4901,#4902,#4903),
  .UNSPECIFIED.,.F.,.F.,(4,1,1,1,1,1,1,1,1,1,1,1,1,1,1,1,1,1,1,1,1,1,4),
  (4.712388980385,4.783788813421,4.855188646457,4.926588479493,
    4.997988312529,5.069388145565,5.140787978601,5.212187811638,
    5.283587644674,5.35498747771,5.426387310746,5.497787143782,
    5.569186976818,5.640586809854,5.711986642891,5.783386475927,
    5.854786308963,5.926186141999,5.997585975035,6.068985808071,
    6.140385641107,6.211785474143,6.28318530718),.QUASI_UNIFORM_KNOTS.);
#4879 = CARTESIAN_POINT('',(5.497787143782,0.125));
#4880 = CARTESIAN_POINT('',(5.521587088127,0.119049967608));
#4881 = CARTESIAN_POINT('',(5.569186976818,0.107150066209));
#4882 = CARTESIAN_POINT('',(5.640586809854,8.939104205684E-02));
#4883 = CARTESIAN_POINT('',(5.71198664289,7.181350815356E-02));
#4884 = CARTESIAN_POINT('',(5.783386475926,5.450699099971E-02));
#4885 = CARTESIAN_POINT('',(5.854786308963,3.755969258579E-02));
#4886 = CARTESIAN_POINT('',(5.926186141999,2.10579692589E-02));
#4887 = CARTESIAN_POINT('',(5.997585975035,5.085910876274E-03));
#4888 = CARTESIAN_POINT('',(6.068985808071,-1.027509284352E-02));
#4889 = CARTESIAN_POINT('',(6.140385641107,-2.494676568495E-02));
#4890 = CARTESIAN_POINT('',(6.211785474143,-3.885434418301E-02));
#4891 = CARTESIAN_POINT('',(6.283185307179,-5.192695850019E-02));
#4892 = CARTESIAN_POINT('',(6.354585140215,-6.409799359525E-02));
#4893 = CARTESIAN_POINT('',(6.425984973251,-7.530542864934E-02));
#4894 = CARTESIAN_POINT('',(6.497384806288,-8.549215319302E-02));
#4895 = CARTESIAN_POINT('',(6.568784639324,-9.460625782439E-02));
#4896 = CARTESIAN_POINT('',(6.64018447236,-0.102601299859));
#4897 = CARTESIAN_POINT('',(6.711584305396,-0.109436535769));
#4898 = CARTESIAN_POINT('',(6.782984138432,-0.115077144563));
#4899 = CARTESIAN_POINT('',(6.854383971468,-0.119494346401));
#4900 = CARTESIAN_POINT('',(6.925783804505,-0.122665768789));
#4901 = CARTESIAN_POINT('',(6.997183637541,-0.124574741262));
#4902 = CARTESIAN_POINT('',(7.044783526232,-0.125000539139));
#4903 = CARTESIAN_POINT('',(7.068583470577,-0.125));
#4904 = ( GEOMETRIC_REPRESENTATION_CONTEXT(2) 
PARAMETRIC_REPRESENTATION_CONTEXT() REPRESENTATION_CONTEXT('2D SPACE',''
  ) );
#4905 = ORIENTED_EDGE('',*,*,#4906,.T.);
#4906 = EDGE_CURVE('',#4834,#4907,#4909,.T.);
#4907 = VERTEX_POINT('',#4908);
#4908 = CARTESIAN_POINT('',(2.89,-0.25,-3.25));
#4909 = SURFACE_CURVE('',#4910,(#4915,#4944),.PCURVE_S1.);
#4910 = ELLIPSE('',#4911,0.353553390593,0.25);
#4911 = AXIS2_PLACEMENT_3D('',#4912,#4913,#4914);
#4912 = CARTESIAN_POINT('',(2.64,0.,-3.25));
#4913 = DIRECTION('',(-0.707106781187,-0.707106781187,0.));
#4914 = DIRECTION('',(0.707106781187,-0.707106781187,0.));
#4915 = PCURVE('',#4673,#4916);
#4916 = DEFINITIONAL_REPRESENTATION('',(#4917),#4943);
#4917 = B_SPLINE_CURVE_WITH_KNOTS('',3,(#4918,#4919,#4920,#4921,#4922,
    #4923,#4924,#4925,#4926,#4927,#4928,#4929,#4930,#4931,#4932,#4933,
    #4934,#4935,#4936,#4937,#4938,#4939,#4940,#4941,#4942),
  .UNSPECIFIED.,.F.,.F.,(4,1,1,1,1,1,1,1,1,1,1,1,1,1,1,1,1,1,1,1,1,1,4),
  (4.712388980385,4.783788813421,4.855188646457,4.926588479493,
    4.997988312529,5.069388145565,5.140787978601,5.212187811638,
    5.283587644674,5.35498747771,5.426387310746,5.497787143782,
    5.569186976818,5.640586809854,5.711986642891,5.783386475927,
    5.854786308963,5.926186141999,5.997585975035,6.068985808071,
    6.140385641107,6.211785474143,6.28318530718),.QUASI_UNIFORM_KNOTS.);
#4918 = CARTESIAN_POINT('',(5.497787143782,7.5E-02));
#4919 = CARTESIAN_POINT('',(5.521587088127,6.904996760789E-02));
#4920 = CARTESIAN_POINT('',(5.569186976818,5.71500662093E-02));
#4921 = CARTESIAN_POINT('',(5.640586809854,3.939104205684E-02));
#4922 = CARTESIAN_POINT('',(5.71198664289,2.181350815356E-02));
#4923 = CARTESIAN_POINT('',(5.783386475926,4.506990999709E-03));
#4924 = CARTESIAN_POINT('',(5.854786308963,-1.244030741421E-02));
#4925 = CARTESIAN_POINT('',(5.926186141999,-2.89420307411E-02));
#4926 = CARTESIAN_POINT('',(5.997585975035,-4.491408912373E-02));
#4927 = CARTESIAN_POINT('',(6.068985808071,-6.027509284352E-02));
#4928 = CARTESIAN_POINT('',(6.140385641107,-7.494676568495E-02));
#4929 = CARTESIAN_POINT('',(6.211785474143,-8.885434418301E-02));
#4930 = CARTESIAN_POINT('',(6.283185307179,-0.1019269585));
#4931 = CARTESIAN_POINT('',(6.354585140215,-0.114097993595));
#4932 = CARTESIAN_POINT('',(6.425984973251,-0.125305428649));
#4933 = CARTESIAN_POINT('',(6.497384806288,-0.135492153193));
#4934 = CARTESIAN_POINT('',(6.568784639324,-0.144606257824));
#4935 = CARTESIAN_POINT('',(6.64018447236,-0.152601299859));
#4936 = CARTESIAN_POINT('',(6.711584305396,-0.159436535769));
#4937 = CARTESIAN_POINT('',(6.782984138432,-0.165077144563));
#4938 = CARTESIAN_POINT('',(6.854383971468,-0.169494346401));
#4939 = CARTESIAN_POINT('',(6.925783804505,-0.172665768789));
#4940 = CARTESIAN_POINT('',(6.997183637541,-0.174574741262));
#4941 = CARTESIAN_POINT('',(7.044783526232,-0.175000539139));
#4942 = CARTESIAN_POINT('',(7.068583470577,-0.175));
#4943 = ( GEOMETRIC_REPRESENTATION_CONTEXT(2) 
PARAMETRIC_REPRESENTATION_CONTEXT() REPRESENTATION_CONTEXT('2D SPACE',''
  ) );
#4944 = PCURVE('',#4872,#4945);
#4945 = DEFINITIONAL_REPRESENTATION('',(#4946),#4972);
#4946 = B_SPLINE_CURVE_WITH_KNOTS('',3,(#4947,#4948,#4949,#4950,#4951,
    #4952,#4953,#4954,#4955,#4956,#4957,#4958,#4959,#4960,#4961,#4962,
    #4963,#4964,#4965,#4966,#4967,#4968,#4969,#4970,#4971),
  .UNSPECIFIED.,.F.,.F.,(4,1,1,1,1,1,1,1,1,1,1,1,1,1,1,1,1,1,1,1,1,1,4),
  (4.712388980385,4.783788813421,4.855188646457,4.926588479493,
    4.997988312529,5.069388145565,5.140787978601,5.212187811638,
    5.283587644674,5.35498747771,5.426387310746,5.497787143782,
    5.569186976818,5.640586809854,5.711986642891,5.783386475927,
    5.854786308963,5.926186141999,5.997585975035,6.068985808071,
    6.140385641107,6.211785474143,6.28318530718),.QUASI_UNIFORM_KNOTS.);
#4947 = CARTESIAN_POINT('',(5.497787143782,0.125));
#4948 = CARTESIAN_POINT('',(5.521587088127,0.130950032392));
#4949 = CARTESIAN_POINT('',(5.569186976818,0.142849933791));
#4950 = CARTESIAN_POINT('',(5.640586809854,0.160608957943));
#4951 = CARTESIAN_POINT('',(5.71198664289,0.178186491846));
#4952 = CARTESIAN_POINT('',(5.783386475926,0.195493009));
#4953 = CARTESIAN_POINT('',(5.854786308963,0.212440307414));
#4954 = CARTESIAN_POINT('',(5.926186141999,0.228942030741));
#4955 = CARTESIAN_POINT('',(5.997585975035,0.244914089124));
#4956 = CARTESIAN_POINT('',(6.068985808071,0.260275092844));
#4957 = CARTESIAN_POINT('',(6.140385641107,0.274946765685));
#4958 = CARTESIAN_POINT('',(6.211785474143,0.288854344183));
#4959 = CARTESIAN_POINT('',(6.283185307179,0.3019269585));
#4960 = CARTESIAN_POINT('',(6.354585140215,0.314097993595));
#4961 = CARTESIAN_POINT('',(6.425984973251,0.325305428649));
#4962 = CARTESIAN_POINT('',(6.497384806288,0.335492153193));
#4963 = CARTESIAN_POINT('',(6.568784639324,0.344606257824));
#4964 = CARTESIAN_POINT('',(6.64018447236,0.352601299859));
#4965 = CARTESIAN_POINT('',(6.711584305396,0.359436535769));
#4966 = CARTESIAN_POINT('',(6.782984138432,0.365077144563));
#4967 = CARTESIAN_POINT('',(6.854383971468,0.369494346401));
#4968 = CARTESIAN_POINT('',(6.925783804505,0.372665768789));
#4969 = CARTESIAN_POINT('',(6.997183637541,0.374574741262));
#4970 = CARTESIAN_POINT('',(7.044783526232,0.375000539139));
#4971 = CARTESIAN_POINT('',(7.068583470577,0.375));
#4972 = ( GEOMETRIC_REPRESENTATION_CONTEXT(2) 
PARAMETRIC_REPRESENTATION_CONTEXT() REPRESENTATION_CONTEXT('2D SPACE',''
  ) );
#4973 = ORIENTED_EDGE('',*,*,#4974,.T.);
#4974 = EDGE_CURVE('',#4907,#4630,#4975,.T.);
#4975 = SURFACE_CURVE('',#4976,(#4980,#4987),.PCURVE_S1.);
#4976 = LINE('',#4977,#4978);
#4977 = CARTESIAN_POINT('',(2.715,-0.25,-3.25));
#4978 = VECTOR('',#4979,1.);
#4979 = DIRECTION('',(-1.,0.,0.));
#4980 = PCURVE('',#4673,#4981);
#4981 = DEFINITIONAL_REPRESENTATION('',(#4982),#4986);
#4982 = LINE('',#4983,#4984);
#4983 = CARTESIAN_POINT('',(7.068583470577,0.));
#4984 = VECTOR('',#4985,1.);
#4985 = DIRECTION('',(0.,1.));
#4986 = ( GEOMETRIC_REPRESENTATION_CONTEXT(2) 
PARAMETRIC_REPRESENTATION_CONTEXT() REPRESENTATION_CONTEXT('2D SPACE',''
  ) );
#4987 = PCURVE('',#4988,#4993);
#4988 = PLANE('',#4989);
#4989 = AXIS2_PLACEMENT_3D('',#4990,#4991,#4992);
#4990 = CARTESIAN_POINT('',(2.89,-0.25,0.));
#4991 = DIRECTION('',(0.,-1.,0.));
#4992 = DIRECTION('',(-1.,0.,0.));
#4993 = DEFINITIONAL_REPRESENTATION('',(#4994),#4998);
#4994 = LINE('',#4995,#4996);
#4995 = CARTESIAN_POINT('',(0.175,3.25));
#4996 = VECTOR('',#4997,1.);
#4997 = DIRECTION('',(1.,0.));
#4998 = ( GEOMETRIC_REPRESENTATION_CONTEXT(2) 
PARAMETRIC_REPRESENTATION_CONTEXT() REPRESENTATION_CONTEXT('2D SPACE',''
  ) );
#4999 = ORIENTED_EDGE('',*,*,#4627,.F.);
#5000 = ADVANCED_FACE('',(#5001),#4872,.T.);
#5001 = FACE_BOUND('',#5002,.T.);
#5002 = EDGE_LOOP('',(#5003,#5004,#5030));
#5003 = ORIENTED_EDGE('',*,*,#4833,.T.);
#5004 = ORIENTED_EDGE('',*,*,#5005,.T.);
#5005 = EDGE_CURVE('',#4806,#4907,#5006,.T.);
#5006 = SURFACE_CURVE('',#5007,(#5011,#5018),.PCURVE_S1.);
#5007 = LINE('',#5008,#5009);
#5008 = CARTESIAN_POINT('',(2.89,0.125,-3.25));
#5009 = VECTOR('',#5010,1.);
#5010 = DIRECTION('',(0.,-1.,0.));
#5011 = PCURVE('',#4872,#5012);
#5012 = DEFINITIONAL_REPRESENTATION('',(#5013),#5017);
#5013 = LINE('',#5014,#5015);
#5014 = CARTESIAN_POINT('',(7.068583470577,0.));
#5015 = VECTOR('',#5016,1.);
#5016 = DIRECTION('',(0.,1.));
#5017 = ( GEOMETRIC_REPRESENTATION_CONTEXT(2) 
PARAMETRIC_REPRESENTATION_CONTEXT() REPRESENTATION_CONTEXT('2D SPACE',''
  ) );
#5018 = PCURVE('',#5019,#5024);
#5019 = PLANE('',#5020);
#5020 = AXIS2_PLACEMENT_3D('',#5021,#5022,#5023);
#5021 = CARTESIAN_POINT('',(2.89,0.25,0.));
#5022 = DIRECTION('',(1.,0.,0.));
#5023 = DIRECTION('',(0.,-1.,0.));
#5024 = DEFINITIONAL_REPRESENTATION('',(#5025),#5029);
#5025 = LINE('',#5026,#5027);
#5026 = CARTESIAN_POINT('',(0.125,3.25));
#5027 = VECTOR('',#5028,1.);
#5028 = DIRECTION('',(1.,0.));
#5029 = ( GEOMETRIC_REPRESENTATION_CONTEXT(2) 
PARAMETRIC_REPRESENTATION_CONTEXT() REPRESENTATION_CONTEXT('2D SPACE',''
  ) );
#5030 = ORIENTED_EDGE('',*,*,#4906,.F.);
#5031 = ADVANCED_FACE('',(#5032),#4821,.T.);
#5032 = FACE_BOUND('',#5033,.T.);
#5033 = EDGE_LOOP('',(#5034,#5035,#5058,#5081));
#5034 = ORIENTED_EDGE('',*,*,#4805,.F.);
#5035 = ORIENTED_EDGE('',*,*,#5036,.F.);
#5036 = EDGE_CURVE('',#5037,#4708,#5039,.T.);
#5037 = VERTEX_POINT('',#5038);
#5038 = CARTESIAN_POINT('',(2.19,0.25,0.));
#5039 = SURFACE_CURVE('',#5040,(#5044,#5051),.PCURVE_S1.);
#5040 = LINE('',#5041,#5042);
#5041 = CARTESIAN_POINT('',(2.19,0.25,0.));
#5042 = VECTOR('',#5043,1.);
#5043 = DIRECTION('',(0.,0.,-1.));
#5044 = PCURVE('',#4821,#5045);
#5045 = DEFINITIONAL_REPRESENTATION('',(#5046),#5050);
#5046 = LINE('',#5047,#5048);
#5047 = CARTESIAN_POINT('',(0.,0.));
#5048 = VECTOR('',#5049,1.);
#5049 = DIRECTION('',(0.,1.));
#5050 = ( GEOMETRIC_REPRESENTATION_CONTEXT(2) 
PARAMETRIC_REPRESENTATION_CONTEXT() REPRESENTATION_CONTEXT('2D SPACE',''
  ) );
#5051 = PCURVE('',#4723,#5052);
#5052 = DEFINITIONAL_REPRESENTATION('',(#5053),#5057);
#5053 = LINE('',#5054,#5055);
#5054 = CARTESIAN_POINT('',(0.5,0.));
#5055 = VECTOR('',#5056,1.);
#5056 = DIRECTION('',(0.,1.));
#5057 = ( GEOMETRIC_REPRESENTATION_CONTEXT(2) 
PARAMETRIC_REPRESENTATION_CONTEXT() REPRESENTATION_CONTEXT('2D SPACE',''
  ) );
#5058 = ORIENTED_EDGE('',*,*,#5059,.F.);
#5059 = EDGE_CURVE('',#5060,#5037,#5062,.T.);
#5060 = VERTEX_POINT('',#5061);
#5061 = CARTESIAN_POINT('',(2.89,0.25,0.));
#5062 = SURFACE_CURVE('',#5063,(#5067,#5074),.PCURVE_S1.);
#5063 = LINE('',#5064,#5065);
#5064 = CARTESIAN_POINT('',(1.095,0.25,0.));
#5065 = VECTOR('',#5066,1.);
#5066 = DIRECTION('',(-1.,0.,0.));
#5067 = PCURVE('',#4821,#5068);
#5068 = DEFINITIONAL_REPRESENTATION('',(#5069),#5073);
#5069 = LINE('',#5070,#5071);
#5070 = CARTESIAN_POINT('',(-1.095,0.));
#5071 = VECTOR('',#5072,1.);
#5072 = DIRECTION('',(-1.,0.));
#5073 = ( GEOMETRIC_REPRESENTATION_CONTEXT(2) 
PARAMETRIC_REPRESENTATION_CONTEXT() REPRESENTATION_CONTEXT('2D SPACE',''
  ) );
#5074 = PCURVE('',#4542,#5075);
#5075 = DEFINITIONAL_REPRESENTATION('',(#5076),#5080);
#5076 = LINE('',#5077,#5078);
#5077 = CARTESIAN_POINT('',(1.095,0.25));
#5078 = VECTOR('',#5079,1.);
#5079 = DIRECTION('',(-1.,0.));
#5080 = ( GEOMETRIC_REPRESENTATION_CONTEXT(2) 
PARAMETRIC_REPRESENTATION_CONTEXT() REPRESENTATION_CONTEXT('2D SPACE',''
  ) );
#5081 = ORIENTED_EDGE('',*,*,#5082,.T.);
#5082 = EDGE_CURVE('',#5060,#4806,#5083,.T.);
#5083 = SURFACE_CURVE('',#5084,(#5088,#5095),.PCURVE_S1.);
#5084 = LINE('',#5085,#5086);
#5085 = CARTESIAN_POINT('',(2.89,0.25,0.));
#5086 = VECTOR('',#5087,1.);
#5087 = DIRECTION('',(0.,0.,-1.));
#5088 = PCURVE('',#4821,#5089);
#5089 = DEFINITIONAL_REPRESENTATION('',(#5090),#5094);
#5090 = LINE('',#5091,#5092);
#5091 = CARTESIAN_POINT('',(0.7,0.));
#5092 = VECTOR('',#5093,1.);
#5093 = DIRECTION('',(0.,1.));
#5094 = ( GEOMETRIC_REPRESENTATION_CONTEXT(2) 
PARAMETRIC_REPRESENTATION_CONTEXT() REPRESENTATION_CONTEXT('2D SPACE',''
  ) );
#5095 = PCURVE('',#5019,#5096);
#5096 = DEFINITIONAL_REPRESENTATION('',(#5097),#5101);
#5097 = LINE('',#5098,#5099);
#5098 = CARTESIAN_POINT('',(0.,0.));
#5099 = VECTOR('',#5100,1.);
#5100 = DIRECTION('',(0.,1.));
#5101 = ( GEOMETRIC_REPRESENTATION_CONTEXT(2) 
PARAMETRIC_REPRESENTATION_CONTEXT() REPRESENTATION_CONTEXT('2D SPACE',''
  ) );
#5102 = ADVANCED_FACE('',(#5103),#4723,.T.);
#5103 = FACE_BOUND('',#5104,.T.);
#5104 = EDGE_LOOP('',(#5105,#5106,#5129,#5150));
#5105 = ORIENTED_EDGE('',*,*,#4707,.F.);
#5106 = ORIENTED_EDGE('',*,*,#5107,.F.);
#5107 = EDGE_CURVE('',#5108,#4630,#5110,.T.);
#5108 = VERTEX_POINT('',#5109);
#5109 = CARTESIAN_POINT('',(2.19,-0.25,0.));
#5110 = SURFACE_CURVE('',#5111,(#5115,#5122),.PCURVE_S1.);
#5111 = LINE('',#5112,#5113);
#5112 = CARTESIAN_POINT('',(2.19,-0.25,0.));
#5113 = VECTOR('',#5114,1.);
#5114 = DIRECTION('',(0.,0.,-1.));
#5115 = PCURVE('',#4723,#5116);
#5116 = DEFINITIONAL_REPRESENTATION('',(#5117),#5121);
#5117 = LINE('',#5118,#5119);
#5118 = CARTESIAN_POINT('',(0.,0.));
#5119 = VECTOR('',#5120,1.);
#5120 = DIRECTION('',(0.,1.));
#5121 = ( GEOMETRIC_REPRESENTATION_CONTEXT(2) 
PARAMETRIC_REPRESENTATION_CONTEXT() REPRESENTATION_CONTEXT('2D SPACE',''
  ) );
#5122 = PCURVE('',#4988,#5123);
#5123 = DEFINITIONAL_REPRESENTATION('',(#5124),#5128);
#5124 = LINE('',#5125,#5126);
#5125 = CARTESIAN_POINT('',(0.7,0.));
#5126 = VECTOR('',#5127,1.);
#5127 = DIRECTION('',(0.,1.));
#5128 = ( GEOMETRIC_REPRESENTATION_CONTEXT(2) 
PARAMETRIC_REPRESENTATION_CONTEXT() REPRESENTATION_CONTEXT('2D SPACE',''
  ) );
#5129 = ORIENTED_EDGE('',*,*,#5130,.F.);
#5130 = EDGE_CURVE('',#5037,#5108,#5131,.T.);
#5131 = SURFACE_CURVE('',#5132,(#5136,#5143),.PCURVE_S1.);
#5132 = LINE('',#5133,#5134);
#5133 = CARTESIAN_POINT('',(2.19,-0.125,0.));
#5134 = VECTOR('',#5135,1.);
#5135 = DIRECTION('',(0.,-1.,0.));
#5136 = PCURVE('',#4723,#5137);
#5137 = DEFINITIONAL_REPRESENTATION('',(#5138),#5142);
#5138 = LINE('',#5139,#5140);
#5139 = CARTESIAN_POINT('',(0.125,0.));
#5140 = VECTOR('',#5141,1.);
#5141 = DIRECTION('',(-1.,0.));
#5142 = ( GEOMETRIC_REPRESENTATION_CONTEXT(2) 
PARAMETRIC_REPRESENTATION_CONTEXT() REPRESENTATION_CONTEXT('2D SPACE',''
  ) );
#5143 = PCURVE('',#4542,#5144);
#5144 = DEFINITIONAL_REPRESENTATION('',(#5145),#5149);
#5145 = LINE('',#5146,#5147);
#5146 = CARTESIAN_POINT('',(2.19,-0.125));
#5147 = VECTOR('',#5148,1.);
#5148 = DIRECTION('',(0.,-1.));
#5149 = ( GEOMETRIC_REPRESENTATION_CONTEXT(2) 
PARAMETRIC_REPRESENTATION_CONTEXT() REPRESENTATION_CONTEXT('2D SPACE',''
  ) );
#5150 = ORIENTED_EDGE('',*,*,#5036,.T.);
#5151 = ADVANCED_FACE('',(#5152),#5167,.T.);
#5152 = FACE_BOUND('',#5153,.T.);
#5153 = EDGE_LOOP('',(#5154,#5234,#5262));
#5154 = ORIENTED_EDGE('',*,*,#5155,.T.);
#5155 = EDGE_CURVE('',#5156,#5158,#5160,.T.);
#5156 = VERTEX_POINT('',#5157);
#5157 = CARTESIAN_POINT('',(-2.56,6.591949208712E-16,-3.5));
#5158 = VERTEX_POINT('',#5159);
#5159 = CARTESIAN_POINT('',(-2.81,-0.25,-3.25));
#5160 = SURFACE_CURVE('',#5161,(#5166,#5200),.PCURVE_S1.);
#5161 = ELLIPSE('',#5162,0.353553390593,0.25);
#5162 = AXIS2_PLACEMENT_3D('',#5163,#5164,#5165);
#5163 = CARTESIAN_POINT('',(-2.56,7.285838599103E-16,-3.25));
#5164 = DIRECTION('',(-0.707106781187,0.707106781187,-3.504670666703E-17
    ));
#5165 = DIRECTION('',(-0.707106781187,-0.707106781187,
    -3.504670666703E-17));
#5166 = PCURVE('',#5167,#5172);
#5167 = CYLINDRICAL_SURFACE('',#5168,0.25);
#5168 = AXIS2_PLACEMENT_3D('',#5169,#5170,#5171);
#5169 = CARTESIAN_POINT('',(-2.56,-0.125,-3.25));
#5170 = DIRECTION('',(0.,1.,0.));
#5171 = DIRECTION('',(-0.707106781187,0.,-0.707106781187));
#5172 = DEFINITIONAL_REPRESENTATION('',(#5173),#5199);
#5173 = B_SPLINE_CURVE_WITH_KNOTS('',3,(#5174,#5175,#5176,#5177,#5178,
    #5179,#5180,#5181,#5182,#5183,#5184,#5185,#5186,#5187,#5188,#5189,
    #5190,#5191,#5192,#5193,#5194,#5195,#5196,#5197,#5198),
  .UNSPECIFIED.,.F.,.F.,(4,1,1,1,1,1,1,1,1,1,1,1,1,1,1,1,1,1,1,1,1,1,4),
  (4.712388980385,4.783788813421,4.855188646457,4.926588479493,
    4.997988312529,5.069388145565,5.140787978601,5.212187811638,
    5.283587644674,5.35498747771,5.426387310746,5.497787143782,
    5.569186976818,5.640586809854,5.711986642891,5.783386475927,
    5.854786308963,5.926186141999,5.997585975035,6.068985808071,
    6.140385641107,6.211785474143,6.28318530718),.QUASI_UNIFORM_KNOTS.);
#5174 = CARTESIAN_POINT('',(-0.785398163397,0.125));
#5175 = CARTESIAN_POINT('',(-0.761598219052,0.119049967608));
#5176 = CARTESIAN_POINT('',(-0.713998330361,0.107150066209));
#5177 = CARTESIAN_POINT('',(-0.642598497325,8.939104205685E-02));
#5178 = CARTESIAN_POINT('',(-0.571198664289,7.181350815356E-02));
#5179 = CARTESIAN_POINT('',(-0.499798831253,5.450699099971E-02));
#5180 = CARTESIAN_POINT('',(-0.428398998217,3.755969258579E-02));
#5181 = CARTESIAN_POINT('',(-0.356999165181,2.10579692589E-02));
#5182 = CARTESIAN_POINT('',(-0.285599332145,5.085910876275E-03));
#5183 = CARTESIAN_POINT('',(-0.214199499109,-1.027509284352E-02));
#5184 = CARTESIAN_POINT('',(-0.142799666073,-2.494676568495E-02));
#5185 = CARTESIAN_POINT('',(-7.139983303652E-02,-3.885434418301E-02));
#5186 = CARTESIAN_POINT('',(-3.880456652431E-13,-5.192695850019E-02));
#5187 = CARTESIAN_POINT('',(7.139983303574E-02,-6.409799359525E-02));
#5188 = CARTESIAN_POINT('',(0.142799666072,-7.530542864934E-02));
#5189 = CARTESIAN_POINT('',(0.214199499108,-8.549215319302E-02));
#5190 = CARTESIAN_POINT('',(0.285599332144,-9.460625782439E-02));
#5191 = CARTESIAN_POINT('',(0.35699916518,-0.102601299859));
#5192 = CARTESIAN_POINT('',(0.428398998217,-0.109436535769));
#5193 = CARTESIAN_POINT('',(0.499798831253,-0.115077144563));
#5194 = CARTESIAN_POINT('',(0.571198664289,-0.119494346401));
#5195 = CARTESIAN_POINT('',(0.642598497325,-0.122665768789));
#5196 = CARTESIAN_POINT('',(0.713998330361,-0.124574741262));
#5197 = CARTESIAN_POINT('',(0.761598219052,-0.125000539139));
#5198 = CARTESIAN_POINT('',(0.785398163397,-0.125));
#5199 = ( GEOMETRIC_REPRESENTATION_CONTEXT(2) 
PARAMETRIC_REPRESENTATION_CONTEXT() REPRESENTATION_CONTEXT('2D SPACE',''
  ) );
#5200 = PCURVE('',#5201,#5206);
#5201 = CYLINDRICAL_SURFACE('',#5202,0.25);
#5202 = AXIS2_PLACEMENT_3D('',#5203,#5204,#5205);
#5203 = CARTESIAN_POINT('',(-2.285,7.025630077706E-16,-3.25));
#5204 = DIRECTION('',(-1.,4.956352788505E-17,0.));
#5205 = DIRECTION('',(-3.504670666705E-17,-0.707106781187,
    -0.707106781187));
#5206 = DEFINITIONAL_REPRESENTATION('',(#5207),#5233);
#5207 = B_SPLINE_CURVE_WITH_KNOTS('',3,(#5208,#5209,#5210,#5211,#5212,
    #5213,#5214,#5215,#5216,#5217,#5218,#5219,#5220,#5221,#5222,#5223,
    #5224,#5225,#5226,#5227,#5228,#5229,#5230,#5231,#5232),
  .UNSPECIFIED.,.F.,.F.,(4,1,1,1,1,1,1,1,1,1,1,1,1,1,1,1,1,1,1,1,1,1,4),
  (4.712388980385,4.783788813421,4.855188646457,4.926588479493,
    4.997988312529,5.069388145565,5.140787978601,5.212187811638,
    5.283587644674,5.35498747771,5.426387310746,5.497787143782,
    5.569186976818,5.640586809854,5.711986642891,5.783386475927,
    5.854786308963,5.926186141999,5.997585975035,6.068985808071,
    6.140385641107,6.211785474143,6.28318530718),.QUASI_UNIFORM_KNOTS.);
#5208 = CARTESIAN_POINT('',(5.497787143782,0.275));
#5209 = CARTESIAN_POINT('',(5.521587088127,0.280950032392));
#5210 = CARTESIAN_POINT('',(5.569186976818,0.292849933791));
#5211 = CARTESIAN_POINT('',(5.640586809854,0.310608957943));
#5212 = CARTESIAN_POINT('',(5.71198664289,0.328186491846));
#5213 = CARTESIAN_POINT('',(5.783386475926,0.345493009));
#5214 = CARTESIAN_POINT('',(5.854786308963,0.362440307414));
#5215 = CARTESIAN_POINT('',(5.926186141999,0.378942030741));
#5216 = CARTESIAN_POINT('',(5.997585975035,0.394914089124));
#5217 = CARTESIAN_POINT('',(6.068985808071,0.410275092844));
#5218 = CARTESIAN_POINT('',(6.140385641107,0.424946765685));
#5219 = CARTESIAN_POINT('',(6.211785474143,0.438854344183));
#5220 = CARTESIAN_POINT('',(6.283185307179,0.4519269585));
#5221 = CARTESIAN_POINT('',(6.354585140215,0.464097993595));
#5222 = CARTESIAN_POINT('',(6.425984973251,0.475305428649));
#5223 = CARTESIAN_POINT('',(6.497384806288,0.485492153193));
#5224 = CARTESIAN_POINT('',(6.568784639324,0.494606257824));
#5225 = CARTESIAN_POINT('',(6.64018447236,0.502601299859));
#5226 = CARTESIAN_POINT('',(6.711584305396,0.509436535769));
#5227 = CARTESIAN_POINT('',(6.782984138432,0.515077144563));
#5228 = CARTESIAN_POINT('',(6.854383971468,0.519494346401));
#5229 = CARTESIAN_POINT('',(6.925783804505,0.522665768789));
#5230 = CARTESIAN_POINT('',(6.997183637541,0.524574741262));
#5231 = CARTESIAN_POINT('',(7.044783526232,0.525000539139));
#5232 = CARTESIAN_POINT('',(7.068583470577,0.525));
#5233 = ( GEOMETRIC_REPRESENTATION_CONTEXT(2) 
PARAMETRIC_REPRESENTATION_CONTEXT() REPRESENTATION_CONTEXT('2D SPACE',''
  ) );
#5234 = ORIENTED_EDGE('',*,*,#5235,.T.);
#5235 = EDGE_CURVE('',#5158,#5236,#5238,.T.);
#5236 = VERTEX_POINT('',#5237);
#5237 = CARTESIAN_POINT('',(-2.81,0.25,-3.25));
#5238 = SURFACE_CURVE('',#5239,(#5243,#5250),.PCURVE_S1.);
#5239 = LINE('',#5240,#5241);
#5240 = CARTESIAN_POINT('',(-2.81,-0.125,-3.25));
#5241 = VECTOR('',#5242,1.);
#5242 = DIRECTION('',(0.,1.,0.));
#5243 = PCURVE('',#5167,#5244);
#5244 = DEFINITIONAL_REPRESENTATION('',(#5245),#5249);
#5245 = LINE('',#5246,#5247);
#5246 = CARTESIAN_POINT('',(0.785398163397,0.));
#5247 = VECTOR('',#5248,1.);
#5248 = DIRECTION('',(0.,1.));
#5249 = ( GEOMETRIC_REPRESENTATION_CONTEXT(2) 
PARAMETRIC_REPRESENTATION_CONTEXT() REPRESENTATION_CONTEXT('2D SPACE',''
  ) );
#5250 = PCURVE('',#5251,#5256);
#5251 = PLANE('',#5252);
#5252 = AXIS2_PLACEMENT_3D('',#5253,#5254,#5255);
#5253 = CARTESIAN_POINT('',(-2.81,-0.25,0.));
#5254 = DIRECTION('',(-1.,0.,0.));
#5255 = DIRECTION('',(0.,1.,0.));
#5256 = DEFINITIONAL_REPRESENTATION('',(#5257),#5261);
#5257 = LINE('',#5258,#5259);
#5258 = CARTESIAN_POINT('',(0.125,3.25));
#5259 = VECTOR('',#5260,1.);
#5260 = DIRECTION('',(1.,0.));
#5261 = ( GEOMETRIC_REPRESENTATION_CONTEXT(2) 
PARAMETRIC_REPRESENTATION_CONTEXT() REPRESENTATION_CONTEXT('2D SPACE',''
  ) );
#5262 = ORIENTED_EDGE('',*,*,#5263,.F.);
#5263 = EDGE_CURVE('',#5156,#5236,#5264,.T.);
#5264 = SURFACE_CURVE('',#5265,(#5270,#5299),.PCURVE_S1.);
#5265 = ELLIPSE('',#5266,0.353553390593,0.25);
#5266 = AXIS2_PLACEMENT_3D('',#5267,#5268,#5269);
#5267 = CARTESIAN_POINT('',(-2.56,6.269786277459E-16,-3.25));
#5268 = DIRECTION('',(0.707106781187,0.707106781187,-7.009341333406E-18)
  );
#5269 = DIRECTION('',(-0.707106781187,0.707106781187,-7.009341333406E-18
    ));
#5270 = PCURVE('',#5167,#5271);
#5271 = DEFINITIONAL_REPRESENTATION('',(#5272),#5298);
#5272 = B_SPLINE_CURVE_WITH_KNOTS('',3,(#5273,#5274,#5275,#5276,#5277,
    #5278,#5279,#5280,#5281,#5282,#5283,#5284,#5285,#5286,#5287,#5288,
    #5289,#5290,#5291,#5292,#5293,#5294,#5295,#5296,#5297),
  .UNSPECIFIED.,.F.,.F.,(4,1,1,1,1,1,1,1,1,1,1,1,1,1,1,1,1,1,1,1,1,1,4),
  (4.712388980385,4.783788813421,4.855188646457,4.926588479493,
    4.997988312529,5.069388145565,5.140787978601,5.212187811638,
    5.283587644674,5.35498747771,5.426387310746,5.497787143782,
    5.569186976818,5.640586809854,5.711986642891,5.783386475927,
    5.854786308963,5.926186141999,5.997585975035,6.068985808071,
    6.140385641107,6.211785474143,6.28318530718),.QUASI_UNIFORM_KNOTS.);
#5273 = CARTESIAN_POINT('',(-0.785398163397,0.125));
#5274 = CARTESIAN_POINT('',(-0.761598219052,0.130950032392));
#5275 = CARTESIAN_POINT('',(-0.713998330361,0.142849933791));
#5276 = CARTESIAN_POINT('',(-0.642598497325,0.160608957943));
#5277 = CARTESIAN_POINT('',(-0.571198664289,0.178186491846));
#5278 = CARTESIAN_POINT('',(-0.499798831253,0.195493009));
#5279 = CARTESIAN_POINT('',(-0.428398998217,0.212440307414));
#5280 = CARTESIAN_POINT('',(-0.356999165181,0.228942030741));
#5281 = CARTESIAN_POINT('',(-0.285599332145,0.244914089124));
#5282 = CARTESIAN_POINT('',(-0.214199499109,0.260275092844));
#5283 = CARTESIAN_POINT('',(-0.142799666073,0.274946765685));
#5284 = CARTESIAN_POINT('',(-7.139983303652E-02,0.288854344183));
#5285 = CARTESIAN_POINT('',(-3.880456652431E-13,0.3019269585));
#5286 = CARTESIAN_POINT('',(7.139983303574E-02,0.314097993595));
#5287 = CARTESIAN_POINT('',(0.142799666072,0.325305428649));
#5288 = CARTESIAN_POINT('',(0.214199499108,0.335492153193));
#5289 = CARTESIAN_POINT('',(0.285599332144,0.344606257824));
#5290 = CARTESIAN_POINT('',(0.35699916518,0.352601299859));
#5291 = CARTESIAN_POINT('',(0.428398998217,0.359436535769));
#5292 = CARTESIAN_POINT('',(0.499798831253,0.365077144563));
#5293 = CARTESIAN_POINT('',(0.571198664289,0.369494346401));
#5294 = CARTESIAN_POINT('',(0.642598497325,0.372665768789));
#5295 = CARTESIAN_POINT('',(0.713998330361,0.374574741262));
#5296 = CARTESIAN_POINT('',(0.761598219052,0.375000539139));
#5297 = CARTESIAN_POINT('',(0.785398163397,0.375));
#5298 = ( GEOMETRIC_REPRESENTATION_CONTEXT(2) 
PARAMETRIC_REPRESENTATION_CONTEXT() REPRESENTATION_CONTEXT('2D SPACE',''
  ) );
#5299 = PCURVE('',#5201,#5300);
#5300 = DEFINITIONAL_REPRESENTATION('',(#5301),#5327);
#5301 = B_SPLINE_CURVE_WITH_KNOTS('',3,(#5302,#5303,#5304,#5305,#5306,
    #5307,#5308,#5309,#5310,#5311,#5312,#5313,#5314,#5315,#5316,#5317,
    #5318,#5319,#5320,#5321,#5322,#5323,#5324,#5325,#5326),
  .UNSPECIFIED.,.F.,.F.,(4,1,1,1,1,1,1,1,1,1,1,1,1,1,1,1,1,1,1,1,1,1,4),
  (4.712388980385,4.783788813421,4.855188646457,4.926588479493,
    4.997988312529,5.069388145565,5.140787978601,5.212187811638,
    5.283587644674,5.35498747771,5.426387310746,5.497787143782,
    5.569186976818,5.640586809854,5.711986642891,5.783386475927,
    5.854786308963,5.926186141999,5.997585975035,6.068985808071,
    6.140385641107,6.211785474143,6.28318530718),.QUASI_UNIFORM_KNOTS.);
#5302 = CARTESIAN_POINT('',(5.497787143782,0.275));
#5303 = CARTESIAN_POINT('',(5.473987199437,0.280950032392));
#5304 = CARTESIAN_POINT('',(5.426387310746,0.292849933791));
#5305 = CARTESIAN_POINT('',(5.35498747771,0.310608957943));
#5306 = CARTESIAN_POINT('',(5.283587644674,0.328186491846));
#5307 = CARTESIAN_POINT('',(5.212187811638,0.345493009));
#5308 = CARTESIAN_POINT('',(5.140787978602,0.362440307414));
#5309 = CARTESIAN_POINT('',(5.069388145566,0.378942030741));
#5310 = CARTESIAN_POINT('',(4.99798831253,0.394914089124));
#5311 = CARTESIAN_POINT('',(4.926588479493,0.410275092844));
#5312 = CARTESIAN_POINT('',(4.855188646457,0.424946765685));
#5313 = CARTESIAN_POINT('',(4.783788813421,0.438854344183));
#5314 = CARTESIAN_POINT('',(4.712388980385,0.4519269585));
#5315 = CARTESIAN_POINT('',(4.640989147349,0.464097993595));
#5316 = CARTESIAN_POINT('',(4.569589314313,0.475305428649));
#5317 = CARTESIAN_POINT('',(4.498189481277,0.485492153193));
#5318 = CARTESIAN_POINT('',(4.42678964824,0.494606257824));
#5319 = CARTESIAN_POINT('',(4.355389815204,0.502601299859));
#5320 = CARTESIAN_POINT('',(4.283989982168,0.509436535769));
#5321 = CARTESIAN_POINT('',(4.212590149132,0.515077144563));
#5322 = CARTESIAN_POINT('',(4.141190316096,0.519494346401));
#5323 = CARTESIAN_POINT('',(4.06979048306,0.522665768789));
#5324 = CARTESIAN_POINT('',(3.998390650023,0.524574741262));
#5325 = CARTESIAN_POINT('',(3.950790761333,0.525000539139));
#5326 = CARTESIAN_POINT('',(3.926990816987,0.525));
#5327 = ( GEOMETRIC_REPRESENTATION_CONTEXT(2) 
PARAMETRIC_REPRESENTATION_CONTEXT() REPRESENTATION_CONTEXT('2D SPACE',''
  ) );
#5328 = ADVANCED_FACE('',(#5329),#5201,.T.);
#5329 = FACE_BOUND('',#5330,.T.);
#5330 = EDGE_LOOP('',(#5331,#5332,#5360,#5433,#5501,#5527));
#5331 = ORIENTED_EDGE('',*,*,#5263,.T.);
#5332 = ORIENTED_EDGE('',*,*,#5333,.T.);
#5333 = EDGE_CURVE('',#5236,#5334,#5336,.T.);
#5334 = VERTEX_POINT('',#5335);
#5335 = CARTESIAN_POINT('',(-2.11,0.25,-3.25));
#5336 = SURFACE_CURVE('',#5337,(#5341,#5348),.PCURVE_S1.);
#5337 = LINE('',#5338,#5339);
#5338 = CARTESIAN_POINT('',(-2.635,0.25,-3.25));
#5339 = VECTOR('',#5340,1.);
#5340 = DIRECTION('',(1.,1.486905836552E-16,0.));
#5341 = PCURVE('',#5201,#5342);
#5342 = DEFINITIONAL_REPRESENTATION('',(#5343),#5347);
#5343 = LINE('',#5344,#5345);
#5344 = CARTESIAN_POINT('',(3.926990816987,0.35));
#5345 = VECTOR('',#5346,1.);
#5346 = DIRECTION('',(0.,-1.));
#5347 = ( GEOMETRIC_REPRESENTATION_CONTEXT(2) 
PARAMETRIC_REPRESENTATION_CONTEXT() REPRESENTATION_CONTEXT('2D SPACE',''
  ) );
#5348 = PCURVE('',#5349,#5354);
#5349 = PLANE('',#5350);
#5350 = AXIS2_PLACEMENT_3D('',#5351,#5352,#5353);
#5351 = CARTESIAN_POINT('',(-2.81,0.25,0.));
#5352 = DIRECTION('',(-1.486905836552E-16,1.,0.));
#5353 = DIRECTION('',(1.,1.486905836552E-16,0.));
#5354 = DEFINITIONAL_REPRESENTATION('',(#5355),#5359);
#5355 = LINE('',#5356,#5357);
#5356 = CARTESIAN_POINT('',(0.175,3.25));
#5357 = VECTOR('',#5358,1.);
#5358 = DIRECTION('',(1.,0.));
#5359 = ( GEOMETRIC_REPRESENTATION_CONTEXT(2) 
PARAMETRIC_REPRESENTATION_CONTEXT() REPRESENTATION_CONTEXT('2D SPACE',''
  ) );
#5360 = ORIENTED_EDGE('',*,*,#5361,.F.);
#5361 = EDGE_CURVE('',#5362,#5334,#5364,.T.);
#5362 = VERTEX_POINT('',#5363);
#5363 = CARTESIAN_POINT('',(-2.36,6.938893903907E-16,-3.5));
#5364 = SURFACE_CURVE('',#5365,(#5370,#5399),.PCURVE_S1.);
#5365 = ELLIPSE('',#5366,0.353553390593,0.25);
#5366 = AXIS2_PLACEMENT_3D('',#5367,#5368,#5369);
#5367 = CARTESIAN_POINT('',(-2.36,6.591949208712E-16,-3.25));
#5368 = DIRECTION('',(0.707106781187,-0.707106781187,7.009341333405E-18)
  );
#5369 = DIRECTION('',(0.707106781187,0.707106781187,7.009341333405E-18)
  );
#5370 = PCURVE('',#5201,#5371);
#5371 = DEFINITIONAL_REPRESENTATION('',(#5372),#5398);
#5372 = B_SPLINE_CURVE_WITH_KNOTS('',3,(#5373,#5374,#5375,#5376,#5377,
    #5378,#5379,#5380,#5381,#5382,#5383,#5384,#5385,#5386,#5387,#5388,
    #5389,#5390,#5391,#5392,#5393,#5394,#5395,#5396,#5397),
  .UNSPECIFIED.,.F.,.F.,(4,1,1,1,1,1,1,1,1,1,1,1,1,1,1,1,1,1,1,1,1,1,4),
  (4.712388980385,4.783788813421,4.855188646457,4.926588479493,
    4.997988312529,5.069388145565,5.140787978601,5.212187811638,
    5.283587644674,5.35498747771,5.426387310746,5.497787143782,
    5.569186976818,5.640586809854,5.711986642891,5.783386475927,
    5.854786308963,5.926186141999,5.997585975035,6.068985808071,
    6.140385641107,6.211785474143,6.28318530718),.QUASI_UNIFORM_KNOTS.);
#5373 = CARTESIAN_POINT('',(5.497787143782,7.5E-02));
#5374 = CARTESIAN_POINT('',(5.473987199437,6.904996760789E-02));
#5375 = CARTESIAN_POINT('',(5.426387310746,5.71500662093E-02));
#5376 = CARTESIAN_POINT('',(5.35498747771,3.939104205684E-02));
#5377 = CARTESIAN_POINT('',(5.283587644674,2.181350815356E-02));
#5378 = CARTESIAN_POINT('',(5.212187811638,4.506990999709E-03));
#5379 = CARTESIAN_POINT('',(5.140787978602,-1.244030741421E-02));
#5380 = CARTESIAN_POINT('',(5.069388145566,-2.89420307411E-02));
#5381 = CARTESIAN_POINT('',(4.99798831253,-4.491408912373E-02));
#5382 = CARTESIAN_POINT('',(4.926588479493,-6.027509284352E-02));
#5383 = CARTESIAN_POINT('',(4.855188646457,-7.494676568495E-02));
#5384 = CARTESIAN_POINT('',(4.783788813421,-8.885434418301E-02));
#5385 = CARTESIAN_POINT('',(4.712388980385,-0.1019269585));
#5386 = CARTESIAN_POINT('',(4.640989147349,-0.114097993595));
#5387 = CARTESIAN_POINT('',(4.569589314313,-0.125305428649));
#5388 = CARTESIAN_POINT('',(4.498189481277,-0.135492153193));
#5389 = CARTESIAN_POINT('',(4.42678964824,-0.144606257824));
#5390 = CARTESIAN_POINT('',(4.355389815204,-0.152601299859));
#5391 = CARTESIAN_POINT('',(4.283989982168,-0.159436535769));
#5392 = CARTESIAN_POINT('',(4.212590149132,-0.165077144563));
#5393 = CARTESIAN_POINT('',(4.141190316096,-0.169494346401));
#5394 = CARTESIAN_POINT('',(4.06979048306,-0.172665768789));
#5395 = CARTESIAN_POINT('',(3.998390650023,-0.174574741262));
#5396 = CARTESIAN_POINT('',(3.950790761333,-0.175000539139));
#5397 = CARTESIAN_POINT('',(3.926990816987,-0.175));
#5398 = ( GEOMETRIC_REPRESENTATION_CONTEXT(2) 
PARAMETRIC_REPRESENTATION_CONTEXT() REPRESENTATION_CONTEXT('2D SPACE',''
  ) );
#5399 = PCURVE('',#5400,#5405);
#5400 = CYLINDRICAL_SURFACE('',#5401,0.25);
#5401 = AXIS2_PLACEMENT_3D('',#5402,#5403,#5404);
#5402 = CARTESIAN_POINT('',(-2.36,0.125,-3.25));
#5403 = DIRECTION('',(0.,-1.,0.));
#5404 = DIRECTION('',(0.707106781187,0.,-0.707106781187));
#5405 = DEFINITIONAL_REPRESENTATION('',(#5406),#5432);
#5406 = B_SPLINE_CURVE_WITH_KNOTS('',3,(#5407,#5408,#5409,#5410,#5411,
    #5412,#5413,#5414,#5415,#5416,#5417,#5418,#5419,#5420,#5421,#5422,
    #5423,#5424,#5425,#5426,#5427,#5428,#5429,#5430,#5431),
  .UNSPECIFIED.,.F.,.F.,(4,1,1,1,1,1,1,1,1,1,1,1,1,1,1,1,1,1,1,1,1,1,4),
  (4.712388980385,4.783788813421,4.855188646457,4.926588479493,
    4.997988312529,5.069388145565,5.140787978601,5.212187811638,
    5.283587644674,5.35498747771,5.426387310746,5.497787143782,
    5.569186976818,5.640586809854,5.711986642891,5.783386475927,
    5.854786308963,5.926186141999,5.997585975035,6.068985808071,
    6.140385641107,6.211785474143,6.28318530718),.QUASI_UNIFORM_KNOTS.);
#5407 = CARTESIAN_POINT('',(-0.785398163397,0.125));
#5408 = CARTESIAN_POINT('',(-0.761598219052,0.119049967608));
#5409 = CARTESIAN_POINT('',(-0.713998330361,0.107150066209));
#5410 = CARTESIAN_POINT('',(-0.642598497325,8.939104205684E-02));
#5411 = CARTESIAN_POINT('',(-0.571198664289,7.181350815356E-02));
#5412 = CARTESIAN_POINT('',(-0.499798831253,5.450699099971E-02));
#5413 = CARTESIAN_POINT('',(-0.428398998217,3.755969258579E-02));
#5414 = CARTESIAN_POINT('',(-0.356999165181,2.10579692589E-02));
#5415 = CARTESIAN_POINT('',(-0.285599332145,5.085910876274E-03));
#5416 = CARTESIAN_POINT('',(-0.214199499109,-1.027509284352E-02));
#5417 = CARTESIAN_POINT('',(-0.142799666073,-2.494676568495E-02));
#5418 = CARTESIAN_POINT('',(-7.139983303652E-02,-3.885434418301E-02));
#5419 = CARTESIAN_POINT('',(-3.8544640436E-13,-5.192695850019E-02));
#5420 = CARTESIAN_POINT('',(7.139983303574E-02,-6.409799359525E-02));
#5421 = CARTESIAN_POINT('',(0.142799666072,-7.530542864934E-02));
#5422 = CARTESIAN_POINT('',(0.214199499108,-8.549215319302E-02));
#5423 = CARTESIAN_POINT('',(0.285599332144,-9.460625782439E-02));
#5424 = CARTESIAN_POINT('',(0.35699916518,-0.102601299859));
#5425 = CARTESIAN_POINT('',(0.428398998217,-0.109436535769));
#5426 = CARTESIAN_POINT('',(0.499798831253,-0.115077144563));
#5427 = CARTESIAN_POINT('',(0.571198664289,-0.119494346401));
#5428 = CARTESIAN_POINT('',(0.642598497325,-0.122665768789));
#5429 = CARTESIAN_POINT('',(0.713998330361,-0.124574741262));
#5430 = CARTESIAN_POINT('',(0.761598219052,-0.125000539139));
#5431 = CARTESIAN_POINT('',(0.785398163397,-0.125));
#5432 = ( GEOMETRIC_REPRESENTATION_CONTEXT(2) 
PARAMETRIC_REPRESENTATION_CONTEXT() REPRESENTATION_CONTEXT('2D SPACE',''
  ) );
#5433 = ORIENTED_EDGE('',*,*,#5434,.T.);
#5434 = EDGE_CURVE('',#5362,#5435,#5437,.T.);
#5435 = VERTEX_POINT('',#5436);
#5436 = CARTESIAN_POINT('',(-2.11,-0.25,-3.25));
#5437 = SURFACE_CURVE('',#5438,(#5443,#5472),.PCURVE_S1.);
#5438 = ELLIPSE('',#5439,0.353553390593,0.25);
#5439 = AXIS2_PLACEMENT_3D('',#5440,#5441,#5442);
#5440 = CARTESIAN_POINT('',(-2.36,7.06280272362E-16,-3.25));
#5441 = DIRECTION('',(-0.707106781187,-0.707106781187,
    -1.401868266681E-17));
#5442 = DIRECTION('',(0.707106781187,-0.707106781187,-1.401868266681E-17
    ));
#5443 = PCURVE('',#5201,#5444);
#5444 = DEFINITIONAL_REPRESENTATION('',(#5445),#5471);
#5445 = B_SPLINE_CURVE_WITH_KNOTS('',3,(#5446,#5447,#5448,#5449,#5450,
    #5451,#5452,#5453,#5454,#5455,#5456,#5457,#5458,#5459,#5460,#5461,
    #5462,#5463,#5464,#5465,#5466,#5467,#5468,#5469,#5470),
  .UNSPECIFIED.,.F.,.F.,(4,1,1,1,1,1,1,1,1,1,1,1,1,1,1,1,1,1,1,1,1,1,4),
  (4.712388980385,4.783788813421,4.855188646457,4.926588479493,
    4.997988312529,5.069388145565,5.140787978601,5.212187811638,
    5.283587644674,5.35498747771,5.426387310746,5.497787143782,
    5.569186976818,5.640586809854,5.711986642891,5.783386475927,
    5.854786308963,5.926186141999,5.997585975035,6.068985808071,
    6.140385641107,6.211785474143,6.28318530718),.QUASI_UNIFORM_KNOTS.);
#5446 = CARTESIAN_POINT('',(5.497787143782,7.5E-02));
#5447 = CARTESIAN_POINT('',(5.521587088127,6.904996760789E-02));
#5448 = CARTESIAN_POINT('',(5.569186976818,5.71500662093E-02));
#5449 = CARTESIAN_POINT('',(5.640586809854,3.939104205684E-02));
#5450 = CARTESIAN_POINT('',(5.71198664289,2.181350815356E-02));
#5451 = CARTESIAN_POINT('',(5.783386475926,4.506990999709E-03));
#5452 = CARTESIAN_POINT('',(5.854786308963,-1.244030741421E-02));
#5453 = CARTESIAN_POINT('',(5.926186141999,-2.89420307411E-02));
#5454 = CARTESIAN_POINT('',(5.997585975035,-4.491408912373E-02));
#5455 = CARTESIAN_POINT('',(6.068985808071,-6.027509284352E-02));
#5456 = CARTESIAN_POINT('',(6.140385641107,-7.494676568495E-02));
#5457 = CARTESIAN_POINT('',(6.211785474143,-8.885434418301E-02));
#5458 = CARTESIAN_POINT('',(6.283185307179,-0.1019269585));
#5459 = CARTESIAN_POINT('',(6.354585140215,-0.114097993595));
#5460 = CARTESIAN_POINT('',(6.425984973251,-0.125305428649));
#5461 = CARTESIAN_POINT('',(6.497384806288,-0.135492153193));
#5462 = CARTESIAN_POINT('',(6.568784639324,-0.144606257824));
#5463 = CARTESIAN_POINT('',(6.64018447236,-0.152601299859));
#5464 = CARTESIAN_POINT('',(6.711584305396,-0.159436535769));
#5465 = CARTESIAN_POINT('',(6.782984138432,-0.165077144563));
#5466 = CARTESIAN_POINT('',(6.854383971468,-0.169494346401));
#5467 = CARTESIAN_POINT('',(6.925783804505,-0.172665768789));
#5468 = CARTESIAN_POINT('',(6.997183637541,-0.174574741262));
#5469 = CARTESIAN_POINT('',(7.044783526232,-0.175000539139));
#5470 = CARTESIAN_POINT('',(7.068583470577,-0.175));
#5471 = ( GEOMETRIC_REPRESENTATION_CONTEXT(2) 
PARAMETRIC_REPRESENTATION_CONTEXT() REPRESENTATION_CONTEXT('2D SPACE',''
  ) );
#5472 = PCURVE('',#5400,#5473);
#5473 = DEFINITIONAL_REPRESENTATION('',(#5474),#5500);
#5474 = B_SPLINE_CURVE_WITH_KNOTS('',3,(#5475,#5476,#5477,#5478,#5479,
    #5480,#5481,#5482,#5483,#5484,#5485,#5486,#5487,#5488,#5489,#5490,
    #5491,#5492,#5493,#5494,#5495,#5496,#5497,#5498,#5499),
  .UNSPECIFIED.,.F.,.F.,(4,1,1,1,1,1,1,1,1,1,1,1,1,1,1,1,1,1,1,1,1,1,4),
  (4.712388980385,4.783788813421,4.855188646457,4.926588479493,
    4.997988312529,5.069388145565,5.140787978601,5.212187811638,
    5.283587644674,5.35498747771,5.426387310746,5.497787143782,
    5.569186976818,5.640586809854,5.711986642891,5.783386475927,
    5.854786308963,5.926186141999,5.997585975035,6.068985808071,
    6.140385641107,6.211785474143,6.28318530718),.QUASI_UNIFORM_KNOTS.);
#5475 = CARTESIAN_POINT('',(-0.785398163397,0.125));
#5476 = CARTESIAN_POINT('',(-0.761598219052,0.130950032392));
#5477 = CARTESIAN_POINT('',(-0.713998330361,0.142849933791));
#5478 = CARTESIAN_POINT('',(-0.642598497325,0.160608957943));
#5479 = CARTESIAN_POINT('',(-0.571198664289,0.178186491846));
#5480 = CARTESIAN_POINT('',(-0.499798831253,0.195493009));
#5481 = CARTESIAN_POINT('',(-0.428398998217,0.212440307414));
#5482 = CARTESIAN_POINT('',(-0.356999165181,0.228942030741));
#5483 = CARTESIAN_POINT('',(-0.285599332145,0.244914089124));
#5484 = CARTESIAN_POINT('',(-0.214199499109,0.260275092844));
#5485 = CARTESIAN_POINT('',(-0.142799666073,0.274946765685));
#5486 = CARTESIAN_POINT('',(-7.139983303652E-02,0.288854344183));
#5487 = CARTESIAN_POINT('',(-3.8544640436E-13,0.3019269585));
#5488 = CARTESIAN_POINT('',(7.139983303574E-02,0.314097993595));
#5489 = CARTESIAN_POINT('',(0.142799666072,0.325305428649));
#5490 = CARTESIAN_POINT('',(0.214199499108,0.335492153193));
#5491 = CARTESIAN_POINT('',(0.285599332144,0.344606257824));
#5492 = CARTESIAN_POINT('',(0.35699916518,0.352601299859));
#5493 = CARTESIAN_POINT('',(0.428398998217,0.359436535769));
#5494 = CARTESIAN_POINT('',(0.499798831253,0.365077144563));
#5495 = CARTESIAN_POINT('',(0.571198664289,0.369494346401));
#5496 = CARTESIAN_POINT('',(0.642598497325,0.372665768789));
#5497 = CARTESIAN_POINT('',(0.713998330361,0.374574741262));
#5498 = CARTESIAN_POINT('',(0.761598219052,0.375000539139));
#5499 = CARTESIAN_POINT('',(0.785398163397,0.375));
#5500 = ( GEOMETRIC_REPRESENTATION_CONTEXT(2) 
PARAMETRIC_REPRESENTATION_CONTEXT() REPRESENTATION_CONTEXT('2D SPACE',''
  ) );
#5501 = ORIENTED_EDGE('',*,*,#5502,.T.);
#5502 = EDGE_CURVE('',#5435,#5158,#5503,.T.);
#5503 = SURFACE_CURVE('',#5504,(#5508,#5515),.PCURVE_S1.);
#5504 = LINE('',#5505,#5506);
#5505 = CARTESIAN_POINT('',(-2.285,-0.25,-3.25));
#5506 = VECTOR('',#5507,1.);
#5507 = DIRECTION('',(-1.,4.956352788505E-17,0.));
#5508 = PCURVE('',#5201,#5509);
#5509 = DEFINITIONAL_REPRESENTATION('',(#5510),#5514);
#5510 = LINE('',#5511,#5512);
#5511 = CARTESIAN_POINT('',(7.068583470577,0.));
#5512 = VECTOR('',#5513,1.);
#5513 = DIRECTION('',(0.,1.));
#5514 = ( GEOMETRIC_REPRESENTATION_CONTEXT(2) 
PARAMETRIC_REPRESENTATION_CONTEXT() REPRESENTATION_CONTEXT('2D SPACE',''
  ) );
#5515 = PCURVE('',#5516,#5521);
#5516 = PLANE('',#5517);
#5517 = AXIS2_PLACEMENT_3D('',#5518,#5519,#5520);
#5518 = CARTESIAN_POINT('',(-2.11,-0.25,0.));
#5519 = DIRECTION('',(-4.956352788505E-17,-1.,0.));
#5520 = DIRECTION('',(-1.,4.956352788505E-17,0.));
#5521 = DEFINITIONAL_REPRESENTATION('',(#5522),#5526);
#5522 = LINE('',#5523,#5524);
#5523 = CARTESIAN_POINT('',(0.175,3.25));
#5524 = VECTOR('',#5525,1.);
#5525 = DIRECTION('',(1.,0.));
#5526 = ( GEOMETRIC_REPRESENTATION_CONTEXT(2) 
PARAMETRIC_REPRESENTATION_CONTEXT() REPRESENTATION_CONTEXT('2D SPACE',''
  ) );
#5527 = ORIENTED_EDGE('',*,*,#5155,.F.);
#5528 = ADVANCED_FACE('',(#5529),#5400,.T.);
#5529 = FACE_BOUND('',#5530,.T.);
#5530 = EDGE_LOOP('',(#5531,#5532,#5558));
#5531 = ORIENTED_EDGE('',*,*,#5361,.T.);
#5532 = ORIENTED_EDGE('',*,*,#5533,.T.);
#5533 = EDGE_CURVE('',#5334,#5435,#5534,.T.);
#5534 = SURFACE_CURVE('',#5535,(#5539,#5546),.PCURVE_S1.);
#5535 = LINE('',#5536,#5537);
#5536 = CARTESIAN_POINT('',(-2.11,0.125,-3.25));
#5537 = VECTOR('',#5538,1.);
#5538 = DIRECTION('',(0.,-1.,0.));
#5539 = PCURVE('',#5400,#5540);
#5540 = DEFINITIONAL_REPRESENTATION('',(#5541),#5545);
#5541 = LINE('',#5542,#5543);
#5542 = CARTESIAN_POINT('',(0.785398163397,0.));
#5543 = VECTOR('',#5544,1.);
#5544 = DIRECTION('',(0.,1.));
#5545 = ( GEOMETRIC_REPRESENTATION_CONTEXT(2) 
PARAMETRIC_REPRESENTATION_CONTEXT() REPRESENTATION_CONTEXT('2D SPACE',''
  ) );
#5546 = PCURVE('',#5547,#5552);
#5547 = PLANE('',#5548);
#5548 = AXIS2_PLACEMENT_3D('',#5549,#5550,#5551);
#5549 = CARTESIAN_POINT('',(-2.11,0.25,0.));
#5550 = DIRECTION('',(1.,0.,0.));
#5551 = DIRECTION('',(0.,-1.,0.));
#5552 = DEFINITIONAL_REPRESENTATION('',(#5553),#5557);
#5553 = LINE('',#5554,#5555);
#5554 = CARTESIAN_POINT('',(0.125,3.25));
#5555 = VECTOR('',#5556,1.);
#5556 = DIRECTION('',(1.,0.));
#5557 = ( GEOMETRIC_REPRESENTATION_CONTEXT(2) 
PARAMETRIC_REPRESENTATION_CONTEXT() REPRESENTATION_CONTEXT('2D SPACE',''
  ) );
#5558 = ORIENTED_EDGE('',*,*,#5434,.F.);
#5559 = ADVANCED_FACE('',(#5560),#5349,.T.);
#5560 = FACE_BOUND('',#5561,.T.);
#5561 = EDGE_LOOP('',(#5562,#5563,#5586,#5609));
#5562 = ORIENTED_EDGE('',*,*,#5333,.F.);
#5563 = ORIENTED_EDGE('',*,*,#5564,.F.);
#5564 = EDGE_CURVE('',#5565,#5236,#5567,.T.);
#5565 = VERTEX_POINT('',#5566);
#5566 = CARTESIAN_POINT('',(-2.81,0.25,0.));
#5567 = SURFACE_CURVE('',#5568,(#5572,#5579),.PCURVE_S1.);
#5568 = LINE('',#5569,#5570);
#5569 = CARTESIAN_POINT('',(-2.81,0.25,0.));
#5570 = VECTOR('',#5571,1.);
#5571 = DIRECTION('',(0.,0.,-1.));
#5572 = PCURVE('',#5349,#5573);
#5573 = DEFINITIONAL_REPRESENTATION('',(#5574),#5578);
#5574 = LINE('',#5575,#5576);
#5575 = CARTESIAN_POINT('',(0.,0.));
#5576 = VECTOR('',#5577,1.);
#5577 = DIRECTION('',(0.,1.));
#5578 = ( GEOMETRIC_REPRESENTATION_CONTEXT(2) 
PARAMETRIC_REPRESENTATION_CONTEXT() REPRESENTATION_CONTEXT('2D SPACE',''
  ) );
#5579 = PCURVE('',#5251,#5580);
#5580 = DEFINITIONAL_REPRESENTATION('',(#5581),#5585);
#5581 = LINE('',#5582,#5583);
#5582 = CARTESIAN_POINT('',(0.5,0.));
#5583 = VECTOR('',#5584,1.);
#5584 = DIRECTION('',(0.,1.));
#5585 = ( GEOMETRIC_REPRESENTATION_CONTEXT(2) 
PARAMETRIC_REPRESENTATION_CONTEXT() REPRESENTATION_CONTEXT('2D SPACE',''
  ) );
#5586 = ORIENTED_EDGE('',*,*,#5587,.F.);
#5587 = EDGE_CURVE('',#5588,#5565,#5590,.T.);
#5588 = VERTEX_POINT('',#5589);
#5589 = CARTESIAN_POINT('',(-2.11,0.25,0.));
#5590 = SURFACE_CURVE('',#5591,(#5595,#5602),.PCURVE_S1.);
#5591 = LINE('',#5592,#5593);
#5592 = CARTESIAN_POINT('',(-1.405,0.25,0.));
#5593 = VECTOR('',#5594,1.);
#5594 = DIRECTION('',(-1.,-1.486905836552E-16,0.));
#5595 = PCURVE('',#5349,#5596);
#5596 = DEFINITIONAL_REPRESENTATION('',(#5597),#5601);
#5597 = LINE('',#5598,#5599);
#5598 = CARTESIAN_POINT('',(1.405,0.));
#5599 = VECTOR('',#5600,1.);
#5600 = DIRECTION('',(-1.,-0.));
#5601 = ( GEOMETRIC_REPRESENTATION_CONTEXT(2) 
PARAMETRIC_REPRESENTATION_CONTEXT() REPRESENTATION_CONTEXT('2D SPACE',''
  ) );
#5602 = PCURVE('',#4542,#5603);
#5603 = DEFINITIONAL_REPRESENTATION('',(#5604),#5608);
#5604 = LINE('',#5605,#5606);
#5605 = CARTESIAN_POINT('',(-1.405,0.25));
#5606 = VECTOR('',#5607,1.);
#5607 = DIRECTION('',(-1.,-1.486905836552E-16));
#5608 = ( GEOMETRIC_REPRESENTATION_CONTEXT(2) 
PARAMETRIC_REPRESENTATION_CONTEXT() REPRESENTATION_CONTEXT('2D SPACE',''
  ) );
#5609 = ORIENTED_EDGE('',*,*,#5610,.T.);
#5610 = EDGE_CURVE('',#5588,#5334,#5611,.T.);
#5611 = SURFACE_CURVE('',#5612,(#5616,#5623),.PCURVE_S1.);
#5612 = LINE('',#5613,#5614);
#5613 = CARTESIAN_POINT('',(-2.11,0.25,0.));
#5614 = VECTOR('',#5615,1.);
#5615 = DIRECTION('',(0.,0.,-1.));
#5616 = PCURVE('',#5349,#5617);
#5617 = DEFINITIONAL_REPRESENTATION('',(#5618),#5622);
#5618 = LINE('',#5619,#5620);
#5619 = CARTESIAN_POINT('',(0.7,0.));
#5620 = VECTOR('',#5621,1.);
#5621 = DIRECTION('',(0.,1.));
#5622 = ( GEOMETRIC_REPRESENTATION_CONTEXT(2) 
PARAMETRIC_REPRESENTATION_CONTEXT() REPRESENTATION_CONTEXT('2D SPACE',''
  ) );
#5623 = PCURVE('',#5547,#5624);
#5624 = DEFINITIONAL_REPRESENTATION('',(#5625),#5629);
#5625 = LINE('',#5626,#5627);
#5626 = CARTESIAN_POINT('',(0.,0.));
#5627 = VECTOR('',#5628,1.);
#5628 = DIRECTION('',(0.,1.));
#5629 = ( GEOMETRIC_REPRESENTATION_CONTEXT(2) 
PARAMETRIC_REPRESENTATION_CONTEXT() REPRESENTATION_CONTEXT('2D SPACE',''
  ) );
#5630 = ADVANCED_FACE('',(#5631),#5251,.T.);
#5631 = FACE_BOUND('',#5632,.T.);
#5632 = EDGE_LOOP('',(#5633,#5634,#5657,#5678));
#5633 = ORIENTED_EDGE('',*,*,#5235,.F.);
#5634 = ORIENTED_EDGE('',*,*,#5635,.F.);
#5635 = EDGE_CURVE('',#5636,#5158,#5638,.T.);
#5636 = VERTEX_POINT('',#5637);
#5637 = CARTESIAN_POINT('',(-2.81,-0.25,0.));
#5638 = SURFACE_CURVE('',#5639,(#5643,#5650),.PCURVE_S1.);
#5639 = LINE('',#5640,#5641);
#5640 = CARTESIAN_POINT('',(-2.81,-0.25,0.));
#5641 = VECTOR('',#5642,1.);
#5642 = DIRECTION('',(0.,0.,-1.));
#5643 = PCURVE('',#5251,#5644);
#5644 = DEFINITIONAL_REPRESENTATION('',(#5645),#5649);
#5645 = LINE('',#5646,#5647);
#5646 = CARTESIAN_POINT('',(0.,0.));
#5647 = VECTOR('',#5648,1.);
#5648 = DIRECTION('',(0.,1.));
#5649 = ( GEOMETRIC_REPRESENTATION_CONTEXT(2) 
PARAMETRIC_REPRESENTATION_CONTEXT() REPRESENTATION_CONTEXT('2D SPACE',''
  ) );
#5650 = PCURVE('',#5516,#5651);
#5651 = DEFINITIONAL_REPRESENTATION('',(#5652),#5656);
#5652 = LINE('',#5653,#5654);
#5653 = CARTESIAN_POINT('',(0.7,0.));
#5654 = VECTOR('',#5655,1.);
#5655 = DIRECTION('',(0.,1.));
#5656 = ( GEOMETRIC_REPRESENTATION_CONTEXT(2) 
PARAMETRIC_REPRESENTATION_CONTEXT() REPRESENTATION_CONTEXT('2D SPACE',''
  ) );
#5657 = ORIENTED_EDGE('',*,*,#5658,.F.);
#5658 = EDGE_CURVE('',#5565,#5636,#5659,.T.);
#5659 = SURFACE_CURVE('',#5660,(#5664,#5671),.PCURVE_S1.);
#5660 = LINE('',#5661,#5662);
#5661 = CARTESIAN_POINT('',(-2.81,-0.125,0.));
#5662 = VECTOR('',#5663,1.);
#5663 = DIRECTION('',(0.,-1.,0.));
#5664 = PCURVE('',#5251,#5665);
#5665 = DEFINITIONAL_REPRESENTATION('',(#5666),#5670);
#5666 = LINE('',#5667,#5668);
#5667 = CARTESIAN_POINT('',(0.125,0.));
#5668 = VECTOR('',#5669,1.);
#5669 = DIRECTION('',(-1.,0.));
#5670 = ( GEOMETRIC_REPRESENTATION_CONTEXT(2) 
PARAMETRIC_REPRESENTATION_CONTEXT() REPRESENTATION_CONTEXT('2D SPACE',''
  ) );
#5671 = PCURVE('',#4542,#5672);
#5672 = DEFINITIONAL_REPRESENTATION('',(#5673),#5677);
#5673 = LINE('',#5674,#5675);
#5674 = CARTESIAN_POINT('',(-2.81,-0.125));
#5675 = VECTOR('',#5676,1.);
#5676 = DIRECTION('',(0.,-1.));
#5677 = ( GEOMETRIC_REPRESENTATION_CONTEXT(2) 
PARAMETRIC_REPRESENTATION_CONTEXT() REPRESENTATION_CONTEXT('2D SPACE',''
  ) );
#5678 = ORIENTED_EDGE('',*,*,#5564,.T.);
#5679 = ADVANCED_FACE('',(#5680),#5695,.T.);
#5680 = FACE_BOUND('',#5681,.T.);
#5681 = EDGE_LOOP('',(#5682,#5762,#5790));
#5682 = ORIENTED_EDGE('',*,*,#5683,.F.);
#5683 = EDGE_CURVE('',#5684,#5686,#5688,.T.);
#5684 = VERTEX_POINT('',#5685);
#5685 = CARTESIAN_POINT('',(-7.81,-0.25,-3.25));
#5686 = VERTEX_POINT('',#5687);
#5687 = CARTESIAN_POINT('',(-7.56,1.734723475977E-16,-3.5));
#5688 = SURFACE_CURVE('',#5689,(#5694,#5728),.PCURVE_S1.);
#5689 = ELLIPSE('',#5690,0.353553390593,0.25);
#5690 = AXIS2_PLACEMENT_3D('',#5691,#5692,#5693);
#5691 = CARTESIAN_POINT('',(-7.56,1.362997016839E-16,-3.25));
#5692 = DIRECTION('',(0.707106781187,-0.707106781187,0.));
#5693 = DIRECTION('',(-0.707106781187,-0.707106781187,9.813077866768E-17
    ));
#5694 = PCURVE('',#5695,#5700);
#5695 = CYLINDRICAL_SURFACE('',#5696,0.25);
#5696 = AXIS2_PLACEMENT_3D('',#5697,#5698,#5699);
#5697 = CARTESIAN_POINT('',(-7.56,-0.125,-3.25));
#5698 = DIRECTION('',(0.,1.,0.));
#5699 = DIRECTION('',(-0.707106781187,0.,-0.707106781187));
#5700 = DEFINITIONAL_REPRESENTATION('',(#5701),#5727);
#5701 = B_SPLINE_CURVE_WITH_KNOTS('',3,(#5702,#5703,#5704,#5705,#5706,
    #5707,#5708,#5709,#5710,#5711,#5712,#5713,#5714,#5715,#5716,#5717,
    #5718,#5719,#5720,#5721,#5722,#5723,#5724,#5725,#5726),
  .UNSPECIFIED.,.F.,.F.,(4,1,1,1,1,1,1,1,1,1,1,1,1,1,1,1,1,1,1,1,1,1,4),
  (0.,7.139983303613E-02,0.142799666072,0.214199499108,0.285599332145,
    0.356999165181,0.428398998217,0.499798831253,0.571198664289,
    0.642598497325,0.713998330361,0.785398163397,0.856797996434,
    0.92819782947,0.999597662506,1.070997495542,1.142397328578,
    1.213797161614,1.28519699465,1.356596827687,1.427996660723,
    1.499396493759,1.570796326795),.QUASI_UNIFORM_KNOTS.);
#5702 = CARTESIAN_POINT('',(0.785398163397,-0.125));
#5703 = CARTESIAN_POINT('',(0.761598219052,-0.125000539139));
#5704 = CARTESIAN_POINT('',(0.713998330361,-0.124574741262));
#5705 = CARTESIAN_POINT('',(0.642598497325,-0.122665768789));
#5706 = CARTESIAN_POINT('',(0.571198664289,-0.119494346401));
#5707 = CARTESIAN_POINT('',(0.499798831253,-0.115077144563));
#5708 = CARTESIAN_POINT('',(0.428398998217,-0.109436535769));
#5709 = CARTESIAN_POINT('',(0.35699916518,-0.102601299859));
#5710 = CARTESIAN_POINT('',(0.285599332144,-9.460625782439E-02));
#5711 = CARTESIAN_POINT('',(0.214199499108,-8.549215319302E-02));
#5712 = CARTESIAN_POINT('',(0.142799666072,-7.530542864934E-02));
#5713 = CARTESIAN_POINT('',(7.139983303575E-02,-6.409799359525E-02));
#5714 = CARTESIAN_POINT('',(-3.885253571657E-13,-5.192695850019E-02));
#5715 = CARTESIAN_POINT('',(-7.139983303652E-02,-3.885434418301E-02));
#5716 = CARTESIAN_POINT('',(-0.142799666073,-2.494676568495E-02));
#5717 = CARTESIAN_POINT('',(-0.214199499109,-1.027509284352E-02));
#5718 = CARTESIAN_POINT('',(-0.285599332145,5.085910876274E-03));
#5719 = CARTESIAN_POINT('',(-0.356999165181,2.10579692589E-02));
#5720 = CARTESIAN_POINT('',(-0.428398998217,3.755969258579E-02));
#5721 = CARTESIAN_POINT('',(-0.499798831253,5.450699099971E-02));
#5722 = CARTESIAN_POINT('',(-0.571198664289,7.181350815356E-02));
#5723 = CARTESIAN_POINT('',(-0.642598497325,8.939104205684E-02));
#5724 = CARTESIAN_POINT('',(-0.713998330361,0.107150066209));
#5725 = CARTESIAN_POINT('',(-0.761598219052,0.119049967608));
#5726 = CARTESIAN_POINT('',(-0.785398163397,0.125));
#5727 = ( GEOMETRIC_REPRESENTATION_CONTEXT(2) 
PARAMETRIC_REPRESENTATION_CONTEXT() REPRESENTATION_CONTEXT('2D SPACE',''
  ) );
#5728 = PCURVE('',#5729,#5734);
#5729 = CYLINDRICAL_SURFACE('',#5730,0.25);
#5730 = AXIS2_PLACEMENT_3D('',#5731,#5732,#5733);
#5731 = CARTESIAN_POINT('',(-7.635,1.734723475977E-16,-3.25));
#5732 = DIRECTION('',(1.,0.,0.));
#5733 = DIRECTION('',(0.,0.707106781187,-0.707106781187));
#5734 = DEFINITIONAL_REPRESENTATION('',(#5735),#5761);
#5735 = B_SPLINE_CURVE_WITH_KNOTS('',3,(#5736,#5737,#5738,#5739,#5740,
    #5741,#5742,#5743,#5744,#5745,#5746,#5747,#5748,#5749,#5750,#5751,
    #5752,#5753,#5754,#5755,#5756,#5757,#5758,#5759,#5760),
  .UNSPECIFIED.,.F.,.F.,(4,1,1,1,1,1,1,1,1,1,1,1,1,1,1,1,1,1,1,1,1,1,4),
  (0.,7.139983303613E-02,0.142799666072,0.214199499108,0.285599332145,
    0.356999165181,0.428398998217,0.499798831253,0.571198664289,
    0.642598497325,0.713998330361,0.785398163397,0.856797996434,
    0.92819782947,0.999597662506,1.070997495542,1.142397328578,
    1.213797161614,1.28519699465,1.356596827687,1.427996660723,
    1.499396493759,1.570796326795),.QUASI_UNIFORM_KNOTS.);
#5736 = CARTESIAN_POINT('',(3.926990816987,-0.175));
#5737 = CARTESIAN_POINT('',(3.950790761333,-0.175000539139));
#5738 = CARTESIAN_POINT('',(3.998390650023,-0.174574741262));
#5739 = CARTESIAN_POINT('',(4.06979048306,-0.172665768789));
#5740 = CARTESIAN_POINT('',(4.141190316096,-0.169494346401));
#5741 = CARTESIAN_POINT('',(4.212590149132,-0.165077144563));
#5742 = CARTESIAN_POINT('',(4.283989982168,-0.159436535769));
#5743 = CARTESIAN_POINT('',(4.355389815204,-0.152601299859));
#5744 = CARTESIAN_POINT('',(4.42678964824,-0.144606257824));
#5745 = CARTESIAN_POINT('',(4.498189481277,-0.135492153193));
#5746 = CARTESIAN_POINT('',(4.569589314313,-0.125305428649));
#5747 = CARTESIAN_POINT('',(4.640989147349,-0.114097993595));
#5748 = CARTESIAN_POINT('',(4.712388980385,-0.1019269585));
#5749 = CARTESIAN_POINT('',(4.783788813421,-8.885434418301E-02));
#5750 = CARTESIAN_POINT('',(4.855188646457,-7.494676568495E-02));
#5751 = CARTESIAN_POINT('',(4.926588479493,-6.027509284352E-02));
#5752 = CARTESIAN_POINT('',(4.99798831253,-4.491408912373E-02));
#5753 = CARTESIAN_POINT('',(5.069388145566,-2.89420307411E-02));
#5754 = CARTESIAN_POINT('',(5.140787978602,-1.244030741421E-02));
#5755 = CARTESIAN_POINT('',(5.212187811638,4.506990999709E-03));
#5756 = CARTESIAN_POINT('',(5.283587644674,2.181350815356E-02));
#5757 = CARTESIAN_POINT('',(5.35498747771,3.939104205684E-02));
#5758 = CARTESIAN_POINT('',(5.426387310746,5.71500662093E-02));
#5759 = CARTESIAN_POINT('',(5.473987199437,6.904996760789E-02));
#5760 = CARTESIAN_POINT('',(5.497787143782,7.5E-02));
#5761 = ( GEOMETRIC_REPRESENTATION_CONTEXT(2) 
PARAMETRIC_REPRESENTATION_CONTEXT() REPRESENTATION_CONTEXT('2D SPACE',''
  ) );
#5762 = ORIENTED_EDGE('',*,*,#5763,.T.);
#5763 = EDGE_CURVE('',#5684,#5764,#5766,.T.);
#5764 = VERTEX_POINT('',#5765);
#5765 = CARTESIAN_POINT('',(-7.81,0.25,-3.25));
#5766 = SURFACE_CURVE('',#5767,(#5771,#5778),.PCURVE_S1.);
#5767 = LINE('',#5768,#5769);
#5768 = CARTESIAN_POINT('',(-7.81,-0.125,-3.25));
#5769 = VECTOR('',#5770,1.);
#5770 = DIRECTION('',(0.,1.,0.));
#5771 = PCURVE('',#5695,#5772);
#5772 = DEFINITIONAL_REPRESENTATION('',(#5773),#5777);
#5773 = LINE('',#5774,#5775);
#5774 = CARTESIAN_POINT('',(0.785398163397,0.));
#5775 = VECTOR('',#5776,1.);
#5776 = DIRECTION('',(0.,1.));
#5777 = ( GEOMETRIC_REPRESENTATION_CONTEXT(2) 
PARAMETRIC_REPRESENTATION_CONTEXT() REPRESENTATION_CONTEXT('2D SPACE',''
  ) );
#5778 = PCURVE('',#5779,#5784);
#5779 = PLANE('',#5780);
#5780 = AXIS2_PLACEMENT_3D('',#5781,#5782,#5783);
#5781 = CARTESIAN_POINT('',(-7.81,-0.25,0.));
#5782 = DIRECTION('',(-1.,0.,0.));
#5783 = DIRECTION('',(0.,1.,0.));
#5784 = DEFINITIONAL_REPRESENTATION('',(#5785),#5789);
#5785 = LINE('',#5786,#5787);
#5786 = CARTESIAN_POINT('',(0.125,3.25));
#5787 = VECTOR('',#5788,1.);
#5788 = DIRECTION('',(1.,0.));
#5789 = ( GEOMETRIC_REPRESENTATION_CONTEXT(2) 
PARAMETRIC_REPRESENTATION_CONTEXT() REPRESENTATION_CONTEXT('2D SPACE',''
  ) );
#5790 = ORIENTED_EDGE('',*,*,#5791,.T.);
#5791 = EDGE_CURVE('',#5764,#5686,#5792,.T.);
#5792 = SURFACE_CURVE('',#5793,(#5798,#5827),.PCURVE_S1.);
#5793 = ELLIPSE('',#5794,0.353553390593,0.25);
#5794 = AXIS2_PLACEMENT_3D('',#5795,#5796,#5797);
#5795 = CARTESIAN_POINT('',(-7.56,1.734723475977E-16,-3.25));
#5796 = DIRECTION('',(-0.707106781187,-0.707106781187,0.));
#5797 = DIRECTION('',(-0.707106781187,0.707106781187,0.));
#5798 = PCURVE('',#5695,#5799);
#5799 = DEFINITIONAL_REPRESENTATION('',(#5800),#5826);
#5800 = B_SPLINE_CURVE_WITH_KNOTS('',3,(#5801,#5802,#5803,#5804,#5805,
    #5806,#5807,#5808,#5809,#5810,#5811,#5812,#5813,#5814,#5815,#5816,
    #5817,#5818,#5819,#5820,#5821,#5822,#5823,#5824,#5825),
  .UNSPECIFIED.,.F.,.F.,(4,1,1,1,1,1,1,1,1,1,1,1,1,1,1,1,1,1,1,1,1,1,4),
  (0.,7.139983303613E-02,0.142799666072,0.214199499108,0.285599332145,
    0.356999165181,0.428398998217,0.499798831253,0.571198664289,
    0.642598497325,0.713998330361,0.785398163397,0.856797996434,
    0.92819782947,0.999597662506,1.070997495542,1.142397328578,
    1.213797161614,1.28519699465,1.356596827687,1.427996660723,
    1.499396493759,1.570796326795),.QUASI_UNIFORM_KNOTS.);
#5801 = CARTESIAN_POINT('',(0.785398163397,0.375));
#5802 = CARTESIAN_POINT('',(0.761598219052,0.375000539139));
#5803 = CARTESIAN_POINT('',(0.713998330361,0.374574741262));
#5804 = CARTESIAN_POINT('',(0.642598497325,0.372665768789));
#5805 = CARTESIAN_POINT('',(0.571198664289,0.369494346401));
#5806 = CARTESIAN_POINT('',(0.499798831253,0.365077144563));
#5807 = CARTESIAN_POINT('',(0.428398998217,0.359436535769));
#5808 = CARTESIAN_POINT('',(0.35699916518,0.352601299859));
#5809 = CARTESIAN_POINT('',(0.285599332144,0.344606257824));
#5810 = CARTESIAN_POINT('',(0.214199499108,0.335492153193));
#5811 = CARTESIAN_POINT('',(0.142799666072,0.325305428649));
#5812 = CARTESIAN_POINT('',(7.139983303575E-02,0.314097993595));
#5813 = CARTESIAN_POINT('',(-3.885253571657E-13,0.3019269585));
#5814 = CARTESIAN_POINT('',(-7.139983303652E-02,0.288854344183));
#5815 = CARTESIAN_POINT('',(-0.142799666073,0.274946765685));
#5816 = CARTESIAN_POINT('',(-0.214199499109,0.260275092844));
#5817 = CARTESIAN_POINT('',(-0.285599332145,0.244914089124));
#5818 = CARTESIAN_POINT('',(-0.356999165181,0.228942030741));
#5819 = CARTESIAN_POINT('',(-0.428398998217,0.212440307414));
#5820 = CARTESIAN_POINT('',(-0.499798831253,0.195493009));
#5821 = CARTESIAN_POINT('',(-0.571198664289,0.178186491846));
#5822 = CARTESIAN_POINT('',(-0.642598497325,0.160608957943));
#5823 = CARTESIAN_POINT('',(-0.713998330361,0.142849933791));
#5824 = CARTESIAN_POINT('',(-0.761598219052,0.130950032392));
#5825 = CARTESIAN_POINT('',(-0.785398163397,0.125));
#5826 = ( GEOMETRIC_REPRESENTATION_CONTEXT(2) 
PARAMETRIC_REPRESENTATION_CONTEXT() REPRESENTATION_CONTEXT('2D SPACE',''
  ) );
#5827 = PCURVE('',#5729,#5828);
#5828 = DEFINITIONAL_REPRESENTATION('',(#5829),#5855);
#5829 = B_SPLINE_CURVE_WITH_KNOTS('',3,(#5830,#5831,#5832,#5833,#5834,
    #5835,#5836,#5837,#5838,#5839,#5840,#5841,#5842,#5843,#5844,#5845,
    #5846,#5847,#5848,#5849,#5850,#5851,#5852,#5853,#5854),
  .UNSPECIFIED.,.F.,.F.,(4,1,1,1,1,1,1,1,1,1,1,1,1,1,1,1,1,1,1,1,1,1,4),
  (0.,7.139983303613E-02,0.142799666072,0.214199499108,0.285599332145,
    0.356999165181,0.428398998217,0.499798831253,0.571198664289,
    0.642598497325,0.713998330361,0.785398163397,0.856797996434,
    0.92819782947,0.999597662506,1.070997495542,1.142397328578,
    1.213797161614,1.28519699465,1.356596827687,1.427996660723,
    1.499396493759,1.570796326795),.QUASI_UNIFORM_KNOTS.);
#5830 = CARTESIAN_POINT('',(7.068583470577,-0.175));
#5831 = CARTESIAN_POINT('',(7.044783526232,-0.175000539139));
#5832 = CARTESIAN_POINT('',(6.997183637541,-0.174574741262));
#5833 = CARTESIAN_POINT('',(6.925783804505,-0.172665768789));
#5834 = CARTESIAN_POINT('',(6.854383971468,-0.169494346401));
#5835 = CARTESIAN_POINT('',(6.782984138432,-0.165077144563));
#5836 = CARTESIAN_POINT('',(6.711584305396,-0.159436535769));
#5837 = CARTESIAN_POINT('',(6.64018447236,-0.152601299859));
#5838 = CARTESIAN_POINT('',(6.568784639324,-0.144606257824));
#5839 = CARTESIAN_POINT('',(6.497384806288,-0.135492153193));
#5840 = CARTESIAN_POINT('',(6.425984973251,-0.125305428649));
#5841 = CARTESIAN_POINT('',(6.354585140215,-0.114097993595));
#5842 = CARTESIAN_POINT('',(6.283185307179,-0.1019269585));
#5843 = CARTESIAN_POINT('',(6.211785474143,-8.885434418301E-02));
#5844 = CARTESIAN_POINT('',(6.140385641107,-7.494676568495E-02));
#5845 = CARTESIAN_POINT('',(6.068985808071,-6.027509284352E-02));
#5846 = CARTESIAN_POINT('',(5.997585975035,-4.491408912373E-02));
#5847 = CARTESIAN_POINT('',(5.926186141999,-2.89420307411E-02));
#5848 = CARTESIAN_POINT('',(5.854786308963,-1.244030741421E-02));
#5849 = CARTESIAN_POINT('',(5.783386475926,4.506990999709E-03));
#5850 = CARTESIAN_POINT('',(5.71198664289,2.181350815356E-02));
#5851 = CARTESIAN_POINT('',(5.640586809854,3.939104205684E-02));
#5852 = CARTESIAN_POINT('',(5.569186976818,5.71500662093E-02));
#5853 = CARTESIAN_POINT('',(5.521587088127,6.904996760789E-02));
#5854 = CARTESIAN_POINT('',(5.497787143782,7.5E-02));
#5855 = ( GEOMETRIC_REPRESENTATION_CONTEXT(2) 
PARAMETRIC_REPRESENTATION_CONTEXT() REPRESENTATION_CONTEXT('2D SPACE',''
  ) );
#5856 = ADVANCED_FACE('',(#5857),#5729,.T.);
#5857 = FACE_BOUND('',#5858,.T.);
#5858 = EDGE_LOOP('',(#5859,#5860,#5888,#5961,#6029,#6055));
#5859 = ORIENTED_EDGE('',*,*,#5791,.F.);
#5860 = ORIENTED_EDGE('',*,*,#5861,.T.);
#5861 = EDGE_CURVE('',#5764,#5862,#5864,.T.);
#5862 = VERTEX_POINT('',#5863);
#5863 = CARTESIAN_POINT('',(-7.11,0.25,-3.25));
#5864 = SURFACE_CURVE('',#5865,(#5869,#5876),.PCURVE_S1.);
#5865 = LINE('',#5866,#5867);
#5866 = CARTESIAN_POINT('',(-7.635,0.25,-3.25));
#5867 = VECTOR('',#5868,1.);
#5868 = DIRECTION('',(1.,0.,0.));
#5869 = PCURVE('',#5729,#5870);
#5870 = DEFINITIONAL_REPRESENTATION('',(#5871),#5875);
#5871 = LINE('',#5872,#5873);
#5872 = CARTESIAN_POINT('',(7.068583470577,0.));
#5873 = VECTOR('',#5874,1.);
#5874 = DIRECTION('',(0.,1.));
#5875 = ( GEOMETRIC_REPRESENTATION_CONTEXT(2) 
PARAMETRIC_REPRESENTATION_CONTEXT() REPRESENTATION_CONTEXT('2D SPACE',''
  ) );
#5876 = PCURVE('',#5877,#5882);
#5877 = PLANE('',#5878);
#5878 = AXIS2_PLACEMENT_3D('',#5879,#5880,#5881);
#5879 = CARTESIAN_POINT('',(-7.81,0.25,0.));
#5880 = DIRECTION('',(0.,1.,0.));
#5881 = DIRECTION('',(1.,0.,0.));
#5882 = DEFINITIONAL_REPRESENTATION('',(#5883),#5887);
#5883 = LINE('',#5884,#5885);
#5884 = CARTESIAN_POINT('',(0.175,3.25));
#5885 = VECTOR('',#5886,1.);
#5886 = DIRECTION('',(1.,0.));
#5887 = ( GEOMETRIC_REPRESENTATION_CONTEXT(2) 
PARAMETRIC_REPRESENTATION_CONTEXT() REPRESENTATION_CONTEXT('2D SPACE',''
  ) );
#5888 = ORIENTED_EDGE('',*,*,#5889,.F.);
#5889 = EDGE_CURVE('',#5890,#5862,#5892,.T.);
#5890 = VERTEX_POINT('',#5891);
#5891 = CARTESIAN_POINT('',(-7.36,1.734723475977E-16,-3.5));
#5892 = SURFACE_CURVE('',#5893,(#5898,#5927),.PCURVE_S1.);
#5893 = ELLIPSE('',#5894,0.353553390593,0.25);
#5894 = AXIS2_PLACEMENT_3D('',#5895,#5896,#5897);
#5895 = CARTESIAN_POINT('',(-7.36,1.734723475977E-16,-3.25));
#5896 = DIRECTION('',(0.707106781187,-0.707106781187,0.));
#5897 = DIRECTION('',(0.707106781187,0.707106781187,0.));
#5898 = PCURVE('',#5729,#5899);
#5899 = DEFINITIONAL_REPRESENTATION('',(#5900),#5926);
#5900 = B_SPLINE_CURVE_WITH_KNOTS('',3,(#5901,#5902,#5903,#5904,#5905,
    #5906,#5907,#5908,#5909,#5910,#5911,#5912,#5913,#5914,#5915,#5916,
    #5917,#5918,#5919,#5920,#5921,#5922,#5923,#5924,#5925),
  .UNSPECIFIED.,.F.,.F.,(4,1,1,1,1,1,1,1,1,1,1,1,1,1,1,1,1,1,1,1,1,1,4),
  (4.712388980385,4.783788813421,4.855188646457,4.926588479493,
    4.997988312529,5.069388145565,5.140787978601,5.212187811638,
    5.283587644674,5.35498747771,5.426387310746,5.497787143782,
    5.569186976818,5.640586809854,5.711986642891,5.783386475927,
    5.854786308963,5.926186141999,5.997585975035,6.068985808071,
    6.140385641107,6.211785474143,6.28318530718),.QUASI_UNIFORM_KNOTS.);
#5901 = CARTESIAN_POINT('',(5.497787143782,0.275));
#5902 = CARTESIAN_POINT('',(5.521587088127,0.280950032392));
#5903 = CARTESIAN_POINT('',(5.569186976818,0.292849933791));
#5904 = CARTESIAN_POINT('',(5.640586809854,0.310608957943));
#5905 = CARTESIAN_POINT('',(5.71198664289,0.328186491846));
#5906 = CARTESIAN_POINT('',(5.783386475926,0.345493009));
#5907 = CARTESIAN_POINT('',(5.854786308963,0.362440307414));
#5908 = CARTESIAN_POINT('',(5.926186141999,0.378942030741));
#5909 = CARTESIAN_POINT('',(5.997585975035,0.394914089124));
#5910 = CARTESIAN_POINT('',(6.068985808071,0.410275092844));
#5911 = CARTESIAN_POINT('',(6.140385641107,0.424946765685));
#5912 = CARTESIAN_POINT('',(6.211785474143,0.438854344183));
#5913 = CARTESIAN_POINT('',(6.283185307179,0.4519269585));
#5914 = CARTESIAN_POINT('',(6.354585140215,0.464097993595));
#5915 = CARTESIAN_POINT('',(6.425984973251,0.475305428649));
#5916 = CARTESIAN_POINT('',(6.497384806288,0.485492153193));
#5917 = CARTESIAN_POINT('',(6.568784639324,0.494606257824));
#5918 = CARTESIAN_POINT('',(6.64018447236,0.502601299859));
#5919 = CARTESIAN_POINT('',(6.711584305396,0.509436535769));
#5920 = CARTESIAN_POINT('',(6.782984138432,0.515077144563));
#5921 = CARTESIAN_POINT('',(6.854383971468,0.519494346401));
#5922 = CARTESIAN_POINT('',(6.925783804505,0.522665768789));
#5923 = CARTESIAN_POINT('',(6.997183637541,0.524574741262));
#5924 = CARTESIAN_POINT('',(7.044783526232,0.525000539139));
#5925 = CARTESIAN_POINT('',(7.068583470577,0.525));
#5926 = ( GEOMETRIC_REPRESENTATION_CONTEXT(2) 
PARAMETRIC_REPRESENTATION_CONTEXT() REPRESENTATION_CONTEXT('2D SPACE',''
  ) );
#5927 = PCURVE('',#5928,#5933);
#5928 = CYLINDRICAL_SURFACE('',#5929,0.25);
#5929 = AXIS2_PLACEMENT_3D('',#5930,#5931,#5932);
#5930 = CARTESIAN_POINT('',(-7.36,0.125,-3.25));
#5931 = DIRECTION('',(0.,-1.,0.));
#5932 = DIRECTION('',(0.707106781187,0.,-0.707106781187));
#5933 = DEFINITIONAL_REPRESENTATION('',(#5934),#5960);
#5934 = B_SPLINE_CURVE_WITH_KNOTS('',3,(#5935,#5936,#5937,#5938,#5939,
    #5940,#5941,#5942,#5943,#5944,#5945,#5946,#5947,#5948,#5949,#5950,
    #5951,#5952,#5953,#5954,#5955,#5956,#5957,#5958,#5959),
  .UNSPECIFIED.,.F.,.F.,(4,1,1,1,1,1,1,1,1,1,1,1,1,1,1,1,1,1,1,1,1,1,4),
  (4.712388980385,4.783788813421,4.855188646457,4.926588479493,
    4.997988312529,5.069388145565,5.140787978601,5.212187811638,
    5.283587644674,5.35498747771,5.426387310746,5.497787143782,
    5.569186976818,5.640586809854,5.711986642891,5.783386475927,
    5.854786308963,5.926186141999,5.997585975035,6.068985808071,
    6.140385641107,6.211785474143,6.28318530718),.QUASI_UNIFORM_KNOTS.);
#5935 = CARTESIAN_POINT('',(5.497787143782,0.125));
#5936 = CARTESIAN_POINT('',(5.521587088127,0.119049967608));
#5937 = CARTESIAN_POINT('',(5.569186976818,0.107150066209));
#5938 = CARTESIAN_POINT('',(5.640586809854,8.939104205684E-02));
#5939 = CARTESIAN_POINT('',(5.71198664289,7.181350815356E-02));
#5940 = CARTESIAN_POINT('',(5.783386475926,5.450699099971E-02));
#5941 = CARTESIAN_POINT('',(5.854786308963,3.755969258579E-02));
#5942 = CARTESIAN_POINT('',(5.926186141999,2.10579692589E-02));
#5943 = CARTESIAN_POINT('',(5.997585975035,5.085910876274E-03));
#5944 = CARTESIAN_POINT('',(6.068985808071,-1.027509284352E-02));
#5945 = CARTESIAN_POINT('',(6.140385641107,-2.494676568495E-02));
#5946 = CARTESIAN_POINT('',(6.211785474143,-3.885434418301E-02));
#5947 = CARTESIAN_POINT('',(6.283185307179,-5.192695850019E-02));
#5948 = CARTESIAN_POINT('',(6.354585140215,-6.409799359525E-02));
#5949 = CARTESIAN_POINT('',(6.425984973251,-7.530542864934E-02));
#5950 = CARTESIAN_POINT('',(6.497384806288,-8.549215319302E-02));
#5951 = CARTESIAN_POINT('',(6.568784639324,-9.460625782439E-02));
#5952 = CARTESIAN_POINT('',(6.64018447236,-0.102601299859));
#5953 = CARTESIAN_POINT('',(6.711584305396,-0.109436535769));
#5954 = CARTESIAN_POINT('',(6.782984138432,-0.115077144563));
#5955 = CARTESIAN_POINT('',(6.854383971468,-0.119494346401));
#5956 = CARTESIAN_POINT('',(6.925783804505,-0.122665768789));
#5957 = CARTESIAN_POINT('',(6.997183637541,-0.124574741262));
#5958 = CARTESIAN_POINT('',(7.044783526232,-0.125000539139));
#5959 = CARTESIAN_POINT('',(7.068583470577,-0.125));
#5960 = ( GEOMETRIC_REPRESENTATION_CONTEXT(2) 
PARAMETRIC_REPRESENTATION_CONTEXT() REPRESENTATION_CONTEXT('2D SPACE',''
  ) );
#5961 = ORIENTED_EDGE('',*,*,#5962,.T.);
#5962 = EDGE_CURVE('',#5890,#5963,#5965,.T.);
#5963 = VERTEX_POINT('',#5964);
#5964 = CARTESIAN_POINT('',(-7.11,-0.25,-3.25));
#5965 = SURFACE_CURVE('',#5966,(#5971,#6000),.PCURVE_S1.);
#5966 = ELLIPSE('',#5967,0.353553390593,0.25);
#5967 = AXIS2_PLACEMENT_3D('',#5968,#5969,#5970);
#5968 = CARTESIAN_POINT('',(-7.36,1.065615849529E-16,-3.25));
#5969 = DIRECTION('',(-0.707106781187,-0.707106781187,0.));
#5970 = DIRECTION('',(0.707106781187,-0.707106781187,-1.962615573354E-16
    ));
#5971 = PCURVE('',#5729,#5972);
#5972 = DEFINITIONAL_REPRESENTATION('',(#5973),#5999);
#5973 = B_SPLINE_CURVE_WITH_KNOTS('',3,(#5974,#5975,#5976,#5977,#5978,
    #5979,#5980,#5981,#5982,#5983,#5984,#5985,#5986,#5987,#5988,#5989,
    #5990,#5991,#5992,#5993,#5994,#5995,#5996,#5997,#5998),
  .UNSPECIFIED.,.F.,.F.,(4,1,1,1,1,1,1,1,1,1,1,1,1,1,1,1,1,1,1,1,1,1,4),
  (4.712388980385,4.783788813421,4.855188646457,4.926588479493,
    4.997988312529,5.069388145565,5.140787978601,5.212187811638,
    5.283587644674,5.35498747771,5.426387310746,5.497787143782,
    5.569186976818,5.640586809854,5.711986642891,5.783386475927,
    5.854786308963,5.926186141999,5.997585975035,6.068985808071,
    6.140385641107,6.211785474143,6.28318530718),.QUASI_UNIFORM_KNOTS.);
#5974 = CARTESIAN_POINT('',(5.497787143782,0.275));
#5975 = CARTESIAN_POINT('',(5.473987199437,0.280950032392));
#5976 = CARTESIAN_POINT('',(5.426387310746,0.292849933791));
#5977 = CARTESIAN_POINT('',(5.35498747771,0.310608957943));
#5978 = CARTESIAN_POINT('',(5.283587644674,0.328186491846));
#5979 = CARTESIAN_POINT('',(5.212187811638,0.345493009));
#5980 = CARTESIAN_POINT('',(5.140787978602,0.362440307414));
#5981 = CARTESIAN_POINT('',(5.069388145566,0.378942030741));
#5982 = CARTESIAN_POINT('',(4.99798831253,0.394914089124));
#5983 = CARTESIAN_POINT('',(4.926588479493,0.410275092844));
#5984 = CARTESIAN_POINT('',(4.855188646457,0.424946765685));
#5985 = CARTESIAN_POINT('',(4.783788813421,0.438854344183));
#5986 = CARTESIAN_POINT('',(4.712388980385,0.4519269585));
#5987 = CARTESIAN_POINT('',(4.640989147349,0.464097993595));
#5988 = CARTESIAN_POINT('',(4.569589314313,0.475305428649));
#5989 = CARTESIAN_POINT('',(4.498189481277,0.485492153193));
#5990 = CARTESIAN_POINT('',(4.42678964824,0.494606257824));
#5991 = CARTESIAN_POINT('',(4.355389815204,0.502601299859));
#5992 = CARTESIAN_POINT('',(4.283989982168,0.509436535769));
#5993 = CARTESIAN_POINT('',(4.212590149132,0.515077144563));
#5994 = CARTESIAN_POINT('',(4.141190316096,0.519494346401));
#5995 = CARTESIAN_POINT('',(4.06979048306,0.522665768789));
#5996 = CARTESIAN_POINT('',(3.998390650023,0.524574741262));
#5997 = CARTESIAN_POINT('',(3.950790761333,0.525000539139));
#5998 = CARTESIAN_POINT('',(3.926990816987,0.525));
#5999 = ( GEOMETRIC_REPRESENTATION_CONTEXT(2) 
PARAMETRIC_REPRESENTATION_CONTEXT() REPRESENTATION_CONTEXT('2D SPACE',''
  ) );
#6000 = PCURVE('',#5928,#6001);
#6001 = DEFINITIONAL_REPRESENTATION('',(#6002),#6028);
#6002 = B_SPLINE_CURVE_WITH_KNOTS('',3,(#6003,#6004,#6005,#6006,#6007,
    #6008,#6009,#6010,#6011,#6012,#6013,#6014,#6015,#6016,#6017,#6018,
    #6019,#6020,#6021,#6022,#6023,#6024,#6025,#6026,#6027),
  .UNSPECIFIED.,.F.,.F.,(4,1,1,1,1,1,1,1,1,1,1,1,1,1,1,1,1,1,1,1,1,1,4),
  (4.712388980385,4.783788813421,4.855188646457,4.926588479493,
    4.997988312529,5.069388145565,5.140787978601,5.212187811638,
    5.283587644674,5.35498747771,5.426387310746,5.497787143782,
    5.569186976818,5.640586809854,5.711986642891,5.783386475927,
    5.854786308963,5.926186141999,5.997585975035,6.068985808071,
    6.140385641107,6.211785474143,6.28318530718),.QUASI_UNIFORM_KNOTS.);
#6003 = CARTESIAN_POINT('',(5.497787143782,0.125));
#6004 = CARTESIAN_POINT('',(5.521587088127,0.130950032392));
#6005 = CARTESIAN_POINT('',(5.569186976818,0.142849933791));
#6006 = CARTESIAN_POINT('',(5.640586809854,0.160608957943));
#6007 = CARTESIAN_POINT('',(5.71198664289,0.178186491846));
#6008 = CARTESIAN_POINT('',(5.783386475926,0.195493009));
#6009 = CARTESIAN_POINT('',(5.854786308963,0.212440307414));
#6010 = CARTESIAN_POINT('',(5.926186141999,0.228942030741));
#6011 = CARTESIAN_POINT('',(5.997585975035,0.244914089124));
#6012 = CARTESIAN_POINT('',(6.068985808071,0.260275092844));
#6013 = CARTESIAN_POINT('',(6.140385641107,0.274946765685));
#6014 = CARTESIAN_POINT('',(6.211785474143,0.288854344183));
#6015 = CARTESIAN_POINT('',(6.283185307179,0.3019269585));
#6016 = CARTESIAN_POINT('',(6.354585140215,0.314097993595));
#6017 = CARTESIAN_POINT('',(6.425984973251,0.325305428649));
#6018 = CARTESIAN_POINT('',(6.497384806288,0.335492153193));
#6019 = CARTESIAN_POINT('',(6.568784639324,0.344606257824));
#6020 = CARTESIAN_POINT('',(6.64018447236,0.352601299859));
#6021 = CARTESIAN_POINT('',(6.711584305396,0.359436535769));
#6022 = CARTESIAN_POINT('',(6.782984138432,0.365077144563));
#6023 = CARTESIAN_POINT('',(6.854383971468,0.369494346401));
#6024 = CARTESIAN_POINT('',(6.925783804505,0.372665768789));
#6025 = CARTESIAN_POINT('',(6.997183637541,0.374574741262));
#6026 = CARTESIAN_POINT('',(7.044783526232,0.375000539139));
#6027 = CARTESIAN_POINT('',(7.068583470577,0.375));
#6028 = ( GEOMETRIC_REPRESENTATION_CONTEXT(2) 
PARAMETRIC_REPRESENTATION_CONTEXT() REPRESENTATION_CONTEXT('2D SPACE',''
  ) );
#6029 = ORIENTED_EDGE('',*,*,#6030,.T.);
#6030 = EDGE_CURVE('',#5963,#5684,#6031,.T.);
#6031 = SURFACE_CURVE('',#6032,(#6036,#6043),.PCURVE_S1.);
#6032 = LINE('',#6033,#6034);
#6033 = CARTESIAN_POINT('',(-7.285,-0.25,-3.25));
#6034 = VECTOR('',#6035,1.);
#6035 = DIRECTION('',(-1.,1.486905836552E-16,0.));
#6036 = PCURVE('',#5729,#6037);
#6037 = DEFINITIONAL_REPRESENTATION('',(#6038),#6042);
#6038 = LINE('',#6039,#6040);
#6039 = CARTESIAN_POINT('',(3.926990816987,0.35));
#6040 = VECTOR('',#6041,1.);
#6041 = DIRECTION('',(0.,-1.));
#6042 = ( GEOMETRIC_REPRESENTATION_CONTEXT(2) 
PARAMETRIC_REPRESENTATION_CONTEXT() REPRESENTATION_CONTEXT('2D SPACE',''
  ) );
#6043 = PCURVE('',#6044,#6049);
#6044 = PLANE('',#6045);
#6045 = AXIS2_PLACEMENT_3D('',#6046,#6047,#6048);
#6046 = CARTESIAN_POINT('',(-7.11,-0.25,0.));
#6047 = DIRECTION('',(-1.486905836552E-16,-1.,0.));
#6048 = DIRECTION('',(-1.,1.486905836552E-16,0.));
#6049 = DEFINITIONAL_REPRESENTATION('',(#6050),#6054);
#6050 = LINE('',#6051,#6052);
#6051 = CARTESIAN_POINT('',(0.175,3.25));
#6052 = VECTOR('',#6053,1.);
#6053 = DIRECTION('',(1.,0.));
#6054 = ( GEOMETRIC_REPRESENTATION_CONTEXT(2) 
PARAMETRIC_REPRESENTATION_CONTEXT() REPRESENTATION_CONTEXT('2D SPACE',''
  ) );
#6055 = ORIENTED_EDGE('',*,*,#5683,.T.);
#6056 = ADVANCED_FACE('',(#6057),#5928,.T.);
#6057 = FACE_BOUND('',#6058,.T.);
#6058 = EDGE_LOOP('',(#6059,#6060,#6061));
#6059 = ORIENTED_EDGE('',*,*,#5962,.F.);
#6060 = ORIENTED_EDGE('',*,*,#5889,.T.);
#6061 = ORIENTED_EDGE('',*,*,#6062,.T.);
#6062 = EDGE_CURVE('',#5862,#5963,#6063,.T.);
#6063 = SURFACE_CURVE('',#6064,(#6068,#6075),.PCURVE_S1.);
#6064 = LINE('',#6065,#6066);
#6065 = CARTESIAN_POINT('',(-7.11,0.125,-3.25));
#6066 = VECTOR('',#6067,1.);
#6067 = DIRECTION('',(0.,-1.,0.));
#6068 = PCURVE('',#5928,#6069);
#6069 = DEFINITIONAL_REPRESENTATION('',(#6070),#6074);
#6070 = LINE('',#6071,#6072);
#6071 = CARTESIAN_POINT('',(7.068583470577,0.));
#6072 = VECTOR('',#6073,1.);
#6073 = DIRECTION('',(0.,1.));
#6074 = ( GEOMETRIC_REPRESENTATION_CONTEXT(2) 
PARAMETRIC_REPRESENTATION_CONTEXT() REPRESENTATION_CONTEXT('2D SPACE',''
  ) );
#6075 = PCURVE('',#6076,#6081);
#6076 = PLANE('',#6077);
#6077 = AXIS2_PLACEMENT_3D('',#6078,#6079,#6080);
#6078 = CARTESIAN_POINT('',(-7.11,0.25,0.));
#6079 = DIRECTION('',(1.,0.,0.));
#6080 = DIRECTION('',(0.,-1.,0.));
#6081 = DEFINITIONAL_REPRESENTATION('',(#6082),#6086);
#6082 = LINE('',#6083,#6084);
#6083 = CARTESIAN_POINT('',(0.125,3.25));
#6084 = VECTOR('',#6085,1.);
#6085 = DIRECTION('',(1.,0.));
#6086 = ( GEOMETRIC_REPRESENTATION_CONTEXT(2) 
PARAMETRIC_REPRESENTATION_CONTEXT() REPRESENTATION_CONTEXT('2D SPACE',''
  ) );
#6087 = ADVANCED_FACE('',(#6088),#6044,.T.);
#6088 = FACE_BOUND('',#6089,.T.);
#6089 = EDGE_LOOP('',(#6090,#6091,#6114,#6137));
#6090 = ORIENTED_EDGE('',*,*,#6030,.F.);
#6091 = ORIENTED_EDGE('',*,*,#6092,.F.);
#6092 = EDGE_CURVE('',#6093,#5963,#6095,.T.);
#6093 = VERTEX_POINT('',#6094);
#6094 = CARTESIAN_POINT('',(-7.11,-0.25,0.));
#6095 = SURFACE_CURVE('',#6096,(#6100,#6107),.PCURVE_S1.);
#6096 = LINE('',#6097,#6098);
#6097 = CARTESIAN_POINT('',(-7.11,-0.25,0.));
#6098 = VECTOR('',#6099,1.);
#6099 = DIRECTION('',(0.,0.,-1.));
#6100 = PCURVE('',#6044,#6101);
#6101 = DEFINITIONAL_REPRESENTATION('',(#6102),#6106);
#6102 = LINE('',#6103,#6104);
#6103 = CARTESIAN_POINT('',(0.,0.));
#6104 = VECTOR('',#6105,1.);
#6105 = DIRECTION('',(0.,1.));
#6106 = ( GEOMETRIC_REPRESENTATION_CONTEXT(2) 
PARAMETRIC_REPRESENTATION_CONTEXT() REPRESENTATION_CONTEXT('2D SPACE',''
  ) );
#6107 = PCURVE('',#6076,#6108);
#6108 = DEFINITIONAL_REPRESENTATION('',(#6109),#6113);
#6109 = LINE('',#6110,#6111);
#6110 = CARTESIAN_POINT('',(0.5,0.));
#6111 = VECTOR('',#6112,1.);
#6112 = DIRECTION('',(0.,1.));
#6113 = ( GEOMETRIC_REPRESENTATION_CONTEXT(2) 
PARAMETRIC_REPRESENTATION_CONTEXT() REPRESENTATION_CONTEXT('2D SPACE',''
  ) );
#6114 = ORIENTED_EDGE('',*,*,#6115,.F.);
#6115 = EDGE_CURVE('',#6116,#6093,#6118,.T.);
#6116 = VERTEX_POINT('',#6117);
#6117 = CARTESIAN_POINT('',(-7.81,-0.25,0.));
#6118 = SURFACE_CURVE('',#6119,(#6123,#6130),.PCURVE_S1.);
#6119 = LINE('',#6120,#6121);
#6120 = CARTESIAN_POINT('',(-3.555,-0.25,0.));
#6121 = VECTOR('',#6122,1.);
#6122 = DIRECTION('',(1.,-1.486905836552E-16,0.));
#6123 = PCURVE('',#6044,#6124);
#6124 = DEFINITIONAL_REPRESENTATION('',(#6125),#6129);
#6125 = LINE('',#6126,#6127);
#6126 = CARTESIAN_POINT('',(-3.555,-0.));
#6127 = VECTOR('',#6128,1.);
#6128 = DIRECTION('',(-1.,-0.));
#6129 = ( GEOMETRIC_REPRESENTATION_CONTEXT(2) 
PARAMETRIC_REPRESENTATION_CONTEXT() REPRESENTATION_CONTEXT('2D SPACE',''
  ) );
#6130 = PCURVE('',#4542,#6131);
#6131 = DEFINITIONAL_REPRESENTATION('',(#6132),#6136);
#6132 = LINE('',#6133,#6134);
#6133 = CARTESIAN_POINT('',(-3.555,-0.25));
#6134 = VECTOR('',#6135,1.);
#6135 = DIRECTION('',(1.,-1.486905836552E-16));
#6136 = ( GEOMETRIC_REPRESENTATION_CONTEXT(2) 
PARAMETRIC_REPRESENTATION_CONTEXT() REPRESENTATION_CONTEXT('2D SPACE',''
  ) );
#6137 = ORIENTED_EDGE('',*,*,#6138,.T.);
#6138 = EDGE_CURVE('',#6116,#5684,#6139,.T.);
#6139 = SURFACE_CURVE('',#6140,(#6144,#6151),.PCURVE_S1.);
#6140 = LINE('',#6141,#6142);
#6141 = CARTESIAN_POINT('',(-7.81,-0.25,0.));
#6142 = VECTOR('',#6143,1.);
#6143 = DIRECTION('',(0.,0.,-1.));
#6144 = PCURVE('',#6044,#6145);
#6145 = DEFINITIONAL_REPRESENTATION('',(#6146),#6150);
#6146 = LINE('',#6147,#6148);
#6147 = CARTESIAN_POINT('',(0.7,0.));
#6148 = VECTOR('',#6149,1.);
#6149 = DIRECTION('',(0.,1.));
#6150 = ( GEOMETRIC_REPRESENTATION_CONTEXT(2) 
PARAMETRIC_REPRESENTATION_CONTEXT() REPRESENTATION_CONTEXT('2D SPACE',''
  ) );
#6151 = PCURVE('',#5779,#6152);
#6152 = DEFINITIONAL_REPRESENTATION('',(#6153),#6157);
#6153 = LINE('',#6154,#6155);
#6154 = CARTESIAN_POINT('',(0.,0.));
#6155 = VECTOR('',#6156,1.);
#6156 = DIRECTION('',(0.,1.));
#6157 = ( GEOMETRIC_REPRESENTATION_CONTEXT(2) 
PARAMETRIC_REPRESENTATION_CONTEXT() REPRESENTATION_CONTEXT('2D SPACE',''
  ) );
#6158 = ADVANCED_FACE('',(#6159),#6076,.T.);
#6159 = FACE_BOUND('',#6160,.T.);
#6160 = EDGE_LOOP('',(#6161,#6162,#6185,#6206));
#6161 = ORIENTED_EDGE('',*,*,#6062,.F.);
#6162 = ORIENTED_EDGE('',*,*,#6163,.F.);
#6163 = EDGE_CURVE('',#6164,#5862,#6166,.T.);
#6164 = VERTEX_POINT('',#6165);
#6165 = CARTESIAN_POINT('',(-7.11,0.25,0.));
#6166 = SURFACE_CURVE('',#6167,(#6171,#6178),.PCURVE_S1.);
#6167 = LINE('',#6168,#6169);
#6168 = CARTESIAN_POINT('',(-7.11,0.25,0.));
#6169 = VECTOR('',#6170,1.);
#6170 = DIRECTION('',(0.,0.,-1.));
#6171 = PCURVE('',#6076,#6172);
#6172 = DEFINITIONAL_REPRESENTATION('',(#6173),#6177);
#6173 = LINE('',#6174,#6175);
#6174 = CARTESIAN_POINT('',(0.,0.));
#6175 = VECTOR('',#6176,1.);
#6176 = DIRECTION('',(0.,1.));
#6177 = ( GEOMETRIC_REPRESENTATION_CONTEXT(2) 
PARAMETRIC_REPRESENTATION_CONTEXT() REPRESENTATION_CONTEXT('2D SPACE',''
  ) );
#6178 = PCURVE('',#5877,#6179);
#6179 = DEFINITIONAL_REPRESENTATION('',(#6180),#6184);
#6180 = LINE('',#6181,#6182);
#6181 = CARTESIAN_POINT('',(0.7,0.));
#6182 = VECTOR('',#6183,1.);
#6183 = DIRECTION('',(0.,1.));
#6184 = ( GEOMETRIC_REPRESENTATION_CONTEXT(2) 
PARAMETRIC_REPRESENTATION_CONTEXT() REPRESENTATION_CONTEXT('2D SPACE',''
  ) );
#6185 = ORIENTED_EDGE('',*,*,#6186,.F.);
#6186 = EDGE_CURVE('',#6093,#6164,#6187,.T.);
#6187 = SURFACE_CURVE('',#6188,(#6192,#6199),.PCURVE_S1.);
#6188 = LINE('',#6189,#6190);
#6189 = CARTESIAN_POINT('',(-7.11,0.125,0.));
#6190 = VECTOR('',#6191,1.);
#6191 = DIRECTION('',(0.,1.,0.));
#6192 = PCURVE('',#6076,#6193);
#6193 = DEFINITIONAL_REPRESENTATION('',(#6194),#6198);
#6194 = LINE('',#6195,#6196);
#6195 = CARTESIAN_POINT('',(0.125,0.));
#6196 = VECTOR('',#6197,1.);
#6197 = DIRECTION('',(-1.,0.));
#6198 = ( GEOMETRIC_REPRESENTATION_CONTEXT(2) 
PARAMETRIC_REPRESENTATION_CONTEXT() REPRESENTATION_CONTEXT('2D SPACE',''
  ) );
#6199 = PCURVE('',#4542,#6200);
#6200 = DEFINITIONAL_REPRESENTATION('',(#6201),#6205);
#6201 = LINE('',#6202,#6203);
#6202 = CARTESIAN_POINT('',(-7.11,0.125));
#6203 = VECTOR('',#6204,1.);
#6204 = DIRECTION('',(0.,1.));
#6205 = ( GEOMETRIC_REPRESENTATION_CONTEXT(2) 
PARAMETRIC_REPRESENTATION_CONTEXT() REPRESENTATION_CONTEXT('2D SPACE',''
  ) );
#6206 = ORIENTED_EDGE('',*,*,#6092,.T.);
#6207 = ADVANCED_FACE('',(#6208),#5516,.T.);
#6208 = FACE_BOUND('',#6209,.T.);
#6209 = EDGE_LOOP('',(#6210,#6211,#6234,#6255));
#6210 = ORIENTED_EDGE('',*,*,#5502,.F.);
#6211 = ORIENTED_EDGE('',*,*,#6212,.F.);
#6212 = EDGE_CURVE('',#6213,#5435,#6215,.T.);
#6213 = VERTEX_POINT('',#6214);
#6214 = CARTESIAN_POINT('',(-2.11,-0.25,0.));
#6215 = SURFACE_CURVE('',#6216,(#6220,#6227),.PCURVE_S1.);
#6216 = LINE('',#6217,#6218);
#6217 = CARTESIAN_POINT('',(-2.11,-0.25,0.));
#6218 = VECTOR('',#6219,1.);
#6219 = DIRECTION('',(0.,0.,-1.));
#6220 = PCURVE('',#5516,#6221);
#6221 = DEFINITIONAL_REPRESENTATION('',(#6222),#6226);
#6222 = LINE('',#6223,#6224);
#6223 = CARTESIAN_POINT('',(0.,0.));
#6224 = VECTOR('',#6225,1.);
#6225 = DIRECTION('',(0.,1.));
#6226 = ( GEOMETRIC_REPRESENTATION_CONTEXT(2) 
PARAMETRIC_REPRESENTATION_CONTEXT() REPRESENTATION_CONTEXT('2D SPACE',''
  ) );
#6227 = PCURVE('',#5547,#6228);
#6228 = DEFINITIONAL_REPRESENTATION('',(#6229),#6233);
#6229 = LINE('',#6230,#6231);
#6230 = CARTESIAN_POINT('',(0.5,0.));
#6231 = VECTOR('',#6232,1.);
#6232 = DIRECTION('',(0.,1.));
#6233 = ( GEOMETRIC_REPRESENTATION_CONTEXT(2) 
PARAMETRIC_REPRESENTATION_CONTEXT() REPRESENTATION_CONTEXT('2D SPACE',''
  ) );
#6234 = ORIENTED_EDGE('',*,*,#6235,.F.);
#6235 = EDGE_CURVE('',#5636,#6213,#6236,.T.);
#6236 = SURFACE_CURVE('',#6237,(#6241,#6248),.PCURVE_S1.);
#6237 = LINE('',#6238,#6239);
#6238 = CARTESIAN_POINT('',(-1.055,-0.25,0.));
#6239 = VECTOR('',#6240,1.);
#6240 = DIRECTION('',(1.,-4.956352788505E-17,0.));
#6241 = PCURVE('',#5516,#6242);
#6242 = DEFINITIONAL_REPRESENTATION('',(#6243),#6247);
#6243 = LINE('',#6244,#6245);
#6244 = CARTESIAN_POINT('',(-1.055,-0.));
#6245 = VECTOR('',#6246,1.);
#6246 = DIRECTION('',(-1.,-0.));
#6247 = ( GEOMETRIC_REPRESENTATION_CONTEXT(2) 
PARAMETRIC_REPRESENTATION_CONTEXT() REPRESENTATION_CONTEXT('2D SPACE',''
  ) );
#6248 = PCURVE('',#4542,#6249);
#6249 = DEFINITIONAL_REPRESENTATION('',(#6250),#6254);
#6250 = LINE('',#6251,#6252);
#6251 = CARTESIAN_POINT('',(-1.055,-0.25));
#6252 = VECTOR('',#6253,1.);
#6253 = DIRECTION('',(1.,-4.956352788505E-17));
#6254 = ( GEOMETRIC_REPRESENTATION_CONTEXT(2) 
PARAMETRIC_REPRESENTATION_CONTEXT() REPRESENTATION_CONTEXT('2D SPACE',''
  ) );
#6255 = ORIENTED_EDGE('',*,*,#5635,.T.);
#6256 = ADVANCED_FACE('',(#6257),#5547,.T.);
#6257 = FACE_BOUND('',#6258,.T.);
#6258 = EDGE_LOOP('',(#6259,#6260,#6261,#6282));
#6259 = ORIENTED_EDGE('',*,*,#5533,.F.);
#6260 = ORIENTED_EDGE('',*,*,#5610,.F.);
#6261 = ORIENTED_EDGE('',*,*,#6262,.F.);
#6262 = EDGE_CURVE('',#6213,#5588,#6263,.T.);
#6263 = SURFACE_CURVE('',#6264,(#6268,#6275),.PCURVE_S1.);
#6264 = LINE('',#6265,#6266);
#6265 = CARTESIAN_POINT('',(-2.11,0.125,0.));
#6266 = VECTOR('',#6267,1.);
#6267 = DIRECTION('',(0.,1.,0.));
#6268 = PCURVE('',#5547,#6269);
#6269 = DEFINITIONAL_REPRESENTATION('',(#6270),#6274);
#6270 = LINE('',#6271,#6272);
#6271 = CARTESIAN_POINT('',(0.125,0.));
#6272 = VECTOR('',#6273,1.);
#6273 = DIRECTION('',(-1.,0.));
#6274 = ( GEOMETRIC_REPRESENTATION_CONTEXT(2) 
PARAMETRIC_REPRESENTATION_CONTEXT() REPRESENTATION_CONTEXT('2D SPACE',''
  ) );
#6275 = PCURVE('',#4542,#6276);
#6276 = DEFINITIONAL_REPRESENTATION('',(#6277),#6281);
#6277 = LINE('',#6278,#6279);
#6278 = CARTESIAN_POINT('',(-2.11,0.125));
#6279 = VECTOR('',#6280,1.);
#6280 = DIRECTION('',(0.,1.));
#6281 = ( GEOMETRIC_REPRESENTATION_CONTEXT(2) 
PARAMETRIC_REPRESENTATION_CONTEXT() REPRESENTATION_CONTEXT('2D SPACE',''
  ) );
#6282 = ORIENTED_EDGE('',*,*,#6212,.T.);
#6283 = ADVANCED_FACE('',(#6284),#4455,.T.);
#6284 = FACE_BOUND('',#6285,.T.);
#6285 = EDGE_LOOP('',(#6286,#6287,#6310,#6331));
#6286 = ORIENTED_EDGE('',*,*,#4441,.F.);
#6287 = ORIENTED_EDGE('',*,*,#6288,.F.);
#6288 = EDGE_CURVE('',#6289,#4374,#6291,.T.);
#6289 = VERTEX_POINT('',#6290);
#6290 = CARTESIAN_POINT('',(7.89,-0.25,0.));
#6291 = SURFACE_CURVE('',#6292,(#6296,#6303),.PCURVE_S1.);
#6292 = LINE('',#6293,#6294);
#6293 = CARTESIAN_POINT('',(7.89,-0.25,0.));
#6294 = VECTOR('',#6295,1.);
#6295 = DIRECTION('',(0.,0.,-1.));
#6296 = PCURVE('',#4455,#6297);
#6297 = DEFINITIONAL_REPRESENTATION('',(#6298),#6302);
#6298 = LINE('',#6299,#6300);
#6299 = CARTESIAN_POINT('',(0.,-0.));
#6300 = VECTOR('',#6301,1.);
#6301 = DIRECTION('',(0.,1.));
#6302 = ( GEOMETRIC_REPRESENTATION_CONTEXT(2) 
PARAMETRIC_REPRESENTATION_CONTEXT() REPRESENTATION_CONTEXT('2D SPACE',''
  ) );
#6303 = PCURVE('',#4486,#6304);
#6304 = DEFINITIONAL_REPRESENTATION('',(#6305),#6309);
#6305 = LINE('',#6306,#6307);
#6306 = CARTESIAN_POINT('',(0.5,0.));
#6307 = VECTOR('',#6308,1.);
#6308 = DIRECTION('',(0.,1.));
#6309 = ( GEOMETRIC_REPRESENTATION_CONTEXT(2) 
PARAMETRIC_REPRESENTATION_CONTEXT() REPRESENTATION_CONTEXT('2D SPACE',''
  ) );
#6310 = ORIENTED_EDGE('',*,*,#6311,.F.);
#6311 = EDGE_CURVE('',#4580,#6289,#6312,.T.);
#6312 = SURFACE_CURVE('',#6313,(#6317,#6324),.PCURVE_S1.);
#6313 = LINE('',#6314,#6315);
#6314 = CARTESIAN_POINT('',(3.945,-0.25,0.));
#6315 = VECTOR('',#6316,1.);
#6316 = DIRECTION('',(1.,0.,0.));
#6317 = PCURVE('',#4455,#6318);
#6318 = DEFINITIONAL_REPRESENTATION('',(#6319),#6323);
#6319 = LINE('',#6320,#6321);
#6320 = CARTESIAN_POINT('',(3.945,0.));
#6321 = VECTOR('',#6322,1.);
#6322 = DIRECTION('',(-1.,-0.));
#6323 = ( GEOMETRIC_REPRESENTATION_CONTEXT(2) 
PARAMETRIC_REPRESENTATION_CONTEXT() REPRESENTATION_CONTEXT('2D SPACE',''
  ) );
#6324 = PCURVE('',#4542,#6325);
#6325 = DEFINITIONAL_REPRESENTATION('',(#6326),#6330);
#6326 = LINE('',#6327,#6328);
#6327 = CARTESIAN_POINT('',(3.945,-0.25));
#6328 = VECTOR('',#6329,1.);
#6329 = DIRECTION('',(1.,0.));
#6330 = ( GEOMETRIC_REPRESENTATION_CONTEXT(2) 
PARAMETRIC_REPRESENTATION_CONTEXT() REPRESENTATION_CONTEXT('2D SPACE',''
  ) );
#6331 = ORIENTED_EDGE('',*,*,#4579,.T.);
#6332 = ADVANCED_FACE('',(#6333),#4486,.T.);
#6333 = FACE_BOUND('',#6334,.T.);
#6334 = EDGE_LOOP('',(#6335,#6336,#6337,#6358));
#6335 = ORIENTED_EDGE('',*,*,#4472,.F.);
#6336 = ORIENTED_EDGE('',*,*,#4554,.F.);
#6337 = ORIENTED_EDGE('',*,*,#6338,.F.);
#6338 = EDGE_CURVE('',#6289,#4527,#6339,.T.);
#6339 = SURFACE_CURVE('',#6340,(#6344,#6351),.PCURVE_S1.);
#6340 = LINE('',#6341,#6342);
#6341 = CARTESIAN_POINT('',(7.89,0.125,0.));
#6342 = VECTOR('',#6343,1.);
#6343 = DIRECTION('',(0.,1.,0.));
#6344 = PCURVE('',#4486,#6345);
#6345 = DEFINITIONAL_REPRESENTATION('',(#6346),#6350);
#6346 = LINE('',#6347,#6348);
#6347 = CARTESIAN_POINT('',(0.125,0.));
#6348 = VECTOR('',#6349,1.);
#6349 = DIRECTION('',(-1.,0.));
#6350 = ( GEOMETRIC_REPRESENTATION_CONTEXT(2) 
PARAMETRIC_REPRESENTATION_CONTEXT() REPRESENTATION_CONTEXT('2D SPACE',''
  ) );
#6351 = PCURVE('',#4542,#6352);
#6352 = DEFINITIONAL_REPRESENTATION('',(#6353),#6357);
#6353 = LINE('',#6354,#6355);
#6354 = CARTESIAN_POINT('',(7.89,0.125));
#6355 = VECTOR('',#6356,1.);
#6356 = DIRECTION('',(0.,1.));
#6357 = ( GEOMETRIC_REPRESENTATION_CONTEXT(2) 
PARAMETRIC_REPRESENTATION_CONTEXT() REPRESENTATION_CONTEXT('2D SPACE',''
  ) );
#6358 = ORIENTED_EDGE('',*,*,#6288,.T.);
#6359 = ADVANCED_FACE('',(#6360),#5877,.T.);
#6360 = FACE_BOUND('',#6361,.T.);
#6361 = EDGE_LOOP('',(#6362,#6363,#6386,#6407));
#6362 = ORIENTED_EDGE('',*,*,#5861,.F.);
#6363 = ORIENTED_EDGE('',*,*,#6364,.F.);
#6364 = EDGE_CURVE('',#6365,#5764,#6367,.T.);
#6365 = VERTEX_POINT('',#6366);
#6366 = CARTESIAN_POINT('',(-7.81,0.25,0.));
#6367 = SURFACE_CURVE('',#6368,(#6372,#6379),.PCURVE_S1.);
#6368 = LINE('',#6369,#6370);
#6369 = CARTESIAN_POINT('',(-7.81,0.25,0.));
#6370 = VECTOR('',#6371,1.);
#6371 = DIRECTION('',(0.,0.,-1.));
#6372 = PCURVE('',#5877,#6373);
#6373 = DEFINITIONAL_REPRESENTATION('',(#6374),#6378);
#6374 = LINE('',#6375,#6376);
#6375 = CARTESIAN_POINT('',(0.,0.));
#6376 = VECTOR('',#6377,1.);
#6377 = DIRECTION('',(0.,1.));
#6378 = ( GEOMETRIC_REPRESENTATION_CONTEXT(2) 
PARAMETRIC_REPRESENTATION_CONTEXT() REPRESENTATION_CONTEXT('2D SPACE',''
  ) );
#6379 = PCURVE('',#5779,#6380);
#6380 = DEFINITIONAL_REPRESENTATION('',(#6381),#6385);
#6381 = LINE('',#6382,#6383);
#6382 = CARTESIAN_POINT('',(0.5,0.));
#6383 = VECTOR('',#6384,1.);
#6384 = DIRECTION('',(0.,1.));
#6385 = ( GEOMETRIC_REPRESENTATION_CONTEXT(2) 
PARAMETRIC_REPRESENTATION_CONTEXT() REPRESENTATION_CONTEXT('2D SPACE',''
  ) );
#6386 = ORIENTED_EDGE('',*,*,#6387,.F.);
#6387 = EDGE_CURVE('',#6164,#6365,#6388,.T.);
#6388 = SURFACE_CURVE('',#6389,(#6393,#6400),.PCURVE_S1.);
#6389 = LINE('',#6390,#6391);
#6390 = CARTESIAN_POINT('',(-3.905,0.25,0.));
#6391 = VECTOR('',#6392,1.);
#6392 = DIRECTION('',(-1.,0.,0.));
#6393 = PCURVE('',#5877,#6394);
#6394 = DEFINITIONAL_REPRESENTATION('',(#6395),#6399);
#6395 = LINE('',#6396,#6397);
#6396 = CARTESIAN_POINT('',(3.905,0.));
#6397 = VECTOR('',#6398,1.);
#6398 = DIRECTION('',(-1.,0.));
#6399 = ( GEOMETRIC_REPRESENTATION_CONTEXT(2) 
PARAMETRIC_REPRESENTATION_CONTEXT() REPRESENTATION_CONTEXT('2D SPACE',''
  ) );
#6400 = PCURVE('',#4542,#6401);
#6401 = DEFINITIONAL_REPRESENTATION('',(#6402),#6406);
#6402 = LINE('',#6403,#6404);
#6403 = CARTESIAN_POINT('',(-3.905,0.25));
#6404 = VECTOR('',#6405,1.);
#6405 = DIRECTION('',(-1.,0.));
#6406 = ( GEOMETRIC_REPRESENTATION_CONTEXT(2) 
PARAMETRIC_REPRESENTATION_CONTEXT() REPRESENTATION_CONTEXT('2D SPACE',''
  ) );
#6407 = ORIENTED_EDGE('',*,*,#6163,.T.);
#6408 = ADVANCED_FACE('',(#6409),#5779,.T.);
#6409 = FACE_BOUND('',#6410,.T.);
#6410 = EDGE_LOOP('',(#6411,#6412,#6413,#6434));
#6411 = ORIENTED_EDGE('',*,*,#5763,.F.);
#6412 = ORIENTED_EDGE('',*,*,#6138,.F.);
#6413 = ORIENTED_EDGE('',*,*,#6414,.F.);
#6414 = EDGE_CURVE('',#6365,#6116,#6415,.T.);
#6415 = SURFACE_CURVE('',#6416,(#6420,#6427),.PCURVE_S1.);
#6416 = LINE('',#6417,#6418);
#6417 = CARTESIAN_POINT('',(-7.81,-0.125,0.));
#6418 = VECTOR('',#6419,1.);
#6419 = DIRECTION('',(0.,-1.,0.));
#6420 = PCURVE('',#5779,#6421);
#6421 = DEFINITIONAL_REPRESENTATION('',(#6422),#6426);
#6422 = LINE('',#6423,#6424);
#6423 = CARTESIAN_POINT('',(0.125,0.));
#6424 = VECTOR('',#6425,1.);
#6425 = DIRECTION('',(-1.,0.));
#6426 = ( GEOMETRIC_REPRESENTATION_CONTEXT(2) 
PARAMETRIC_REPRESENTATION_CONTEXT() REPRESENTATION_CONTEXT('2D SPACE',''
  ) );
#6427 = PCURVE('',#4542,#6428);
#6428 = DEFINITIONAL_REPRESENTATION('',(#6429),#6433);
#6429 = LINE('',#6430,#6431);
#6430 = CARTESIAN_POINT('',(-7.81,-0.125));
#6431 = VECTOR('',#6432,1.);
#6432 = DIRECTION('',(0.,-1.));
#6433 = ( GEOMETRIC_REPRESENTATION_CONTEXT(2) 
PARAMETRIC_REPRESENTATION_CONTEXT() REPRESENTATION_CONTEXT('2D SPACE',''
  ) );
#6434 = ORIENTED_EDGE('',*,*,#6364,.T.);
#6435 = ADVANCED_FACE('',(#6436),#4988,.T.);
#6436 = FACE_BOUND('',#6437,.T.);
#6437 = EDGE_LOOP('',(#6438,#6439,#6462,#6483));
#6438 = ORIENTED_EDGE('',*,*,#4974,.F.);
#6439 = ORIENTED_EDGE('',*,*,#6440,.F.);
#6440 = EDGE_CURVE('',#6441,#4907,#6443,.T.);
#6441 = VERTEX_POINT('',#6442);
#6442 = CARTESIAN_POINT('',(2.89,-0.25,0.));
#6443 = SURFACE_CURVE('',#6444,(#6448,#6455),.PCURVE_S1.);
#6444 = LINE('',#6445,#6446);
#6445 = CARTESIAN_POINT('',(2.89,-0.25,0.));
#6446 = VECTOR('',#6447,1.);
#6447 = DIRECTION('',(0.,0.,-1.));
#6448 = PCURVE('',#4988,#6449);
#6449 = DEFINITIONAL_REPRESENTATION('',(#6450),#6454);
#6450 = LINE('',#6451,#6452);
#6451 = CARTESIAN_POINT('',(0.,-0.));
#6452 = VECTOR('',#6453,1.);
#6453 = DIRECTION('',(0.,1.));
#6454 = ( GEOMETRIC_REPRESENTATION_CONTEXT(2) 
PARAMETRIC_REPRESENTATION_CONTEXT() REPRESENTATION_CONTEXT('2D SPACE',''
  ) );
#6455 = PCURVE('',#5019,#6456);
#6456 = DEFINITIONAL_REPRESENTATION('',(#6457),#6461);
#6457 = LINE('',#6458,#6459);
#6458 = CARTESIAN_POINT('',(0.5,0.));
#6459 = VECTOR('',#6460,1.);
#6460 = DIRECTION('',(0.,1.));
#6461 = ( GEOMETRIC_REPRESENTATION_CONTEXT(2) 
PARAMETRIC_REPRESENTATION_CONTEXT() REPRESENTATION_CONTEXT('2D SPACE',''
  ) );
#6462 = ORIENTED_EDGE('',*,*,#6463,.F.);
#6463 = EDGE_CURVE('',#5108,#6441,#6464,.T.);
#6464 = SURFACE_CURVE('',#6465,(#6469,#6476),.PCURVE_S1.);
#6465 = LINE('',#6466,#6467);
#6466 = CARTESIAN_POINT('',(1.445,-0.25,0.));
#6467 = VECTOR('',#6468,1.);
#6468 = DIRECTION('',(1.,0.,0.));
#6469 = PCURVE('',#4988,#6470);
#6470 = DEFINITIONAL_REPRESENTATION('',(#6471),#6475);
#6471 = LINE('',#6472,#6473);
#6472 = CARTESIAN_POINT('',(1.445,0.));
#6473 = VECTOR('',#6474,1.);
#6474 = DIRECTION('',(-1.,-0.));
#6475 = ( GEOMETRIC_REPRESENTATION_CONTEXT(2) 
PARAMETRIC_REPRESENTATION_CONTEXT() REPRESENTATION_CONTEXT('2D SPACE',''
  ) );
#6476 = PCURVE('',#4542,#6477);
#6477 = DEFINITIONAL_REPRESENTATION('',(#6478),#6482);
#6478 = LINE('',#6479,#6480);
#6479 = CARTESIAN_POINT('',(1.445,-0.25));
#6480 = VECTOR('',#6481,1.);
#6481 = DIRECTION('',(1.,0.));
#6482 = ( GEOMETRIC_REPRESENTATION_CONTEXT(2) 
PARAMETRIC_REPRESENTATION_CONTEXT() REPRESENTATION_CONTEXT('2D SPACE',''
  ) );
#6483 = ORIENTED_EDGE('',*,*,#5107,.T.);
#6484 = ADVANCED_FACE('',(#6485),#5019,.T.);
#6485 = FACE_BOUND('',#6486,.T.);
#6486 = EDGE_LOOP('',(#6487,#6488,#6489,#6510));
#6487 = ORIENTED_EDGE('',*,*,#5005,.F.);
#6488 = ORIENTED_EDGE('',*,*,#5082,.F.);
#6489 = ORIENTED_EDGE('',*,*,#6490,.F.);
#6490 = EDGE_CURVE('',#6441,#5060,#6491,.T.);
#6491 = SURFACE_CURVE('',#6492,(#6496,#6503),.PCURVE_S1.);
#6492 = LINE('',#6493,#6494);
#6493 = CARTESIAN_POINT('',(2.89,0.125,0.));
#6494 = VECTOR('',#6495,1.);
#6495 = DIRECTION('',(0.,1.,0.));
#6496 = PCURVE('',#5019,#6497);
#6497 = DEFINITIONAL_REPRESENTATION('',(#6498),#6502);
#6498 = LINE('',#6499,#6500);
#6499 = CARTESIAN_POINT('',(0.125,0.));
#6500 = VECTOR('',#6501,1.);
#6501 = DIRECTION('',(-1.,0.));
#6502 = ( GEOMETRIC_REPRESENTATION_CONTEXT(2) 
PARAMETRIC_REPRESENTATION_CONTEXT() REPRESENTATION_CONTEXT('2D SPACE',''
  ) );
#6503 = PCURVE('',#4542,#6504);
#6504 = DEFINITIONAL_REPRESENTATION('',(#6505),#6509);
#6505 = LINE('',#6506,#6507);
#6506 = CARTESIAN_POINT('',(2.89,0.125));
#6507 = VECTOR('',#6508,1.);
#6508 = DIRECTION('',(0.,1.));
#6509 = ( GEOMETRIC_REPRESENTATION_CONTEXT(2) 
PARAMETRIC_REPRESENTATION_CONTEXT() REPRESENTATION_CONTEXT('2D SPACE',''
  ) );
#6510 = ORIENTED_EDGE('',*,*,#6440,.T.);
#6511 = ADVANCED_FACE('',(#6512),#6526,.T.);
#6512 = FACE_BOUND('',#6513,.T.);
#6513 = EDGE_LOOP('',(#6514,#6549,#6577,#6605));
#6514 = ORIENTED_EDGE('',*,*,#6515,.T.);
#6515 = EDGE_CURVE('',#6516,#6518,#6520,.T.);
#6516 = VERTEX_POINT('',#6517);
#6517 = CARTESIAN_POINT('',(-10.,4.05,4.5));
#6518 = VERTEX_POINT('',#6519);
#6519 = CARTESIAN_POINT('',(-10.,2.5,10.));
#6520 = SURFACE_CURVE('',#6521,(#6525,#6537),.PCURVE_S1.);
#6521 = LINE('',#6522,#6523);
#6522 = CARTESIAN_POINT('',(-10.,4.249935877804,3.790550111018));
#6523 = VECTOR('',#6524,1.);
#6524 = DIRECTION('',(3.717908437698E-17,-0.271252331085,0.962508271591)
  );
#6525 = PCURVE('',#6526,#6531);
#6526 = PLANE('',#6527);
#6527 = AXIS2_PLACEMENT_3D('',#6528,#6529,#6530);
#6528 = CARTESIAN_POINT('',(5.,3.275,7.25));
#6529 = DIRECTION('',(-1.068598844512E-16,0.962508271591,0.271252331085)
  );
#6530 = DIRECTION('',(1.232595164408E-32,-0.271252331085,0.962508271591)
  );
#6531 = DEFINITIONAL_REPRESENTATION('',(#6532),#6536);
#6532 = LINE('',#6533,#6534);
#6533 = CARTESIAN_POINT('',(-3.594202762812,-15.));
#6534 = VECTOR('',#6535,1.);
#6535 = DIRECTION('',(1.,3.717908437698E-17));
#6536 = ( GEOMETRIC_REPRESENTATION_CONTEXT(2) 
PARAMETRIC_REPRESENTATION_CONTEXT() REPRESENTATION_CONTEXT('2D SPACE',''
  ) );
#6537 = PCURVE('',#6538,#6543);
#6538 = PLANE('',#6539);
#6539 = AXIS2_PLACEMENT_3D('',#6540,#6541,#6542);
#6540 = CARTESIAN_POINT('',(-10.,4.05,0.));
#6541 = DIRECTION('',(-1.,-1.370645709414E-16,0.));
#6542 = DIRECTION('',(1.370645709414E-16,-1.,0.));
#6543 = DEFINITIONAL_REPRESENTATION('',(#6544),#6548);
#6544 = LINE('',#6545,#6546);
#6545 = CARTESIAN_POINT('',(-0.199935877804,3.790550111018));
#6546 = VECTOR('',#6547,1.);
#6547 = DIRECTION('',(0.271252331085,0.962508271591));
#6548 = ( GEOMETRIC_REPRESENTATION_CONTEXT(2) 
PARAMETRIC_REPRESENTATION_CONTEXT() REPRESENTATION_CONTEXT('2D SPACE',''
  ) );
#6549 = ORIENTED_EDGE('',*,*,#6550,.T.);
#6550 = EDGE_CURVE('',#6518,#6551,#6553,.T.);
#6551 = VERTEX_POINT('',#6552);
#6552 = CARTESIAN_POINT('',(10.,2.5,10.));
#6553 = SURFACE_CURVE('',#6554,(#6558,#6565),.PCURVE_S1.);
#6554 = LINE('',#6555,#6556);
#6555 = CARTESIAN_POINT('',(5.,2.5,10.));
#6556 = VECTOR('',#6557,1.);
#6557 = DIRECTION('',(1.,1.110223024625E-16,0.));
#6558 = PCURVE('',#6526,#6559);
#6559 = DEFINITIONAL_REPRESENTATION('',(#6560),#6564);
#6560 = LINE('',#6561,#6562);
#6561 = CARTESIAN_POINT('',(2.857118303466,-2.465190328816E-32));
#6562 = VECTOR('',#6563,1.);
#6563 = DIRECTION('',(-3.011505834537E-17,1.));
#6564 = ( GEOMETRIC_REPRESENTATION_CONTEXT(2) 
PARAMETRIC_REPRESENTATION_CONTEXT() REPRESENTATION_CONTEXT('2D SPACE',''
  ) );
#6565 = PCURVE('',#6566,#6571);
#6566 = PLANE('',#6567);
#6567 = AXIS2_PLACEMENT_3D('',#6568,#6569,#6570);
#6568 = CARTESIAN_POINT('',(-1.110223024625E-15,-1.110223024625E-15,10.)
  );
#6569 = DIRECTION('',(0.,0.,1.));
#6570 = DIRECTION('',(1.,0.,-0.));
#6571 = DEFINITIONAL_REPRESENTATION('',(#6572),#6576);
#6572 = LINE('',#6573,#6574);
#6573 = CARTESIAN_POINT('',(5.,2.5));
#6574 = VECTOR('',#6575,1.);
#6575 = DIRECTION('',(1.,1.110223024625E-16));
#6576 = ( GEOMETRIC_REPRESENTATION_CONTEXT(2) 
PARAMETRIC_REPRESENTATION_CONTEXT() REPRESENTATION_CONTEXT('2D SPACE',''
  ) );
#6577 = ORIENTED_EDGE('',*,*,#6578,.T.);
#6578 = EDGE_CURVE('',#6551,#6579,#6581,.T.);
#6579 = VERTEX_POINT('',#6580);
#6580 = CARTESIAN_POINT('',(10.,4.05,4.5));
#6581 = SURFACE_CURVE('',#6582,(#6586,#6593),.PCURVE_S1.);
#6582 = LINE('',#6583,#6584);
#6583 = CARTESIAN_POINT('',(10.,3.951945677973,4.847934691065));
#6584 = VECTOR('',#6585,1.);
#6585 = DIRECTION('',(0.,0.271252331085,-0.962508271591));
#6586 = PCURVE('',#6526,#6587);
#6587 = DEFINITIONAL_REPRESENTATION('',(#6588),#6592);
#6588 = LINE('',#6589,#6590);
#6589 = CARTESIAN_POINT('',(-2.49563082192,5.));
#6590 = VECTOR('',#6591,1.);
#6591 = DIRECTION('',(-1.,1.232595164408E-32));
#6592 = ( GEOMETRIC_REPRESENTATION_CONTEXT(2) 
PARAMETRIC_REPRESENTATION_CONTEXT() REPRESENTATION_CONTEXT('2D SPACE',''
  ) );
#6593 = PCURVE('',#6594,#6599);
#6594 = PLANE('',#6595);
#6595 = AXIS2_PLACEMENT_3D('',#6596,#6597,#6598);
#6596 = CARTESIAN_POINT('',(10.,-4.05,0.));
#6597 = DIRECTION('',(1.,0.,0.));
#6598 = DIRECTION('',(-0.,1.,0.));
#6599 = DEFINITIONAL_REPRESENTATION('',(#6600),#6604);
#6600 = LINE('',#6601,#6602);
#6601 = CARTESIAN_POINT('',(8.001945677973,4.847934691065));
#6602 = VECTOR('',#6603,1.);
#6603 = DIRECTION('',(0.271252331085,-0.962508271591));
#6604 = ( GEOMETRIC_REPRESENTATION_CONTEXT(2) 
PARAMETRIC_REPRESENTATION_CONTEXT() REPRESENTATION_CONTEXT('2D SPACE',''
  ) );
#6605 = ORIENTED_EDGE('',*,*,#6606,.T.);
#6606 = EDGE_CURVE('',#6579,#6516,#6607,.T.);
#6607 = SURFACE_CURVE('',#6608,(#6612,#6619),.PCURVE_S1.);
#6608 = LINE('',#6609,#6610);
#6609 = CARTESIAN_POINT('',(5.,4.05,4.5));
#6610 = VECTOR('',#6611,1.);
#6611 = DIRECTION('',(-1.,-1.110223024625E-16,0.));
#6612 = PCURVE('',#6526,#6613);
#6613 = DEFINITIONAL_REPRESENTATION('',(#6614),#6618);
#6614 = LINE('',#6615,#6616);
#6615 = CARTESIAN_POINT('',(-2.857118303466,2.465190328816E-32));
#6616 = VECTOR('',#6617,1.);
#6617 = DIRECTION('',(3.011505834537E-17,-1.));
#6618 = ( GEOMETRIC_REPRESENTATION_CONTEXT(2) 
PARAMETRIC_REPRESENTATION_CONTEXT() REPRESENTATION_CONTEXT('2D SPACE',''
  ) );
#6619 = PCURVE('',#6620,#6625);
#6620 = PLANE('',#6621);
#6621 = AXIS2_PLACEMENT_3D('',#6622,#6623,#6624);
#6622 = CARTESIAN_POINT('',(10.,4.05,0.));
#6623 = DIRECTION('',(-1.110223024625E-16,1.,0.));
#6624 = DIRECTION('',(-1.,-1.110223024625E-16,0.));
#6625 = DEFINITIONAL_REPRESENTATION('',(#6626),#6630);
#6626 = LINE('',#6627,#6628);
#6627 = CARTESIAN_POINT('',(5.,4.5));
#6628 = VECTOR('',#6629,1.);
#6629 = DIRECTION('',(1.,0.));
#6630 = ( GEOMETRIC_REPRESENTATION_CONTEXT(2) 
PARAMETRIC_REPRESENTATION_CONTEXT() REPRESENTATION_CONTEXT('2D SPACE',''
  ) );
#6631 = ADVANCED_FACE('',(#6632,#6707,#6737,#6767,#6797),#6566,.T.);
#6632 = FACE_BOUND('',#6633,.T.);
#6633 = EDGE_LOOP('',(#6634,#6635,#6658,#6686));
#6634 = ORIENTED_EDGE('',*,*,#6550,.F.);
#6635 = ORIENTED_EDGE('',*,*,#6636,.T.);
#6636 = EDGE_CURVE('',#6518,#6637,#6639,.T.);
#6637 = VERTEX_POINT('',#6638);
#6638 = CARTESIAN_POINT('',(-10.,-2.5,10.));
#6639 = SURFACE_CURVE('',#6640,(#6644,#6651),.PCURVE_S1.);
#6640 = LINE('',#6641,#6642);
#6641 = CARTESIAN_POINT('',(-10.,4.05,10.));
#6642 = VECTOR('',#6643,1.);
#6643 = DIRECTION('',(1.370645709414E-16,-1.,0.));
#6644 = PCURVE('',#6566,#6645);
#6645 = DEFINITIONAL_REPRESENTATION('',(#6646),#6650);
#6646 = LINE('',#6647,#6648);
#6647 = CARTESIAN_POINT('',(-10.,4.05));
#6648 = VECTOR('',#6649,1.);
#6649 = DIRECTION('',(1.370645709414E-16,-1.));
#6650 = ( GEOMETRIC_REPRESENTATION_CONTEXT(2) 
PARAMETRIC_REPRESENTATION_CONTEXT() REPRESENTATION_CONTEXT('2D SPACE',''
  ) );
#6651 = PCURVE('',#6538,#6652);
#6652 = DEFINITIONAL_REPRESENTATION('',(#6653),#6657);
#6653 = LINE('',#6654,#6655);
#6654 = CARTESIAN_POINT('',(0.,10.));
#6655 = VECTOR('',#6656,1.);
#6656 = DIRECTION('',(1.,0.));
#6657 = ( GEOMETRIC_REPRESENTATION_CONTEXT(2) 
PARAMETRIC_REPRESENTATION_CONTEXT() REPRESENTATION_CONTEXT('2D SPACE',''
  ) );
#6658 = ORIENTED_EDGE('',*,*,#6659,.F.);
#6659 = EDGE_CURVE('',#6660,#6637,#6662,.T.);
#6660 = VERTEX_POINT('',#6661);
#6661 = CARTESIAN_POINT('',(10.,-2.5,10.));
#6662 = SURFACE_CURVE('',#6663,(#6667,#6674),.PCURVE_S1.);
#6663 = LINE('',#6664,#6665);
#6664 = CARTESIAN_POINT('',(-5.,-2.5,10.));
#6665 = VECTOR('',#6666,1.);
#6666 = DIRECTION('',(-1.,0.,0.));
#6667 = PCURVE('',#6566,#6668);
#6668 = DEFINITIONAL_REPRESENTATION('',(#6669),#6673);
#6669 = LINE('',#6670,#6671);
#6670 = CARTESIAN_POINT('',(-5.,-2.5));
#6671 = VECTOR('',#6672,1.);
#6672 = DIRECTION('',(-1.,0.));
#6673 = ( GEOMETRIC_REPRESENTATION_CONTEXT(2) 
PARAMETRIC_REPRESENTATION_CONTEXT() REPRESENTATION_CONTEXT('2D SPACE',''
  ) );
#6674 = PCURVE('',#6675,#6680);
#6675 = PLANE('',#6676);
#6676 = AXIS2_PLACEMENT_3D('',#6677,#6678,#6679);
#6677 = CARTESIAN_POINT('',(-5.,-3.275,7.705));
#6678 = DIRECTION('',(0.,-0.947437541963,0.319940782144));
#6679 = DIRECTION('',(0.,-0.319940782144,-0.947437541963));
#6680 = DEFINITIONAL_REPRESENTATION('',(#6681),#6685);
#6681 = LINE('',#6682,#6683);
#6682 = CARTESIAN_POINT('',(-2.422323264967,0.));
#6683 = VECTOR('',#6684,1.);
#6684 = DIRECTION('',(-0.,-1.));
#6685 = ( GEOMETRIC_REPRESENTATION_CONTEXT(2) 
PARAMETRIC_REPRESENTATION_CONTEXT() REPRESENTATION_CONTEXT('2D SPACE',''
  ) );
#6686 = ORIENTED_EDGE('',*,*,#6687,.T.);
#6687 = EDGE_CURVE('',#6660,#6551,#6688,.T.);
#6688 = SURFACE_CURVE('',#6689,(#6693,#6700),.PCURVE_S1.);
#6689 = LINE('',#6690,#6691);
#6690 = CARTESIAN_POINT('',(10.,-4.05,10.));
#6691 = VECTOR('',#6692,1.);
#6692 = DIRECTION('',(0.,1.,0.));
#6693 = PCURVE('',#6566,#6694);
#6694 = DEFINITIONAL_REPRESENTATION('',(#6695),#6699);
#6695 = LINE('',#6696,#6697);
#6696 = CARTESIAN_POINT('',(10.,-4.05));
#6697 = VECTOR('',#6698,1.);
#6698 = DIRECTION('',(0.,1.));
#6699 = ( GEOMETRIC_REPRESENTATION_CONTEXT(2) 
PARAMETRIC_REPRESENTATION_CONTEXT() REPRESENTATION_CONTEXT('2D SPACE',''
  ) );
#6700 = PCURVE('',#6594,#6701);
#6701 = DEFINITIONAL_REPRESENTATION('',(#6702),#6706);
#6702 = LINE('',#6703,#6704);
#6703 = CARTESIAN_POINT('',(0.,10.));
#6704 = VECTOR('',#6705,1.);
#6705 = DIRECTION('',(1.,0.));
#6706 = ( GEOMETRIC_REPRESENTATION_CONTEXT(2) 
PARAMETRIC_REPRESENTATION_CONTEXT() REPRESENTATION_CONTEXT('2D SPACE',''
  ) );
#6707 = FACE_BOUND('',#6708,.T.);
#6708 = EDGE_LOOP('',(#6709));
#6709 = ORIENTED_EDGE('',*,*,#6710,.T.);
#6710 = EDGE_CURVE('',#6711,#6711,#6713,.T.);
#6711 = VERTEX_POINT('',#6712);
#6712 = CARTESIAN_POINT('',(0.64,2.32682891838E-16,10.));
#6713 = SURFACE_CURVE('',#6714,(#6719,#6730),.PCURVE_S1.);
#6714 = CIRCLE('',#6715,1.9);
#6715 = AXIS2_PLACEMENT_3D('',#6716,#6717,#6718);
#6716 = CARTESIAN_POINT('',(2.54,0.,10.));
#6717 = DIRECTION('',(0.,0.,-1.));
#6718 = DIRECTION('',(1.,0.,0.));
#6719 = PCURVE('',#6566,#6720);
#6720 = DEFINITIONAL_REPRESENTATION('',(#6721),#6729);
#6721 = ( BOUNDED_CURVE() B_SPLINE_CURVE(2,(#6722,#6723,#6724,#6725,
#6726,#6727,#6728),.UNSPECIFIED.,.T.,.F.) B_SPLINE_CURVE_WITH_KNOTS((1,2
    ,2,2,2,1),(-2.094395102393,0.,2.094395102393,4.188790204786,
6.28318530718,8.377580409573),.UNSPECIFIED.) CURVE() 
GEOMETRIC_REPRESENTATION_ITEM() RATIONAL_B_SPLINE_CURVE((1.,0.5,1.,0.5,
1.,0.5,1.)) REPRESENTATION_ITEM('') );
#6722 = CARTESIAN_POINT('',(4.44,1.110223024625E-15));
#6723 = CARTESIAN_POINT('',(4.44,-3.290896534381));
#6724 = CARTESIAN_POINT('',(1.59,-1.64544826719));
#6725 = CARTESIAN_POINT('',(-1.26,6.44857240949E-16));
#6726 = CARTESIAN_POINT('',(1.59,1.64544826719));
#6727 = CARTESIAN_POINT('',(4.44,3.290896534381));
#6728 = CARTESIAN_POINT('',(4.44,1.110223024625E-15));
#6729 = ( GEOMETRIC_REPRESENTATION_CONTEXT(2) 
PARAMETRIC_REPRESENTATION_CONTEXT() REPRESENTATION_CONTEXT('2D SPACE',''
  ) );
#6730 = PCURVE('',#49,#6731);
#6731 = DEFINITIONAL_REPRESENTATION('',(#6732),#6736);
#6732 = LINE('',#6733,#6734);
#6733 = CARTESIAN_POINT('',(0.,0.));
#6734 = VECTOR('',#6735,1.);
#6735 = DIRECTION('',(1.,0.));
#6736 = ( GEOMETRIC_REPRESENTATION_CONTEXT(2) 
PARAMETRIC_REPRESENTATION_CONTEXT() REPRESENTATION_CONTEXT('2D SPACE',''
  ) );
#6737 = FACE_BOUND('',#6738,.T.);
#6738 = EDGE_LOOP('',(#6739));
#6739 = ORIENTED_EDGE('',*,*,#6740,.T.);
#6740 = EDGE_CURVE('',#6741,#6741,#6743,.T.);
#6741 = VERTEX_POINT('',#6742);
#6742 = CARTESIAN_POINT('',(-4.36,-4.213899447177E-16,10.));
#6743 = SURFACE_CURVE('',#6744,(#6749,#6760),.PCURVE_S1.);
#6744 = CIRCLE('',#6745,1.9);
#6745 = AXIS2_PLACEMENT_3D('',#6746,#6747,#6748);
#6746 = CARTESIAN_POINT('',(-2.46,-6.540728365557E-16,10.));
#6747 = DIRECTION('',(0.,0.,-1.));
#6748 = DIRECTION('',(1.,0.,0.));
#6749 = PCURVE('',#6566,#6750);
#6750 = DEFINITIONAL_REPRESENTATION('',(#6751),#6759);
#6751 = ( BOUNDED_CURVE() B_SPLINE_CURVE(2,(#6752,#6753,#6754,#6755,
#6756,#6757,#6758),.UNSPECIFIED.,.T.,.F.) B_SPLINE_CURVE_WITH_KNOTS((1,2
    ,2,2,2,1),(-2.094395102393,0.,2.094395102393,4.188790204786,
6.28318530718,8.377580409573),.UNSPECIFIED.) CURVE() 
GEOMETRIC_REPRESENTATION_ITEM() RATIONAL_B_SPLINE_CURVE((1.,0.5,1.,0.5,
1.,0.5,1.)) REPRESENTATION_ITEM('') );
#6752 = CARTESIAN_POINT('',(-0.56,4.561501880693E-16));
#6753 = CARTESIAN_POINT('',(-0.56,-3.290896534381));
#6754 = CARTESIAN_POINT('',(-3.41,-1.64544826719));
#6755 = CARTESIAN_POINT('',(-6.26,-9.215595606694E-18));
#6756 = CARTESIAN_POINT('',(-3.41,1.64544826719));
#6757 = CARTESIAN_POINT('',(-0.56,3.290896534381));
#6758 = CARTESIAN_POINT('',(-0.56,4.561501880693E-16));
#6759 = ( GEOMETRIC_REPRESENTATION_CONTEXT(2) 
PARAMETRIC_REPRESENTATION_CONTEXT() REPRESENTATION_CONTEXT('2D SPACE',''
  ) );
#6760 = PCURVE('',#662,#6761);
#6761 = DEFINITIONAL_REPRESENTATION('',(#6762),#6766);
#6762 = LINE('',#6763,#6764);
#6763 = CARTESIAN_POINT('',(0.,0.));
#6764 = VECTOR('',#6765,1.);
#6765 = DIRECTION('',(1.,0.));
#6766 = ( GEOMETRIC_REPRESENTATION_CONTEXT(2) 
PARAMETRIC_REPRESENTATION_CONTEXT() REPRESENTATION_CONTEXT('2D SPACE',''
  ) );
#6767 = FACE_BOUND('',#6768,.T.);
#6768 = EDGE_LOOP('',(#6769));
#6769 = ORIENTED_EDGE('',*,*,#6770,.T.);
#6770 = EDGE_CURVE('',#6771,#6771,#6773,.T.);
#6771 = VERTEX_POINT('',#6772);
#6772 = CARTESIAN_POINT('',(5.64,2.32682891838E-16,10.));
#6773 = SURFACE_CURVE('',#6774,(#6779,#6790),.PCURVE_S1.);
#6774 = CIRCLE('',#6775,1.9);
#6775 = AXIS2_PLACEMENT_3D('',#6776,#6777,#6778);
#6776 = CARTESIAN_POINT('',(7.54,0.,10.));
#6777 = DIRECTION('',(0.,0.,-1.));
#6778 = DIRECTION('',(1.,0.,0.));
#6779 = PCURVE('',#6566,#6780);
#6780 = DEFINITIONAL_REPRESENTATION('',(#6781),#6789);
#6781 = ( BOUNDED_CURVE() B_SPLINE_CURVE(2,(#6782,#6783,#6784,#6785,
#6786,#6787,#6788),.UNSPECIFIED.,.T.,.F.) B_SPLINE_CURVE_WITH_KNOTS((1,2
    ,2,2,2,1),(-2.094395102393,0.,2.094395102393,4.188790204786,
6.28318530718,8.377580409573),.UNSPECIFIED.) CURVE() 
GEOMETRIC_REPRESENTATION_ITEM() RATIONAL_B_SPLINE_CURVE((1.,0.5,1.,0.5,
1.,0.5,1.)) REPRESENTATION_ITEM('') );
#6782 = CARTESIAN_POINT('',(9.44,1.110223024625E-15));
#6783 = CARTESIAN_POINT('',(9.44,-3.290896534381));
#6784 = CARTESIAN_POINT('',(6.59,-1.64544826719));
#6785 = CARTESIAN_POINT('',(3.74,6.44857240949E-16));
#6786 = CARTESIAN_POINT('',(6.59,1.64544826719));
#6787 = CARTESIAN_POINT('',(9.44,3.290896534381));
#6788 = CARTESIAN_POINT('',(9.44,1.110223024625E-15));
#6789 = ( GEOMETRIC_REPRESENTATION_CONTEXT(2) 
PARAMETRIC_REPRESENTATION_CONTEXT() REPRESENTATION_CONTEXT('2D SPACE',''
  ) );
#6790 = PCURVE('',#1275,#6791);
#6791 = DEFINITIONAL_REPRESENTATION('',(#6792),#6796);
#6792 = LINE('',#6793,#6794);
#6793 = CARTESIAN_POINT('',(0.,0.));
#6794 = VECTOR('',#6795,1.);
#6795 = DIRECTION('',(1.,0.));
#6796 = ( GEOMETRIC_REPRESENTATION_CONTEXT(2) 
PARAMETRIC_REPRESENTATION_CONTEXT() REPRESENTATION_CONTEXT('2D SPACE',''
  ) );
#6797 = FACE_BOUND('',#6798,.T.);
#6798 = EDGE_LOOP('',(#6799));
#6799 = ORIENTED_EDGE('',*,*,#6800,.T.);
#6800 = EDGE_CURVE('',#6801,#6801,#6803,.T.);
#6801 = VERTEX_POINT('',#6802);
#6802 = CARTESIAN_POINT('',(-9.36,-8.597765643932E-16,10.));
#6803 = SURFACE_CURVE('',#6804,(#6809,#6820),.PCURVE_S1.);
#6804 = CIRCLE('',#6805,1.9);
#6805 = AXIS2_PLACEMENT_3D('',#6806,#6807,#6808);
#6806 = CARTESIAN_POINT('',(-7.46,-1.092459456231E-15,10.));
#6807 = DIRECTION('',(0.,0.,-1.));
#6808 = DIRECTION('',(1.,0.,0.));
#6809 = PCURVE('',#6566,#6810);
#6810 = DEFINITIONAL_REPRESENTATION('',(#6811),#6819);
#6811 = ( BOUNDED_CURVE() B_SPLINE_CURVE(2,(#6812,#6813,#6814,#6815,
#6816,#6817,#6818),.UNSPECIFIED.,.T.,.F.) B_SPLINE_CURVE_WITH_KNOTS((1,2
    ,2,2,2,1),(-2.094395102393,0.,2.094395102393,4.188790204786,
6.28318530718,8.377580409573),.UNSPECIFIED.) CURVE() 
GEOMETRIC_REPRESENTATION_ITEM() RATIONAL_B_SPLINE_CURVE((1.,0.5,1.,0.5,
1.,0.5,1.)) REPRESENTATION_ITEM('') );
#6812 = CARTESIAN_POINT('',(-5.56,1.7763568394E-17));
#6813 = CARTESIAN_POINT('',(-5.56,-3.290896534381));
#6814 = CARTESIAN_POINT('',(-8.41,-1.64544826719));
#6815 = CARTESIAN_POINT('',(-11.26,-4.47602215282E-16));
#6816 = CARTESIAN_POINT('',(-8.41,1.64544826719));
#6817 = CARTESIAN_POINT('',(-5.56,3.290896534381));
#6818 = CARTESIAN_POINT('',(-5.56,1.7763568394E-17));
#6819 = ( GEOMETRIC_REPRESENTATION_CONTEXT(2) 
PARAMETRIC_REPRESENTATION_CONTEXT() REPRESENTATION_CONTEXT('2D SPACE',''
  ) );
#6820 = PCURVE('',#1888,#6821);
#6821 = DEFINITIONAL_REPRESENTATION('',(#6822),#6826);
#6822 = LINE('',#6823,#6824);
#6823 = CARTESIAN_POINT('',(0.,0.));
#6824 = VECTOR('',#6825,1.);
#6825 = DIRECTION('',(1.,0.));
#6826 = ( GEOMETRIC_REPRESENTATION_CONTEXT(2) 
PARAMETRIC_REPRESENTATION_CONTEXT() REPRESENTATION_CONTEXT('2D SPACE',''
  ) );
#6827 = ADVANCED_FACE('',(#6828),#6538,.T.);
#6828 = FACE_BOUND('',#6829,.T.);
#6829 = EDGE_LOOP('',(#6830,#6831,#6854,#6877,#6900,#6921));
#6830 = ORIENTED_EDGE('',*,*,#6515,.F.);
#6831 = ORIENTED_EDGE('',*,*,#6832,.F.);
#6832 = EDGE_CURVE('',#6833,#6516,#6835,.T.);
#6833 = VERTEX_POINT('',#6834);
#6834 = CARTESIAN_POINT('',(-10.,4.05,0.));
#6835 = SURFACE_CURVE('',#6836,(#6840,#6847),.PCURVE_S1.);
#6836 = LINE('',#6837,#6838);
#6837 = CARTESIAN_POINT('',(-10.,4.05,0.));
#6838 = VECTOR('',#6839,1.);
#6839 = DIRECTION('',(0.,0.,1.));
#6840 = PCURVE('',#6538,#6841);
#6841 = DEFINITIONAL_REPRESENTATION('',(#6842),#6846);
#6842 = LINE('',#6843,#6844);
#6843 = CARTESIAN_POINT('',(0.,0.));
#6844 = VECTOR('',#6845,1.);
#6845 = DIRECTION('',(0.,1.));
#6846 = ( GEOMETRIC_REPRESENTATION_CONTEXT(2) 
PARAMETRIC_REPRESENTATION_CONTEXT() REPRESENTATION_CONTEXT('2D SPACE',''
  ) );
#6847 = PCURVE('',#6620,#6848);
#6848 = DEFINITIONAL_REPRESENTATION('',(#6849),#6853);
#6849 = LINE('',#6850,#6851);
#6850 = CARTESIAN_POINT('',(20.,0.));
#6851 = VECTOR('',#6852,1.);
#6852 = DIRECTION('',(0.,1.));
#6853 = ( GEOMETRIC_REPRESENTATION_CONTEXT(2) 
PARAMETRIC_REPRESENTATION_CONTEXT() REPRESENTATION_CONTEXT('2D SPACE',''
  ) );
#6854 = ORIENTED_EDGE('',*,*,#6855,.T.);
#6855 = EDGE_CURVE('',#6833,#6856,#6858,.T.);
#6856 = VERTEX_POINT('',#6857);
#6857 = CARTESIAN_POINT('',(-10.,-4.05,0.));
#6858 = SURFACE_CURVE('',#6859,(#6863,#6870),.PCURVE_S1.);
#6859 = LINE('',#6860,#6861);
#6860 = CARTESIAN_POINT('',(-10.,4.05,0.));
#6861 = VECTOR('',#6862,1.);
#6862 = DIRECTION('',(1.370645709414E-16,-1.,0.));
#6863 = PCURVE('',#6538,#6864);
#6864 = DEFINITIONAL_REPRESENTATION('',(#6865),#6869);
#6865 = LINE('',#6866,#6867);
#6866 = CARTESIAN_POINT('',(0.,0.));
#6867 = VECTOR('',#6868,1.);
#6868 = DIRECTION('',(1.,0.));
#6869 = ( GEOMETRIC_REPRESENTATION_CONTEXT(2) 
PARAMETRIC_REPRESENTATION_CONTEXT() REPRESENTATION_CONTEXT('2D SPACE',''
  ) );
#6870 = PCURVE('',#4542,#6871);
#6871 = DEFINITIONAL_REPRESENTATION('',(#6872),#6876);
#6872 = LINE('',#6873,#6874);
#6873 = CARTESIAN_POINT('',(-10.,4.05));
#6874 = VECTOR('',#6875,1.);
#6875 = DIRECTION('',(1.370645709414E-16,-1.));
#6876 = ( GEOMETRIC_REPRESENTATION_CONTEXT(2) 
PARAMETRIC_REPRESENTATION_CONTEXT() REPRESENTATION_CONTEXT('2D SPACE',''
  ) );
#6877 = ORIENTED_EDGE('',*,*,#6878,.T.);
#6878 = EDGE_CURVE('',#6856,#6879,#6881,.T.);
#6879 = VERTEX_POINT('',#6880);
#6880 = CARTESIAN_POINT('',(-10.,-4.05,5.41));
#6881 = SURFACE_CURVE('',#6882,(#6886,#6893),.PCURVE_S1.);
#6882 = LINE('',#6883,#6884);
#6883 = CARTESIAN_POINT('',(-10.,-4.05,0.));
#6884 = VECTOR('',#6885,1.);
#6885 = DIRECTION('',(0.,0.,1.));
#6886 = PCURVE('',#6538,#6887);
#6887 = DEFINITIONAL_REPRESENTATION('',(#6888),#6892);
#6888 = LINE('',#6889,#6890);
#6889 = CARTESIAN_POINT('',(8.1,0.));
#6890 = VECTOR('',#6891,1.);
#6891 = DIRECTION('',(0.,1.));
#6892 = ( GEOMETRIC_REPRESENTATION_CONTEXT(2) 
PARAMETRIC_REPRESENTATION_CONTEXT() REPRESENTATION_CONTEXT('2D SPACE',''
  ) );
#6893 = PCURVE('',#2848,#6894);
#6894 = DEFINITIONAL_REPRESENTATION('',(#6895),#6899);
#6895 = LINE('',#6896,#6897);
#6896 = CARTESIAN_POINT('',(0.,0.));
#6897 = VECTOR('',#6898,1.);
#6898 = DIRECTION('',(0.,1.));
#6899 = ( GEOMETRIC_REPRESENTATION_CONTEXT(2) 
PARAMETRIC_REPRESENTATION_CONTEXT() REPRESENTATION_CONTEXT('2D SPACE',''
  ) );
#6900 = ORIENTED_EDGE('',*,*,#6901,.F.);
#6901 = EDGE_CURVE('',#6637,#6879,#6902,.T.);
#6902 = SURFACE_CURVE('',#6903,(#6907,#6914),.PCURVE_S1.);
#6903 = LINE('',#6904,#6905);
#6904 = CARTESIAN_POINT('',(-10.,-4.067883650184,5.357041319779));
#6905 = VECTOR('',#6906,1.);
#6906 = DIRECTION('',(4.385254603127E-17,-0.319940782144,-0.947437541963
    ));
#6907 = PCURVE('',#6538,#6908);
#6908 = DEFINITIONAL_REPRESENTATION('',(#6909),#6913);
#6909 = LINE('',#6910,#6911);
#6910 = CARTESIAN_POINT('',(8.117883650184,5.357041319779));
#6911 = VECTOR('',#6912,1.);
#6912 = DIRECTION('',(0.319940782144,-0.947437541963));
#6913 = ( GEOMETRIC_REPRESENTATION_CONTEXT(2) 
PARAMETRIC_REPRESENTATION_CONTEXT() REPRESENTATION_CONTEXT('2D SPACE',''
  ) );
#6914 = PCURVE('',#6675,#6915);
#6915 = DEFINITIONAL_REPRESENTATION('',(#6916),#6920);
#6916 = LINE('',#6917,#6918);
#6917 = CARTESIAN_POINT('',(2.478220015809,-5.));
#6918 = VECTOR('',#6919,1.);
#6919 = DIRECTION('',(1.,4.385254603127E-17));
#6920 = ( GEOMETRIC_REPRESENTATION_CONTEXT(2) 
PARAMETRIC_REPRESENTATION_CONTEXT() REPRESENTATION_CONTEXT('2D SPACE',''
  ) );
#6921 = ORIENTED_EDGE('',*,*,#6636,.F.);
#6922 = ADVANCED_FACE('',(#6923),#6675,.T.);
#6923 = FACE_BOUND('',#6924,.T.);
#6924 = EDGE_LOOP('',(#6925,#6948,#6949,#6950));
#6925 = ORIENTED_EDGE('',*,*,#6926,.T.);
#6926 = EDGE_CURVE('',#6927,#6660,#6929,.T.);
#6927 = VERTEX_POINT('',#6928);
#6928 = CARTESIAN_POINT('',(10.,-4.05,5.41));
#6929 = SURFACE_CURVE('',#6930,(#6934,#6941),.PCURVE_S1.);
#6930 = LINE('',#6931,#6932);
#6931 = CARTESIAN_POINT('',(10.,-4.482450171704,4.129389491534));
#6932 = VECTOR('',#6933,1.);
#6933 = DIRECTION('',(0.,0.319940782144,0.947437541963));
#6934 = PCURVE('',#6675,#6935);
#6935 = DEFINITIONAL_REPRESENTATION('',(#6936),#6940);
#6936 = LINE('',#6937,#6938);
#6937 = CARTESIAN_POINT('',(3.773980183493,15.));
#6938 = VECTOR('',#6939,1.);
#6939 = DIRECTION('',(-1.,0.));
#6940 = ( GEOMETRIC_REPRESENTATION_CONTEXT(2) 
PARAMETRIC_REPRESENTATION_CONTEXT() REPRESENTATION_CONTEXT('2D SPACE',''
  ) );
#6941 = PCURVE('',#6594,#6942);
#6942 = DEFINITIONAL_REPRESENTATION('',(#6943),#6947);
#6943 = LINE('',#6944,#6945);
#6944 = CARTESIAN_POINT('',(-0.432450171704,4.129389491534));
#6945 = VECTOR('',#6946,1.);
#6946 = DIRECTION('',(0.319940782144,0.947437541963));
#6947 = ( GEOMETRIC_REPRESENTATION_CONTEXT(2) 
PARAMETRIC_REPRESENTATION_CONTEXT() REPRESENTATION_CONTEXT('2D SPACE',''
  ) );
#6948 = ORIENTED_EDGE('',*,*,#6659,.T.);
#6949 = ORIENTED_EDGE('',*,*,#6901,.T.);
#6950 = ORIENTED_EDGE('',*,*,#6951,.T.);
#6951 = EDGE_CURVE('',#6879,#6927,#6952,.T.);
#6952 = SURFACE_CURVE('',#6953,(#6957,#6964),.PCURVE_S1.);
#6953 = LINE('',#6954,#6955);
#6954 = CARTESIAN_POINT('',(-5.,-4.05,5.41));
#6955 = VECTOR('',#6956,1.);
#6956 = DIRECTION('',(1.,0.,0.));
#6957 = PCURVE('',#6675,#6958);
#6958 = DEFINITIONAL_REPRESENTATION('',(#6959),#6963);
#6959 = LINE('',#6960,#6961);
#6960 = CARTESIAN_POINT('',(2.422323264967,0.));
#6961 = VECTOR('',#6962,1.);
#6962 = DIRECTION('',(0.,1.));
#6963 = ( GEOMETRIC_REPRESENTATION_CONTEXT(2) 
PARAMETRIC_REPRESENTATION_CONTEXT() REPRESENTATION_CONTEXT('2D SPACE',''
  ) );
#6964 = PCURVE('',#2848,#6965);
#6965 = DEFINITIONAL_REPRESENTATION('',(#6966),#6970);
#6966 = LINE('',#6967,#6968);
#6967 = CARTESIAN_POINT('',(5.,5.41));
#6968 = VECTOR('',#6969,1.);
#6969 = DIRECTION('',(1.,0.));
#6970 = ( GEOMETRIC_REPRESENTATION_CONTEXT(2) 
PARAMETRIC_REPRESENTATION_CONTEXT() REPRESENTATION_CONTEXT('2D SPACE',''
  ) );
#6971 = ADVANCED_FACE('',(#6972),#6594,.T.);
#6972 = FACE_BOUND('',#6973,.T.);
#6973 = EDGE_LOOP('',(#6974,#6975,#6976,#6977,#7000,#7023));
#6974 = ORIENTED_EDGE('',*,*,#6578,.F.);
#6975 = ORIENTED_EDGE('',*,*,#6687,.F.);
#6976 = ORIENTED_EDGE('',*,*,#6926,.F.);
#6977 = ORIENTED_EDGE('',*,*,#6978,.F.);
#6978 = EDGE_CURVE('',#6979,#6927,#6981,.T.);
#6979 = VERTEX_POINT('',#6980);
#6980 = CARTESIAN_POINT('',(10.,-4.05,0.));
#6981 = SURFACE_CURVE('',#6982,(#6986,#6993),.PCURVE_S1.);
#6982 = LINE('',#6983,#6984);
#6983 = CARTESIAN_POINT('',(10.,-4.05,0.));
#6984 = VECTOR('',#6985,1.);
#6985 = DIRECTION('',(0.,0.,1.));
#6986 = PCURVE('',#6594,#6987);
#6987 = DEFINITIONAL_REPRESENTATION('',(#6988),#6992);
#6988 = LINE('',#6989,#6990);
#6989 = CARTESIAN_POINT('',(0.,0.));
#6990 = VECTOR('',#6991,1.);
#6991 = DIRECTION('',(0.,1.));
#6992 = ( GEOMETRIC_REPRESENTATION_CONTEXT(2) 
PARAMETRIC_REPRESENTATION_CONTEXT() REPRESENTATION_CONTEXT('2D SPACE',''
  ) );
#6993 = PCURVE('',#2848,#6994);
#6994 = DEFINITIONAL_REPRESENTATION('',(#6995),#6999);
#6995 = LINE('',#6996,#6997);
#6996 = CARTESIAN_POINT('',(20.,0.));
#6997 = VECTOR('',#6998,1.);
#6998 = DIRECTION('',(0.,1.));
#6999 = ( GEOMETRIC_REPRESENTATION_CONTEXT(2) 
PARAMETRIC_REPRESENTATION_CONTEXT() REPRESENTATION_CONTEXT('2D SPACE',''
  ) );
#7000 = ORIENTED_EDGE('',*,*,#7001,.T.);
#7001 = EDGE_CURVE('',#6979,#7002,#7004,.T.);
#7002 = VERTEX_POINT('',#7003);
#7003 = CARTESIAN_POINT('',(10.,4.05,0.));
#7004 = SURFACE_CURVE('',#7005,(#7009,#7016),.PCURVE_S1.);
#7005 = LINE('',#7006,#7007);
#7006 = CARTESIAN_POINT('',(10.,-4.05,0.));
#7007 = VECTOR('',#7008,1.);
#7008 = DIRECTION('',(0.,1.,0.));
#7009 = PCURVE('',#6594,#7010);
#7010 = DEFINITIONAL_REPRESENTATION('',(#7011),#7015);
#7011 = LINE('',#7012,#7013);
#7012 = CARTESIAN_POINT('',(0.,0.));
#7013 = VECTOR('',#7014,1.);
#7014 = DIRECTION('',(1.,0.));
#7015 = ( GEOMETRIC_REPRESENTATION_CONTEXT(2) 
PARAMETRIC_REPRESENTATION_CONTEXT() REPRESENTATION_CONTEXT('2D SPACE',''
  ) );
#7016 = PCURVE('',#4542,#7017);
#7017 = DEFINITIONAL_REPRESENTATION('',(#7018),#7022);
#7018 = LINE('',#7019,#7020);
#7019 = CARTESIAN_POINT('',(10.,-4.05));
#7020 = VECTOR('',#7021,1.);
#7021 = DIRECTION('',(0.,1.));
#7022 = ( GEOMETRIC_REPRESENTATION_CONTEXT(2) 
PARAMETRIC_REPRESENTATION_CONTEXT() REPRESENTATION_CONTEXT('2D SPACE',''
  ) );
#7023 = ORIENTED_EDGE('',*,*,#7024,.T.);
#7024 = EDGE_CURVE('',#7002,#6579,#7025,.T.);
#7025 = SURFACE_CURVE('',#7026,(#7030,#7037),.PCURVE_S1.);
#7026 = LINE('',#7027,#7028);
#7027 = CARTESIAN_POINT('',(10.,4.05,0.));
#7028 = VECTOR('',#7029,1.);
#7029 = DIRECTION('',(0.,0.,1.));
#7030 = PCURVE('',#6594,#7031);
#7031 = DEFINITIONAL_REPRESENTATION('',(#7032),#7036);
#7032 = LINE('',#7033,#7034);
#7033 = CARTESIAN_POINT('',(8.1,0.));
#7034 = VECTOR('',#7035,1.);
#7035 = DIRECTION('',(0.,1.));
#7036 = ( GEOMETRIC_REPRESENTATION_CONTEXT(2) 
PARAMETRIC_REPRESENTATION_CONTEXT() REPRESENTATION_CONTEXT('2D SPACE',''
  ) );
#7037 = PCURVE('',#6620,#7038);
#7038 = DEFINITIONAL_REPRESENTATION('',(#7039),#7043);
#7039 = LINE('',#7040,#7041);
#7040 = CARTESIAN_POINT('',(0.,0.));
#7041 = VECTOR('',#7042,1.);
#7042 = DIRECTION('',(0.,1.));
#7043 = ( GEOMETRIC_REPRESENTATION_CONTEXT(2) 
PARAMETRIC_REPRESENTATION_CONTEXT() REPRESENTATION_CONTEXT('2D SPACE',''
  ) );
#7044 = ADVANCED_FACE('',(#7045,#7071,#7077,#7083,#7089),#2848,.T.);
#7045 = FACE_BOUND('',#7046,.T.);
#7046 = EDGE_LOOP('',(#7047,#7048,#7049,#7070));
#7047 = ORIENTED_EDGE('',*,*,#6951,.F.);
#7048 = ORIENTED_EDGE('',*,*,#6878,.F.);
#7049 = ORIENTED_EDGE('',*,*,#7050,.T.);
#7050 = EDGE_CURVE('',#6856,#6979,#7051,.T.);
#7051 = SURFACE_CURVE('',#7052,(#7056,#7063),.PCURVE_S1.);
#7052 = LINE('',#7053,#7054);
#7053 = CARTESIAN_POINT('',(-10.,-4.05,0.));
#7054 = VECTOR('',#7055,1.);
#7055 = DIRECTION('',(1.,0.,0.));
#7056 = PCURVE('',#2848,#7057);
#7057 = DEFINITIONAL_REPRESENTATION('',(#7058),#7062);
#7058 = LINE('',#7059,#7060);
#7059 = CARTESIAN_POINT('',(0.,0.));
#7060 = VECTOR('',#7061,1.);
#7061 = DIRECTION('',(1.,0.));
#7062 = ( GEOMETRIC_REPRESENTATION_CONTEXT(2) 
PARAMETRIC_REPRESENTATION_CONTEXT() REPRESENTATION_CONTEXT('2D SPACE',''
  ) );
#7063 = PCURVE('',#4542,#7064);
#7064 = DEFINITIONAL_REPRESENTATION('',(#7065),#7069);
#7065 = LINE('',#7066,#7067);
#7066 = CARTESIAN_POINT('',(-10.,-4.05));
#7067 = VECTOR('',#7068,1.);
#7068 = DIRECTION('',(1.,0.));
#7069 = ( GEOMETRIC_REPRESENTATION_CONTEXT(2) 
PARAMETRIC_REPRESENTATION_CONTEXT() REPRESENTATION_CONTEXT('2D SPACE',''
  ) );
#7070 = ORIENTED_EDGE('',*,*,#6978,.T.);
#7071 = FACE_BOUND('',#7072,.T.);
#7072 = EDGE_LOOP('',(#7073,#7074,#7075,#7076));
#7073 = ORIENTED_EDGE('',*,*,#2825,.T.);
#7074 = ORIENTED_EDGE('',*,*,#3092,.T.);
#7075 = ORIENTED_EDGE('',*,*,#3021,.T.);
#7076 = ORIENTED_EDGE('',*,*,#2945,.T.);
#7077 = FACE_BOUND('',#7078,.T.);
#7078 = EDGE_LOOP('',(#7079,#7080,#7081,#7082));
#7079 = ORIENTED_EDGE('',*,*,#3146,.T.);
#7080 = ORIENTED_EDGE('',*,*,#3408,.T.);
#7081 = ORIENTED_EDGE('',*,*,#3337,.T.);
#7082 = ORIENTED_EDGE('',*,*,#3261,.T.);
#7083 = FACE_BOUND('',#7084,.T.);
#7084 = EDGE_LOOP('',(#7085,#7086,#7087,#7088));
#7085 = ORIENTED_EDGE('',*,*,#3462,.T.);
#7086 = ORIENTED_EDGE('',*,*,#3724,.T.);
#7087 = ORIENTED_EDGE('',*,*,#3653,.T.);
#7088 = ORIENTED_EDGE('',*,*,#3577,.T.);
#7089 = FACE_BOUND('',#7090,.T.);
#7090 = EDGE_LOOP('',(#7091,#7092,#7093,#7094));
#7091 = ORIENTED_EDGE('',*,*,#3778,.T.);
#7092 = ORIENTED_EDGE('',*,*,#4040,.T.);
#7093 = ORIENTED_EDGE('',*,*,#3969,.T.);
#7094 = ORIENTED_EDGE('',*,*,#3893,.T.);
#7095 = ADVANCED_FACE('',(#7096),#1888,.F.);
#7096 = FACE_BOUND('',#7097,.F.);
#7097 = EDGE_LOOP('',(#7098,#7119,#7120,#7121,#7122,#7123,#7124,#7125,
    #7126,#7127));
#7098 = ORIENTED_EDGE('',*,*,#7099,.T.);
#7099 = EDGE_CURVE('',#6801,#2769,#7100,.T.);
#7100 = SEAM_CURVE('',#7101,(#7105,#7112),.PCURVE_S1.);
#7101 = LINE('',#7102,#7103);
#7102 = CARTESIAN_POINT('',(-9.36,-8.59776564393E-16,10.));
#7103 = VECTOR('',#7104,1.);
#7104 = DIRECTION('',(0.,0.,-1.));
#7105 = PCURVE('',#1888,#7106);
#7106 = DEFINITIONAL_REPRESENTATION('',(#7107),#7111);
#7107 = LINE('',#7108,#7109);
#7108 = CARTESIAN_POINT('',(9.424777960769,0.));
#7109 = VECTOR('',#7110,1.);
#7110 = DIRECTION('',(0.,1.));
#7111 = ( GEOMETRIC_REPRESENTATION_CONTEXT(2) 
PARAMETRIC_REPRESENTATION_CONTEXT() REPRESENTATION_CONTEXT('2D SPACE',''
  ) );
#7112 = PCURVE('',#1888,#7113);
#7113 = DEFINITIONAL_REPRESENTATION('',(#7114),#7118);
#7114 = LINE('',#7115,#7116);
#7115 = CARTESIAN_POINT('',(3.14159265359,0.));
#7116 = VECTOR('',#7117,1.);
#7117 = DIRECTION('',(0.,1.));
#7118 = ( GEOMETRIC_REPRESENTATION_CONTEXT(2) 
PARAMETRIC_REPRESENTATION_CONTEXT() REPRESENTATION_CONTEXT('2D SPACE',''
  ) );
#7119 = ORIENTED_EDGE('',*,*,#2796,.F.);
#7120 = ORIENTED_EDGE('',*,*,#2435,.F.);
#7121 = ORIENTED_EDGE('',*,*,#1957,.F.);
#7122 = ORIENTED_EDGE('',*,*,#2738,.F.);
#7123 = ORIENTED_EDGE('',*,*,#1860,.F.);
#7124 = ORIENTED_EDGE('',*,*,#2044,.F.);
#7125 = ORIENTED_EDGE('',*,*,#2768,.F.);
#7126 = ORIENTED_EDGE('',*,*,#7099,.F.);
#7127 = ORIENTED_EDGE('',*,*,#6800,.T.);
#7128 = ADVANCED_FACE('',(#7129),#1275,.F.);
#7129 = FACE_BOUND('',#7130,.F.);
#7130 = EDGE_LOOP('',(#7131,#7152,#7153,#7154,#7155,#7156,#7157,#7158,
    #7159,#7160));
#7131 = ORIENTED_EDGE('',*,*,#7132,.T.);
#7132 = EDGE_CURVE('',#6771,#2681,#7133,.T.);
#7133 = SEAM_CURVE('',#7134,(#7138,#7145),.PCURVE_S1.);
#7134 = LINE('',#7135,#7136);
#7135 = CARTESIAN_POINT('',(5.64,2.32682891838E-16,10.));
#7136 = VECTOR('',#7137,1.);
#7137 = DIRECTION('',(0.,0.,-1.));
#7138 = PCURVE('',#1275,#7139);
#7139 = DEFINITIONAL_REPRESENTATION('',(#7140),#7144);
#7140 = LINE('',#7141,#7142);
#7141 = CARTESIAN_POINT('',(9.424777960769,0.));
#7142 = VECTOR('',#7143,1.);
#7143 = DIRECTION('',(0.,1.));
#7144 = ( GEOMETRIC_REPRESENTATION_CONTEXT(2) 
PARAMETRIC_REPRESENTATION_CONTEXT() REPRESENTATION_CONTEXT('2D SPACE',''
  ) );
#7145 = PCURVE('',#1275,#7146);
#7146 = DEFINITIONAL_REPRESENTATION('',(#7147),#7151);
#7147 = LINE('',#7148,#7149);
#7148 = CARTESIAN_POINT('',(3.14159265359,0.));
#7149 = VECTOR('',#7150,1.);
#7150 = DIRECTION('',(0.,1.));
#7151 = ( GEOMETRIC_REPRESENTATION_CONTEXT(2) 
PARAMETRIC_REPRESENTATION_CONTEXT() REPRESENTATION_CONTEXT('2D SPACE',''
  ) );
#7152 = ORIENTED_EDGE('',*,*,#2708,.F.);
#7153 = ORIENTED_EDGE('',*,*,#1822,.F.);
#7154 = ORIENTED_EDGE('',*,*,#1344,.F.);
#7155 = ORIENTED_EDGE('',*,*,#2650,.F.);
#7156 = ORIENTED_EDGE('',*,*,#1247,.F.);
#7157 = ORIENTED_EDGE('',*,*,#1431,.F.);
#7158 = ORIENTED_EDGE('',*,*,#2680,.F.);
#7159 = ORIENTED_EDGE('',*,*,#7132,.F.);
#7160 = ORIENTED_EDGE('',*,*,#6770,.T.);
#7161 = ADVANCED_FACE('',(#7162),#662,.F.);
#7162 = FACE_BOUND('',#7163,.F.);
#7163 = EDGE_LOOP('',(#7164,#7185,#7186,#7187,#7188,#7189,#7190,#7191,
    #7192,#7193));
#7164 = ORIENTED_EDGE('',*,*,#7165,.T.);
#7165 = EDGE_CURVE('',#6741,#2593,#7166,.T.);
#7166 = SEAM_CURVE('',#7167,(#7171,#7178),.PCURVE_S1.);
#7167 = LINE('',#7168,#7169);
#7168 = CARTESIAN_POINT('',(-4.36,-4.213899447177E-16,10.));
#7169 = VECTOR('',#7170,1.);
#7170 = DIRECTION('',(0.,0.,-1.));
#7171 = PCURVE('',#662,#7172);
#7172 = DEFINITIONAL_REPRESENTATION('',(#7173),#7177);
#7173 = LINE('',#7174,#7175);
#7174 = CARTESIAN_POINT('',(9.424777960769,0.));
#7175 = VECTOR('',#7176,1.);
#7176 = DIRECTION('',(0.,1.));
#7177 = ( GEOMETRIC_REPRESENTATION_CONTEXT(2) 
PARAMETRIC_REPRESENTATION_CONTEXT() REPRESENTATION_CONTEXT('2D SPACE',''
  ) );
#7178 = PCURVE('',#662,#7179);
#7179 = DEFINITIONAL_REPRESENTATION('',(#7180),#7184);
#7180 = LINE('',#7181,#7182);
#7181 = CARTESIAN_POINT('',(3.14159265359,0.));
#7182 = VECTOR('',#7183,1.);
#7183 = DIRECTION('',(0.,1.));
#7184 = ( GEOMETRIC_REPRESENTATION_CONTEXT(2) 
PARAMETRIC_REPRESENTATION_CONTEXT() REPRESENTATION_CONTEXT('2D SPACE',''
  ) );
#7185 = ORIENTED_EDGE('',*,*,#2620,.F.);
#7186 = ORIENTED_EDGE('',*,*,#1209,.F.);
#7187 = ORIENTED_EDGE('',*,*,#731,.F.);
#7188 = ORIENTED_EDGE('',*,*,#2562,.F.);
#7189 = ORIENTED_EDGE('',*,*,#634,.F.);
#7190 = ORIENTED_EDGE('',*,*,#818,.F.);
#7191 = ORIENTED_EDGE('',*,*,#2592,.F.);
#7192 = ORIENTED_EDGE('',*,*,#7165,.F.);
#7193 = ORIENTED_EDGE('',*,*,#6740,.T.);
#7194 = ADVANCED_FACE('',(#7195),#49,.F.);
#7195 = FACE_BOUND('',#7196,.F.);
#7196 = EDGE_LOOP('',(#7197,#7218,#7219,#7220,#7221,#7222,#7223,#7224,
    #7225,#7226));
#7197 = ORIENTED_EDGE('',*,*,#7198,.T.);
#7198 = EDGE_CURVE('',#6711,#2505,#7199,.T.);
#7199 = SEAM_CURVE('',#7200,(#7204,#7211),.PCURVE_S1.);
#7200 = LINE('',#7201,#7202);
#7201 = CARTESIAN_POINT('',(0.64,2.32682891838E-16,10.));
#7202 = VECTOR('',#7203,1.);
#7203 = DIRECTION('',(0.,0.,-1.));
#7204 = PCURVE('',#49,#7205);
#7205 = DEFINITIONAL_REPRESENTATION('',(#7206),#7210);
#7206 = LINE('',#7207,#7208);
#7207 = CARTESIAN_POINT('',(9.424777960769,0.));
#7208 = VECTOR('',#7209,1.);
#7209 = DIRECTION('',(0.,1.));
#7210 = ( GEOMETRIC_REPRESENTATION_CONTEXT(2) 
PARAMETRIC_REPRESENTATION_CONTEXT() REPRESENTATION_CONTEXT('2D SPACE',''
  ) );
#7211 = PCURVE('',#49,#7212);
#7212 = DEFINITIONAL_REPRESENTATION('',(#7213),#7217);
#7213 = LINE('',#7214,#7215);
#7214 = CARTESIAN_POINT('',(3.14159265359,0.));
#7215 = VECTOR('',#7216,1.);
#7216 = DIRECTION('',(0.,1.));
#7217 = ( GEOMETRIC_REPRESENTATION_CONTEXT(2) 
PARAMETRIC_REPRESENTATION_CONTEXT() REPRESENTATION_CONTEXT('2D SPACE',''
  ) );
#7218 = ORIENTED_EDGE('',*,*,#2532,.F.);
#7219 = ORIENTED_EDGE('',*,*,#596,.F.);
#7220 = ORIENTED_EDGE('',*,*,#118,.F.);
#7221 = ORIENTED_EDGE('',*,*,#2474,.F.);
#7222 = ORIENTED_EDGE('',*,*,#21,.F.);
#7223 = ORIENTED_EDGE('',*,*,#205,.F.);
#7224 = ORIENTED_EDGE('',*,*,#2504,.F.);
#7225 = ORIENTED_EDGE('',*,*,#7198,.F.);
#7226 = ORIENTED_EDGE('',*,*,#6710,.T.);
#7227 = ADVANCED_FACE('',(#7228),#6620,.T.);
#7228 = FACE_BOUND('',#7229,.T.);
#7229 = EDGE_LOOP('',(#7230,#7231,#7232,#7253));
#7230 = ORIENTED_EDGE('',*,*,#6606,.F.);
#7231 = ORIENTED_EDGE('',*,*,#7024,.F.);
#7232 = ORIENTED_EDGE('',*,*,#7233,.T.);
#7233 = EDGE_CURVE('',#7002,#6833,#7234,.T.);
#7234 = SURFACE_CURVE('',#7235,(#7239,#7246),.PCURVE_S1.);
#7235 = LINE('',#7236,#7237);
#7236 = CARTESIAN_POINT('',(10.,4.05,0.));
#7237 = VECTOR('',#7238,1.);
#7238 = DIRECTION('',(-1.,-1.110223024625E-16,0.));
#7239 = PCURVE('',#6620,#7240);
#7240 = DEFINITIONAL_REPRESENTATION('',(#7241),#7245);
#7241 = LINE('',#7242,#7243);
#7242 = CARTESIAN_POINT('',(0.,0.));
#7243 = VECTOR('',#7244,1.);
#7244 = DIRECTION('',(1.,0.));
#7245 = ( GEOMETRIC_REPRESENTATION_CONTEXT(2) 
PARAMETRIC_REPRESENTATION_CONTEXT() REPRESENTATION_CONTEXT('2D SPACE',''
  ) );
#7246 = PCURVE('',#4542,#7247);
#7247 = DEFINITIONAL_REPRESENTATION('',(#7248),#7252);
#7248 = LINE('',#7249,#7250);
#7249 = CARTESIAN_POINT('',(10.,4.05));
#7250 = VECTOR('',#7251,1.);
#7251 = DIRECTION('',(-1.,-1.110223024625E-16));
#7252 = ( GEOMETRIC_REPRESENTATION_CONTEXT(2) 
PARAMETRIC_REPRESENTATION_CONTEXT() REPRESENTATION_CONTEXT('2D SPACE',''
  ) );
#7253 = ORIENTED_EDGE('',*,*,#6832,.T.);
#7254 = ADVANCED_FACE('',(#7255,#7261,#7267,#7273,#7279),#4542,.F.);
#7255 = FACE_BOUND('',#7256,.T.);
#7256 = EDGE_LOOP('',(#7257,#7258,#7259,#7260));
#7257 = ORIENTED_EDGE('',*,*,#7001,.F.);
#7258 = ORIENTED_EDGE('',*,*,#7050,.F.);
#7259 = ORIENTED_EDGE('',*,*,#6855,.F.);
#7260 = ORIENTED_EDGE('',*,*,#7233,.F.);
#7261 = FACE_BOUND('',#7262,.T.);
#7262 = EDGE_LOOP('',(#7263,#7264,#7265,#7266));
#7263 = ORIENTED_EDGE('',*,*,#5587,.T.);
#7264 = ORIENTED_EDGE('',*,*,#5658,.T.);
#7265 = ORIENTED_EDGE('',*,*,#6235,.T.);
#7266 = ORIENTED_EDGE('',*,*,#6262,.T.);
#7267 = FACE_BOUND('',#7268,.T.);
#7268 = EDGE_LOOP('',(#7269,#7270,#7271,#7272));
#7269 = ORIENTED_EDGE('',*,*,#4602,.T.);
#7270 = ORIENTED_EDGE('',*,*,#6311,.T.);
#7271 = ORIENTED_EDGE('',*,*,#6338,.T.);
#7272 = ORIENTED_EDGE('',*,*,#4526,.T.);
#7273 = FACE_BOUND('',#7274,.T.);
#7274 = EDGE_LOOP('',(#7275,#7276,#7277,#7278));
#7275 = ORIENTED_EDGE('',*,*,#6186,.T.);
#7276 = ORIENTED_EDGE('',*,*,#6387,.T.);
#7277 = ORIENTED_EDGE('',*,*,#6414,.T.);
#7278 = ORIENTED_EDGE('',*,*,#6115,.T.);
#7279 = FACE_BOUND('',#7280,.T.);
#7280 = EDGE_LOOP('',(#7281,#7282,#7283,#7284));
#7281 = ORIENTED_EDGE('',*,*,#5130,.T.);
#7282 = ORIENTED_EDGE('',*,*,#6463,.T.);
#7283 = ORIENTED_EDGE('',*,*,#6490,.T.);
#7284 = ORIENTED_EDGE('',*,*,#5059,.T.);
#7285 = ( GEOMETRIC_REPRESENTATION_CONTEXT(3) 
GLOBAL_UNCERTAINTY_ASSIGNED_CONTEXT((#7289)) 
GLOBAL_UNIT_ASSIGNED_CONTEXT((#7286,#7287,#7288)) REPRESENTATION_CONTEXT
('Context #1','3D Context with UNIT and UNCERTAINTY') );
#7286 = ( LENGTH_UNIT() NAMED_UNIT(*) SI_UNIT(.MILLI.,.METRE.) );
#7287 = ( NAMED_UNIT(*) PLANE_ANGLE_UNIT() SI_UNIT($,.RADIAN.) );
#7288 = ( NAMED_UNIT(*) SI_UNIT($,.STERADIAN.) SOLID_ANGLE_UNIT() );
#7289 = UNCERTAINTY_MEASURE_WITH_UNIT(LENGTH_MEASURE(1.E-07),#7286,
  'distance_accuracy_value','confusion accuracy');
#7290 = PRODUCT_RELATED_PRODUCT_CATEGORY('part',$,(#7));
#7291 = MECHANICAL_DESIGN_GEOMETRIC_PRESENTATION_REPRESENTATION('',(
    #7292,#7303,#7311,#7318,#7325,#7332,#7340,#7347,#7354,#7361,#7368,
    #7375,#7382,#7389,#7396,#7403,#7410,#7417,#7424,#7431,#7438,#7445,
    #7453,#7460,#7467,#7474,#7481,#7488,#7495,#7502,#7509,#7516,#7523,
    #7530,#7537,#7544,#7551,#7558,#7565,#7572,#7579,#7586,#7593,#7600,
    #7607,#7614,#7621,#7628,#7635,#7642,#7650,#7657,#7664,#7671,#7678,
    #7685,#7692,#7699,#7706,#7713,#7720),#7285);
#7292 = STYLED_ITEM('color',(#7293),#15);
#7293 = PRESENTATION_STYLE_ASSIGNMENT((#7294,#7300));
#7294 = SURFACE_STYLE_USAGE(.BOTH.,#7295);
#7295 = SURFACE_SIDE_STYLE('',(#7296));
#7296 = SURFACE_STYLE_FILL_AREA(#7297);
#7297 = FILL_AREA_STYLE('',(#7298));
#7298 = FILL_AREA_STYLE_COLOUR('',#7299);
#7299 = COLOUR_RGB('',0.749019635948,0.749019635948,0.749019635948);
#7300 = CURVE_STYLE('',#7301,POSITIVE_LENGTH_MEASURE(0.1),#7302);
#7301 = DRAUGHTING_PRE_DEFINED_CURVE_FONT('continuous');
#7302 = COLOUR_RGB('',9.803921802644E-02,9.803921802644E-02,
  9.803921802644E-02);
#7303 = OVER_RIDING_STYLED_ITEM('overriding color',(#7304),#2821,#7292);
#7304 = PRESENTATION_STYLE_ASSIGNMENT((#7305));
#7305 = SURFACE_STYLE_USAGE(.BOTH.,#7306);
#7306 = SURFACE_SIDE_STYLE('',(#7307));
#7307 = SURFACE_STYLE_FILL_AREA(#7308);
#7308 = FILL_AREA_STYLE('',(#7309));
#7309 = FILL_AREA_STYLE_COLOUR('',#7310);
#7310 = COLOUR_RGB('',1.568627489731E-02,0.678431390124,0.349019616187);
#7311 = OVER_RIDING_STYLED_ITEM('overriding color',(#7312),#2941,#7292);
#7312 = PRESENTATION_STYLE_ASSIGNMENT((#7313));
#7313 = SURFACE_STYLE_USAGE(.BOTH.,#7314);
#7314 = SURFACE_SIDE_STYLE('',(#7315));
#7315 = SURFACE_STYLE_FILL_AREA(#7316);
#7316 = FILL_AREA_STYLE('',(#7317));
#7317 = FILL_AREA_STYLE_COLOUR('',#7310);
#7318 = OVER_RIDING_STYLED_ITEM('overriding color',(#7319),#3017,#7292);
#7319 = PRESENTATION_STYLE_ASSIGNMENT((#7320));
#7320 = SURFACE_STYLE_USAGE(.BOTH.,#7321);
#7321 = SURFACE_SIDE_STYLE('',(#7322));
#7322 = SURFACE_STYLE_FILL_AREA(#7323);
#7323 = FILL_AREA_STYLE('',(#7324));
#7324 = FILL_AREA_STYLE_COLOUR('',#7310);
#7325 = OVER_RIDING_STYLED_ITEM('overriding color',(#7326),#3088,#7292);
#7326 = PRESENTATION_STYLE_ASSIGNMENT((#7327));
#7327 = SURFACE_STYLE_USAGE(.BOTH.,#7328);
#7328 = SURFACE_SIDE_STYLE('',(#7329));
#7329 = SURFACE_STYLE_FILL_AREA(#7330);
#7330 = FILL_AREA_STYLE('',(#7331));
#7331 = FILL_AREA_STYLE_COLOUR('',#7310);
#7332 = OVER_RIDING_STYLED_ITEM('overriding color',(#7333),#3135,#7292);
#7333 = PRESENTATION_STYLE_ASSIGNMENT((#7334));
#7334 = SURFACE_STYLE_USAGE(.BOTH.,#7335);
#7335 = SURFACE_SIDE_STYLE('',(#7336));
#7336 = SURFACE_STYLE_FILL_AREA(#7337);
#7337 = FILL_AREA_STYLE('',(#7338));
#7338 = FILL_AREA_STYLE_COLOUR('',#7339);
#7339 = COLOUR_RGB('',0.827450977613,0.827450977613,0.827450977613);
#7340 = OVER_RIDING_STYLED_ITEM('overriding color',(#7341),#3142,#7292);
#7341 = PRESENTATION_STYLE_ASSIGNMENT((#7342));
#7342 = SURFACE_STYLE_USAGE(.BOTH.,#7343);
#7343 = SURFACE_SIDE_STYLE('',(#7344));
#7344 = SURFACE_STYLE_FILL_AREA(#7345);
#7345 = FILL_AREA_STYLE('',(#7346));
#7346 = FILL_AREA_STYLE_COLOUR('',#7310);
#7347 = OVER_RIDING_STYLED_ITEM('overriding color',(#7348),#3257,#7292);
#7348 = PRESENTATION_STYLE_ASSIGNMENT((#7349));
#7349 = SURFACE_STYLE_USAGE(.BOTH.,#7350);
#7350 = SURFACE_SIDE_STYLE('',(#7351));
#7351 = SURFACE_STYLE_FILL_AREA(#7352);
#7352 = FILL_AREA_STYLE('',(#7353));
#7353 = FILL_AREA_STYLE_COLOUR('',#7310);
#7354 = OVER_RIDING_STYLED_ITEM('overriding color',(#7355),#3333,#7292);
#7355 = PRESENTATION_STYLE_ASSIGNMENT((#7356));
#7356 = SURFACE_STYLE_USAGE(.BOTH.,#7357);
#7357 = SURFACE_SIDE_STYLE('',(#7358));
#7358 = SURFACE_STYLE_FILL_AREA(#7359);
#7359 = FILL_AREA_STYLE('',(#7360));
#7360 = FILL_AREA_STYLE_COLOUR('',#7310);
#7361 = OVER_RIDING_STYLED_ITEM('overriding color',(#7362),#3404,#7292);
#7362 = PRESENTATION_STYLE_ASSIGNMENT((#7363));
#7363 = SURFACE_STYLE_USAGE(.BOTH.,#7364);
#7364 = SURFACE_SIDE_STYLE('',(#7365));
#7365 = SURFACE_STYLE_FILL_AREA(#7366);
#7366 = FILL_AREA_STYLE('',(#7367));
#7367 = FILL_AREA_STYLE_COLOUR('',#7310);
#7368 = OVER_RIDING_STYLED_ITEM('overriding color',(#7369),#3451,#7292);
#7369 = PRESENTATION_STYLE_ASSIGNMENT((#7370));
#7370 = SURFACE_STYLE_USAGE(.BOTH.,#7371);
#7371 = SURFACE_SIDE_STYLE('',(#7372));
#7372 = SURFACE_STYLE_FILL_AREA(#7373);
#7373 = FILL_AREA_STYLE('',(#7374));
#7374 = FILL_AREA_STYLE_COLOUR('',#7339);
#7375 = OVER_RIDING_STYLED_ITEM('overriding color',(#7376),#3458,#7292);
#7376 = PRESENTATION_STYLE_ASSIGNMENT((#7377));
#7377 = SURFACE_STYLE_USAGE(.BOTH.,#7378);
#7378 = SURFACE_SIDE_STYLE('',(#7379));
#7379 = SURFACE_STYLE_FILL_AREA(#7380);
#7380 = FILL_AREA_STYLE('',(#7381));
#7381 = FILL_AREA_STYLE_COLOUR('',#7310);
#7382 = OVER_RIDING_STYLED_ITEM('overriding color',(#7383),#3573,#7292);
#7383 = PRESENTATION_STYLE_ASSIGNMENT((#7384));
#7384 = SURFACE_STYLE_USAGE(.BOTH.,#7385);
#7385 = SURFACE_SIDE_STYLE('',(#7386));
#7386 = SURFACE_STYLE_FILL_AREA(#7387);
#7387 = FILL_AREA_STYLE('',(#7388));
#7388 = FILL_AREA_STYLE_COLOUR('',#7310);
#7389 = OVER_RIDING_STYLED_ITEM('overriding color',(#7390),#3649,#7292);
#7390 = PRESENTATION_STYLE_ASSIGNMENT((#7391));
#7391 = SURFACE_STYLE_USAGE(.BOTH.,#7392);
#7392 = SURFACE_SIDE_STYLE('',(#7393));
#7393 = SURFACE_STYLE_FILL_AREA(#7394);
#7394 = FILL_AREA_STYLE('',(#7395));
#7395 = FILL_AREA_STYLE_COLOUR('',#7310);
#7396 = OVER_RIDING_STYLED_ITEM('overriding color',(#7397),#3720,#7292);
#7397 = PRESENTATION_STYLE_ASSIGNMENT((#7398));
#7398 = SURFACE_STYLE_USAGE(.BOTH.,#7399);
#7399 = SURFACE_SIDE_STYLE('',(#7400));
#7400 = SURFACE_STYLE_FILL_AREA(#7401);
#7401 = FILL_AREA_STYLE('',(#7402));
#7402 = FILL_AREA_STYLE_COLOUR('',#7310);
#7403 = OVER_RIDING_STYLED_ITEM('overriding color',(#7404),#3767,#7292);
#7404 = PRESENTATION_STYLE_ASSIGNMENT((#7405));
#7405 = SURFACE_STYLE_USAGE(.BOTH.,#7406);
#7406 = SURFACE_SIDE_STYLE('',(#7407));
#7407 = SURFACE_STYLE_FILL_AREA(#7408);
#7408 = FILL_AREA_STYLE('',(#7409));
#7409 = FILL_AREA_STYLE_COLOUR('',#7339);
#7410 = OVER_RIDING_STYLED_ITEM('overriding color',(#7411),#3774,#7292);
#7411 = PRESENTATION_STYLE_ASSIGNMENT((#7412));
#7412 = SURFACE_STYLE_USAGE(.BOTH.,#7413);
#7413 = SURFACE_SIDE_STYLE('',(#7414));
#7414 = SURFACE_STYLE_FILL_AREA(#7415);
#7415 = FILL_AREA_STYLE('',(#7416));
#7416 = FILL_AREA_STYLE_COLOUR('',#7310);
#7417 = OVER_RIDING_STYLED_ITEM('overriding color',(#7418),#3889,#7292);
#7418 = PRESENTATION_STYLE_ASSIGNMENT((#7419));
#7419 = SURFACE_STYLE_USAGE(.BOTH.,#7420);
#7420 = SURFACE_SIDE_STYLE('',(#7421));
#7421 = SURFACE_STYLE_FILL_AREA(#7422);
#7422 = FILL_AREA_STYLE('',(#7423));
#7423 = FILL_AREA_STYLE_COLOUR('',#7310);
#7424 = OVER_RIDING_STYLED_ITEM('overriding color',(#7425),#3965,#7292);
#7425 = PRESENTATION_STYLE_ASSIGNMENT((#7426));
#7426 = SURFACE_STYLE_USAGE(.BOTH.,#7427);
#7427 = SURFACE_SIDE_STYLE('',(#7428));
#7428 = SURFACE_STYLE_FILL_AREA(#7429);
#7429 = FILL_AREA_STYLE('',(#7430));
#7430 = FILL_AREA_STYLE_COLOUR('',#7310);
#7431 = OVER_RIDING_STYLED_ITEM('overriding color',(#7432),#4036,#7292);
#7432 = PRESENTATION_STYLE_ASSIGNMENT((#7433));
#7433 = SURFACE_STYLE_USAGE(.BOTH.,#7434);
#7434 = SURFACE_SIDE_STYLE('',(#7435));
#7435 = SURFACE_STYLE_FILL_AREA(#7436);
#7436 = FILL_AREA_STYLE('',(#7437));
#7437 = FILL_AREA_STYLE_COLOUR('',#7310);
#7438 = OVER_RIDING_STYLED_ITEM('overriding color',(#7439),#4083,#7292);
#7439 = PRESENTATION_STYLE_ASSIGNMENT((#7440));
#7440 = SURFACE_STYLE_USAGE(.BOTH.,#7441);
#7441 = SURFACE_SIDE_STYLE('',(#7442));
#7442 = SURFACE_STYLE_FILL_AREA(#7443);
#7443 = FILL_AREA_STYLE('',(#7444));
#7444 = FILL_AREA_STYLE_COLOUR('',#7339);
#7445 = OVER_RIDING_STYLED_ITEM('overriding color',(#7446),#4090,#7292);
#7446 = PRESENTATION_STYLE_ASSIGNMENT((#7447));
#7447 = SURFACE_STYLE_USAGE(.BOTH.,#7448);
#7448 = SURFACE_SIDE_STYLE('',(#7449));
#7449 = SURFACE_STYLE_FILL_AREA(#7450);
#7450 = FILL_AREA_STYLE('',(#7451));
#7451 = FILL_AREA_STYLE_COLOUR('',#7452);
#7452 = COLOUR_RGB('',0.941176459967,0.941176459967,0.);
#7453 = OVER_RIDING_STYLED_ITEM('overriding color',(#7454),#4267,#7292);
#7454 = PRESENTATION_STYLE_ASSIGNMENT((#7455));
#7455 = SURFACE_STYLE_USAGE(.BOTH.,#7456);
#7456 = SURFACE_SIDE_STYLE('',(#7457));
#7457 = SURFACE_STYLE_FILL_AREA(#7458);
#7458 = FILL_AREA_STYLE('',(#7459));
#7459 = FILL_AREA_STYLE_COLOUR('',#7452);
#7460 = OVER_RIDING_STYLED_ITEM('overriding color',(#7461),#4467,#7292);
#7461 = PRESENTATION_STYLE_ASSIGNMENT((#7462));
#7462 = SURFACE_STYLE_USAGE(.BOTH.,#7463);
#7463 = SURFACE_SIDE_STYLE('',(#7464));
#7464 = SURFACE_STYLE_FILL_AREA(#7465);
#7465 = FILL_AREA_STYLE('',(#7466));
#7466 = FILL_AREA_STYLE_COLOUR('',#7452);
#7467 = OVER_RIDING_STYLED_ITEM('overriding color',(#7468),#4498,#7292);
#7468 = PRESENTATION_STYLE_ASSIGNMENT((#7469));
#7469 = SURFACE_STYLE_USAGE(.BOTH.,#7470);
#7470 = SURFACE_SIDE_STYLE('',(#7471));
#7471 = SURFACE_STYLE_FILL_AREA(#7472);
#7472 = FILL_AREA_STYLE('',(#7473));
#7473 = FILL_AREA_STYLE_COLOUR('',#7452);
#7474 = OVER_RIDING_STYLED_ITEM('overriding color',(#7475),#4574,#7292);
#7475 = PRESENTATION_STYLE_ASSIGNMENT((#7476));
#7476 = SURFACE_STYLE_USAGE(.BOTH.,#7477);
#7477 = SURFACE_SIDE_STYLE('',(#7478));
#7478 = SURFACE_STYLE_FILL_AREA(#7479);
#7479 = FILL_AREA_STYLE('',(#7480));
#7480 = FILL_AREA_STYLE_COLOUR('',#7452);
#7481 = OVER_RIDING_STYLED_ITEM('overriding color',(#7482),#4623,#7292);
#7482 = PRESENTATION_STYLE_ASSIGNMENT((#7483));
#7483 = SURFACE_STYLE_USAGE(.BOTH.,#7484);
#7484 = SURFACE_SIDE_STYLE('',(#7485));
#7485 = SURFACE_STYLE_FILL_AREA(#7486);
#7486 = FILL_AREA_STYLE('',(#7487));
#7487 = FILL_AREA_STYLE_COLOUR('',#7452);
#7488 = OVER_RIDING_STYLED_ITEM('overriding color',(#7489),#4800,#7292);
#7489 = PRESENTATION_STYLE_ASSIGNMENT((#7490));
#7490 = SURFACE_STYLE_USAGE(.BOTH.,#7491);
#7491 = SURFACE_SIDE_STYLE('',(#7492));
#7492 = SURFACE_STYLE_FILL_AREA(#7493);
#7493 = FILL_AREA_STYLE('',(#7494));
#7494 = FILL_AREA_STYLE_COLOUR('',#7452);
#7495 = OVER_RIDING_STYLED_ITEM('overriding color',(#7496),#5000,#7292);
#7496 = PRESENTATION_STYLE_ASSIGNMENT((#7497));
#7497 = SURFACE_STYLE_USAGE(.BOTH.,#7498);
#7498 = SURFACE_SIDE_STYLE('',(#7499));
#7499 = SURFACE_STYLE_FILL_AREA(#7500);
#7500 = FILL_AREA_STYLE('',(#7501));
#7501 = FILL_AREA_STYLE_COLOUR('',#7452);
#7502 = OVER_RIDING_STYLED_ITEM('overriding color',(#7503),#5031,#7292);
#7503 = PRESENTATION_STYLE_ASSIGNMENT((#7504));
#7504 = SURFACE_STYLE_USAGE(.BOTH.,#7505);
#7505 = SURFACE_SIDE_STYLE('',(#7506));
#7506 = SURFACE_STYLE_FILL_AREA(#7507);
#7507 = FILL_AREA_STYLE('',(#7508));
#7508 = FILL_AREA_STYLE_COLOUR('',#7452);
#7509 = OVER_RIDING_STYLED_ITEM('overriding color',(#7510),#5102,#7292);
#7510 = PRESENTATION_STYLE_ASSIGNMENT((#7511));
#7511 = SURFACE_STYLE_USAGE(.BOTH.,#7512);
#7512 = SURFACE_SIDE_STYLE('',(#7513));
#7513 = SURFACE_STYLE_FILL_AREA(#7514);
#7514 = FILL_AREA_STYLE('',(#7515));
#7515 = FILL_AREA_STYLE_COLOUR('',#7452);
#7516 = OVER_RIDING_STYLED_ITEM('overriding color',(#7517),#5151,#7292);
#7517 = PRESENTATION_STYLE_ASSIGNMENT((#7518));
#7518 = SURFACE_STYLE_USAGE(.BOTH.,#7519);
#7519 = SURFACE_SIDE_STYLE('',(#7520));
#7520 = SURFACE_STYLE_FILL_AREA(#7521);
#7521 = FILL_AREA_STYLE('',(#7522));
#7522 = FILL_AREA_STYLE_COLOUR('',#7452);
#7523 = OVER_RIDING_STYLED_ITEM('overriding color',(#7524),#5328,#7292);
#7524 = PRESENTATION_STYLE_ASSIGNMENT((#7525));
#7525 = SURFACE_STYLE_USAGE(.BOTH.,#7526);
#7526 = SURFACE_SIDE_STYLE('',(#7527));
#7527 = SURFACE_STYLE_FILL_AREA(#7528);
#7528 = FILL_AREA_STYLE('',(#7529));
#7529 = FILL_AREA_STYLE_COLOUR('',#7452);
#7530 = OVER_RIDING_STYLED_ITEM('overriding color',(#7531),#5528,#7292);
#7531 = PRESENTATION_STYLE_ASSIGNMENT((#7532));
#7532 = SURFACE_STYLE_USAGE(.BOTH.,#7533);
#7533 = SURFACE_SIDE_STYLE('',(#7534));
#7534 = SURFACE_STYLE_FILL_AREA(#7535);
#7535 = FILL_AREA_STYLE('',(#7536));
#7536 = FILL_AREA_STYLE_COLOUR('',#7452);
#7537 = OVER_RIDING_STYLED_ITEM('overriding color',(#7538),#5559,#7292);
#7538 = PRESENTATION_STYLE_ASSIGNMENT((#7539));
#7539 = SURFACE_STYLE_USAGE(.BOTH.,#7540);
#7540 = SURFACE_SIDE_STYLE('',(#7541));
#7541 = SURFACE_STYLE_FILL_AREA(#7542);
#7542 = FILL_AREA_STYLE('',(#7543));
#7543 = FILL_AREA_STYLE_COLOUR('',#7452);
#7544 = OVER_RIDING_STYLED_ITEM('overriding color',(#7545),#5630,#7292);
#7545 = PRESENTATION_STYLE_ASSIGNMENT((#7546));
#7546 = SURFACE_STYLE_USAGE(.BOTH.,#7547);
#7547 = SURFACE_SIDE_STYLE('',(#7548));
#7548 = SURFACE_STYLE_FILL_AREA(#7549);
#7549 = FILL_AREA_STYLE('',(#7550));
#7550 = FILL_AREA_STYLE_COLOUR('',#7452);
#7551 = OVER_RIDING_STYLED_ITEM('overriding color',(#7552),#5679,#7292);
#7552 = PRESENTATION_STYLE_ASSIGNMENT((#7553));
#7553 = SURFACE_STYLE_USAGE(.BOTH.,#7554);
#7554 = SURFACE_SIDE_STYLE('',(#7555));
#7555 = SURFACE_STYLE_FILL_AREA(#7556);
#7556 = FILL_AREA_STYLE('',(#7557));
#7557 = FILL_AREA_STYLE_COLOUR('',#7452);
#7558 = OVER_RIDING_STYLED_ITEM('overriding color',(#7559),#5856,#7292);
#7559 = PRESENTATION_STYLE_ASSIGNMENT((#7560));
#7560 = SURFACE_STYLE_USAGE(.BOTH.,#7561);
#7561 = SURFACE_SIDE_STYLE('',(#7562));
#7562 = SURFACE_STYLE_FILL_AREA(#7563);
#7563 = FILL_AREA_STYLE('',(#7564));
#7564 = FILL_AREA_STYLE_COLOUR('',#7452);
#7565 = OVER_RIDING_STYLED_ITEM('overriding color',(#7566),#6056,#7292);
#7566 = PRESENTATION_STYLE_ASSIGNMENT((#7567));
#7567 = SURFACE_STYLE_USAGE(.BOTH.,#7568);
#7568 = SURFACE_SIDE_STYLE('',(#7569));
#7569 = SURFACE_STYLE_FILL_AREA(#7570);
#7570 = FILL_AREA_STYLE('',(#7571));
#7571 = FILL_AREA_STYLE_COLOUR('',#7452);
#7572 = OVER_RIDING_STYLED_ITEM('overriding color',(#7573),#6087,#7292);
#7573 = PRESENTATION_STYLE_ASSIGNMENT((#7574));
#7574 = SURFACE_STYLE_USAGE(.BOTH.,#7575);
#7575 = SURFACE_SIDE_STYLE('',(#7576));
#7576 = SURFACE_STYLE_FILL_AREA(#7577);
#7577 = FILL_AREA_STYLE('',(#7578));
#7578 = FILL_AREA_STYLE_COLOUR('',#7452);
#7579 = OVER_RIDING_STYLED_ITEM('overriding color',(#7580),#6158,#7292);
#7580 = PRESENTATION_STYLE_ASSIGNMENT((#7581));
#7581 = SURFACE_STYLE_USAGE(.BOTH.,#7582);
#7582 = SURFACE_SIDE_STYLE('',(#7583));
#7583 = SURFACE_STYLE_FILL_AREA(#7584);
#7584 = FILL_AREA_STYLE('',(#7585));
#7585 = FILL_AREA_STYLE_COLOUR('',#7452);
#7586 = OVER_RIDING_STYLED_ITEM('overriding color',(#7587),#6207,#7292);
#7587 = PRESENTATION_STYLE_ASSIGNMENT((#7588));
#7588 = SURFACE_STYLE_USAGE(.BOTH.,#7589);
#7589 = SURFACE_SIDE_STYLE('',(#7590));
#7590 = SURFACE_STYLE_FILL_AREA(#7591);
#7591 = FILL_AREA_STYLE('',(#7592));
#7592 = FILL_AREA_STYLE_COLOUR('',#7452);
#7593 = OVER_RIDING_STYLED_ITEM('overriding color',(#7594),#6256,#7292);
#7594 = PRESENTATION_STYLE_ASSIGNMENT((#7595));
#7595 = SURFACE_STYLE_USAGE(.BOTH.,#7596);
#7596 = SURFACE_SIDE_STYLE('',(#7597));
#7597 = SURFACE_STYLE_FILL_AREA(#7598);
#7598 = FILL_AREA_STYLE('',(#7599));
#7599 = FILL_AREA_STYLE_COLOUR('',#7452);
#7600 = OVER_RIDING_STYLED_ITEM('overriding color',(#7601),#6283,#7292);
#7601 = PRESENTATION_STYLE_ASSIGNMENT((#7602));
#7602 = SURFACE_STYLE_USAGE(.BOTH.,#7603);
#7603 = SURFACE_SIDE_STYLE('',(#7604));
#7604 = SURFACE_STYLE_FILL_AREA(#7605);
#7605 = FILL_AREA_STYLE('',(#7606));
#7606 = FILL_AREA_STYLE_COLOUR('',#7452);
#7607 = OVER_RIDING_STYLED_ITEM('overriding color',(#7608),#6332,#7292);
#7608 = PRESENTATION_STYLE_ASSIGNMENT((#7609));
#7609 = SURFACE_STYLE_USAGE(.BOTH.,#7610);
#7610 = SURFACE_SIDE_STYLE('',(#7611));
#7611 = SURFACE_STYLE_FILL_AREA(#7612);
#7612 = FILL_AREA_STYLE('',(#7613));
#7613 = FILL_AREA_STYLE_COLOUR('',#7452);
#7614 = OVER_RIDING_STYLED_ITEM('overriding color',(#7615),#6359,#7292);
#7615 = PRESENTATION_STYLE_ASSIGNMENT((#7616));
#7616 = SURFACE_STYLE_USAGE(.BOTH.,#7617);
#7617 = SURFACE_SIDE_STYLE('',(#7618));
#7618 = SURFACE_STYLE_FILL_AREA(#7619);
#7619 = FILL_AREA_STYLE('',(#7620));
#7620 = FILL_AREA_STYLE_COLOUR('',#7452);
#7621 = OVER_RIDING_STYLED_ITEM('overriding color',(#7622),#6408,#7292);
#7622 = PRESENTATION_STYLE_ASSIGNMENT((#7623));
#7623 = SURFACE_STYLE_USAGE(.BOTH.,#7624);
#7624 = SURFACE_SIDE_STYLE('',(#7625));
#7625 = SURFACE_STYLE_FILL_AREA(#7626);
#7626 = FILL_AREA_STYLE('',(#7627));
#7627 = FILL_AREA_STYLE_COLOUR('',#7452);
#7628 = OVER_RIDING_STYLED_ITEM('overriding color',(#7629),#6435,#7292);
#7629 = PRESENTATION_STYLE_ASSIGNMENT((#7630));
#7630 = SURFACE_STYLE_USAGE(.BOTH.,#7631);
#7631 = SURFACE_SIDE_STYLE('',(#7632));
#7632 = SURFACE_STYLE_FILL_AREA(#7633);
#7633 = FILL_AREA_STYLE('',(#7634));
#7634 = FILL_AREA_STYLE_COLOUR('',#7452);
#7635 = OVER_RIDING_STYLED_ITEM('overriding color',(#7636),#6484,#7292);
#7636 = PRESENTATION_STYLE_ASSIGNMENT((#7637));
#7637 = SURFACE_STYLE_USAGE(.BOTH.,#7638);
#7638 = SURFACE_SIDE_STYLE('',(#7639));
#7639 = SURFACE_STYLE_FILL_AREA(#7640);
#7640 = FILL_AREA_STYLE('',(#7641));
#7641 = FILL_AREA_STYLE_COLOUR('',#7452);
#7642 = OVER_RIDING_STYLED_ITEM('overriding color',(#7643),#6511,#7292);
#7643 = PRESENTATION_STYLE_ASSIGNMENT((#7644));
#7644 = SURFACE_STYLE_USAGE(.BOTH.,#7645);
#7645 = SURFACE_SIDE_STYLE('',(#7646));
#7646 = SURFACE_STYLE_FILL_AREA(#7647);
#7647 = FILL_AREA_STYLE('',(#7648));
#7648 = FILL_AREA_STYLE_COLOUR('',#7649);
#7649 = COLOUR_RGB('',2.352941234596E-02,0.956862747054,0.490196077941);
#7650 = OVER_RIDING_STYLED_ITEM('overriding color',(#7651),#6631,#7292);
#7651 = PRESENTATION_STYLE_ASSIGNMENT((#7652));
#7652 = SURFACE_STYLE_USAGE(.BOTH.,#7653);
#7653 = SURFACE_SIDE_STYLE('',(#7654));
#7654 = SURFACE_STYLE_FILL_AREA(#7655);
#7655 = FILL_AREA_STYLE('',(#7656));
#7656 = FILL_AREA_STYLE_COLOUR('',#7649);
#7657 = OVER_RIDING_STYLED_ITEM('overriding color',(#7658),#6827,#7292);
#7658 = PRESENTATION_STYLE_ASSIGNMENT((#7659));
#7659 = SURFACE_STYLE_USAGE(.BOTH.,#7660);
#7660 = SURFACE_SIDE_STYLE('',(#7661));
#7661 = SURFACE_STYLE_FILL_AREA(#7662);
#7662 = FILL_AREA_STYLE('',(#7663));
#7663 = FILL_AREA_STYLE_COLOUR('',#7649);
#7664 = OVER_RIDING_STYLED_ITEM('overriding color',(#7665),#6922,#7292);
#7665 = PRESENTATION_STYLE_ASSIGNMENT((#7666));
#7666 = SURFACE_STYLE_USAGE(.BOTH.,#7667);
#7667 = SURFACE_SIDE_STYLE('',(#7668));
#7668 = SURFACE_STYLE_FILL_AREA(#7669);
#7669 = FILL_AREA_STYLE('',(#7670));
#7670 = FILL_AREA_STYLE_COLOUR('',#7649);
#7671 = OVER_RIDING_STYLED_ITEM('overriding color',(#7672),#6971,#7292);
#7672 = PRESENTATION_STYLE_ASSIGNMENT((#7673));
#7673 = SURFACE_STYLE_USAGE(.BOTH.,#7674);
#7674 = SURFACE_SIDE_STYLE('',(#7675));
#7675 = SURFACE_STYLE_FILL_AREA(#7676);
#7676 = FILL_AREA_STYLE('',(#7677));
#7677 = FILL_AREA_STYLE_COLOUR('',#7649);
#7678 = OVER_RIDING_STYLED_ITEM('overriding color',(#7679),#7044,#7292);
#7679 = PRESENTATION_STYLE_ASSIGNMENT((#7680));
#7680 = SURFACE_STYLE_USAGE(.BOTH.,#7681);
#7681 = SURFACE_SIDE_STYLE('',(#7682));
#7682 = SURFACE_STYLE_FILL_AREA(#7683);
#7683 = FILL_AREA_STYLE('',(#7684));
#7684 = FILL_AREA_STYLE_COLOUR('',#7649);
#7685 = OVER_RIDING_STYLED_ITEM('overriding color',(#7686),#7095,#7292);
#7686 = PRESENTATION_STYLE_ASSIGNMENT((#7687));
#7687 = SURFACE_STYLE_USAGE(.BOTH.,#7688);
#7688 = SURFACE_SIDE_STYLE('',(#7689));
#7689 = SURFACE_STYLE_FILL_AREA(#7690);
#7690 = FILL_AREA_STYLE('',(#7691));
#7691 = FILL_AREA_STYLE_COLOUR('',#7649);
#7692 = OVER_RIDING_STYLED_ITEM('overriding color',(#7693),#7128,#7292);
#7693 = PRESENTATION_STYLE_ASSIGNMENT((#7694));
#7694 = SURFACE_STYLE_USAGE(.BOTH.,#7695);
#7695 = SURFACE_SIDE_STYLE('',(#7696));
#7696 = SURFACE_STYLE_FILL_AREA(#7697);
#7697 = FILL_AREA_STYLE('',(#7698));
#7698 = FILL_AREA_STYLE_COLOUR('',#7649);
#7699 = OVER_RIDING_STYLED_ITEM('overriding color',(#7700),#7161,#7292);
#7700 = PRESENTATION_STYLE_ASSIGNMENT((#7701));
#7701 = SURFACE_STYLE_USAGE(.BOTH.,#7702);
#7702 = SURFACE_SIDE_STYLE('',(#7703));
#7703 = SURFACE_STYLE_FILL_AREA(#7704);
#7704 = FILL_AREA_STYLE('',(#7705));
#7705 = FILL_AREA_STYLE_COLOUR('',#7649);
#7706 = OVER_RIDING_STYLED_ITEM('overriding color',(#7707),#7194,#7292);
#7707 = PRESENTATION_STYLE_ASSIGNMENT((#7708));
#7708 = SURFACE_STYLE_USAGE(.BOTH.,#7709);
#7709 = SURFACE_SIDE_STYLE('',(#7710));
#7710 = SURFACE_STYLE_FILL_AREA(#7711);
#7711 = FILL_AREA_STYLE('',(#7712));
#7712 = FILL_AREA_STYLE_COLOUR('',#7649);
#7713 = OVER_RIDING_STYLED_ITEM('overriding color',(#7714),#7227,#7292);
#7714 = PRESENTATION_STYLE_ASSIGNMENT((#7715));
#7715 = SURFACE_STYLE_USAGE(.BOTH.,#7716);
#7716 = SURFACE_SIDE_STYLE('',(#7717));
#7717 = SURFACE_STYLE_FILL_AREA(#7718);
#7718 = FILL_AREA_STYLE('',(#7719));
#7719 = FILL_AREA_STYLE_COLOUR('',#7649);
#7720 = OVER_RIDING_STYLED_ITEM('overriding color',(#7721),#7254,#7292);
#7721 = PRESENTATION_STYLE_ASSIGNMENT((#7722));
#7722 = SURFACE_STYLE_USAGE(.BOTH.,#7723);
#7723 = SURFACE_SIDE_STYLE('',(#7724));
#7724 = SURFACE_STYLE_FILL_AREA(#7725);
#7725 = FILL_AREA_STYLE('',(#7726));
#7726 = FILL_AREA_STYLE_COLOUR('',#7649);
ENDSEC;
END-ISO-10303-21;
