ISO-10303-21;
HEADER;
/* Generated by software containing ST-Developer
 * from STEP Tools, Inc. (www.steptools.com) 
 */

FILE_DESCRIPTION(
/* description */ (''),
/* implementation_level */ '2;1');

FILE_NAME(
/* name */ 'UntereHaelfte.stp',
/* time_stamp */ '2025-06-26T08:29:04+02:00',
/* author */ ('mexen'),
/* organization */ (''),
/* preprocessor_version */ 'ST-DEVELOPER v20',
/* originating_system */ 'Autodesk Inventor 2025',
/* authorisation */ '');

FILE_SCHEMA (('AUTOMOTIVE_DESIGN { 1 0 10303 214 3 1 1 }'));
ENDSEC;

DATA;
#10=MECHANICAL_DESIGN_GEOMETRIC_PRESENTATION_REPRESENTATION('',(#13),#9870);
#11=SHAPE_REPRESENTATION_RELATIONSHIP('SRR','None',#9877,#12);
#12=ADVANCED_BREP_SHAPE_REPRESENTATION('',(#14),#9869);
#13=STYLED_ITEM('',(#9886),#14);
#14=MANIFOLD_SOLID_BREP('Volumenk\X\F6rper1',#3971);
#15=FACE_BOUND('',#1131,.T.);
#16=TOROIDAL_SURFACE('',#4033,36.,0.5);
#17=TOROIDAL_SURFACE('',#4046,2.00000000000001,1.);
#18=TOROIDAL_SURFACE('',#4058,36.,0.5);
#19=TOROIDAL_SURFACE('',#4070,1.99999999999999,1.);
#20=TOROIDAL_SURFACE('',#4082,36.,0.5);
#21=TOROIDAL_SURFACE('',#4094,2.00000000000001,1.);
#22=TOROIDAL_SURFACE('',#4108,36.,0.5);
#23=TOROIDAL_SURFACE('',#4114,1.99997999999999,0.99998);
#24=TOROIDAL_SURFACE('',#4117,36.485892697858,0.99998);
#25=TOROIDAL_SURFACE('',#4120,1.99998,0.99998);
#26=TOROIDAL_SURFACE('',#4123,1.99998,0.99998);
#27=TOROIDAL_SURFACE('',#4135,36.,0.5);
#28=TOROIDAL_SURFACE('',#4146,1.99999999999999,1.);
#29=TOROIDAL_SURFACE('',#4155,34.5,0.5);
#30=TOROIDAL_SURFACE('',#4162,3.,2.);
#31=TOROIDAL_SURFACE('',#4165,35.,2.);
#32=TOROIDAL_SURFACE('',#4168,3.,2.);
#33=TOROIDAL_SURFACE('',#4176,32.5,0.5);
#34=TOROIDAL_SURFACE('',#4193,36.,0.5);
#35=TOROIDAL_SURFACE('',#4209,36.,0.5);
#36=TOROIDAL_SURFACE('',#4218,1.99998000000001,0.99998);
#37=TOROIDAL_SURFACE('',#4231,36.,0.5);
#38=TOROIDAL_SURFACE('',#4243,2.00000000000001,1.);
#39=TOROIDAL_SURFACE('',#4254,36.,0.5);
#40=TOROIDAL_SURFACE('',#4265,2.00000000000001,1.);
#41=TOROIDAL_SURFACE('',#4276,36.,0.5);
#42=TOROIDAL_SURFACE('',#4287,1.99999999999999,1.);
#43=TOROIDAL_SURFACE('',#4296,34.5,0.5);
#44=TOROIDAL_SURFACE('',#4306,3.,2.);
#45=TOROIDAL_SURFACE('',#4315,32.5,0.5);
#46=TOROIDAL_SURFACE('',#4326,32.,2.);
#47=TOROIDAL_SURFACE('',#4328,2.00000000000001,1.);
#48=TOROIDAL_SURFACE('',#4331,36.,1.);
#49=TOROIDAL_SURFACE('',#4338,2.00000000000001,1.);
#50=TOROIDAL_SURFACE('',#4341,36.,1.);
#51=TOROIDAL_SURFACE('',#4348,2.00000000000001,1.);
#52=TOROIDAL_SURFACE('',#4351,36.,1.);
#53=TOROIDAL_SURFACE('',#4359,30.99998,0.99998);
#54=TOROIDAL_SURFACE('',#4365,2.,1.);
#55=TOROIDAL_SURFACE('',#4368,36.,1.);
#56=TOROIDAL_SURFACE('',#4373,32.,2.);
#57=TOROIDAL_SURFACE('',#4378,1.99999999999999,1.);
#58=TOROIDAL_SURFACE('',#4380,36.485912697858,1.);
#59=TOROIDAL_SURFACE('',#4382,2.,1.);
#60=TOROIDAL_SURFACE('',#4385,35.99998,0.99998);
#61=TOROIDAL_SURFACE('',#4388,1.99998000000001,0.99998);
#62=TOROIDAL_SURFACE('',#4391,1.99998000000001,0.99998);
#63=TOROIDAL_SURFACE('',#4397,30.99998,0.99998);
#64=TOROIDAL_SURFACE('',#4399,1.99999999999999,1.);
#65=TOROIDAL_SURFACE('',#4401,36.,1.);
#66=TOROIDAL_SURFACE('',#4402,2.00000000000001,1.);
#67=TOROIDAL_SURFACE('',#4404,36.,1.);
#68=TOROIDAL_SURFACE('',#4405,2.,1.);
#69=TOROIDAL_SURFACE('',#4408,36.,1.);
#70=TOROIDAL_SURFACE('',#4410,3.,2.);
#71=TOROIDAL_SURFACE('',#4413,35.,2.);
#72=(
BOUNDED_SURFACE()
B_SPLINE_SURFACE(2,2,((#5755,#5756,#5757),(#5758,#5759,#5760),(#5761,#5762,
#5763)),.UNSPECIFIED.,.F.,.F.,.F.)
B_SPLINE_SURFACE_WITH_KNOTS((3,3),(3,3),(0.,1.5707963267949),(-1.0175168610593,
-0.931758347860653),.UNSPECIFIED.)
GEOMETRIC_REPRESENTATION_ITEM()
RATIONAL_B_SPLINE_SURFACE(((1.,0.99908082552489,1.),(0.707106781186554,
0.70645682668211,0.707106781186554),(1.,0.99908082552489,1.)))
REPRESENTATION_ITEM('')
SURFACE()
);
#73=(
BOUNDED_SURFACE()
B_SPLINE_SURFACE(2,2,((#5779,#5780,#5781),(#5782,#5783,#5784),(#5785,#5786,
#5787)),.UNSPECIFIED.,.F.,.F.,.F.)
B_SPLINE_SURFACE_WITH_KNOTS((3,3),(3,3),(0.,1.5707963267949),(0.931758347860634,
1.01751686079415),.UNSPECIFIED.)
GEOMETRIC_REPRESENTATION_ITEM()
RATIONAL_B_SPLINE_SURFACE(((1.,0.999080825530572,1.),(0.707106781186554,
0.706456826686128,0.707106781186554),(1.,0.999080825530572,1.)))
REPRESENTATION_ITEM('')
SURFACE()
);
#74=(
BOUNDED_SURFACE()
B_SPLINE_SURFACE(2,2,((#6130,#6131,#6132),(#6133,#6134,#6135),(#6136,#6137,
#6138)),.UNSPECIFIED.,.F.,.F.,.F.)
B_SPLINE_SURFACE_WITH_KNOTS((3,3),(3,3),(0.,1.5707963267949),(-1.01751686105914,
-0.931758347860624),.UNSPECIFIED.)
GEOMETRIC_REPRESENTATION_ITEM()
RATIONAL_B_SPLINE_SURFACE(((1.,0.999080825524892,1.),(0.707106781186562,
0.70645682668212,0.707106781186562),(1.,0.999080825524892,1.)))
REPRESENTATION_ITEM('')
SURFACE()
);
#75=(
BOUNDED_SURFACE()
B_SPLINE_SURFACE(2,2,((#6154,#6155,#6156),(#6157,#6158,#6159),(#6160,#6161,
#6162)),.UNSPECIFIED.,.F.,.F.,.F.)
B_SPLINE_SURFACE_WITH_KNOTS((3,3),(3,3),(0.,1.5707963267949),(0.931758347860631,
1.01751686079417),.UNSPECIFIED.)
GEOMETRIC_REPRESENTATION_ITEM()
RATIONAL_B_SPLINE_SURFACE(((1.,0.999080825530572,1.),(0.707106781186554,
0.706456826686128,0.707106781186554),(1.,0.999080825530572,1.)))
REPRESENTATION_ITEM('')
SURFACE()
);
#76=(
BOUNDED_SURFACE()
B_SPLINE_SURFACE(2,2,((#6368,#6369,#6370),(#6371,#6372,#6373),(#6374,#6375,
#6376)),.UNSPECIFIED.,.F.,.F.,.F.)
B_SPLINE_SURFACE_WITH_KNOTS((3,3),(3,3),(0.,1.5707963267949),(-1.01751686105936,
-0.931758347860641),.UNSPECIFIED.)
GEOMETRIC_REPRESENTATION_ITEM()
RATIONAL_B_SPLINE_SURFACE(((1.,0.999080825524888,1.),(0.707106781186517,
0.706456826682072,0.707106781186517),(1.,0.999080825524888,1.)))
REPRESENTATION_ITEM('')
SURFACE()
);
#77=(
BOUNDED_SURFACE()
B_SPLINE_SURFACE(2,2,((#6392,#6393,#6394),(#6395,#6396,#6397),(#6398,#6399,
#6400)),.UNSPECIFIED.,.F.,.F.,.F.)
B_SPLINE_SURFACE_WITH_KNOTS((3,3),(3,3),(0.,1.5707963267949),(0.931758347860615,
1.01751686079428),.UNSPECIFIED.)
GEOMETRIC_REPRESENTATION_ITEM()
RATIONAL_B_SPLINE_SURFACE(((1.,0.999080825530569,1.),(0.707106781186517,
0.706456826686089,0.707106781186517),(1.,0.999080825530569,1.)))
REPRESENTATION_ITEM('')
SURFACE()
);
#78=(
BOUNDED_SURFACE()
B_SPLINE_SURFACE(2,2,((#6952,#6953,#6954),(#6955,#6956,#6957),(#6958,#6959,
#6960)),.UNSPECIFIED.,.F.,.F.,.F.)
B_SPLINE_SURFACE_WITH_KNOTS((3,3),(3,3),(-0.18907858740148,0.),(-2.14939790332467,
-0.610865238197886),.UNSPECIFIED.)
GEOMETRIC_REPRESENTATION_ITEM()
RATIONAL_B_SPLINE_SURFACE(((1.,0.718421208107053,1.),(0.995534488401945,
0.715213089869962,0.995534488401945),(1.,0.718421208107053,1.)))
REPRESENTATION_ITEM('')
SURFACE()
);
#79=(
BOUNDED_SURFACE()
B_SPLINE_SURFACE(2,2,((#7051,#7052,#7053),(#7054,#7055,#7056),(#7057,#7058,
#7059)),.UNSPECIFIED.,.F.,.F.,.F.)
B_SPLINE_SURFACE_WITH_KNOTS((3,3),(3,3),(0.,1.5707963267949),(-1.01751686105884,
-0.931758347860617),.UNSPECIFIED.)
GEOMETRIC_REPRESENTATION_ITEM()
RATIONAL_B_SPLINE_SURFACE(((1.,0.999080825524899,1.),(0.707106781186525,
0.706456826682087,0.707106781186525),(1.,0.999080825524899,1.)))
REPRESENTATION_ITEM('')
SURFACE()
);
#80=(
BOUNDED_SURFACE()
B_SPLINE_SURFACE(2,2,((#7075,#7076,#7077),(#7078,#7079,#7080),(#7081,#7082,
#7083)),.UNSPECIFIED.,.F.,.F.,.F.)
B_SPLINE_SURFACE_WITH_KNOTS((3,3),(3,3),(0.,1.5707963267949),(0.931758347860616,
1.01751686079411),.UNSPECIFIED.)
GEOMETRIC_REPRESENTATION_ITEM()
RATIONAL_B_SPLINE_SURFACE(((1.,0.999080825530573,1.),(0.707106781186517,
0.706456826686092,0.707106781186517),(1.,0.999080825530573,1.)))
REPRESENTATION_ITEM('')
SURFACE()
);
#81=(
BOUNDED_SURFACE()
B_SPLINE_SURFACE(2,2,((#7620,#7621,#7622,#7623,#7624),(#7625,#7626,#7627,
#7628,#7629),(#7630,#7631,#7632,#7633,#7634)),.UNSPECIFIED.,.F.,.F.,.F.)
B_SPLINE_SURFACE_WITH_KNOTS((3,3),(3,2,3),(0.,1.5707963267949),(-2.50728490636733,
-1.71798045323237,-0.928676000097399),.UNSPECIFIED.)
GEOMETRIC_REPRESENTATION_ITEM()
RATIONAL_B_SPLINE_SURFACE(((1.,0.923130334608565,1.,0.923130334608565,1.),
(0.707106781186625,0.652751719520794,0.707106781186625,0.652751719520794,
0.707106781186625),(1.,0.923130334608565,1.,0.923130334608565,1.)))
REPRESENTATION_ITEM('')
SURFACE()
);
#82=(
BOUNDED_SURFACE()
B_SPLINE_SURFACE(2,2,((#7646,#7647,#7648,#7649,#7650),(#7651,#7652,#7653,
#7654,#7655),(#7656,#7657,#7658,#7659,#7660)),.UNSPECIFIED.,.F.,.F.,.F.)
B_SPLINE_SURFACE_WITH_KNOTS((3,3),(3,2,3),(0.,1.57079632679502),(0.928676000097383,
1.71798045323236,2.50728490636733),.UNSPECIFIED.)
GEOMETRIC_REPRESENTATION_ITEM()
RATIONAL_B_SPLINE_SURFACE(((1.,0.923130334608564,1.,0.923130334608564,1.),
(0.707106781186426,0.65275171952061,0.707106781186426,0.65275171952061,
0.707106781186426),(1.,0.923130334608564,1.,0.923130334608564,1.)))
REPRESENTATION_ITEM('')
SURFACE()
);
#83=(
BOUNDED_SURFACE()
B_SPLINE_SURFACE(2,2,((#8221,#8222,#8223),(#8224,#8225,#8226),(#8227,#8228,
#8229)),.UNSPECIFIED.,.F.,.F.,.F.)
B_SPLINE_SURFACE_WITH_KNOTS((3,3),(3,3),(-1.5707963267949,0.),(-1.01843581507307,
-0.931758347860659),.UNSPECIFIED.)
GEOMETRIC_REPRESENTATION_ITEM()
RATIONAL_B_SPLINE_SURFACE(((1.,0.999061024067478,1.),(0.707106781186517,
0.70644282493726,0.707106781186517),(1.,0.999061024067478,1.)))
REPRESENTATION_ITEM('')
SURFACE()
);
#84=(
BOUNDED_SURFACE()
B_SPLINE_SURFACE(2,2,((#8241,#8242,#8243),(#8244,#8245,#8246),(#8247,#8248,
#8249)),.UNSPECIFIED.,.F.,.F.,.F.)
B_SPLINE_SURFACE_WITH_KNOTS((3,3),(3,3),(-1.5707963267949,0.),(0.932621152095824,
1.07839759999212),.UNSPECIFIED.)
GEOMETRIC_REPRESENTATION_ITEM()
RATIONAL_B_SPLINE_SURFACE(((1.,0.997344829226138,1.),(0.707106781186517,
0.705229291927111,0.707106781186517),(1.,0.997344829226138,1.)))
REPRESENTATION_ITEM('')
SURFACE()
);
#85=(
BOUNDED_SURFACE()
B_SPLINE_SURFACE(2,2,((#8505,#8506,#8507),(#8508,#8509,#8510),(#8511,#8512,
#8513)),.UNSPECIFIED.,.F.,.F.,.F.)
B_SPLINE_SURFACE_WITH_KNOTS((3,3),(3,3),(-1.5707963267949,0.),(-1.01751686105965,
-0.931758347860641),.UNSPECIFIED.)
GEOMETRIC_REPRESENTATION_ITEM()
RATIONAL_B_SPLINE_SURFACE(((1.,0.999080825524882,1.),(0.707106781186517,
0.706456826682068,0.707106781186517),(1.,0.999080825524882,1.)))
REPRESENTATION_ITEM('')
SURFACE()
);
#86=(
BOUNDED_SURFACE()
B_SPLINE_SURFACE(2,2,((#8527,#8528,#8529),(#8530,#8531,#8532),(#8533,#8534,
#8535)),.UNSPECIFIED.,.F.,.F.,.F.)
B_SPLINE_SURFACE_WITH_KNOTS((3,3),(3,3),(-1.5707963267949,0.),(0.931758347860615,
1.01751686079428),.UNSPECIFIED.)
GEOMETRIC_REPRESENTATION_ITEM()
RATIONAL_B_SPLINE_SURFACE(((1.,0.999080825530569,1.),(0.707106781186517,
0.706456826686089,0.707106781186517),(1.,0.999080825530569,1.)))
REPRESENTATION_ITEM('')
SURFACE()
);
#87=(
BOUNDED_SURFACE()
B_SPLINE_SURFACE(2,2,((#8777,#8778,#8779),(#8780,#8781,#8782),(#8783,#8784,
#8785)),.UNSPECIFIED.,.F.,.F.,.F.)
B_SPLINE_SURFACE_WITH_KNOTS((3,3),(3,3),(-1.5707963267949,0.),(-1.01751686105925,
-0.931758347860624),.UNSPECIFIED.)
GEOMETRIC_REPRESENTATION_ITEM()
RATIONAL_B_SPLINE_SURFACE(((1.,0.99908082552489,1.),(0.707106781186554,
0.70645682668211,0.707106781186554),(1.,0.99908082552489,1.)))
REPRESENTATION_ITEM('')
SURFACE()
);
#88=(
BOUNDED_SURFACE()
B_SPLINE_SURFACE(2,2,((#8799,#8800,#8801),(#8802,#8803,#8804),(#8805,#8806,
#8807)),.UNSPECIFIED.,.F.,.F.,.F.)
B_SPLINE_SURFACE_WITH_KNOTS((3,3),(3,3),(-1.5707963267949,0.),(0.931758347860633,
1.01751686079414),.UNSPECIFIED.)
GEOMETRIC_REPRESENTATION_ITEM()
RATIONAL_B_SPLINE_SURFACE(((1.,0.999080825530572,1.),(0.707106781186554,
0.706456826686128,0.707106781186554),(1.,0.999080825530572,1.)))
REPRESENTATION_ITEM('')
SURFACE()
);
#89=(
BOUNDED_SURFACE()
B_SPLINE_SURFACE(2,2,((#9002,#9003,#9004),(#9005,#9006,#9007),(#9008,#9009,
#9010)),.UNSPECIFIED.,.F.,.F.,.F.)
B_SPLINE_SURFACE_WITH_KNOTS((3,3),(3,3),(-1.5707963267949,0.),(-1.01751686105936,
-0.931758347860653),.UNSPECIFIED.)
GEOMETRIC_REPRESENTATION_ITEM()
RATIONAL_B_SPLINE_SURFACE(((1.,0.999080825524888,1.),(0.707106781186554,
0.706456826682109,0.707106781186554),(1.,0.999080825524888,1.)))
REPRESENTATION_ITEM('')
SURFACE()
);
#90=(
BOUNDED_SURFACE()
B_SPLINE_SURFACE(2,2,((#9024,#9025,#9026),(#9027,#9028,#9029),(#9030,#9031,
#9032)),.UNSPECIFIED.,.F.,.F.,.F.)
B_SPLINE_SURFACE_WITH_KNOTS((3,3),(3,3),(-1.5707963267949,0.),(0.931758347860633,
1.01751686079415),.UNSPECIFIED.)
GEOMETRIC_REPRESENTATION_ITEM()
RATIONAL_B_SPLINE_SURFACE(((1.,0.999080825530572,1.),(0.707106781186554,
0.706456826686128,0.707106781186554),(1.,0.999080825530572,1.)))
REPRESENTATION_ITEM('')
SURFACE()
);
#91=(
BOUNDED_SURFACE()
B_SPLINE_SURFACE(2,2,((#9511,#9512,#9513,#9514,#9515),(#9516,#9517,#9518,
#9519,#9520),(#9521,#9522,#9523,#9524,#9525)),.UNSPECIFIED.,.F.,.F.,.F.)
B_SPLINE_SURFACE_WITH_KNOTS((3,3),(3,2,3),(-1.5707963267949,0.),(-2.50728490636734,
-1.71798045323237,-0.928676000097394),.UNSPECIFIED.)
GEOMETRIC_REPRESENTATION_ITEM()
RATIONAL_B_SPLINE_SURFACE(((1.,0.923130334608564,1.,0.923130334608564,1.),
(0.707106781186556,0.65275171952073,0.707106781186556,0.65275171952073,
0.707106781186556),(1.,0.923130334608564,1.,0.923130334608564,1.)))
REPRESENTATION_ITEM('')
SURFACE()
);
#92=(
BOUNDED_SURFACE()
B_SPLINE_SURFACE(2,2,((#9537,#9538,#9539,#9540,#9541),(#9542,#9543,#9544,
#9545,#9546),(#9547,#9548,#9549,#9550,#9551)),.UNSPECIFIED.,.F.,.F.,.F.)
B_SPLINE_SURFACE_WITH_KNOTS((3,3),(3,2,3),(-1.57079632679503,0.),(0.928676000097396,
1.71798045323236,2.50728490636732),.UNSPECIFIED.)
GEOMETRIC_REPRESENTATION_ITEM()
RATIONAL_B_SPLINE_SURFACE(((1.,0.923130334608566,1.,0.923130334608566,1.),
(0.707106781186516,0.652751719520695,0.707106781186516,0.652751719520695,
0.707106781186516),(1.,0.923130334608566,1.,0.923130334608566,1.)))
REPRESENTATION_ITEM('')
SURFACE()
);
#93=(
BOUNDED_SURFACE()
B_SPLINE_SURFACE(2,2,((#9757,#9758,#9759),(#9760,#9761,#9762),(#9763,#9764,
#9765)),.UNSPECIFIED.,.F.,.F.,.F.)
B_SPLINE_SURFACE_WITH_KNOTS((3,3),(3,3),(-0.18907858740148,0.),(-2.53072741539191,
-0.992194750265127),.UNSPECIFIED.)
GEOMETRIC_REPRESENTATION_ITEM()
RATIONAL_B_SPLINE_SURFACE(((1.,0.718421208107055,1.),(0.995534488401945,
0.715213089869964,0.995534488401945),(1.,0.718421208107055,1.)))
REPRESENTATION_ITEM('')
SURFACE()
);
#94=B_SPLINE_CURVE_WITH_KNOTS('',3,(#5694,#5695,#5696,#5697,#5698,#5699,
#5700,#5701),.UNSPECIFIED.,.F.,.F.,(4,1,1,2,4),(-0.212846478639177,-0.127707887183506,
-0.0851385914556708,0.,0.000547725067860078),.UNSPECIFIED.);
#95=B_SPLINE_CURVE_WITH_KNOTS('',3,(#5702,#5703,#5704,#5705,#5706,#5707,
#5708,#5709),.UNSPECIFIED.,.F.,.F.,(4,2,1,1,4),(-0.000547725067860078,0.,
0.0851385914556708,0.127707887183506,0.212846478639177),.UNSPECIFIED.);
#96=B_SPLINE_CURVE_WITH_KNOTS('',3,(#5743,#5744,#5745,#5746,#5747,#5748),
 .UNSPECIFIED.,.F.,.F.,(4,1,1,4),(-0.0761372116547002,-0.0543837226105002,
-0.0326302335663001,0.),.UNSPECIFIED.);
#97=B_SPLINE_CURVE_WITH_KNOTS('',3,(#5749,#5750,#5751,#5752,#5753,#5754),
 .UNSPECIFIED.,.F.,.F.,(4,1,1,4),(0.,0.0326302335663001,0.0543837226105002,
0.0761372116547002),.UNSPECIFIED.);
#98=B_SPLINE_CURVE_WITH_KNOTS('',3,(#5824,#5825,#5826,#5827,#5828,#5829),
 .UNSPECIFIED.,.F.,.F.,(4,1,1,4),(-0.0761385968228456,-0.0543847120163183,
-0.032630827209791,0.),.UNSPECIFIED.);
#99=B_SPLINE_CURVE_WITH_KNOTS('',3,(#5832,#5833,#5834,#5835,#5836,#5837),
 .UNSPECIFIED.,.F.,.F.,(4,1,1,4),(0.,0.032630827209791,0.0543847120163183,
0.0761385968228456),.UNSPECIFIED.);
#100=B_SPLINE_CURVE_WITH_KNOTS('',3,(#5871,#5872,#5873,#5874,#5875,#5876,
#5877,#5878),.UNSPECIFIED.,.F.,.F.,(4,1,1,2,4),(0.,0.085138591455575,0.127707887183363,
0.212846478638938,0.213394203707019),.UNSPECIFIED.);
#101=B_SPLINE_CURVE_WITH_KNOTS('',3,(#5879,#5880,#5881,#5882,#5883,#5884,
#5885,#5886),.UNSPECIFIED.,.F.,.F.,(4,2,1,1,4),(-0.213394203707019,-0.212846478638938,
-0.127707887183363,-0.085138591455575,0.),.UNSPECIFIED.);
#102=B_SPLINE_CURVE_WITH_KNOTS('',3,(#5891,#5892,#5893,#5894,#5895,#5896),
 .UNSPECIFIED.,.F.,.F.,(4,1,1,4),(-0.0761372116546972,-0.054383722610498,
-0.0326302335662988,0.),.UNSPECIFIED.);
#103=B_SPLINE_CURVE_WITH_KNOTS('',3,(#5904,#5905,#5906,#5907,#5908,#5909,
#5910,#5911),.UNSPECIFIED.,.F.,.F.,(4,1,1,2,4),(0.,0.0851385914556822,0.127707887183523,
0.212846478639206,0.213394203707036),.UNSPECIFIED.);
#104=B_SPLINE_CURVE_WITH_KNOTS('',3,(#5915,#5916,#5917,#5918,#5919,#5920,
#5921,#5922),.UNSPECIFIED.,.F.,.F.,(4,2,1,1,4),(-0.000547725067886188,0.,
0.0851385914556596,0.127707887183489,0.212846478639149),.UNSPECIFIED.);
#105=B_SPLINE_CURVE_WITH_KNOTS('',3,(#5926,#5927,#5928,#5929,#5930,#5931,
#5932,#5933),.UNSPECIFIED.,.F.,.F.,(4,1,1,2,4),(0.,0.0851385914556602,0.12770788718349,
0.21284647863915,0.213394203707035),.UNSPECIFIED.);
#106=B_SPLINE_CURVE_WITH_KNOTS('',3,(#5937,#5938,#5939,#5940,#5941,#5942,
#5943,#5944),.UNSPECIFIED.,.F.,.F.,(4,2,1,1,4),(-0.000547725067860078,0.,
0.0851385914556708,0.127707887183506,0.212846478639177),.UNSPECIFIED.);
#107=B_SPLINE_CURVE_WITH_KNOTS('',3,(#5948,#5949,#5950,#5951,#5952,#5953,
#5954,#5955),.UNSPECIFIED.,.F.,.F.,(4,1,1,2,4),(0.,0.0851382061607094,0.127707309241064,
0.212845515401774,0.2133932368181),.UNSPECIFIED.);
#108=B_SPLINE_CURVE_WITH_KNOTS('',3,(#5959,#5960,#5961,#5962,#5963,#5964,
#5965,#5966),.UNSPECIFIED.,.F.,.F.,(4,2,1,1,4),(-0.000547721416513118,0.,
0.0957784660058387,0.127704621341118,0.159630776676398),.UNSPECIFIED.);
#109=B_SPLINE_CURVE_WITH_KNOTS('',3,(#5970,#5971,#5972,#5973,#5974,#5975,
#5976,#5977),.UNSPECIFIED.,.F.,.F.,(4,1,1,2,4),(0.,0.0638526208814999,0.0957789313222498,
0.15963155220375,0.160179277271845),.UNSPECIFIED.);
#110=B_SPLINE_CURVE_WITH_KNOTS('',3,(#5981,#5982,#5983,#5984,#5985,#5986,
#5987,#5988),.UNSPECIFIED.,.F.,.F.,(4,2,1,1,4),(-0.000547725067974969,0.,
0.0851385914556255,0.127707887183438,0.212846478639064),.UNSPECIFIED.);
#111=B_SPLINE_CURVE_WITH_KNOTS('',3,(#5992,#5993,#5994,#5995,#5996,#5997,
#5998,#5999),.UNSPECIFIED.,.F.,.F.,(4,2,1,1,4),(-0.000707110840561328,0.,
0.125381488563871,0.188072232845806,0.313453721409676),.UNSPECIFIED.);
#112=B_SPLINE_CURVE_WITH_KNOTS('',3,(#6003,#6004,#6005,#6006),
 .UNSPECIFIED.,.F.,.F.,(4,4),(0.,0.103040640208874),.UNSPECIFIED.);
#113=B_SPLINE_CURVE_WITH_KNOTS('',3,(#6010,#6011,#6012,#6013),
 .UNSPECIFIED.,.F.,.F.,(4,4),(-0.103040640208877,-7.09176366845682E-16),
 .UNSPECIFIED.);
#114=B_SPLINE_CURVE_WITH_KNOTS('',3,(#6017,#6018,#6019,#6020,#6021,#6022,
#6023,#6024),.UNSPECIFIED.,.F.,.F.,(4,1,1,2,4),(0.,0.12538148856385,0.188072232845775,
0.313453721409625,0.314160832250237),.UNSPECIFIED.);
#115=B_SPLINE_CURVE_WITH_KNOTS('',3,(#6027,#6028,#6029,#6030,#6031,#6032,
#6033,#6034),.UNSPECIFIED.,.F.,.F.,(4,1,1,2,4),(0.,0.0851385914556403,0.127707887183461,
0.212846478639101,0.213394203707038),.UNSPECIFIED.);
#116=B_SPLINE_CURVE_WITH_KNOTS('',3,(#6077,#6078,#6079,#6080,#6081,#6082,
#6083,#6084),.UNSPECIFIED.,.F.,.F.,(4,1,1,2,4),(-0.212846478639149,-0.127707887183489,
-0.0851385914556596,0.,0.000547725067886188),.UNSPECIFIED.);
#117=B_SPLINE_CURVE_WITH_KNOTS('',3,(#6118,#6119,#6120,#6121,#6122,#6123),
 .UNSPECIFIED.,.F.,.F.,(4,1,1,4),(-0.0761372116547084,-0.054383722610506,
-0.0326302335663036,0.),.UNSPECIFIED.);
#118=B_SPLINE_CURVE_WITH_KNOTS('',3,(#6124,#6125,#6126,#6127,#6128,#6129),
 .UNSPECIFIED.,.F.,.F.,(4,1,1,4),(0.,0.0326302335663036,0.054383722610506,
0.0761372116547084),.UNSPECIFIED.);
#119=B_SPLINE_CURVE_WITH_KNOTS('',3,(#6199,#6200,#6201,#6202,#6203,#6204),
 .UNSPECIFIED.,.F.,.F.,(4,1,1,4),(-0.0761385968228439,-0.0543847120163171,
-0.0326308272097902,0.),.UNSPECIFIED.);
#120=B_SPLINE_CURVE_WITH_KNOTS('',3,(#6207,#6208,#6209,#6210,#6211,#6212),
 .UNSPECIFIED.,.F.,.F.,(4,1,1,4),(0.,0.0326308272097902,0.0543847120163171,
0.0761385968228439),.UNSPECIFIED.);
#121=B_SPLINE_CURVE_WITH_KNOTS('',3,(#6246,#6247,#6248,#6249,#6250,#6251,
#6252,#6253),.UNSPECIFIED.,.F.,.F.,(4,1,1,2,4),(1.30856678115416E-15,0.0851385914556584,
0.127707887183487,0.212846478639144,0.213394203707032),.UNSPECIFIED.);
#122=B_SPLINE_CURVE_WITH_KNOTS('',3,(#6254,#6255,#6256,#6257,#6258,#6259,
#6260,#6261),.UNSPECIFIED.,.F.,.F.,(4,2,1,1,4),(-0.213394203707032,-0.212846478639144,
-0.127707887183487,-0.0851385914556584,-1.30856678115416E-15),
 .UNSPECIFIED.);
#123=B_SPLINE_CURVE_WITH_KNOTS('',3,(#6264,#6265,#6266,#6267,#6268,#6269),
 .UNSPECIFIED.,.F.,.F.,(4,1,1,4),(-0.0761372116547037,-0.0543837226105027,
-0.0326302335663016,0.),.UNSPECIFIED.);
#124=B_SPLINE_CURVE_WITH_KNOTS('',3,(#6315,#6316,#6317,#6318,#6319,#6320,
#6321,#6322),.UNSPECIFIED.,.F.,.F.,(4,1,1,2,4),(-0.212846478639177,-0.127707887183506,
-0.0851385914556708,0.,0.000547725067860078),.UNSPECIFIED.);
#125=B_SPLINE_CURVE_WITH_KNOTS('',3,(#6356,#6357,#6358,#6359,#6360,#6361),
 .UNSPECIFIED.,.F.,.F.,(4,1,1,4),(-0.0761372116547001,-0.0543837226105007,
-0.0326302335663014,-2.3742038286949E-15),.UNSPECIFIED.);
#126=B_SPLINE_CURVE_WITH_KNOTS('',3,(#6362,#6363,#6364,#6365,#6366,#6367),
 .UNSPECIFIED.,.F.,.F.,(4,1,1,4),(2.3742038286949E-15,0.0326302335663014,
0.0543837226105007,0.0761372116547001),.UNSPECIFIED.);
#127=B_SPLINE_CURVE_WITH_KNOTS('',3,(#6437,#6438,#6439,#6440,#6441,#6442),
 .UNSPECIFIED.,.F.,.F.,(4,1,1,4),(-0.0761385968228394,-0.0543847120163138,
-0.0326308272097883,0.),.UNSPECIFIED.);
#128=B_SPLINE_CURVE_WITH_KNOTS('',3,(#6445,#6446,#6447,#6448,#6449,#6450),
 .UNSPECIFIED.,.F.,.F.,(4,1,1,4),(0.,0.0326308272097883,0.0543847120163138,
0.0761385968228394),.UNSPECIFIED.);
#129=B_SPLINE_CURVE_WITH_KNOTS('',3,(#6496,#6497,#6498,#6499,#6500,#6501,
#6502,#6503,#6504,#6505,#6506),.UNSPECIFIED.,.F.,.F.,(4,1,1,1,1,1,2,4),
(0.,0.0425692957278176,0.0638539435917265,0.0851385914556353,0.127707887183453,
0.170277182911271,0.212846478639088,0.213394203707023),.UNSPECIFIED.);
#130=B_SPLINE_CURVE_WITH_KNOTS('',3,(#6507,#6508,#6509,#6510,#6511,#6512,
#6513,#6514,#6515,#6516,#6517),.UNSPECIFIED.,.F.,.F.,(4,2,1,1,1,1,1,4),
(-0.213394203707023,-0.212846478639088,-0.170277182911271,-0.127707887183453,
-0.0851385914556353,-0.0638539435917265,-0.0425692957278176,0.),
 .UNSPECIFIED.);
#131=B_SPLINE_CURVE_WITH_KNOTS('',3,(#6520,#6521,#6522,#6523,#6524,#6525),
 .UNSPECIFIED.,.F.,.F.,(4,1,1,4),(-0.0761372116546837,-0.0543837226104884,
-0.032630233566293,0.),.UNSPECIFIED.);
#132=B_SPLINE_CURVE_WITH_KNOTS('',3,(#6566,#6567,#6568,#6569,#6570),
 .UNSPECIFIED.,.F.,.F.,(4,1,4),(-0.0613484481165072,-0.0306742240582536,
0.),.UNSPECIFIED.);
#133=B_SPLINE_CURVE_WITH_KNOTS('',3,(#6573,#6574,#6575,#6576,#6577),
 .UNSPECIFIED.,.F.,.F.,(4,1,4),(0.,0.0306742240582536,0.0613484481165072),
 .UNSPECIFIED.);
#134=B_SPLINE_CURVE_WITH_KNOTS('',3,(#6614,#6615,#6616,#6617,#6618,#6619,
#6620),.UNSPECIFIED.,.F.,.F.,(4,1,1,1,4),(-0.139538835664577,-0.0598023581419618,
-0.0199341193806539,-0.00996705969032696,0.),.UNSPECIFIED.);
#135=B_SPLINE_CURVE_WITH_KNOTS('',3,(#6623,#6624,#6625,#6626,#6627,#6628,
#6629),.UNSPECIFIED.,.F.,.F.,(4,1,1,1,4),(0.,0.00996705969032696,0.0199341193806539,
0.0598023581419618,0.139538835664577),.UNSPECIFIED.);
#136=B_SPLINE_CURVE_WITH_KNOTS('',3,(#6647,#6648,#6649,#6650),
 .UNSPECIFIED.,.F.,.F.,(4,4),(-0.348715916991798,0.),.UNSPECIFIED.);
#137=B_SPLINE_CURVE_WITH_KNOTS('',3,(#6653,#6654,#6655,#6656),
 .UNSPECIFIED.,.F.,.F.,(4,4),(0.,0.348715916991798),.UNSPECIFIED.);
#138=B_SPLINE_CURVE_WITH_KNOTS('',3,(#6691,#6692,#6693,#6694,#6695,#6696,
#6697,#6698),.UNSPECIFIED.,.F.,.F.,(4,1,1,2,4),(-0.159630776676398,-0.127704621341118,
-0.0957784660058387,0.,0.000547721416513118),.UNSPECIFIED.);
#139=B_SPLINE_CURVE_WITH_KNOTS('',3,(#6732,#6733,#6734,#6735,#6736,#6737),
 .UNSPECIFIED.,.F.,.F.,(4,1,1,4),(-0.50827444850777,-0.484421475479313,
-0.460568502450855,-0.424789042908169),.UNSPECIFIED.);
#140=B_SPLINE_CURVE_WITH_KNOTS('',3,(#6738,#6739,#6740,#6741,#6742,#6743,
#6744,#6745,#6746,#6747),.UNSPECIFIED.,.F.,.F.,(4,3,3,4),(0.424789042909366,
0.460568502451538,0.484421475479653,0.508274448507769),.UNSPECIFIED.);
#141=B_SPLINE_CURVE_WITH_KNOTS('',3,(#6771,#6772,#6773,#6774),
 .UNSPECIFIED.,.F.,.F.,(4,4),(-0.00298324905240354,0.),.UNSPECIFIED.);
#142=B_SPLINE_CURVE_WITH_KNOTS('',3,(#6775,#6776,#6777,#6778),
 .UNSPECIFIED.,.F.,.F.,(4,4),(0.,0.00298324905240354),.UNSPECIFIED.);
#143=B_SPLINE_CURVE_WITH_KNOTS('',3,(#6808,#6809,#6810,#6811),
 .UNSPECIFIED.,.F.,.F.,(4,4),(-0.00608949093656634,0.),.UNSPECIFIED.);
#144=B_SPLINE_CURVE_WITH_KNOTS('',3,(#6812,#6813,#6814,#6815),
 .UNSPECIFIED.,.F.,.F.,(4,4),(0.,0.00608949093656634),.UNSPECIFIED.);
#145=B_SPLINE_CURVE_WITH_KNOTS('',3,(#6836,#6837,#6838,#6839),
 .UNSPECIFIED.,.F.,.F.,(4,4),(-0.0218633721909834,1.72052457505846E-14),
 .UNSPECIFIED.);
#146=B_SPLINE_CURVE_WITH_KNOTS('',3,(#6840,#6841,#6842,#6843),
 .UNSPECIFIED.,.F.,.F.,(4,4),(-1.72052457505846E-14,0.0218633721909834),
 .UNSPECIFIED.);
#147=B_SPLINE_CURVE_WITH_KNOTS('',3,(#6877,#6878,#6879,#6880,#6881,#6882,
#6883,#6884),.UNSPECIFIED.,.F.,.F.,(4,1,1,1,1,4),(-0.231049114556264,-0.0990210490955416,
-0.0660140327303611,-0.0330070163651805,-0.0165035081825903,0.),
 .UNSPECIFIED.);
#148=B_SPLINE_CURVE_WITH_KNOTS('',3,(#6887,#6888,#6889,#6890,#6891,#6892,
#6893,#6894),.UNSPECIFIED.,.F.,.F.,(4,1,1,1,1,4),(0.,0.0165035081825903,
0.0330070163651805,0.0660140327303611,0.0990210490955416,0.231049114556264),
 .UNSPECIFIED.);
#149=B_SPLINE_CURVE_WITH_KNOTS('',3,(#6920,#6921,#6922,#6923,#6924,#6925),
 .UNSPECIFIED.,.F.,.F.,(4,2,4),(0.,0.00294450215656487,0.00364511129282999),
 .UNSPECIFIED.);
#150=B_SPLINE_CURVE_WITH_KNOTS('',3,(#6926,#6927,#6928,#6929,#6930,#6931),
 .UNSPECIFIED.,.F.,.F.,(4,2,4),(-0.00364511129282999,-0.00294450215656487,
0.),.UNSPECIFIED.);
#151=B_SPLINE_CURVE_WITH_KNOTS('',3,(#6998,#6999,#7000,#7001,#7002,#7003,
#7004,#7005),.UNSPECIFIED.,.F.,.F.,(4,1,1,2,4),(-0.212846478639064,-0.127707887183438,
-0.0851385914556255,0.,0.000547725067974969),.UNSPECIFIED.);
#152=B_SPLINE_CURVE_WITH_KNOTS('',3,(#7037,#7038,#7039,#7040,#7041,#7042),
 .UNSPECIFIED.,.F.,.F.,(4,1,1,4),(-0.0761372116547223,-0.0543837226105159,
-0.0326302335663096,0.),.UNSPECIFIED.);
#153=B_SPLINE_CURVE_WITH_KNOTS('',3,(#7045,#7046,#7047,#7048,#7049,#7050),
 .UNSPECIFIED.,.F.,.F.,(4,1,1,4),(0.,0.0326302335663096,0.0543837226105159,
0.0761372116547223),.UNSPECIFIED.);
#154=B_SPLINE_CURVE_WITH_KNOTS('',3,(#7120,#7121,#7122,#7123,#7124,#7125),
 .UNSPECIFIED.,.F.,.F.,(4,1,1,4),(-0.0761385968228458,-0.0435077696130548,
-0.0217538848065274,0.),.UNSPECIFIED.);
#155=B_SPLINE_CURVE_WITH_KNOTS('',3,(#7128,#7129,#7130,#7131,#7132,#7133),
 .UNSPECIFIED.,.F.,.F.,(4,1,1,4),(0.,0.0217538848065274,0.0435077696130548,
0.0761385968228458),.UNSPECIFIED.);
#156=B_SPLINE_CURVE_WITH_KNOTS('',3,(#7179,#7180,#7181,#7182,#7183,#7184,
#7185,#7186,#7187,#7188,#7189),.UNSPECIFIED.,.F.,.F.,(4,1,1,1,1,1,2,4),
(5.42767488204875E-17,0.0425692957278356,0.0638539435917533,0.0851385914556711,
0.127707887183507,0.170277182911342,0.212846478639178,0.213394203707036),
 .UNSPECIFIED.);
#157=B_SPLINE_CURVE_WITH_KNOTS('',3,(#7190,#7191,#7192,#7193,#7194,#7195,
#7196,#7197,#7198,#7199,#7200),.UNSPECIFIED.,.F.,.F.,(4,2,1,1,1,1,1,4),
(-0.213394203707036,-0.212846478639178,-0.170277182911342,-0.127707887183507,
-0.0851385914556711,-0.0638539435917533,-0.0425692957278356,-5.42767488204875E-17),
 .UNSPECIFIED.);
#158=B_SPLINE_CURVE_WITH_KNOTS('',3,(#7203,#7204,#7205,#7206,#7207,#7208,
#7209,#7210,#7211,#7212),.UNSPECIFIED.,.F.,.F.,(4,3,3,4),(-0.508276212846882,
-0.484423204123601,-0.46057019540032,-0.424790682315399),.UNSPECIFIED.);
#159=B_SPLINE_CURVE_WITH_KNOTS('',3,(#7256,#7257,#7258,#7259,#7260,#7261,
#7262,#7263),.UNSPECIFIED.,.F.,.F.,(4,1,1,2,4),(-0.313453721409676,-0.188072232845806,
-0.125381488563871,0.,0.000707110840561328),.UNSPECIFIED.);
#160=B_SPLINE_CURVE_WITH_KNOTS('',3,(#7297,#7298,#7299,#7300,#7301,#7302),
 .UNSPECIFIED.,.F.,.F.,(4,1,1,4),(-0.743523038109154,-0.720209892006321,
-0.696896745903488,-0.661927026749238),.UNSPECIFIED.);
#161=B_SPLINE_CURVE_WITH_KNOTS('',3,(#7303,#7304,#7305,#7306,#7307,#7308),
 .UNSPECIFIED.,.F.,.F.,(4,1,1,4),(0.661927026749238,0.696896745903488,0.720209892006321,
0.743523038109154),.UNSPECIFIED.);
#162=B_SPLINE_CURVE_WITH_KNOTS('',3,(#7338,#7339,#7340,#7341),
 .UNSPECIFIED.,.F.,.F.,(4,4),(-0.00634507083984322,0.),.UNSPECIFIED.);
#163=B_SPLINE_CURVE_WITH_KNOTS('',3,(#7342,#7343,#7344,#7345),
 .UNSPECIFIED.,.F.,.F.,(4,4),(0.,0.00634507083984322),.UNSPECIFIED.);
#164=B_SPLINE_CURVE_WITH_KNOTS('',3,(#7380,#7381,#7382,#7383,#7384,#7385),
 .UNSPECIFIED.,.F.,.F.,(4,1,1,4),(0.249367500919257,0.272680647335077,0.295993793750897,
0.330963513374627),.UNSPECIFIED.);
#165=B_SPLINE_CURVE_WITH_KNOTS('',3,(#7388,#7389,#7390,#7391,#7392,#7393,
#7394,#7395,#7396,#7397,#7398,#7399,#7400,#7401,#7402,#7403,#7404,#7405,
#7406,#7407,#7408,#7409,#7410,#7411,#7412,#7413,#7414,#7415,#7416,#7417,
#7418,#7419,#7420,#7421,#7422,#7423,#7424),.UNSPECIFIED.,.F.,.F.,(4,3,3,
3,3,3,3,3,3,3,3,3,4),(-0.330963513374625,-0.322084959483063,-0.313323576342928,
-0.31011332020734,-0.300650574398375,-0.295982400427796,-0.290323702289197,
-0.279576062249318,-0.272664928869308,-0.271227209485582,-0.259232450755049,
-0.255114165150018,-0.249367500919257),.UNSPECIFIED.);
#166=B_SPLINE_CURVE_WITH_KNOTS('',3,(#7458,#7459,#7460,#7461,#7462,#7463,
#7464,#7465),.UNSPECIFIED.,.F.,.F.,(4,1,1,2,4),(0.,0.125381488563876,0.188072232845815,
0.313453721409691,0.314160832250233),.UNSPECIFIED.);
#167=B_SPLINE_CURVE_WITH_KNOTS('',3,(#7466,#7467,#7468,#7469,#7470,#7471,
#7472,#7473),.UNSPECIFIED.,.F.,.F.,(4,2,1,1,4),(-0.314160832250233,-0.313453721409691,
-0.188072232845815,-0.125381488563876,0.),.UNSPECIFIED.);
#168=B_SPLINE_CURVE_WITH_KNOTS('',3,(#7494,#7495,#7496,#7497),
 .UNSPECIFIED.,.F.,.F.,(4,4),(-0.00634477278354922,0.),.UNSPECIFIED.);
#169=B_SPLINE_CURVE_WITH_KNOTS('',3,(#7498,#7499,#7500,#7501),
 .UNSPECIFIED.,.F.,.F.,(4,4),(0.,0.00634477278354922),.UNSPECIFIED.);
#170=B_SPLINE_CURVE_WITH_KNOTS('',3,(#7547,#7548,#7549,#7550,#7551,#7552,
#7553,#7554),.UNSPECIFIED.,.F.,.F.,(4,1,1,2,4),(-0.326103458505051,-0.195662075103031,
-0.13044138340202,0.,0.000880675308327813),.UNSPECIFIED.);
#171=B_SPLINE_CURVE_WITH_KNOTS('',3,(#7555,#7556,#7557,#7558,#7559,#7560,
#7561,#7562),.UNSPECIFIED.,.F.,.F.,(4,2,1,1,4),(-0.000880675308327813,0.,
0.13044138340202,0.195662075103031,0.326103458505051),.UNSPECIFIED.);
#172=B_SPLINE_CURVE_WITH_KNOTS('',3,(#7585,#7586,#7587,#7588),
 .UNSPECIFIED.,.F.,.F.,(4,4),(-0.103040640208874,0.),.UNSPECIFIED.);
#173=B_SPLINE_CURVE_WITH_KNOTS('',3,(#7612,#7613,#7614,#7615),
 .UNSPECIFIED.,.F.,.F.,(4,4),(-0.00117212974402596,-1.29830753925963E-14),
 .UNSPECIFIED.);
#174=B_SPLINE_CURVE_WITH_KNOTS('',3,(#7616,#7617,#7618,#7619),
 .UNSPECIFIED.,.F.,.F.,(4,4),(1.29830753925963E-14,0.00117212974402596),
 .UNSPECIFIED.);
#175=B_SPLINE_CURVE_WITH_KNOTS('',3,(#7687,#7688,#7689,#7690),
 .UNSPECIFIED.,.F.,.F.,(4,4),(-0.00117212974402355,0.),.UNSPECIFIED.);
#176=B_SPLINE_CURVE_WITH_KNOTS('',3,(#7693,#7694,#7695,#7696),
 .UNSPECIFIED.,.F.,.F.,(4,4),(0.,0.00117212974402355),.UNSPECIFIED.);
#177=B_SPLINE_CURVE_WITH_KNOTS('',3,(#7718,#7719,#7720,#7721),
 .UNSPECIFIED.,.F.,.F.,(4,4),(-0.10304064020888,0.),.UNSPECIFIED.);
#178=B_SPLINE_CURVE_WITH_KNOTS('',3,(#7724,#7725,#7726,#7727),
 .UNSPECIFIED.,.F.,.F.,(4,4),(0.,0.10304064020888),.UNSPECIFIED.);
#179=B_SPLINE_CURVE_WITH_KNOTS('',3,(#7761,#7762,#7763,#7764,#7765,#7766,
#7767,#7768),.UNSPECIFIED.,.F.,.F.,(4,1,1,2,4),(0.,0.130441383833391,0.195662075750087,
0.326103459583479,0.326984133796846),.UNSPECIFIED.);
#180=B_SPLINE_CURVE_WITH_KNOTS('',3,(#7769,#7770,#7771,#7772,#7773,#7774,
#7775,#7776),.UNSPECIFIED.,.F.,.F.,(4,2,1,1,4),(-0.326984133796846,-0.326103459583479,
-0.195662075750087,-0.130441383833391,0.),.UNSPECIFIED.);
#181=B_SPLINE_CURVE_WITH_KNOTS('',3,(#7781,#7782,#7783,#7784,#7785,#7786,
#7787,#7788),.UNSPECIFIED.,.F.,.F.,(4,2,1,1,4),(-0.000547725067876565,0.,
0.0638526208810157,0.0957789313215236,0.159631552202539),.UNSPECIFIED.);
#182=B_SPLINE_CURVE_WITH_KNOTS('',3,(#7801,#7802,#7803,#7804,#7805,#7806,
#7807,#7808),.UNSPECIFIED.,.F.,.F.,(4,1,1,2,4),(0.,0.130441383833379,0.195662075750068,
0.326103459583447,0.326984133796849),.UNSPECIFIED.);
#183=B_SPLINE_CURVE_WITH_KNOTS('',3,(#7843,#7844,#7845,#7846,#7847,#7848,
#7849,#7850),.UNSPECIFIED.,.F.,.F.,(4,2,1,1,4),(-0.160179277271845,-0.15963155220375,
-0.0957789313222498,-0.0638526208814999,0.),.UNSPECIFIED.);
#184=B_SPLINE_CURVE_WITH_KNOTS('',3,(#7883,#7884,#7885,#7886,#7887,#7888,
#7889,#7890,#7891,#7892),.UNSPECIFIED.,.F.,.F.,(4,3,3,4),(0.424790682315399,
0.460570195399052,0.484423204122966,0.508276212846882),.UNSPECIFIED.);
#185=B_SPLINE_CURVE_WITH_KNOTS('',3,(#7916,#7917,#7918,#7919),
 .UNSPECIFIED.,.F.,.F.,(4,4),(-0.00298324904499529,0.),.UNSPECIFIED.);
#186=B_SPLINE_CURVE_WITH_KNOTS('',3,(#7920,#7921,#7922,#7923),
 .UNSPECIFIED.,.F.,.F.,(4,4),(0.,0.00298324904499529),.UNSPECIFIED.);
#187=B_SPLINE_CURVE_WITH_KNOTS('',3,(#7963,#7964,#7965,#7966,#7967,#7968,
#7969,#7970,#7971,#7972),.UNSPECIFIED.,.F.,.F.,(4,3,3,4),(0.424790682316356,
0.460570195400837,0.484423204123835,0.508276212846832),.UNSPECIFIED.);
#188=B_SPLINE_CURVE_WITH_KNOTS('',3,(#7975,#7976,#7977,#7978,#7979,#7980),
 .UNSPECIFIED.,.F.,.F.,(4,1,1,4),(-0.508276212846833,-0.484423204123417,
-0.460570195400002,-0.424790682314879),.UNSPECIFIED.);
#189=B_SPLINE_CURVE_WITH_KNOTS('',3,(#8013,#8014,#8015,#8016,#8017,#8018,
#8019,#8020),.UNSPECIFIED.,.F.,.F.,(4,1,1,2,4),(-0.159631552202539,-0.0957789313215236,
-0.0638526208810157,0.,0.000547725067876565),.UNSPECIFIED.);
#190=B_SPLINE_CURVE_WITH_KNOTS('',3,(#8041,#8042,#8043,#8044),
 .UNSPECIFIED.,.F.,.F.,(4,4),(-0.00298324060699369,0.),.UNSPECIFIED.);
#191=B_SPLINE_CURVE_WITH_KNOTS('',3,(#8045,#8046,#8047,#8048),
 .UNSPECIFIED.,.F.,.F.,(4,4),(0.,0.00298324060699369),.UNSPECIFIED.);
#192=B_SPLINE_CURVE_WITH_KNOTS('',3,(#8091,#8092,#8093,#8094,#8095,#8096,
#8097),.UNSPECIFIED.,.F.,.F.,(4,1,1,1,4),(-0.127460072825223,-0.0546257454965241,
-0.0182085818321747,-0.00910429091608736,0.),.UNSPECIFIED.);
#193=B_SPLINE_CURVE_WITH_KNOTS('',3,(#8100,#8101,#8102,#8103,#8104,#8105,
#8106),.UNSPECIFIED.,.F.,.F.,(4,1,1,1,4),(0.,0.00910429091608736,0.0182085818321747,
0.0546257454965241,0.127460072825223),.UNSPECIFIED.);
#194=B_SPLINE_CURVE_WITH_KNOTS('',3,(#8124,#8125,#8126,#8127),
 .UNSPECIFIED.,.F.,.F.,(4,4),(-0.30010344900129,0.),.UNSPECIFIED.);
#195=B_SPLINE_CURVE_WITH_KNOTS('',3,(#8130,#8131,#8132,#8133),
 .UNSPECIFIED.,.F.,.F.,(4,4),(0.,0.30010344900129),.UNSPECIFIED.);
#196=B_SPLINE_CURVE_WITH_KNOTS('',3,(#8168,#8169,#8170,#8171,#8172,#8173,
#8174,#8175),.UNSPECIFIED.,.F.,.F.,(4,2,1,1,4),(-0.2133932368181,-0.212845515401774,
-0.127707309241064,-0.0851382061607094,0.),.UNSPECIFIED.);
#197=B_SPLINE_CURVE_WITH_KNOTS('',3,(#8209,#8210,#8211,#8212,#8213,#8214),
 .UNSPECIFIED.,.F.,.F.,(4,1,1,4),(-0.0760912173099959,-0.0543508695071403,
-0.0326105217042846,-1.03752333523752E-15),.UNSPECIFIED.);
#198=B_SPLINE_CURVE_WITH_KNOTS('',3,(#8215,#8216,#8217,#8218,#8219,#8220),
 .UNSPECIFIED.,.F.,.F.,(4,1,1,4),(1.03752333523752E-15,0.0326105217042846,
0.0543508695071403,0.0760912173099959),.UNSPECIFIED.);
#199=B_SPLINE_CURVE_WITH_KNOTS('',3,(#8283,#8284,#8285,#8286,#8287),
 .UNSPECIFIED.,.F.,.F.,(4,1,4),(-0.0730979523136141,-0.0313276938486918,
7.99386181384977E-18),.UNSPECIFIED.);
#200=B_SPLINE_CURVE_WITH_KNOTS('',3,(#8288,#8289,#8290,#8291,#8292),
 .UNSPECIFIED.,.F.,.F.,(4,1,4),(-7.99386181384977E-18,0.0313276938486918,
0.0730979523136141),.UNSPECIFIED.);
#201=B_SPLINE_CURVE_WITH_KNOTS('',3,(#8313,#8314,#8315,#8316),
 .UNSPECIFIED.,.F.,.F.,(4,4),(1.04492653876648,1.11030548757458),
 .UNSPECIFIED.);
#202=B_SPLINE_CURVE_WITH_KNOTS('',3,(#8317,#8318,#8319,#8320),
 .UNSPECIFIED.,.F.,.F.,(4,4),(-1.11030548757458,-1.04492653876648),
 .UNSPECIFIED.);
#203=B_SPLINE_CURVE_WITH_KNOTS('',3,(#8354,#8355,#8356,#8357,#8358,#8359,
#8360,#8361),.UNSPECIFIED.,.F.,.F.,(4,1,1,1,1,4),(-0.23104911455624,-0.132028065460709,
-0.0660140327303544,-0.0330070163651772,-0.0165035081825886,0.),
 .UNSPECIFIED.);
#204=B_SPLINE_CURVE_WITH_KNOTS('',3,(#8364,#8365,#8366,#8367,#8368,#8369,
#8370,#8371),.UNSPECIFIED.,.F.,.F.,(4,1,1,1,1,4),(0.,0.0165035081825886,
0.0330070163651772,0.0660140327303544,0.132028065460709,0.23104911455624),
 .UNSPECIFIED.);
#205=B_SPLINE_CURVE_WITH_KNOTS('',3,(#8397,#8398,#8399,#8400,#8401,#8402),
 .UNSPECIFIED.,.F.,.F.,(4,2,4),(-0.00294398300109727,0.,0.000701128298715627),
 .UNSPECIFIED.);
#206=B_SPLINE_CURVE_WITH_KNOTS('',3,(#8403,#8404,#8405,#8406,#8407,#8408),
 .UNSPECIFIED.,.F.,.F.,(4,2,4),(-0.000701128298715627,0.,0.00294398300109727),
 .UNSPECIFIED.);
#207=B_SPLINE_CURVE_WITH_KNOTS('',3,(#8459,#8460,#8461,#8462,#8463,#8464,
#8465,#8466),.UNSPECIFIED.,.F.,.F.,(4,2,1,1,4),(-0.213394203707035,-0.21284647863915,
-0.12770788718349,-0.0851385914556602,0.),.UNSPECIFIED.);
#208=B_SPLINE_CURVE_WITH_KNOTS('',3,(#8499,#8500,#8501,#8502,#8503,#8504),
 .UNSPECIFIED.,.F.,.F.,(4,1,1,4),(0.,0.032630233566293,0.0543837226104884,
0.0761372116546837),.UNSPECIFIED.);
#209=B_SPLINE_CURVE_WITH_KNOTS('',3,(#8572,#8573,#8574,#8575,#8576,#8577),
 .UNSPECIFIED.,.F.,.F.,(4,1,1,4),(-0.0761385968228395,-0.0543847120163139,
-0.0326308272097884,0.),.UNSPECIFIED.);
#210=B_SPLINE_CURVE_WITH_KNOTS('',3,(#8580,#8581,#8582,#8583,#8584,#8585),
 .UNSPECIFIED.,.F.,.F.,(4,1,1,4),(0.,0.0326308272097884,0.0543847120163139,
0.0761385968228395),.UNSPECIFIED.);
#211=B_SPLINE_CURVE_WITH_KNOTS('',3,(#8619,#8620,#8621,#8622,#8623,#8624,
#8625,#8626),.UNSPECIFIED.,.F.,.F.,(4,1,1,2,4),(-0.212846478639143,-0.127707887183486,
-0.0851385914556571,0.,0.000547725067888089),.UNSPECIFIED.);
#212=B_SPLINE_CURVE_WITH_KNOTS('',3,(#8627,#8628,#8629,#8630,#8631,#8632,
#8633,#8634),.UNSPECIFIED.,.F.,.F.,(4,2,1,1,4),(-0.000547725067888089,0.,
0.0851385914556571,0.127707887183486,0.212846478639143),.UNSPECIFIED.);
#213=B_SPLINE_CURVE_WITH_KNOTS('',3,(#8642,#8643,#8644,#8645,#8646,#8647,
#8648,#8649),.UNSPECIFIED.,.F.,.F.,(4,2,1,1,4),(-0.000547725067974749,0.,
0.0851385914556179,0.127707887183427,0.212846478639045),.UNSPECIFIED.);
#214=B_SPLINE_CURVE_WITH_KNOTS('',3,(#8653,#8654,#8655,#8656,#8657,#8658,
#8659,#8660),.UNSPECIFIED.,.F.,.F.,(4,2,1,1,4),(-0.000707110840488233,0.,
0.125381488563898,0.188072232845848,0.313453721409746),.UNSPECIFIED.);
#215=B_SPLINE_CURVE_WITH_KNOTS('',3,(#8664,#8665,#8666,#8667),
 .UNSPECIFIED.,.F.,.F.,(4,4),(0.,0.103040640208877),.UNSPECIFIED.);
#216=B_SPLINE_CURVE_WITH_KNOTS('',3,(#8677,#8678,#8679,#8680,#8681,#8682,
#8683,#8684,#8685,#8686,#8687),.UNSPECIFIED.,.F.,.F.,(4,2,1,1,1,1,1,4),
(-0.000547725068081272,0.,0.0425692957277877,0.0851385914555753,0.127707887183363,
0.148992535047257,0.170277182911151,0.212846478638938),.UNSPECIFIED.);
#217=B_SPLINE_CURVE_WITH_KNOTS('',3,(#8731,#8732,#8733,#8734,#8735,#8736,
#8737,#8738),.UNSPECIFIED.,.F.,.F.,(4,2,1,1,4),(-0.213394203707036,-0.212846478639206,
-0.127707887183523,-0.0851385914556822,0.),.UNSPECIFIED.);
#218=B_SPLINE_CURVE_WITH_KNOTS('',3,(#8771,#8772,#8773,#8774,#8775,#8776),
 .UNSPECIFIED.,.F.,.F.,(4,1,1,4),(0.,0.0326302335663016,0.0543837226105027,
0.0761372116547037),.UNSPECIFIED.);
#219=B_SPLINE_CURVE_WITH_KNOTS('',3,(#8844,#8845,#8846,#8847,#8848,#8849),
 .UNSPECIFIED.,.F.,.F.,(4,1,1,4),(-0.0761385968228457,-0.0435077696130547,
-0.0217538848065273,0.),.UNSPECIFIED.);
#220=B_SPLINE_CURVE_WITH_KNOTS('',3,(#8851,#8852,#8853,#8854,#8855,#8856),
 .UNSPECIFIED.,.F.,.F.,(4,1,1,4),(0.,0.0217538848065273,0.0435077696130547,
0.0761385968228457),.UNSPECIFIED.);
#221=B_SPLINE_CURVE_WITH_KNOTS('',3,(#8901,#8902,#8903,#8904,#8905,#8906,
#8907,#8908,#8909,#8910,#8911),.UNSPECIFIED.,.F.,.F.,(4,1,1,1,1,1,2,4),
(-0.212846478638938,-0.170277182911151,-0.148992535047257,-0.127707887183363,
-0.0851385914555753,-0.0425692957277877,0.,0.000547725068081272),
 .UNSPECIFIED.);
#222=B_SPLINE_CURVE_WITH_KNOTS('',3,(#8956,#8957,#8958,#8959,#8960,#8961,
#8962,#8963),.UNSPECIFIED.,.F.,.F.,(4,2,1,1,4),(-0.213394203707038,-0.212846478639101,
-0.127707887183461,-0.0851385914556403,0.),.UNSPECIFIED.);
#223=B_SPLINE_CURVE_WITH_KNOTS('',3,(#8996,#8997,#8998,#8999,#9000,#9001),
 .UNSPECIFIED.,.F.,.F.,(4,1,1,4),(0.,0.0326302335662988,0.054383722610498,
0.0761372116546972),.UNSPECIFIED.);
#224=B_SPLINE_CURVE_WITH_KNOTS('',3,(#9070,#9071,#9072,#9073,#9074,#9075),
 .UNSPECIFIED.,.F.,.F.,(4,1,1,4),(-0.0761385968228453,-0.0435077696130544,
-0.0217538848065272,0.),.UNSPECIFIED.);
#225=B_SPLINE_CURVE_WITH_KNOTS('',3,(#9076,#9077,#9078,#9079,#9080,#9081),
 .UNSPECIFIED.,.F.,.F.,(4,1,1,4),(0.,0.0217538848065272,0.0435077696130544,
0.0761385968228453),.UNSPECIFIED.);
#226=B_SPLINE_CURVE_WITH_KNOTS('',3,(#9114,#9115,#9116,#9117,#9118,#9119,
#9120,#9121),.UNSPECIFIED.,.F.,.F.,(4,1,1,2,4),(-0.212846478639045,-0.127707887183427,
-0.0851385914556179,0.,0.000547725067974749),.UNSPECIFIED.);
#227=B_SPLINE_CURVE_WITH_KNOTS('',3,(#9166,#9167,#9168,#9169,#9170,#9171,
#9172,#9173),.UNSPECIFIED.,.F.,.F.,(4,2,1,1,4),(-0.314160832250237,-0.313453721409625,
-0.188072232845775,-0.12538148856385,0.),.UNSPECIFIED.);
#228=B_SPLINE_CURVE_WITH_KNOTS('',3,(#9207,#9208,#9209,#9210,#9211,#9212),
 .UNSPECIFIED.,.F.,.F.,(4,1,1,4),(-0.0815960113599146,-0.0582828652570817,
-0.0349697191542488,5.68989300120393E-16),.UNSPECIFIED.);
#229=B_SPLINE_CURVE_WITH_KNOTS('',3,(#9213,#9214,#9215,#9216,#9217,#9218,
#9219,#9220,#9221,#9222,#9223,#9224,#9225,#9226,#9227,#9228,#9229,#9230,
#9231,#9232,#9233,#9234,#9235,#9236,#9237,#9238,#9239,#9240,#9241,#9242,
#9243,#9244,#9245,#9246,#9247,#9248,#9249),.UNSPECIFIED.,.F.,.F.,(4,3,3,
3,3,3,3,3,3,3,3,3,4),(-5.49268680859761E-16,0.00887879908498658,0.0176404049186027,
0.0208501931672846,0.0303127579072333,0.0349810915664173,0.0406398110854282,
0.0513874440226317,0.0582985659251884,0.0597363038890411,0.0717313528808778,
0.075849348224609,0.0815960113599134),.UNSPECIFIED.);
#230=B_SPLINE_CURVE_WITH_KNOTS('',3,(#9279,#9280,#9281,#9282),
 .UNSPECIFIED.,.F.,.F.,(4,4),(-0.00634507083984285,0.),.UNSPECIFIED.);
#231=B_SPLINE_CURVE_WITH_KNOTS('',3,(#9283,#9284,#9285,#9286),
 .UNSPECIFIED.,.F.,.F.,(4,4),(0.,0.00634507083984285),.UNSPECIFIED.);
#232=B_SPLINE_CURVE_WITH_KNOTS('',3,(#9320,#9321,#9322,#9323,#9324,#9325),
 .UNSPECIFIED.,.F.,.F.,(4,1,1,4),(0.330963513374624,0.354276659477458,0.377589805580292,
0.412559524734542),.UNSPECIFIED.);
#233=B_SPLINE_CURVE_WITH_KNOTS('',3,(#9328,#9329,#9330,#9331,#9332,#9333),
 .UNSPECIFIED.,.F.,.F.,(4,1,1,4),(-0.412559524734542,-0.377589805580292,
-0.354276659477458,-0.330963513374624),.UNSPECIFIED.);
#234=B_SPLINE_CURVE_WITH_KNOTS('',3,(#9366,#9367,#9368,#9369,#9370,#9371,
#9372,#9373),.UNSPECIFIED.,.F.,.F.,(4,1,1,2,4),(-0.313453721409746,-0.188072232845848,
-0.125381488563898,0.,0.000707110840488233),.UNSPECIFIED.);
#235=B_SPLINE_CURVE_WITH_KNOTS('',3,(#9394,#9395,#9396,#9397),
 .UNSPECIFIED.,.F.,.F.,(4,4),(-0.00634477494316276,-2.73401474689228E-16),
 .UNSPECIFIED.);
#236=B_SPLINE_CURVE_WITH_KNOTS('',3,(#9398,#9399,#9400,#9401),
 .UNSPECIFIED.,.F.,.F.,(4,4),(2.73401474689228E-16,0.00634477387901186),
 .UNSPECIFIED.);
#237=B_SPLINE_CURVE_WITH_KNOTS('',3,(#9446,#9447,#9448,#9449,#9450,#9451,
#9452,#9453),.UNSPECIFIED.,.F.,.F.,(4,2,1,1,4),(-0.326984133796849,-0.326103459583447,
-0.195662075750068,-0.130441383833379,0.),.UNSPECIFIED.);
#238=B_SPLINE_CURVE_WITH_KNOTS('',3,(#9476,#9477,#9478,#9479),
 .UNSPECIFIED.,.F.,.F.,(4,4),(7.09176366845682E-16,0.103040640208877),
 .UNSPECIFIED.);
#239=B_SPLINE_CURVE_WITH_KNOTS('',3,(#9503,#9504,#9505,#9506),
 .UNSPECIFIED.,.F.,.F.,(4,4),(-0.00117212974402508,-1.21804974093776E-14),
 .UNSPECIFIED.);
#240=B_SPLINE_CURVE_WITH_KNOTS('',3,(#9507,#9508,#9509,#9510),
 .UNSPECIFIED.,.F.,.F.,(4,4),(1.21804974093776E-14,0.00117212974402508),
 .UNSPECIFIED.);
#241=B_SPLINE_CURVE_WITH_KNOTS('',3,(#9578,#9579,#9580,#9581),
 .UNSPECIFIED.,.F.,.F.,(4,4),(-0.00117212974402501,0.),.UNSPECIFIED.);
#242=B_SPLINE_CURVE_WITH_KNOTS('',3,(#9583,#9584,#9585,#9586),
 .UNSPECIFIED.,.F.,.F.,(4,4),(0.,0.00117212974402501),.UNSPECIFIED.);
#243=B_SPLINE_CURVE_WITH_KNOTS('',3,(#9608,#9609,#9610,#9611),
 .UNSPECIFIED.,.F.,.F.,(4,4),(-0.103040640208877,0.),.UNSPECIFIED.);
#244=B_SPLINE_CURVE_WITH_KNOTS('',3,(#9646,#9647,#9648,#9649,#9650,#9651,
#9652,#9653),.UNSPECIFIED.,.F.,.F.,(4,1,1,2,4),(-0.326103459583115,-0.195662075749869,
-0.130441383833246,0.,0.000880674213735889),.UNSPECIFIED.);
#245=B_SPLINE_CURVE_WITH_KNOTS('',3,(#9654,#9655,#9656,#9657,#9658,#9659,
#9660,#9661),.UNSPECIFIED.,.F.,.F.,(4,2,1,1,4),(-0.000880674213735889,0.,
0.130441383833246,0.195662075749869,0.326103459583115),.UNSPECIFIED.);
#246=B_SPLINE_SURFACE_WITH_KNOTS('',3,3,((#5658,#5659,#5660,#5661,#5662,
#5663,#5664,#5665),(#5666,#5667,#5668,#5669,#5670,#5671,#5672,#5673),(#5674,
#5675,#5676,#5677,#5678,#5679,#5680,#5681),(#5682,#5683,#5684,#5685,#5686,
#5687,#5688,#5689)),.UNSPECIFIED.,.F.,.F.,.F.,(4,4),(4,2,1,1,4),(0.,1.),
(-0.000547725067860078,0.,0.0851385914556708,0.127707887183506,0.212846478639177),
 .UNSPECIFIED.);
#247=B_SPLINE_SURFACE_WITH_KNOTS('',3,3,((#5710,#5711,#5712,#5713,#5714,
#5715),(#5716,#5717,#5718,#5719,#5720,#5721),(#5722,#5723,#5724,#5725,#5726,
#5727),(#5728,#5729,#5730,#5731,#5732,#5733),(#5734,#5735,#5736,#5737,#5738,
#5739)),.UNSPECIFIED.,.F.,.F.,.F.,(4,1,4),(4,1,1,4),(0.,0.5,1.),(0.,0.0326302335663001,
0.0543837226105002,0.0761372116547002),.UNSPECIFIED.);
#248=B_SPLINE_SURFACE_WITH_KNOTS('',3,3,((#5793,#5794,#5795,#5796,#5797,
#5798),(#5799,#5800,#5801,#5802,#5803,#5804),(#5805,#5806,#5807,#5808,#5809,
#5810),(#5811,#5812,#5813,#5814,#5815,#5816),(#5817,#5818,#5819,#5820,#5821,
#5822)),.UNSPECIFIED.,.F.,.F.,.F.,(4,1,4),(4,1,1,4),(0.,0.5,1.),(0.,0.032630827209791,
0.0543847120163183,0.0761385968228456),.UNSPECIFIED.);
#249=B_SPLINE_SURFACE_WITH_KNOTS('',3,3,((#5838,#5839,#5840,#5841,#5842,
#5843,#5844,#5845),(#5846,#5847,#5848,#5849,#5850,#5851,#5852,#5853),(#5854,
#5855,#5856,#5857,#5858,#5859,#5860,#5861),(#5862,#5863,#5864,#5865,#5866,
#5867,#5868,#5869)),.UNSPECIFIED.,.F.,.F.,.F.,(4,4),(4,2,1,1,4),(0.,1.),
(-0.213394203707019,-0.212846478638938,-0.127707887183363,-0.085138591455575,
0.),.UNSPECIFIED.);
#250=B_SPLINE_SURFACE_WITH_KNOTS('',3,3,((#6043,#6044,#6045,#6046,#6047,
#6048,#6049,#6050),(#6051,#6052,#6053,#6054,#6055,#6056,#6057,#6058),(#6059,
#6060,#6061,#6062,#6063,#6064,#6065,#6066),(#6067,#6068,#6069,#6070,#6071,
#6072,#6073,#6074)),.UNSPECIFIED.,.F.,.F.,.F.,(4,4),(4,2,1,1,4),(0.,1.),
(-0.000547725067886188,0.,0.0851385914556596,0.127707887183489,0.212846478639149),
 .UNSPECIFIED.);
#251=B_SPLINE_SURFACE_WITH_KNOTS('',3,3,((#6085,#6086,#6087,#6088,#6089,
#6090),(#6091,#6092,#6093,#6094,#6095,#6096),(#6097,#6098,#6099,#6100,#6101,
#6102),(#6103,#6104,#6105,#6106,#6107,#6108),(#6109,#6110,#6111,#6112,#6113,
#6114)),.UNSPECIFIED.,.F.,.F.,.F.,(4,1,4),(4,1,1,4),(0.,0.5,1.),(0.,0.0326302335663036,
0.054383722610506,0.0761372116547084),.UNSPECIFIED.);
#252=B_SPLINE_SURFACE_WITH_KNOTS('',3,3,((#6168,#6169,#6170,#6171,#6172,
#6173),(#6174,#6175,#6176,#6177,#6178,#6179),(#6180,#6181,#6182,#6183,#6184,
#6185),(#6186,#6187,#6188,#6189,#6190,#6191),(#6192,#6193,#6194,#6195,#6196,
#6197)),.UNSPECIFIED.,.F.,.F.,.F.,(4,1,4),(4,1,1,4),(0.,0.5,1.),(0.,0.0326308272097902,
0.0543847120163171,0.0761385968228439),.UNSPECIFIED.);
#253=B_SPLINE_SURFACE_WITH_KNOTS('',3,3,((#6213,#6214,#6215,#6216,#6217,
#6218,#6219,#6220),(#6221,#6222,#6223,#6224,#6225,#6226,#6227,#6228),(#6229,
#6230,#6231,#6232,#6233,#6234,#6235,#6236),(#6237,#6238,#6239,#6240,#6241,
#6242,#6243,#6244)),.UNSPECIFIED.,.F.,.F.,.F.,(4,4),(4,2,1,1,4),(0.,1.),
(-0.213394203707032,-0.212846478639144,-0.127707887183487,-0.0851385914556584,
-1.30856678115416E-15),.UNSPECIFIED.);
#254=B_SPLINE_SURFACE_WITH_KNOTS('',3,3,((#6281,#6282,#6283,#6284,#6285,
#6286,#6287,#6288),(#6289,#6290,#6291,#6292,#6293,#6294,#6295,#6296),(#6297,
#6298,#6299,#6300,#6301,#6302,#6303,#6304),(#6305,#6306,#6307,#6308,#6309,
#6310,#6311,#6312)),.UNSPECIFIED.,.F.,.F.,.F.,(4,4),(4,2,1,1,4),(0.,1.),
(-0.000547725067860078,0.,0.0851385914556708,0.127707887183506,0.212846478639177),
 .UNSPECIFIED.);
#255=B_SPLINE_SURFACE_WITH_KNOTS('',3,3,((#6323,#6324,#6325,#6326,#6327,
#6328),(#6329,#6330,#6331,#6332,#6333,#6334),(#6335,#6336,#6337,#6338,#6339,
#6340),(#6341,#6342,#6343,#6344,#6345,#6346),(#6347,#6348,#6349,#6350,#6351,
#6352)),.UNSPECIFIED.,.F.,.F.,.F.,(4,1,4),(4,1,1,4),(0.,0.5,1.),(2.3742038286949E-15,
0.0326302335663014,0.0543837226105007,0.0761372116547001),.UNSPECIFIED.);
#256=B_SPLINE_SURFACE_WITH_KNOTS('',3,3,((#6406,#6407,#6408,#6409,#6410,
#6411),(#6412,#6413,#6414,#6415,#6416,#6417),(#6418,#6419,#6420,#6421,#6422,
#6423),(#6424,#6425,#6426,#6427,#6428,#6429),(#6430,#6431,#6432,#6433,#6434,
#6435)),.UNSPECIFIED.,.F.,.F.,.F.,(4,1,4),(4,1,1,4),(0.,0.5,1.),(0.,0.0326308272097883,
0.0543847120163138,0.0761385968228394),.UNSPECIFIED.);
#257=B_SPLINE_SURFACE_WITH_KNOTS('',3,3,((#6451,#6452,#6453,#6454,#6455,
#6456,#6457,#6458,#6459,#6460,#6461),(#6462,#6463,#6464,#6465,#6466,#6467,
#6468,#6469,#6470,#6471,#6472),(#6473,#6474,#6475,#6476,#6477,#6478,#6479,
#6480,#6481,#6482,#6483),(#6484,#6485,#6486,#6487,#6488,#6489,#6490,#6491,
#6492,#6493,#6494)),.UNSPECIFIED.,.F.,.F.,.F.,(4,4),(4,2,1,1,1,1,1,4),(0.,
1.),(-0.213394203707023,-0.212846478639088,-0.170277182911271,-0.127707887183453,
-0.0851385914556353,-0.0638539435917265,-0.0425692957278176,0.),
 .UNSPECIFIED.);
#258=B_SPLINE_SURFACE_WITH_KNOTS('',3,3,((#6537,#6538,#6539,#6540,#6541),
(#6542,#6543,#6544,#6545,#6546),(#6547,#6548,#6549,#6550,#6551),(#6552,
#6553,#6554,#6555,#6556),(#6557,#6558,#6559,#6560,#6561)),.UNSPECIFIED.,
 .F.,.F.,.F.,(4,1,4),(4,1,4),(0.,0.5,1.),(0.,0.0306742240582536,0.0613484481165072),
 .UNSPECIFIED.);
#259=B_SPLINE_SURFACE_WITH_KNOTS('',3,3,((#6578,#6579,#6580,#6581,#6582,
#6583,#6584),(#6585,#6586,#6587,#6588,#6589,#6590,#6591),(#6592,#6593,#6594,
#6595,#6596,#6597,#6598),(#6599,#6600,#6601,#6602,#6603,#6604,#6605),(#6606,
#6607,#6608,#6609,#6610,#6611,#6612)),.UNSPECIFIED.,.F.,.F.,.F.,(4,1,4),
(4,1,1,1,4),(0.,0.5,1.),(0.,0.00996705969032696,0.0199341193806539,0.0598023581419618,
0.139538835664577),.UNSPECIFIED.);
#260=B_SPLINE_SURFACE_WITH_KNOTS('',3,3,((#6630,#6631,#6632,#6633),(#6634,
#6635,#6636,#6637),(#6638,#6639,#6640,#6641),(#6642,#6643,#6644,#6645)),
 .UNSPECIFIED.,.F.,.F.,.F.,(4,4),(4,4),(0.,1.),(0.,0.348715916991798),
 .UNSPECIFIED.);
#261=B_SPLINE_SURFACE_WITH_KNOTS('',3,3,((#6657,#6658,#6659,#6660,#6661,
#6662,#6663,#6664),(#6665,#6666,#6667,#6668,#6669,#6670,#6671,#6672),(#6673,
#6674,#6675,#6676,#6677,#6678,#6679,#6680),(#6681,#6682,#6683,#6684,#6685,
#6686,#6687,#6688)),.UNSPECIFIED.,.F.,.F.,.F.,(4,4),(4,2,1,1,4),(0.,1.),
(-0.000547721416513118,0.,0.0957784660058387,0.127704621341118,0.159630776676398),
 .UNSPECIFIED.);
#262=B_SPLINE_SURFACE_WITH_KNOTS('',3,3,((#6699,#6700,#6701,#6702,#6703,
#6704),(#6705,#6706,#6707,#6708,#6709,#6710),(#6711,#6712,#6713,#6714,#6715,
#6716),(#6717,#6718,#6719,#6720,#6721,#6722),(#6723,#6724,#6725,#6726,#6727,
#6728)),.UNSPECIFIED.,.F.,.F.,.F.,(4,1,4),(4,1,1,4),(0.,0.5,1.),(0.424789042908169,
0.460568502450855,0.484421475479313,0.50827444850777),.UNSPECIFIED.);
#263=B_SPLINE_SURFACE_WITH_KNOTS('',3,3,((#6748,#6749,#6750,#6751),(#6752,
#6753,#6754,#6755),(#6756,#6757,#6758,#6759),(#6760,#6761,#6762,#6763),
(#6764,#6765,#6766,#6767)),.UNSPECIFIED.,.F.,.F.,.F.,(4,1,4),(4,4),(0.,
0.5,1.),(0.,0.00298324905240354),.UNSPECIFIED.);
#264=B_SPLINE_SURFACE_WITH_KNOTS('',3,3,((#6785,#6786,#6787,#6788),(#6789,
#6790,#6791,#6792),(#6793,#6794,#6795,#6796),(#6797,#6798,#6799,#6800),
(#6801,#6802,#6803,#6804)),.UNSPECIFIED.,.F.,.F.,.F.,(4,1,4),(4,4),(0.,
0.5,1.),(0.,0.00608949093656634),.UNSPECIFIED.);
#265=B_SPLINE_SURFACE_WITH_KNOTS('',3,3,((#6816,#6817,#6818,#6819),(#6820,
#6821,#6822,#6823),(#6824,#6825,#6826,#6827),(#6828,#6829,#6830,#6831),
(#6832,#6833,#6834,#6835)),.UNSPECIFIED.,.F.,.F.,.F.,(4,1,4),(4,4),(0.,
0.5,1.),(-0.0218633721909834,1.72052457505846E-14),.UNSPECIFIED.);
#266=B_SPLINE_SURFACE_WITH_KNOTS('',3,3,((#6844,#6845,#6846,#6847,#6848,
#6849,#6850,#6851),(#6852,#6853,#6854,#6855,#6856,#6857,#6858,#6859),(#6860,
#6861,#6862,#6863,#6864,#6865,#6866,#6867),(#6868,#6869,#6870,#6871,#6872,
#6873,#6874,#6875)),.UNSPECIFIED.,.F.,.F.,.F.,(4,4),(4,1,1,1,1,4),(0.,1.),
(0.,0.0165035081825903,0.0330070163651805,0.0660140327303611,0.0990210490955416,
0.231049114556264),.UNSPECIFIED.);
#267=B_SPLINE_SURFACE_WITH_KNOTS('',3,3,((#6895,#6896,#6897,#6898,#6899,
#6900),(#6901,#6902,#6903,#6904,#6905,#6906),(#6907,#6908,#6909,#6910,#6911,
#6912),(#6913,#6914,#6915,#6916,#6917,#6918)),.UNSPECIFIED.,.F.,.F.,.F.,
(4,4),(4,2,4),(0.,1.),(-0.00364511129282999,-0.00294450215656487,0.),
 .UNSPECIFIED.);
#268=B_SPLINE_SURFACE_WITH_KNOTS('',3,3,((#6964,#6965,#6966,#6967,#6968,
#6969,#6970,#6971),(#6972,#6973,#6974,#6975,#6976,#6977,#6978,#6979),(#6980,
#6981,#6982,#6983,#6984,#6985,#6986,#6987),(#6988,#6989,#6990,#6991,#6992,
#6993,#6994,#6995)),.UNSPECIFIED.,.F.,.F.,.F.,(4,4),(4,2,1,1,4),(0.,1.),
(-0.000547725067974969,0.,0.0851385914556255,0.127707887183438,0.212846478639064),
 .UNSPECIFIED.);
#269=B_SPLINE_SURFACE_WITH_KNOTS('',3,3,((#7006,#7007,#7008,#7009,#7010,
#7011),(#7012,#7013,#7014,#7015,#7016,#7017),(#7018,#7019,#7020,#7021,#7022,
#7023),(#7024,#7025,#7026,#7027,#7028,#7029),(#7030,#7031,#7032,#7033,#7034,
#7035)),.UNSPECIFIED.,.F.,.F.,.F.,(4,1,4),(4,1,1,4),(0.,0.5,1.),(0.,0.0326302335663096,
0.0543837226105159,0.0761372116547223),.UNSPECIFIED.);
#270=B_SPLINE_SURFACE_WITH_KNOTS('',3,3,((#7089,#7090,#7091,#7092,#7093,
#7094),(#7095,#7096,#7097,#7098,#7099,#7100),(#7101,#7102,#7103,#7104,#7105,
#7106),(#7107,#7108,#7109,#7110,#7111,#7112),(#7113,#7114,#7115,#7116,#7117,
#7118)),.UNSPECIFIED.,.F.,.F.,.F.,(4,1,4),(4,1,1,4),(0.,0.5,1.),(0.,0.0217538848065274,
0.0435077696130548,0.0761385968228458),.UNSPECIFIED.);
#271=B_SPLINE_SURFACE_WITH_KNOTS('',3,3,((#7134,#7135,#7136,#7137,#7138,
#7139,#7140,#7141,#7142,#7143,#7144),(#7145,#7146,#7147,#7148,#7149,#7150,
#7151,#7152,#7153,#7154,#7155),(#7156,#7157,#7158,#7159,#7160,#7161,#7162,
#7163,#7164,#7165,#7166),(#7167,#7168,#7169,#7170,#7171,#7172,#7173,#7174,
#7175,#7176,#7177)),.UNSPECIFIED.,.F.,.F.,.F.,(4,4),(4,2,1,1,1,1,1,4),(0.,
1.),(-0.213394203707036,-0.212846478639178,-0.170277182911342,-0.127707887183507,
-0.0851385914556711,-0.0638539435917533,-0.0425692957278356,-5.42767488204875E-17),
 .UNSPECIFIED.);
#272=B_SPLINE_SURFACE_WITH_KNOTS('',3,3,((#7222,#7223,#7224,#7225,#7226,
#7227,#7228,#7229),(#7230,#7231,#7232,#7233,#7234,#7235,#7236,#7237),(#7238,
#7239,#7240,#7241,#7242,#7243,#7244,#7245),(#7246,#7247,#7248,#7249,#7250,
#7251,#7252,#7253)),.UNSPECIFIED.,.F.,.F.,.F.,(4,4),(4,2,1,1,4),(0.,1.),
(-0.000707110840561328,0.,0.125381488563871,0.188072232845806,0.313453721409676),
 .UNSPECIFIED.);
#273=B_SPLINE_SURFACE_WITH_KNOTS('',3,3,((#7264,#7265,#7266,#7267,#7268,
#7269),(#7270,#7271,#7272,#7273,#7274,#7275),(#7276,#7277,#7278,#7279,#7280,
#7281),(#7282,#7283,#7284,#7285,#7286,#7287),(#7288,#7289,#7290,#7291,#7292,
#7293)),.UNSPECIFIED.,.F.,.F.,.F.,(4,1,4),(4,1,1,4),(0.,0.5,1.),(0.661927026749238,
0.696896745903488,0.720209892006321,0.743523038109154),.UNSPECIFIED.);
#274=B_SPLINE_SURFACE_WITH_KNOTS('',3,3,((#7318,#7319,#7320,#7321),(#7322,
#7323,#7324,#7325),(#7326,#7327,#7328,#7329),(#7330,#7331,#7332,#7333),
(#7334,#7335,#7336,#7337)),.UNSPECIFIED.,.F.,.F.,.F.,(4,1,4),(4,4),(0.,
0.5,1.),(0.,0.00634507083984322),.UNSPECIFIED.);
#275=B_SPLINE_SURFACE_WITH_KNOTS('',3,3,((#7346,#7347,#7348,#7349,#7350,
#7351),(#7352,#7353,#7354,#7355,#7356,#7357),(#7358,#7359,#7360,#7361,#7362,
#7363),(#7364,#7365,#7366,#7367,#7368,#7369),(#7370,#7371,#7372,#7373,#7374,
#7375)),.UNSPECIFIED.,.F.,.F.,.F.,(4,1,4),(4,1,1,4),(0.,0.5,1.),(0.249367500919257,
0.272680647335077,0.295993793750897,0.330963513374627),.UNSPECIFIED.);
#276=B_SPLINE_SURFACE_WITH_KNOTS('',3,3,((#7425,#7426,#7427,#7428,#7429,
#7430,#7431,#7432),(#7433,#7434,#7435,#7436,#7437,#7438,#7439,#7440),(#7441,
#7442,#7443,#7444,#7445,#7446,#7447,#7448),(#7449,#7450,#7451,#7452,#7453,
#7454,#7455,#7456)),.UNSPECIFIED.,.F.,.F.,.F.,(4,4),(4,2,1,1,4),(0.,1.),
(-0.314160832250233,-0.313453721409691,-0.188072232845815,-0.125381488563876,
0.),.UNSPECIFIED.);
#277=B_SPLINE_SURFACE_WITH_KNOTS('',3,3,((#7474,#7475,#7476,#7477),(#7478,
#7479,#7480,#7481),(#7482,#7483,#7484,#7485),(#7486,#7487,#7488,#7489),
(#7490,#7491,#7492,#7493)),.UNSPECIFIED.,.F.,.F.,.F.,(4,1,4),(4,4),(0.,
0.5,1.),(0.,0.00634477278354922),.UNSPECIFIED.);
#278=B_SPLINE_SURFACE_WITH_KNOTS('',3,3,((#7512,#7513,#7514,#7515,#7516,
#7517,#7518,#7519),(#7520,#7521,#7522,#7523,#7524,#7525,#7526,#7527),(#7528,
#7529,#7530,#7531,#7532,#7533,#7534,#7535),(#7536,#7537,#7538,#7539,#7540,
#7541,#7542,#7543)),.UNSPECIFIED.,.F.,.F.,.F.,(4,4),(4,2,1,1,4),(0.,1.),
(-0.000880675308327813,0.,0.13044138340202,0.195662075103031,0.326103458505051),
 .UNSPECIFIED.);
#279=B_SPLINE_SURFACE_WITH_KNOTS('',3,3,((#7563,#7564,#7565,#7566),(#7567,
#7568,#7569,#7570),(#7571,#7572,#7573,#7574),(#7575,#7576,#7577,#7578),
(#7579,#7580,#7581,#7582)),.UNSPECIFIED.,.F.,.F.,.F.,(4,1,4),(4,4),(0.,
0.5,1.),(0.,0.103040640208874),.UNSPECIFIED.);
#280=B_SPLINE_SURFACE_WITH_KNOTS('',3,3,((#7589,#7590,#7591,#7592),(#7593,
#7594,#7595,#7596),(#7597,#7598,#7599,#7600),(#7601,#7602,#7603,#7604),
(#7605,#7606,#7607,#7608)),.UNSPECIFIED.,.F.,.F.,.F.,(4,1,4),(4,4),(0.,
0.5,1.),(1.29830753925963E-14,0.00117212974402596),.UNSPECIFIED.);
#281=B_SPLINE_SURFACE_WITH_KNOTS('',3,3,((#7666,#7667,#7668,#7669),(#7670,
#7671,#7672,#7673),(#7674,#7675,#7676,#7677),(#7678,#7679,#7680,#7681),
(#7682,#7683,#7684,#7685)),.UNSPECIFIED.,.F.,.F.,.F.,(4,1,4),(4,4),(0.,
0.5,1.),(0.,0.00117212974402355),.UNSPECIFIED.);
#282=B_SPLINE_SURFACE_WITH_KNOTS('',3,3,((#7697,#7698,#7699,#7700),(#7701,
#7702,#7703,#7704),(#7705,#7706,#7707,#7708),(#7709,#7710,#7711,#7712),
(#7713,#7714,#7715,#7716)),.UNSPECIFIED.,.F.,.F.,.F.,(4,1,4),(4,4),(0.,
0.5,1.),(0.,0.10304064020888),.UNSPECIFIED.);
#283=B_SPLINE_SURFACE_WITH_KNOTS('',3,3,((#7728,#7729,#7730,#7731,#7732,
#7733,#7734,#7735),(#7736,#7737,#7738,#7739,#7740,#7741,#7742,#7743),(#7744,
#7745,#7746,#7747,#7748,#7749,#7750,#7751),(#7752,#7753,#7754,#7755,#7756,
#7757,#7758,#7759)),.UNSPECIFIED.,.F.,.F.,.F.,(4,4),(4,2,1,1,4),(0.,1.),
(-0.326984133796846,-0.326103459583479,-0.195662075750087,-0.130441383833391,
0.),.UNSPECIFIED.);
#284=B_SPLINE_SURFACE_WITH_KNOTS('',3,3,((#7809,#7810,#7811,#7812,#7813,
#7814,#7815,#7816),(#7817,#7818,#7819,#7820,#7821,#7822,#7823,#7824),(#7825,
#7826,#7827,#7828,#7829,#7830,#7831,#7832),(#7833,#7834,#7835,#7836,#7837,
#7838,#7839,#7840)),.UNSPECIFIED.,.F.,.F.,.F.,(4,4),(4,2,1,1,4),(0.,1.),
(-0.160179277271845,-0.15963155220375,-0.0957789313222498,-0.0638526208814999,
0.),.UNSPECIFIED.);
#285=B_SPLINE_SURFACE_WITH_KNOTS('',3,3,((#7851,#7852,#7853,#7854,#7855,
#7856),(#7857,#7858,#7859,#7860,#7861,#7862),(#7863,#7864,#7865,#7866,#7867,
#7868),(#7869,#7870,#7871,#7872,#7873,#7874),(#7875,#7876,#7877,#7878,#7879,
#7880)),.UNSPECIFIED.,.F.,.F.,.F.,(4,1,4),(4,1,1,4),(0.,0.5,1.),(0.424790682314197,
0.460570195399633,0.484423204123257,0.508276212846882),.UNSPECIFIED.);
#286=B_SPLINE_SURFACE_WITH_KNOTS('',3,3,((#7893,#7894,#7895,#7896),(#7897,
#7898,#7899,#7900),(#7901,#7902,#7903,#7904),(#7905,#7906,#7907,#7908),
(#7909,#7910,#7911,#7912)),.UNSPECIFIED.,.F.,.F.,.F.,(4,1,4),(4,4),(0.,
0.5,1.),(0.,0.00298324904499529),.UNSPECIFIED.);
#287=B_SPLINE_SURFACE_WITH_KNOTS('',3,3,((#7930,#7931,#7932,#7933,#7934,
#7935),(#7936,#7937,#7938,#7939,#7940,#7941),(#7942,#7943,#7944,#7945,#7946,
#7947),(#7948,#7949,#7950,#7951,#7952,#7953),(#7954,#7955,#7956,#7957,#7958,
#7959)),.UNSPECIFIED.,.F.,.F.,.F.,(4,1,4),(4,1,1,4),(0.,0.5,1.),(0.424790682314879,
0.460570195400002,0.484423204123417,0.508276212846833),.UNSPECIFIED.);
#288=B_SPLINE_SURFACE_WITH_KNOTS('',3,3,((#7981,#7982,#7983,#7984,#7985,
#7986,#7987,#7988),(#7989,#7990,#7991,#7992,#7993,#7994,#7995,#7996),(#7997,
#7998,#7999,#8000,#8001,#8002,#8003,#8004),(#8005,#8006,#8007,#8008,#8009,
#8010,#8011,#8012)),.UNSPECIFIED.,.F.,.F.,.F.,(4,4),(4,2,1,1,4),(0.,1.),
(-0.000547725067876565,0.,0.0638526208810157,0.0957789313215236,0.159631552202539),
 .UNSPECIFIED.);
#289=B_SPLINE_SURFACE_WITH_KNOTS('',3,3,((#8021,#8022,#8023,#8024),(#8025,
#8026,#8027,#8028),(#8029,#8030,#8031,#8032),(#8033,#8034,#8035,#8036),
(#8037,#8038,#8039,#8040)),.UNSPECIFIED.,.F.,.F.,.F.,(4,1,4),(4,4),(0.,
0.5,1.),(0.,0.00298324060699369),.UNSPECIFIED.);
#290=B_SPLINE_SURFACE_WITH_KNOTS('',3,3,((#8052,#8053,#8054,#8055,#8056,
#8057,#8058),(#8059,#8060,#8061,#8062,#8063,#8064,#8065),(#8066,#8067,#8068,
#8069,#8070,#8071,#8072),(#8073,#8074,#8075,#8076,#8077,#8078,#8079),(#8080,
#8081,#8082,#8083,#8084,#8085,#8086)),.UNSPECIFIED.,.F.,.F.,.F.,(4,1,4),
(4,1,1,1,4),(0.,0.5,1.),(0.,0.00910429091608736,0.0182085818321747,0.0546257454965241,
0.127460072825223),.UNSPECIFIED.);
#291=B_SPLINE_SURFACE_WITH_KNOTS('',3,3,((#8107,#8108,#8109,#8110),(#8111,
#8112,#8113,#8114),(#8115,#8116,#8117,#8118),(#8119,#8120,#8121,#8122)),
 .UNSPECIFIED.,.F.,.F.,.F.,(4,4),(4,4),(0.,1.),(0.,0.30010344900129),
 .UNSPECIFIED.);
#292=B_SPLINE_SURFACE_WITH_KNOTS('',3,3,((#8134,#8135,#8136,#8137,#8138,
#8139,#8140,#8141),(#8142,#8143,#8144,#8145,#8146,#8147,#8148,#8149),(#8150,
#8151,#8152,#8153,#8154,#8155,#8156,#8157),(#8158,#8159,#8160,#8161,#8162,
#8163,#8164,#8165)),.UNSPECIFIED.,.F.,.F.,.F.,(4,4),(4,2,1,1,4),(0.,1.),
(-0.2133932368181,-0.212845515401774,-0.127707309241064,-0.0851382061607094,
0.),.UNSPECIFIED.);
#293=B_SPLINE_SURFACE_WITH_KNOTS('',3,3,((#8176,#8177,#8178,#8179,#8180,
#8181),(#8182,#8183,#8184,#8185,#8186,#8187),(#8188,#8189,#8190,#8191,#8192,
#8193),(#8194,#8195,#8196,#8197,#8198,#8199),(#8200,#8201,#8202,#8203,#8204,
#8205)),.UNSPECIFIED.,.F.,.F.,.F.,(4,1,4),(4,1,1,4),(0.,0.5,1.),(1.03752333523752E-15,
0.0326105217042846,0.0543508695071403,0.0760912173099959),.UNSPECIFIED.);
#294=B_SPLINE_SURFACE_WITH_KNOTS('',3,3,((#8255,#8256,#8257,#8258,#8259),
(#8260,#8261,#8262,#8263,#8264),(#8265,#8266,#8267,#8268,#8269),(#8270,
#8271,#8272,#8273,#8274),(#8275,#8276,#8277,#8278,#8279)),.UNSPECIFIED.,
 .F.,.F.,.F.,(4,1,4),(4,1,4),(0.,0.5,1.),(-7.99386181384977E-18,0.0313276938486918,
0.0730979523136141),.UNSPECIFIED.);
#295=B_SPLINE_SURFACE_WITH_KNOTS('',3,3,((#8293,#8294,#8295,#8296),(#8297,
#8298,#8299,#8300),(#8301,#8302,#8303,#8304),(#8305,#8306,#8307,#8308),
(#8309,#8310,#8311,#8312)),.UNSPECIFIED.,.F.,.F.,.F.,(4,1,4),(4,4),(0.,
0.5,1.),(1.04492653876648,1.11030548757458),.UNSPECIFIED.);
#296=B_SPLINE_SURFACE_WITH_KNOTS('',3,3,((#8321,#8322,#8323,#8324,#8325,
#8326,#8327,#8328),(#8329,#8330,#8331,#8332,#8333,#8334,#8335,#8336),(#8337,
#8338,#8339,#8340,#8341,#8342,#8343,#8344),(#8345,#8346,#8347,#8348,#8349,
#8350,#8351,#8352)),.UNSPECIFIED.,.F.,.F.,.F.,(4,4),(4,1,1,1,1,4),(0.,1.),
(0.,0.0165035081825886,0.0330070163651772,0.0660140327303544,0.132028065460709,
0.23104911455624),.UNSPECIFIED.);
#297=B_SPLINE_SURFACE_WITH_KNOTS('',3,3,((#8372,#8373,#8374,#8375,#8376,
#8377),(#8378,#8379,#8380,#8381,#8382,#8383),(#8384,#8385,#8386,#8387,#8388,
#8389),(#8390,#8391,#8392,#8393,#8394,#8395)),.UNSPECIFIED.,.F.,.F.,.F.,
(4,4),(4,2,4),(0.,1.),(-0.000701128298715627,0.,0.00294398300109727),
 .UNSPECIFIED.);
#298=B_SPLINE_SURFACE_WITH_KNOTS('',3,3,((#8425,#8426,#8427,#8428,#8429,
#8430,#8431,#8432),(#8433,#8434,#8435,#8436,#8437,#8438,#8439,#8440),(#8441,
#8442,#8443,#8444,#8445,#8446,#8447,#8448),(#8449,#8450,#8451,#8452,#8453,
#8454,#8455,#8456)),.UNSPECIFIED.,.F.,.F.,.F.,(4,4),(4,2,1,1,4),(0.,1.),
(-0.213394203707035,-0.21284647863915,-0.12770788718349,-0.0851385914556602,
0.),.UNSPECIFIED.);
#299=B_SPLINE_SURFACE_WITH_KNOTS('',3,3,((#8467,#8468,#8469,#8470,#8471,
#8472),(#8473,#8474,#8475,#8476,#8477,#8478),(#8479,#8480,#8481,#8482,#8483,
#8484),(#8485,#8486,#8487,#8488,#8489,#8490),(#8491,#8492,#8493,#8494,#8495,
#8496)),.UNSPECIFIED.,.F.,.F.,.F.,(4,1,4),(4,1,1,4),(0.,0.5,1.),(0.,0.032630233566293,
0.0543837226104884,0.0761372116546837),.UNSPECIFIED.);
#300=B_SPLINE_SURFACE_WITH_KNOTS('',3,3,((#8541,#8542,#8543,#8544,#8545,
#8546),(#8547,#8548,#8549,#8550,#8551,#8552),(#8553,#8554,#8555,#8556,#8557,
#8558),(#8559,#8560,#8561,#8562,#8563,#8564),(#8565,#8566,#8567,#8568,#8569,
#8570)),.UNSPECIFIED.,.F.,.F.,.F.,(4,1,4),(4,1,1,4),(0.,0.5,1.),(0.,0.0326308272097884,
0.0543847120163139,0.0761385968228395),.UNSPECIFIED.);
#301=B_SPLINE_SURFACE_WITH_KNOTS('',3,3,((#8586,#8587,#8588,#8589,#8590,
#8591,#8592,#8593),(#8594,#8595,#8596,#8597,#8598,#8599,#8600,#8601),(#8602,
#8603,#8604,#8605,#8606,#8607,#8608,#8609),(#8610,#8611,#8612,#8613,#8614,
#8615,#8616,#8617)),.UNSPECIFIED.,.F.,.F.,.F.,(4,4),(4,2,1,1,4),(0.,1.),
(-0.000547725067888089,0.,0.0851385914556571,0.127707887183486,0.212846478639143),
 .UNSPECIFIED.);
#302=B_SPLINE_SURFACE_WITH_KNOTS('',3,3,((#8697,#8698,#8699,#8700,#8701,
#8702,#8703,#8704),(#8705,#8706,#8707,#8708,#8709,#8710,#8711,#8712),(#8713,
#8714,#8715,#8716,#8717,#8718,#8719,#8720),(#8721,#8722,#8723,#8724,#8725,
#8726,#8727,#8728)),.UNSPECIFIED.,.F.,.F.,.F.,(4,4),(4,2,1,1,4),(0.,1.),
(-0.213394203707036,-0.212846478639206,-0.127707887183523,-0.0851385914556822,
0.),.UNSPECIFIED.);
#303=B_SPLINE_SURFACE_WITH_KNOTS('',3,3,((#8739,#8740,#8741,#8742,#8743,
#8744),(#8745,#8746,#8747,#8748,#8749,#8750),(#8751,#8752,#8753,#8754,#8755,
#8756),(#8757,#8758,#8759,#8760,#8761,#8762),(#8763,#8764,#8765,#8766,#8767,
#8768)),.UNSPECIFIED.,.F.,.F.,.F.,(4,1,4),(4,1,1,4),(0.,0.5,1.),(0.,0.0326302335663016,
0.0543837226105027,0.0761372116547037),.UNSPECIFIED.);
#304=B_SPLINE_SURFACE_WITH_KNOTS('',3,3,((#8813,#8814,#8815,#8816,#8817,
#8818),(#8819,#8820,#8821,#8822,#8823,#8824),(#8825,#8826,#8827,#8828,#8829,
#8830),(#8831,#8832,#8833,#8834,#8835,#8836),(#8837,#8838,#8839,#8840,#8841,
#8842)),.UNSPECIFIED.,.F.,.F.,.F.,(4,1,4),(4,1,1,4),(0.,0.5,1.),(0.,0.0217538848065273,
0.0435077696130547,0.0761385968228457),.UNSPECIFIED.);
#305=B_SPLINE_SURFACE_WITH_KNOTS('',3,3,((#8857,#8858,#8859,#8860,#8861,
#8862,#8863,#8864,#8865,#8866,#8867),(#8868,#8869,#8870,#8871,#8872,#8873,
#8874,#8875,#8876,#8877,#8878),(#8879,#8880,#8881,#8882,#8883,#8884,#8885,
#8886,#8887,#8888,#8889),(#8890,#8891,#8892,#8893,#8894,#8895,#8896,#8897,
#8898,#8899,#8900)),.UNSPECIFIED.,.F.,.F.,.F.,(4,4),(4,2,1,1,1,1,1,4),(0.,
1.),(-0.000547725068081272,0.,0.0425692957277877,0.0851385914555753,0.127707887183363,
0.148992535047257,0.170277182911151,0.212846478638938),.UNSPECIFIED.);
#306=B_SPLINE_SURFACE_WITH_KNOTS('',3,3,((#8922,#8923,#8924,#8925,#8926,
#8927,#8928,#8929),(#8930,#8931,#8932,#8933,#8934,#8935,#8936,#8937),(#8938,
#8939,#8940,#8941,#8942,#8943,#8944,#8945),(#8946,#8947,#8948,#8949,#8950,
#8951,#8952,#8953)),.UNSPECIFIED.,.F.,.F.,.F.,(4,4),(4,2,1,1,4),(0.,1.),
(-0.213394203707038,-0.212846478639101,-0.127707887183461,-0.0851385914556403,
0.),.UNSPECIFIED.);
#307=B_SPLINE_SURFACE_WITH_KNOTS('',3,3,((#8964,#8965,#8966,#8967,#8968,
#8969),(#8970,#8971,#8972,#8973,#8974,#8975),(#8976,#8977,#8978,#8979,#8980,
#8981),(#8982,#8983,#8984,#8985,#8986,#8987),(#8988,#8989,#8990,#8991,#8992,
#8993)),.UNSPECIFIED.,.F.,.F.,.F.,(4,1,4),(4,1,1,4),(0.,0.5,1.),(0.,0.0326302335662988,
0.054383722610498,0.0761372116546972),.UNSPECIFIED.);
#308=B_SPLINE_SURFACE_WITH_KNOTS('',3,3,((#9038,#9039,#9040,#9041,#9042,
#9043),(#9044,#9045,#9046,#9047,#9048,#9049),(#9050,#9051,#9052,#9053,#9054,
#9055),(#9056,#9057,#9058,#9059,#9060,#9061),(#9062,#9063,#9064,#9065,#9066,
#9067)),.UNSPECIFIED.,.F.,.F.,.F.,(4,1,4),(4,1,1,4),(0.,0.5,1.),(0.,0.0217538848065272,
0.0435077696130544,0.0761385968228453),.UNSPECIFIED.);
#309=B_SPLINE_SURFACE_WITH_KNOTS('',3,3,((#9082,#9083,#9084,#9085,#9086,
#9087,#9088,#9089),(#9090,#9091,#9092,#9093,#9094,#9095,#9096,#9097),(#9098,
#9099,#9100,#9101,#9102,#9103,#9104,#9105),(#9106,#9107,#9108,#9109,#9110,
#9111,#9112,#9113)),.UNSPECIFIED.,.F.,.F.,.F.,(4,4),(4,2,1,1,4),(0.,1.),
(-0.000547725067974749,0.,0.0851385914556179,0.127707887183427,0.212846478639045),
 .UNSPECIFIED.);
#310=B_SPLINE_SURFACE_WITH_KNOTS('',3,3,((#9132,#9133,#9134,#9135,#9136,
#9137,#9138,#9139),(#9140,#9141,#9142,#9143,#9144,#9145,#9146,#9147),(#9148,
#9149,#9150,#9151,#9152,#9153,#9154,#9155),(#9156,#9157,#9158,#9159,#9160,
#9161,#9162,#9163)),.UNSPECIFIED.,.F.,.F.,.F.,(4,4),(4,2,1,1,4),(0.,1.),
(-0.314160832250237,-0.313453721409625,-0.188072232845775,-0.12538148856385,
0.),.UNSPECIFIED.);
#311=B_SPLINE_SURFACE_WITH_KNOTS('',3,3,((#9174,#9175,#9176,#9177,#9178,
#9179),(#9180,#9181,#9182,#9183,#9184,#9185),(#9186,#9187,#9188,#9189,#9190,
#9191),(#9192,#9193,#9194,#9195,#9196,#9197),(#9198,#9199,#9200,#9201,#9202,
#9203)),.UNSPECIFIED.,.F.,.F.,.F.,(4,1,4),(4,1,1,4),(0.,0.5,1.),(-0.0815960113599146,
-0.0582828652570817,-0.0349697191542488,5.68989300120393E-16),
 .UNSPECIFIED.);
#312=B_SPLINE_SURFACE_WITH_KNOTS('',3,3,((#9259,#9260,#9261,#9262),(#9263,
#9264,#9265,#9266),(#9267,#9268,#9269,#9270),(#9271,#9272,#9273,#9274),
(#9275,#9276,#9277,#9278)),.UNSPECIFIED.,.F.,.F.,.F.,(4,1,4),(4,4),(0.,
0.5,1.),(0.,0.00634507083984285),.UNSPECIFIED.);
#313=B_SPLINE_SURFACE_WITH_KNOTS('',3,3,((#9287,#9288,#9289,#9290,#9291,
#9292),(#9293,#9294,#9295,#9296,#9297,#9298),(#9299,#9300,#9301,#9302,#9303,
#9304),(#9305,#9306,#9307,#9308,#9309,#9310),(#9311,#9312,#9313,#9314,#9315,
#9316)),.UNSPECIFIED.,.F.,.F.,.F.,(4,1,4),(4,1,1,4),(0.,0.5,1.),(0.330963513374624,
0.354276659477458,0.377589805580292,0.412559524734542),.UNSPECIFIED.);
#314=B_SPLINE_SURFACE_WITH_KNOTS('',3,3,((#9334,#9335,#9336,#9337,#9338,
#9339,#9340,#9341),(#9342,#9343,#9344,#9345,#9346,#9347,#9348,#9349),(#9350,
#9351,#9352,#9353,#9354,#9355,#9356,#9357),(#9358,#9359,#9360,#9361,#9362,
#9363,#9364,#9365)),.UNSPECIFIED.,.F.,.F.,.F.,(4,4),(4,2,1,1,4),(0.,1.),
(-0.000707110840488233,0.,0.125381488563898,0.188072232845848,0.313453721409746),
 .UNSPECIFIED.);
#315=B_SPLINE_SURFACE_WITH_KNOTS('',3,3,((#9374,#9375,#9376,#9377),(#9378,
#9379,#9380,#9381),(#9382,#9383,#9384,#9385),(#9386,#9387,#9388,#9389),
(#9390,#9391,#9392,#9393)),.UNSPECIFIED.,.F.,.F.,.F.,(4,1,4),(4,4),(0.,
0.5,1.),(2.73401474689228E-16,0.00634477494316276),.UNSPECIFIED.);
#316=B_SPLINE_SURFACE_WITH_KNOTS('',3,3,((#9412,#9413,#9414,#9415,#9416,
#9417,#9418,#9419),(#9420,#9421,#9422,#9423,#9424,#9425,#9426,#9427),(#9428,
#9429,#9430,#9431,#9432,#9433,#9434,#9435),(#9436,#9437,#9438,#9439,#9440,
#9441,#9442,#9443)),.UNSPECIFIED.,.F.,.F.,.F.,(4,4),(4,2,1,1,4),(0.,1.),
(-0.326984133796849,-0.326103459583447,-0.195662075750068,-0.130441383833379,
0.),.UNSPECIFIED.);
#317=B_SPLINE_SURFACE_WITH_KNOTS('',3,3,((#9454,#9455,#9456,#9457),(#9458,
#9459,#9460,#9461),(#9462,#9463,#9464,#9465),(#9466,#9467,#9468,#9469),
(#9470,#9471,#9472,#9473)),.UNSPECIFIED.,.F.,.F.,.F.,(4,1,4),(4,4),(0.,
0.5,1.),(7.09176366845682E-16,0.103040640208877),.UNSPECIFIED.);
#318=B_SPLINE_SURFACE_WITH_KNOTS('',3,3,((#9480,#9481,#9482,#9483),(#9484,
#9485,#9486,#9487),(#9488,#9489,#9490,#9491),(#9492,#9493,#9494,#9495),
(#9496,#9497,#9498,#9499)),.UNSPECIFIED.,.F.,.F.,.F.,(4,1,4),(4,4),(0.,
0.5,1.),(1.21804974093776E-14,0.00117212974402508),.UNSPECIFIED.);
#319=B_SPLINE_SURFACE_WITH_KNOTS('',3,3,((#9557,#9558,#9559,#9560),(#9561,
#9562,#9563,#9564),(#9565,#9566,#9567,#9568),(#9569,#9570,#9571,#9572),
(#9573,#9574,#9575,#9576)),.UNSPECIFIED.,.F.,.F.,.F.,(4,1,4),(4,4),(0.,
0.5,1.),(0.,0.00117212974402501),.UNSPECIFIED.);
#320=B_SPLINE_SURFACE_WITH_KNOTS('',3,3,((#9587,#9588,#9589,#9590),(#9591,
#9592,#9593,#9594),(#9595,#9596,#9597,#9598),(#9599,#9600,#9601,#9602),
(#9603,#9604,#9605,#9606)),.UNSPECIFIED.,.F.,.F.,.F.,(4,1,4),(4,4),(0.,
0.5,1.),(0.,0.103040640208877),.UNSPECIFIED.);
#321=B_SPLINE_SURFACE_WITH_KNOTS('',3,3,((#9613,#9614,#9615,#9616,#9617,
#9618,#9619,#9620),(#9621,#9622,#9623,#9624,#9625,#9626,#9627,#9628),(#9629,
#9630,#9631,#9632,#9633,#9634,#9635,#9636),(#9637,#9638,#9639,#9640,#9641,
#9642,#9643,#9644)),.UNSPECIFIED.,.F.,.F.,.F.,(4,4),(4,2,1,1,4),(0.,1.),
(-0.000880674213735889,0.,0.130441383833246,0.195662075749869,0.326103459583115),
 .UNSPECIFIED.);
#322=CIRCLE('',#4009,3.5);
#323=CIRCLE('',#4010,3.5);
#324=CIRCLE('',#4012,30.);
#325=CIRCLE('',#4014,11.25);
#326=CIRCLE('',#4016,3.5);
#327=CIRCLE('',#4017,3.5);
#328=CIRCLE('',#4019,30.);
#329=CIRCLE('',#4021,11.25);
#330=CIRCLE('',#4023,11.25);
#331=CIRCLE('',#4026,11.25);
#332=CIRCLE('',#4028,0.5);
#333=CIRCLE('',#4029,0.499999999999997);
#334=CIRCLE('',#4030,0.499999999999998);
#335=CIRCLE('',#4031,0.500000000000013);
#336=CIRCLE('',#4032,1.00000000000001);
#337=CIRCLE('',#4034,0.500000000000002);
#338=CIRCLE('',#4035,36.);
#339=CIRCLE('',#4036,36.);
#340=CIRCLE('',#4037,36.);
#341=CIRCLE('',#4038,36.5);
#342=CIRCLE('',#4039,0.499999999999996);
#343=CIRCLE('',#4040,0.499999999999998);
#344=CIRCLE('',#4041,0.999999999999998);
#345=CIRCLE('',#4042,0.5);
#346=CIRCLE('',#4044,1.00000000000001);
#347=CIRCLE('',#4047,2.00000000000001);
#348=CIRCLE('',#4048,0.999999999999996);
#349=CIRCLE('',#4049,1.00000000000001);
#350=CIRCLE('',#4051,2.);
#351=CIRCLE('',#4053,0.499999999999997);
#352=CIRCLE('',#4054,0.500000000000001);
#353=CIRCLE('',#4055,0.500000000000002);
#354=CIRCLE('',#4056,0.50000000000001);
#355=CIRCLE('',#4057,1.00000000000001);
#356=CIRCLE('',#4059,0.499999999999992);
#357=CIRCLE('',#4060,36.);
#358=CIRCLE('',#4061,36.);
#359=CIRCLE('',#4062,36.);
#360=CIRCLE('',#4063,36.5);
#361=CIRCLE('',#4064,0.500000000000003);
#362=CIRCLE('',#4065,0.499999999999998);
#363=CIRCLE('',#4066,0.999999999999998);
#364=CIRCLE('',#4067,0.500000000000002);
#365=CIRCLE('',#4069,1.00000000000001);
#366=CIRCLE('',#4071,1.99999999999999);
#367=CIRCLE('',#4072,1.);
#368=CIRCLE('',#4073,0.999999999999993);
#369=CIRCLE('',#4075,2.00000000000001);
#370=CIRCLE('',#4077,0.499999999999998);
#371=CIRCLE('',#4078,0.500000000000001);
#372=CIRCLE('',#4079,0.499999999999996);
#373=CIRCLE('',#4080,0.500000000000011);
#374=CIRCLE('',#4081,1.00000000000001);
#375=CIRCLE('',#4083,0.500000000000002);
#376=CIRCLE('',#4084,36.);
#377=CIRCLE('',#4085,36.);
#378=CIRCLE('',#4086,36.);
#379=CIRCLE('',#4087,36.5);
#380=CIRCLE('',#4088,0.499999999999996);
#381=CIRCLE('',#4089,0.500000000000004);
#382=CIRCLE('',#4090,1.);
#383=CIRCLE('',#4091,0.500000000000004);
#384=CIRCLE('',#4093,1.00000000000001);
#385=CIRCLE('',#4095,2.00000000000001);
#386=CIRCLE('',#4096,0.999999999999996);
#387=CIRCLE('',#4097,1.00000000000001);
#388=CIRCLE('',#4099,2.00000000000001);
#389=CIRCLE('',#4101,0.500000000000004);
#390=CIRCLE('',#4102,0.500000000000003);
#391=CIRCLE('',#4103,0.5);
#392=CIRCLE('',#4104,0.499999999999995);
#393=CIRCLE('',#4105,0.500000000000004);
#394=CIRCLE('',#4106,0.499999999999998);
#395=CIRCLE('',#4107,0.500000000000004);
#396=CIRCLE('',#4109,0.499999999999995);
#397=CIRCLE('',#4110,36.1619663921712);
#398=CIRCLE('',#4111,36.5);
#399=CIRCLE('',#4112,0.499999999999999);
#400=CIRCLE('',#4113,0.5);
#401=CIRCLE('',#4115,0.999980000000001);
#402=CIRCLE('',#4116,0.999999999999989);
#403=CIRCLE('',#4118,0.999980000000003);
#404=CIRCLE('',#4119,35.485912697858);
#405=CIRCLE('',#4121,0.999979999999994);
#406=CIRCLE('',#4122,0.999999999999998);
#407=CIRCLE('',#4124,0.999979999999994);
#408=CIRCLE('',#4125,0.999999999999998);
#409=CIRCLE('',#4127,0.999979999999994);
#410=CIRCLE('',#4128,0.999979999999994);
#411=CIRCLE('',#4129,0.999999999999996);
#412=CIRCLE('',#4130,0.499999999999998);
#413=CIRCLE('',#4131,0.499999999999998);
#414=CIRCLE('',#4132,0.500000000000001);
#415=CIRCLE('',#4133,0.500000000000003);
#416=CIRCLE('',#4134,1.);
#417=CIRCLE('',#4136,0.499999999999994);
#418=CIRCLE('',#4137,36.);
#419=CIRCLE('',#4138,36.);
#420=CIRCLE('',#4139,36.);
#421=CIRCLE('',#4140,36.5);
#422=CIRCLE('',#4141,0.5);
#423=CIRCLE('',#4142,0.499999999999987);
#424=CIRCLE('',#4143,0.999999999999987);
#425=CIRCLE('',#4144,0.500000000000002);
#426=CIRCLE('',#4147,1.99999999999999);
#427=CIRCLE('',#4148,0.999999999999998);
#428=CIRCLE('',#4149,0.99999999999999);
#429=CIRCLE('',#4151,2.);
#430=CIRCLE('',#4153,0.500000000000001);
#431=CIRCLE('',#4154,0.499999999999997);
#432=CIRCLE('',#4156,0.499999999999994);
#433=CIRCLE('',#4157,35.);
#434=CIRCLE('',#4158,0.499999999999997);
#435=CIRCLE('',#4159,34.6);
#436=CIRCLE('',#4160,0.49999999999999);
#437=CIRCLE('',#4161,0.5);
#438=CIRCLE('',#4163,2.);
#439=CIRCLE('',#4164,1.);
#440=CIRCLE('',#4166,2.);
#441=CIRCLE('',#4167,33.);
#442=CIRCLE('',#4169,1.);
#443=CIRCLE('',#4170,0.500000000000001);
#444=CIRCLE('',#4171,0.500000000000002);
#445=CIRCLE('',#4172,0.500000000000001);
#446=CIRCLE('',#4173,0.499999999999999);
#447=CIRCLE('',#4174,0.5);
#448=CIRCLE('',#4175,1.);
#449=CIRCLE('',#4177,0.500000000000002);
#450=CIRCLE('',#4178,32.5);
#451=CIRCLE('',#4179,33.);
#452=CIRCLE('',#4180,0.500000000000003);
#453=CIRCLE('',#4181,0.500000000000002);
#454=CIRCLE('',#4182,1.);
#455=CIRCLE('',#4183,0.499999999999996);
#456=CIRCLE('',#4184,0.499999999999999);
#457=CIRCLE('',#4190,0.500000000000015);
#458=CIRCLE('',#4191,0.499999999999994);
#459=CIRCLE('',#4192,0.500000000000003);
#460=CIRCLE('',#4194,0.499999999999989);
#461=CIRCLE('',#4195,36.5);
#462=CIRCLE('',#4196,36.161970899286);
#463=CIRCLE('',#4197,0.499999999999997);
#464=CIRCLE('',#4198,0.499999999999996);
#465=CIRCLE('',#4201,0.499999999999998);
#466=CIRCLE('',#4202,0.499999999999994);
#467=CIRCLE('',#4203,0.499999999999998);
#468=CIRCLE('',#4204,0.499999999999997);
#469=CIRCLE('',#4205,0.500000000000007);
#470=CIRCLE('',#4206,0.500000000000007);
#471=CIRCLE('',#4207,1.00000000000001);
#472=CIRCLE('',#4208,0.50000000000001);
#473=CIRCLE('',#4210,0.500000000000007);
#474=CIRCLE('',#4211,36.5);
#475=CIRCLE('',#4212,36.);
#476=CIRCLE('',#4213,0.500000000000007);
#477=CIRCLE('',#4214,0.999999999999997);
#478=CIRCLE('',#4215,0.499999999999997);
#479=CIRCLE('',#4216,0.499999999999999);
#480=CIRCLE('',#4217,0.500000000000004);
#481=CIRCLE('',#4219,1.00000000000001);
#482=CIRCLE('',#4220,0.999980000000001);
#483=CIRCLE('',#4221,1.99998000000001);
#484=CIRCLE('',#4227,0.500000000000006);
#485=CIRCLE('',#4228,0.500000000000007);
#486=CIRCLE('',#4229,0.500000000000007);
#487=CIRCLE('',#4230,0.500000000000011);
#488=CIRCLE('',#4232,0.500000000000007);
#489=CIRCLE('',#4233,36.5);
#490=CIRCLE('',#4234,36.);
#491=CIRCLE('',#4235,36.);
#492=CIRCLE('',#4236,36.);
#493=CIRCLE('',#4237,0.500000000000007);
#494=CIRCLE('',#4238,1.);
#495=CIRCLE('',#4239,0.500000000000004);
#496=CIRCLE('',#4240,0.500000000000005);
#497=CIRCLE('',#4244,2.00000000000001);
#498=CIRCLE('',#4245,1.);
#499=CIRCLE('',#4246,1.00000000000001);
#500=CIRCLE('',#4248,1.99999999999999);
#501=CIRCLE('',#4250,0.499999999999997);
#502=CIRCLE('',#4251,0.499999999999998);
#503=CIRCLE('',#4252,0.499999999999998);
#504=CIRCLE('',#4253,0.50000000000001);
#505=CIRCLE('',#4255,0.499999999999998);
#506=CIRCLE('',#4256,36.5);
#507=CIRCLE('',#4257,36.);
#508=CIRCLE('',#4258,36.);
#509=CIRCLE('',#4259,36.);
#510=CIRCLE('',#4260,0.499999999999989);
#511=CIRCLE('',#4261,0.999999999999998);
#512=CIRCLE('',#4262,0.499999999999998);
#513=CIRCLE('',#4263,0.499999999999999);
#514=CIRCLE('',#4266,2.);
#515=CIRCLE('',#4267,0.999999999999993);
#516=CIRCLE('',#4268,1.00000000000001);
#517=CIRCLE('',#4270,2.00000000000001);
#518=CIRCLE('',#4272,0.499999999999996);
#519=CIRCLE('',#4273,0.499999999999998);
#520=CIRCLE('',#4274,0.499999999999998);
#521=CIRCLE('',#4275,0.500000000000013);
#522=CIRCLE('',#4277,0.499999999999998);
#523=CIRCLE('',#4278,36.5);
#524=CIRCLE('',#4279,36.);
#525=CIRCLE('',#4280,36.);
#526=CIRCLE('',#4281,36.);
#527=CIRCLE('',#4282,0.499999999999998);
#528=CIRCLE('',#4283,0.999999999999998);
#529=CIRCLE('',#4284,0.499999999999998);
#530=CIRCLE('',#4285,0.499999999999997);
#531=CIRCLE('',#4288,1.99999999999999);
#532=CIRCLE('',#4289,0.999999999999996);
#533=CIRCLE('',#4290,0.999999999999993);
#534=CIRCLE('',#4292,2.);
#535=CIRCLE('',#4294,0.499999999999994);
#536=CIRCLE('',#4295,0.499999999999999);
#537=CIRCLE('',#4297,0.500000000000004);
#538=CIRCLE('',#4298,34.6);
#539=CIRCLE('',#4299,0.50000000000001);
#540=CIRCLE('',#4300,35.);
#541=CIRCLE('',#4301,0.500000000000002);
#542=CIRCLE('',#4302,0.499999999999998);
#543=CIRCLE('',#4304,35.);
#544=CIRCLE('',#4307,2.);
#545=CIRCLE('',#4308,1.);
#546=CIRCLE('',#4309,0.500000000000001);
#547=CIRCLE('',#4310,0.5);
#548=CIRCLE('',#4311,0.5);
#549=CIRCLE('',#4312,0.5);
#550=CIRCLE('',#4313,0.999999999999998);
#551=CIRCLE('',#4314,0.499999999999998);
#552=CIRCLE('',#4316,0.5);
#553=CIRCLE('',#4317,33.);
#554=CIRCLE('',#4318,32.5);
#555=CIRCLE('',#4319,0.5);
#556=CIRCLE('',#4320,1.);
#557=CIRCLE('',#4321,0.500000000000002);
#558=CIRCLE('',#4322,0.5);
#559=CIRCLE('',#4323,0.499999999999999);
#560=CIRCLE('',#4325,32.);
#561=CIRCLE('',#4327,30.);
#562=CIRCLE('',#4329,1.00000000000001);
#563=CIRCLE('',#4330,1.);
#564=CIRCLE('',#4332,35.);
#565=CIRCLE('',#4334,1.00000000000001);
#566=CIRCLE('',#4336,35.);
#567=CIRCLE('',#4339,1.00000000000001);
#568=CIRCLE('',#4340,1.);
#569=CIRCLE('',#4342,35.);
#570=CIRCLE('',#4344,0.999999999999993);
#571=CIRCLE('',#4346,35.);
#572=CIRCLE('',#4349,1.00000000000001);
#573=CIRCLE('',#4350,1.);
#574=CIRCLE('',#4352,35.);
#575=CIRCLE('',#4355,35.);
#576=CIRCLE('',#4357,1.00000000000001);
#577=CIRCLE('',#4358,1.00000000000001);
#578=CIRCLE('',#4360,30.);
#579=CIRCLE('',#4362,0.999999999999989);
#580=CIRCLE('',#4364,35.485912697858);
#581=CIRCLE('',#4366,0.999999999999999);
#582=CIRCLE('',#4367,1.);
#583=CIRCLE('',#4369,35.);
#584=CIRCLE('',#4374,30.);
#585=CIRCLE('',#4375,32.);
#586=CIRCLE('',#4377,30.);
#587=CIRCLE('',#4379,0.999999999999997);
#588=CIRCLE('',#4381,1.00000000000001);
#589=CIRCLE('',#4383,0.999999999999998);
#590=CIRCLE('',#4386,0.999979999999989);
#591=CIRCLE('',#4387,35.99998);
#592=CIRCLE('',#4389,1.99998000000001);
#593=CIRCLE('',#4390,0.99998);
#594=CIRCLE('',#4392,0.999980000000001);
#595=CIRCLE('',#4394,0.999980000000001);
#596=CIRCLE('',#4395,0.999999999999996);
#597=CIRCLE('',#4396,0.99998);
#598=CIRCLE('',#4400,1.);
#599=CIRCLE('',#4403,0.999999999999997);
#600=CIRCLE('',#4406,1.);
#601=CIRCLE('',#4407,1.);
#602=CIRCLE('',#4411,0.999999999999998);
#603=CIRCLE('',#4412,2.);
#604=CIRCLE('',#4414,33.);
#605=CYLINDRICAL_SURFACE('',#4008,3.5);
#606=CYLINDRICAL_SURFACE('',#4015,3.5);
#607=CYLINDRICAL_SURFACE('',#4022,11.25);
#608=CYLINDRICAL_SURFACE('',#4025,11.25);
#609=CYLINDRICAL_SURFACE('',#4043,1.00000000000001);
#610=CYLINDRICAL_SURFACE('',#4068,1.00000000000001);
#611=CYLINDRICAL_SURFACE('',#4092,1.00000000000001);
#612=CYLINDRICAL_SURFACE('',#4126,0.99998);
#613=CYLINDRICAL_SURFACE('',#4145,1.);
#614=CYLINDRICAL_SURFACE('',#4186,1.);
#615=CYLINDRICAL_SURFACE('',#4187,33.);
#616=CYLINDRICAL_SURFACE('',#4188,1.);
#617=CYLINDRICAL_SURFACE('',#4189,0.999999999999999);
#618=CYLINDRICAL_SURFACE('',#4199,36.5);
#619=CYLINDRICAL_SURFACE('',#4200,0.999999999999987);
#620=CYLINDRICAL_SURFACE('',#4222,1.00000000000001);
#621=CYLINDRICAL_SURFACE('',#4223,36.5);
#622=CYLINDRICAL_SURFACE('',#4224,0.999999999999997);
#623=CYLINDRICAL_SURFACE('',#4226,1.00000000000002);
#624=CYLINDRICAL_SURFACE('',#4241,1.);
#625=CYLINDRICAL_SURFACE('',#4264,0.999999999999998);
#626=CYLINDRICAL_SURFACE('',#4286,0.999999999999998);
#627=CYLINDRICAL_SURFACE('',#4303,35.);
#628=CYLINDRICAL_SURFACE('',#4305,0.999999999999993);
#629=CYLINDRICAL_SURFACE('',#4333,1.00000000000001);
#630=CYLINDRICAL_SURFACE('',#4335,35.);
#631=CYLINDRICAL_SURFACE('',#4337,1.00000000000001);
#632=CYLINDRICAL_SURFACE('',#4343,0.999999999999993);
#633=CYLINDRICAL_SURFACE('',#4345,35.);
#634=CYLINDRICAL_SURFACE('',#4347,1.00000000000001);
#635=CYLINDRICAL_SURFACE('',#4353,1.00000000000001);
#636=CYLINDRICAL_SURFACE('',#4354,35.);
#637=CYLINDRICAL_SURFACE('',#4356,1.00000000000001);
#638=CYLINDRICAL_SURFACE('',#4361,0.999999999999989);
#639=CYLINDRICAL_SURFACE('',#4363,35.485912697858);
#640=CYLINDRICAL_SURFACE('',#4370,0.99999999999999);
#641=CYLINDRICAL_SURFACE('',#4371,35.);
#642=CYLINDRICAL_SURFACE('',#4372,0.999999999999999);
#643=CYLINDRICAL_SURFACE('',#4376,30.);
#644=CYLINDRICAL_SURFACE('',#4384,0.999999999999998);
#645=CYLINDRICAL_SURFACE('',#4393,0.99998);
#646=CYLINDRICAL_SURFACE('',#4398,0.999999999999997);
#647=CYLINDRICAL_SURFACE('',#4409,1.);
#648=CYLINDRICAL_SURFACE('',#4415,1.);
#649=CYLINDRICAL_SURFACE('',#4416,33.);
#650=CYLINDRICAL_SURFACE('',#4417,0.999999999999998);
#651=CYLINDRICAL_SURFACE('',#4434,0.999999999999996);
#652=CYLINDRICAL_SURFACE('',#4436,36.5);
#653=CYLINDRICAL_SURFACE('',#4437,36.5);
#654=CYLINDRICAL_SURFACE('',#4438,36.5);
#655=FACE_OUTER_BOUND('',#915,.T.);
#656=FACE_OUTER_BOUND('',#916,.T.);
#657=FACE_OUTER_BOUND('',#917,.T.);
#658=FACE_OUTER_BOUND('',#918,.T.);
#659=FACE_OUTER_BOUND('',#919,.T.);
#660=FACE_OUTER_BOUND('',#920,.T.);
#661=FACE_OUTER_BOUND('',#921,.T.);
#662=FACE_OUTER_BOUND('',#922,.T.);
#663=FACE_OUTER_BOUND('',#923,.T.);
#664=FACE_OUTER_BOUND('',#924,.T.);
#665=FACE_OUTER_BOUND('',#925,.T.);
#666=FACE_OUTER_BOUND('',#926,.T.);
#667=FACE_OUTER_BOUND('',#927,.T.);
#668=FACE_OUTER_BOUND('',#928,.T.);
#669=FACE_OUTER_BOUND('',#929,.T.);
#670=FACE_OUTER_BOUND('',#930,.T.);
#671=FACE_OUTER_BOUND('',#931,.T.);
#672=FACE_OUTER_BOUND('',#932,.T.);
#673=FACE_OUTER_BOUND('',#933,.T.);
#674=FACE_OUTER_BOUND('',#934,.T.);
#675=FACE_OUTER_BOUND('',#935,.T.);
#676=FACE_OUTER_BOUND('',#936,.T.);
#677=FACE_OUTER_BOUND('',#937,.T.);
#678=FACE_OUTER_BOUND('',#938,.T.);
#679=FACE_OUTER_BOUND('',#939,.T.);
#680=FACE_OUTER_BOUND('',#940,.T.);
#681=FACE_OUTER_BOUND('',#941,.T.);
#682=FACE_OUTER_BOUND('',#942,.T.);
#683=FACE_OUTER_BOUND('',#943,.T.);
#684=FACE_OUTER_BOUND('',#944,.T.);
#685=FACE_OUTER_BOUND('',#945,.T.);
#686=FACE_OUTER_BOUND('',#946,.T.);
#687=FACE_OUTER_BOUND('',#947,.T.);
#688=FACE_OUTER_BOUND('',#948,.T.);
#689=FACE_OUTER_BOUND('',#949,.T.);
#690=FACE_OUTER_BOUND('',#950,.T.);
#691=FACE_OUTER_BOUND('',#951,.T.);
#692=FACE_OUTER_BOUND('',#952,.T.);
#693=FACE_OUTER_BOUND('',#953,.T.);
#694=FACE_OUTER_BOUND('',#954,.T.);
#695=FACE_OUTER_BOUND('',#955,.T.);
#696=FACE_OUTER_BOUND('',#956,.T.);
#697=FACE_OUTER_BOUND('',#957,.T.);
#698=FACE_OUTER_BOUND('',#958,.T.);
#699=FACE_OUTER_BOUND('',#959,.T.);
#700=FACE_OUTER_BOUND('',#960,.T.);
#701=FACE_OUTER_BOUND('',#961,.T.);
#702=FACE_OUTER_BOUND('',#962,.T.);
#703=FACE_OUTER_BOUND('',#963,.T.);
#704=FACE_OUTER_BOUND('',#964,.T.);
#705=FACE_OUTER_BOUND('',#965,.T.);
#706=FACE_OUTER_BOUND('',#966,.T.);
#707=FACE_OUTER_BOUND('',#967,.T.);
#708=FACE_OUTER_BOUND('',#968,.T.);
#709=FACE_OUTER_BOUND('',#969,.T.);
#710=FACE_OUTER_BOUND('',#970,.T.);
#711=FACE_OUTER_BOUND('',#971,.T.);
#712=FACE_OUTER_BOUND('',#972,.T.);
#713=FACE_OUTER_BOUND('',#973,.T.);
#714=FACE_OUTER_BOUND('',#974,.T.);
#715=FACE_OUTER_BOUND('',#975,.T.);
#716=FACE_OUTER_BOUND('',#976,.T.);
#717=FACE_OUTER_BOUND('',#977,.T.);
#718=FACE_OUTER_BOUND('',#978,.T.);
#719=FACE_OUTER_BOUND('',#979,.T.);
#720=FACE_OUTER_BOUND('',#980,.T.);
#721=FACE_OUTER_BOUND('',#981,.T.);
#722=FACE_OUTER_BOUND('',#982,.T.);
#723=FACE_OUTER_BOUND('',#983,.T.);
#724=FACE_OUTER_BOUND('',#984,.T.);
#725=FACE_OUTER_BOUND('',#985,.T.);
#726=FACE_OUTER_BOUND('',#986,.T.);
#727=FACE_OUTER_BOUND('',#987,.T.);
#728=FACE_OUTER_BOUND('',#988,.T.);
#729=FACE_OUTER_BOUND('',#989,.T.);
#730=FACE_OUTER_BOUND('',#990,.T.);
#731=FACE_OUTER_BOUND('',#991,.T.);
#732=FACE_OUTER_BOUND('',#992,.T.);
#733=FACE_OUTER_BOUND('',#993,.T.);
#734=FACE_OUTER_BOUND('',#994,.T.);
#735=FACE_OUTER_BOUND('',#995,.T.);
#736=FACE_OUTER_BOUND('',#996,.T.);
#737=FACE_OUTER_BOUND('',#997,.T.);
#738=FACE_OUTER_BOUND('',#998,.T.);
#739=FACE_OUTER_BOUND('',#999,.T.);
#740=FACE_OUTER_BOUND('',#1000,.T.);
#741=FACE_OUTER_BOUND('',#1001,.T.);
#742=FACE_OUTER_BOUND('',#1002,.T.);
#743=FACE_OUTER_BOUND('',#1003,.T.);
#744=FACE_OUTER_BOUND('',#1004,.T.);
#745=FACE_OUTER_BOUND('',#1005,.T.);
#746=FACE_OUTER_BOUND('',#1006,.T.);
#747=FACE_OUTER_BOUND('',#1007,.T.);
#748=FACE_OUTER_BOUND('',#1008,.T.);
#749=FACE_OUTER_BOUND('',#1009,.T.);
#750=FACE_OUTER_BOUND('',#1010,.T.);
#751=FACE_OUTER_BOUND('',#1011,.T.);
#752=FACE_OUTER_BOUND('',#1012,.T.);
#753=FACE_OUTER_BOUND('',#1013,.T.);
#754=FACE_OUTER_BOUND('',#1014,.T.);
#755=FACE_OUTER_BOUND('',#1015,.T.);
#756=FACE_OUTER_BOUND('',#1016,.T.);
#757=FACE_OUTER_BOUND('',#1017,.T.);
#758=FACE_OUTER_BOUND('',#1018,.T.);
#759=FACE_OUTER_BOUND('',#1019,.T.);
#760=FACE_OUTER_BOUND('',#1020,.T.);
#761=FACE_OUTER_BOUND('',#1021,.T.);
#762=FACE_OUTER_BOUND('',#1022,.T.);
#763=FACE_OUTER_BOUND('',#1023,.T.);
#764=FACE_OUTER_BOUND('',#1024,.T.);
#765=FACE_OUTER_BOUND('',#1025,.T.);
#766=FACE_OUTER_BOUND('',#1026,.T.);
#767=FACE_OUTER_BOUND('',#1027,.T.);
#768=FACE_OUTER_BOUND('',#1028,.T.);
#769=FACE_OUTER_BOUND('',#1029,.T.);
#770=FACE_OUTER_BOUND('',#1030,.T.);
#771=FACE_OUTER_BOUND('',#1031,.T.);
#772=FACE_OUTER_BOUND('',#1032,.T.);
#773=FACE_OUTER_BOUND('',#1033,.T.);
#774=FACE_OUTER_BOUND('',#1034,.T.);
#775=FACE_OUTER_BOUND('',#1035,.T.);
#776=FACE_OUTER_BOUND('',#1036,.T.);
#777=FACE_OUTER_BOUND('',#1037,.T.);
#778=FACE_OUTER_BOUND('',#1038,.T.);
#779=FACE_OUTER_BOUND('',#1039,.T.);
#780=FACE_OUTER_BOUND('',#1040,.T.);
#781=FACE_OUTER_BOUND('',#1041,.T.);
#782=FACE_OUTER_BOUND('',#1042,.T.);
#783=FACE_OUTER_BOUND('',#1043,.T.);
#784=FACE_OUTER_BOUND('',#1044,.T.);
#785=FACE_OUTER_BOUND('',#1045,.T.);
#786=FACE_OUTER_BOUND('',#1046,.T.);
#787=FACE_OUTER_BOUND('',#1047,.T.);
#788=FACE_OUTER_BOUND('',#1048,.T.);
#789=FACE_OUTER_BOUND('',#1049,.T.);
#790=FACE_OUTER_BOUND('',#1050,.T.);
#791=FACE_OUTER_BOUND('',#1051,.T.);
#792=FACE_OUTER_BOUND('',#1052,.T.);
#793=FACE_OUTER_BOUND('',#1053,.T.);
#794=FACE_OUTER_BOUND('',#1054,.T.);
#795=FACE_OUTER_BOUND('',#1055,.T.);
#796=FACE_OUTER_BOUND('',#1056,.T.);
#797=FACE_OUTER_BOUND('',#1057,.T.);
#798=FACE_OUTER_BOUND('',#1058,.T.);
#799=FACE_OUTER_BOUND('',#1059,.T.);
#800=FACE_OUTER_BOUND('',#1060,.T.);
#801=FACE_OUTER_BOUND('',#1061,.T.);
#802=FACE_OUTER_BOUND('',#1062,.T.);
#803=FACE_OUTER_BOUND('',#1063,.T.);
#804=FACE_OUTER_BOUND('',#1064,.T.);
#805=FACE_OUTER_BOUND('',#1065,.T.);
#806=FACE_OUTER_BOUND('',#1066,.T.);
#807=FACE_OUTER_BOUND('',#1067,.T.);
#808=FACE_OUTER_BOUND('',#1068,.T.);
#809=FACE_OUTER_BOUND('',#1069,.T.);
#810=FACE_OUTER_BOUND('',#1070,.T.);
#811=FACE_OUTER_BOUND('',#1071,.T.);
#812=FACE_OUTER_BOUND('',#1072,.T.);
#813=FACE_OUTER_BOUND('',#1073,.T.);
#814=FACE_OUTER_BOUND('',#1074,.T.);
#815=FACE_OUTER_BOUND('',#1075,.T.);
#816=FACE_OUTER_BOUND('',#1076,.T.);
#817=FACE_OUTER_BOUND('',#1077,.T.);
#818=FACE_OUTER_BOUND('',#1078,.T.);
#819=FACE_OUTER_BOUND('',#1079,.T.);
#820=FACE_OUTER_BOUND('',#1080,.T.);
#821=FACE_OUTER_BOUND('',#1081,.T.);
#822=FACE_OUTER_BOUND('',#1082,.T.);
#823=FACE_OUTER_BOUND('',#1083,.T.);
#824=FACE_OUTER_BOUND('',#1084,.T.);
#825=FACE_OUTER_BOUND('',#1085,.T.);
#826=FACE_OUTER_BOUND('',#1086,.T.);
#827=FACE_OUTER_BOUND('',#1087,.T.);
#828=FACE_OUTER_BOUND('',#1088,.T.);
#829=FACE_OUTER_BOUND('',#1089,.T.);
#830=FACE_OUTER_BOUND('',#1090,.T.);
#831=FACE_OUTER_BOUND('',#1091,.T.);
#832=FACE_OUTER_BOUND('',#1092,.T.);
#833=FACE_OUTER_BOUND('',#1093,.T.);
#834=FACE_OUTER_BOUND('',#1094,.T.);
#835=FACE_OUTER_BOUND('',#1095,.T.);
#836=FACE_OUTER_BOUND('',#1096,.T.);
#837=FACE_OUTER_BOUND('',#1097,.T.);
#838=FACE_OUTER_BOUND('',#1098,.T.);
#839=FACE_OUTER_BOUND('',#1099,.T.);
#840=FACE_OUTER_BOUND('',#1100,.T.);
#841=FACE_OUTER_BOUND('',#1101,.T.);
#842=FACE_OUTER_BOUND('',#1102,.T.);
#843=FACE_OUTER_BOUND('',#1103,.T.);
#844=FACE_OUTER_BOUND('',#1104,.T.);
#845=FACE_OUTER_BOUND('',#1105,.T.);
#846=FACE_OUTER_BOUND('',#1106,.T.);
#847=FACE_OUTER_BOUND('',#1107,.T.);
#848=FACE_OUTER_BOUND('',#1108,.T.);
#849=FACE_OUTER_BOUND('',#1109,.T.);
#850=FACE_OUTER_BOUND('',#1110,.T.);
#851=FACE_OUTER_BOUND('',#1111,.T.);
#852=FACE_OUTER_BOUND('',#1112,.T.);
#853=FACE_OUTER_BOUND('',#1113,.T.);
#854=FACE_OUTER_BOUND('',#1114,.T.);
#855=FACE_OUTER_BOUND('',#1115,.T.);
#856=FACE_OUTER_BOUND('',#1116,.T.);
#857=FACE_OUTER_BOUND('',#1117,.T.);
#858=FACE_OUTER_BOUND('',#1118,.T.);
#859=FACE_OUTER_BOUND('',#1119,.T.);
#860=FACE_OUTER_BOUND('',#1120,.T.);
#861=FACE_OUTER_BOUND('',#1121,.T.);
#862=FACE_OUTER_BOUND('',#1122,.T.);
#863=FACE_OUTER_BOUND('',#1123,.T.);
#864=FACE_OUTER_BOUND('',#1124,.T.);
#865=FACE_OUTER_BOUND('',#1125,.T.);
#866=FACE_OUTER_BOUND('',#1126,.T.);
#867=FACE_OUTER_BOUND('',#1127,.T.);
#868=FACE_OUTER_BOUND('',#1128,.T.);
#869=FACE_OUTER_BOUND('',#1129,.T.);
#870=FACE_OUTER_BOUND('',#1130,.T.);
#871=FACE_OUTER_BOUND('',#1132,.T.);
#872=FACE_OUTER_BOUND('',#1133,.T.);
#873=FACE_OUTER_BOUND('',#1134,.T.);
#874=FACE_OUTER_BOUND('',#1135,.T.);
#875=FACE_OUTER_BOUND('',#1136,.T.);
#876=FACE_OUTER_BOUND('',#1137,.T.);
#877=FACE_OUTER_BOUND('',#1138,.T.);
#878=FACE_OUTER_BOUND('',#1139,.T.);
#879=FACE_OUTER_BOUND('',#1140,.T.);
#880=FACE_OUTER_BOUND('',#1141,.T.);
#881=FACE_OUTER_BOUND('',#1142,.T.);
#882=FACE_OUTER_BOUND('',#1143,.T.);
#883=FACE_OUTER_BOUND('',#1144,.T.);
#884=FACE_OUTER_BOUND('',#1145,.T.);
#885=FACE_OUTER_BOUND('',#1146,.T.);
#886=FACE_OUTER_BOUND('',#1147,.T.);
#887=FACE_OUTER_BOUND('',#1148,.T.);
#888=FACE_OUTER_BOUND('',#1149,.T.);
#889=FACE_OUTER_BOUND('',#1150,.T.);
#890=FACE_OUTER_BOUND('',#1151,.T.);
#891=FACE_OUTER_BOUND('',#1152,.T.);
#892=FACE_OUTER_BOUND('',#1153,.T.);
#893=FACE_OUTER_BOUND('',#1154,.T.);
#894=FACE_OUTER_BOUND('',#1155,.T.);
#895=FACE_OUTER_BOUND('',#1156,.T.);
#896=FACE_OUTER_BOUND('',#1157,.T.);
#897=FACE_OUTER_BOUND('',#1158,.T.);
#898=FACE_OUTER_BOUND('',#1159,.T.);
#899=FACE_OUTER_BOUND('',#1160,.T.);
#900=FACE_OUTER_BOUND('',#1161,.T.);
#901=FACE_OUTER_BOUND('',#1162,.T.);
#902=FACE_OUTER_BOUND('',#1163,.T.);
#903=FACE_OUTER_BOUND('',#1164,.T.);
#904=FACE_OUTER_BOUND('',#1165,.T.);
#905=FACE_OUTER_BOUND('',#1166,.T.);
#906=FACE_OUTER_BOUND('',#1167,.T.);
#907=FACE_OUTER_BOUND('',#1168,.T.);
#908=FACE_OUTER_BOUND('',#1169,.T.);
#909=FACE_OUTER_BOUND('',#1170,.T.);
#910=FACE_OUTER_BOUND('',#1171,.T.);
#911=FACE_OUTER_BOUND('',#1172,.T.);
#912=FACE_OUTER_BOUND('',#1173,.T.);
#913=FACE_OUTER_BOUND('',#1174,.T.);
#914=FACE_OUTER_BOUND('',#1175,.T.);
#915=EDGE_LOOP('',(#2453,#2454,#2455,#2456));
#916=EDGE_LOOP('',(#2457,#2458,#2459,#2460));
#917=EDGE_LOOP('',(#2461,#2462,#2463,#2464));
#918=EDGE_LOOP('',(#2465,#2466,#2467,#2468));
#919=EDGE_LOOP('',(#2469,#2470,#2471,#2472));
#920=EDGE_LOOP('',(#2473,#2474,#2475,#2476));
#921=EDGE_LOOP('',(#2477,#2478,#2479,#2480));
#922=EDGE_LOOP('',(#2481,#2482,#2483,#2484));
#923=EDGE_LOOP('',(#2485,#2486,#2487,#2488,#2489,#2490,#2491,#2492,#2493,
#2494,#2495,#2496,#2497,#2498,#2499,#2500,#2501,#2502,#2503,#2504));
#924=EDGE_LOOP('',(#2505,#2506,#2507,#2508));
#925=EDGE_LOOP('',(#2509,#2510,#2511,#2512));
#926=EDGE_LOOP('',(#2513,#2514,#2515,#2516));
#927=EDGE_LOOP('',(#2517,#2518,#2519,#2520));
#928=EDGE_LOOP('',(#2521,#2522,#2523,#2524,#2525,#2526,#2527,#2528,#2529,
#2530,#2531,#2532,#2533,#2534,#2535,#2536));
#929=EDGE_LOOP('',(#2537,#2538,#2539,#2540));
#930=EDGE_LOOP('',(#2541,#2542,#2543,#2544));
#931=EDGE_LOOP('',(#2545,#2546,#2547,#2548));
#932=EDGE_LOOP('',(#2549,#2550,#2551,#2552));
#933=EDGE_LOOP('',(#2553,#2554,#2555,#2556));
#934=EDGE_LOOP('',(#2557,#2558,#2559,#2560));
#935=EDGE_LOOP('',(#2561,#2562,#2563,#2564));
#936=EDGE_LOOP('',(#2565,#2566,#2567,#2568,#2569,#2570,#2571,#2572));
#937=EDGE_LOOP('',(#2573,#2574,#2575,#2576));
#938=EDGE_LOOP('',(#2577,#2578,#2579,#2580,#2581,#2582,#2583,#2584));
#939=EDGE_LOOP('',(#2585,#2586,#2587));
#940=EDGE_LOOP('',(#2588,#2589,#2590,#2591));
#941=EDGE_LOOP('',(#2592,#2593,#2594,#2595));
#942=EDGE_LOOP('',(#2596,#2597,#2598,#2599,#2600,#2601));
#943=EDGE_LOOP('',(#2602,#2603,#2604,#2605));
#944=EDGE_LOOP('',(#2606,#2607,#2608,#2609));
#945=EDGE_LOOP('',(#2610,#2611,#2612));
#946=EDGE_LOOP('',(#2613,#2614,#2615,#2616,#2617,#2618));
#947=EDGE_LOOP('',(#2619,#2620,#2621,#2622,#2623,#2624,#2625,#2626,#2627,
#2628,#2629,#2630,#2631,#2632,#2633,#2634,#2635,#2636,#2637,#2638,#2639,
#2640,#2641,#2642,#2643,#2644,#2645,#2646));
#948=EDGE_LOOP('',(#2647,#2648,#2649,#2650,#2651));
#949=EDGE_LOOP('',(#2652,#2653,#2654));
#950=EDGE_LOOP('',(#2655,#2656,#2657));
#951=EDGE_LOOP('',(#2658,#2659,#2660));
#952=EDGE_LOOP('',(#2661,#2662,#2663,#2664));
#953=EDGE_LOOP('',(#2665,#2666,#2667,#2668));
#954=EDGE_LOOP('',(#2669,#2670,#2671,#2672,#2673,#2674));
#955=EDGE_LOOP('',(#2675,#2676,#2677,#2678));
#956=EDGE_LOOP('',(#2679,#2680,#2681,#2682));
#957=EDGE_LOOP('',(#2683,#2684,#2685));
#958=EDGE_LOOP('',(#2686,#2687,#2688,#2689,#2690,#2691));
#959=EDGE_LOOP('',(#2692,#2693,#2694,#2695,#2696));
#960=EDGE_LOOP('',(#2697,#2698,#2699));
#961=EDGE_LOOP('',(#2700,#2701,#2702));
#962=EDGE_LOOP('',(#2703,#2704,#2705));
#963=EDGE_LOOP('',(#2706,#2707,#2708,#2709));
#964=EDGE_LOOP('',(#2710,#2711,#2712,#2713));
#965=EDGE_LOOP('',(#2714,#2715,#2716,#2717,#2718,#2719));
#966=EDGE_LOOP('',(#2720,#2721,#2722,#2723));
#967=EDGE_LOOP('',(#2724,#2725,#2726,#2727));
#968=EDGE_LOOP('',(#2728,#2729,#2730));
#969=EDGE_LOOP('',(#2731,#2732,#2733,#2734,#2735,#2736));
#970=EDGE_LOOP('',(#2737,#2738,#2739,#2740,#2741));
#971=EDGE_LOOP('',(#2742,#2743,#2744));
#972=EDGE_LOOP('',(#2745,#2746,#2747));
#973=EDGE_LOOP('',(#2748,#2749,#2750,#2751));
#974=EDGE_LOOP('',(#2752,#2753,#2754,#2755));
#975=EDGE_LOOP('',(#2756,#2757,#2758,#2759));
#976=EDGE_LOOP('',(#2760,#2761,#2762));
#977=EDGE_LOOP('',(#2763,#2764,#2765,#2766));
#978=EDGE_LOOP('',(#2767,#2768,#2769,#2770));
#979=EDGE_LOOP('',(#2771,#2772,#2773,#2774));
#980=EDGE_LOOP('',(#2775,#2776,#2777,#2778));
#981=EDGE_LOOP('',(#2779,#2780,#2781,#2782));
#982=EDGE_LOOP('',(#2783,#2784,#2785,#2786));
#983=EDGE_LOOP('',(#2787,#2788,#2789));
#984=EDGE_LOOP('',(#2790,#2791,#2792,#2793,#2794));
#985=EDGE_LOOP('',(#2795,#2796,#2797,#2798));
#986=EDGE_LOOP('',(#2799,#2800,#2801,#2802,#2803));
#987=EDGE_LOOP('',(#2804,#2805,#2806,#2807,#2808));
#988=EDGE_LOOP('',(#2809,#2810,#2811,#2812));
#989=EDGE_LOOP('',(#2813,#2814,#2815,#2816));
#990=EDGE_LOOP('',(#2817,#2818,#2819));
#991=EDGE_LOOP('',(#2820,#2821,#2822,#2823));
#992=EDGE_LOOP('',(#2824,#2825,#2826,#2827));
#993=EDGE_LOOP('',(#2828,#2829,#2830,#2831,#2832,#2833));
#994=EDGE_LOOP('',(#2834,#2835,#2836,#2837));
#995=EDGE_LOOP('',(#2838,#2839,#2840,#2841));
#996=EDGE_LOOP('',(#2842,#2843,#2844));
#997=EDGE_LOOP('',(#2845,#2846,#2847,#2848,#2849));
#998=EDGE_LOOP('',(#2850,#2851,#2852,#2853,#2854));
#999=EDGE_LOOP('',(#2855,#2856,#2857));
#1000=EDGE_LOOP('',(#2858,#2859,#2860));
#1001=EDGE_LOOP('',(#2861,#2862,#2863));
#1002=EDGE_LOOP('',(#2864,#2865,#2866,#2867));
#1003=EDGE_LOOP('',(#2868,#2869,#2870,#2871));
#1004=EDGE_LOOP('',(#2872,#2873,#2874,#2875));
#1005=EDGE_LOOP('',(#2876,#2877,#2878,#2879));
#1006=EDGE_LOOP('',(#2880,#2881,#2882));
#1007=EDGE_LOOP('',(#2883,#2884,#2885,#2886));
#1008=EDGE_LOOP('',(#2887,#2888,#2889,#2890,#2891));
#1009=EDGE_LOOP('',(#2892,#2893,#2894,#2895));
#1010=EDGE_LOOP('',(#2896,#2897,#2898,#2899,#2900));
#1011=EDGE_LOOP('',(#2901,#2902,#2903));
#1012=EDGE_LOOP('',(#2904,#2905,#2906,#2907));
#1013=EDGE_LOOP('',(#2908,#2909,#2910,#2911));
#1014=EDGE_LOOP('',(#2912,#2913,#2914,#2915));
#1015=EDGE_LOOP('',(#2916,#2917,#2918,#2919));
#1016=EDGE_LOOP('',(#2920,#2921,#2922,#2923));
#1017=EDGE_LOOP('',(#2924,#2925,#2926,#2927));
#1018=EDGE_LOOP('',(#2928,#2929,#2930,#2931));
#1019=EDGE_LOOP('',(#2932,#2933,#2934));
#1020=EDGE_LOOP('',(#2935,#2936,#2937,#2938,#2939,#2940,#2941,#2942,#2943,
#2944));
#1021=EDGE_LOOP('',(#2945,#2946,#2947,#2948,#2949));
#1022=EDGE_LOOP('',(#2950,#2951,#2952,#2953));
#1023=EDGE_LOOP('',(#2954,#2955,#2956,#2957,#2958));
#1024=EDGE_LOOP('',(#2959,#2960,#2961,#2962));
#1025=EDGE_LOOP('',(#2963,#2964,#2965));
#1026=EDGE_LOOP('',(#2966,#2967,#2968,#2969));
#1027=EDGE_LOOP('',(#2970,#2971,#2972,#2973));
#1028=EDGE_LOOP('',(#2974,#2975,#2976,#2977));
#1029=EDGE_LOOP('',(#2978,#2979,#2980,#2981));
#1030=EDGE_LOOP('',(#2982,#2983,#2984));
#1031=EDGE_LOOP('',(#2985,#2986,#2987,#2988));
#1032=EDGE_LOOP('',(#2989,#2990,#2991,#2992,#2993,#2994));
#1033=EDGE_LOOP('',(#2995,#2996,#2997,#2998,#2999));
#1034=EDGE_LOOP('',(#3000,#3001,#3002,#3003));
#1035=EDGE_LOOP('',(#3004,#3005,#3006,#3007));
#1036=EDGE_LOOP('',(#3008,#3009,#3010));
#1037=EDGE_LOOP('',(#3011,#3012,#3013,#3014));
#1038=EDGE_LOOP('',(#3015,#3016,#3017,#3018));
#1039=EDGE_LOOP('',(#3019,#3020,#3021,#3022));
#1040=EDGE_LOOP('',(#3023,#3024,#3025,#3026));
#1041=EDGE_LOOP('',(#3027,#3028,#3029,#3030));
#1042=EDGE_LOOP('',(#3031,#3032,#3033,#3034));
#1043=EDGE_LOOP('',(#3035,#3036,#3037,#3038));
#1044=EDGE_LOOP('',(#3039,#3040,#3041));
#1045=EDGE_LOOP('',(#3042,#3043,#3044,#3045,#3046));
#1046=EDGE_LOOP('',(#3047,#3048,#3049,#3050,#3051));
#1047=EDGE_LOOP('',(#3052,#3053,#3054,#3055,#3056,#3057));
#1048=EDGE_LOOP('',(#3058,#3059,#3060,#3061,#3062,#3063));
#1049=EDGE_LOOP('',(#3064,#3065,#3066,#3067,#3068,#3069,#3070));
#1050=EDGE_LOOP('',(#3071,#3072,#3073,#3074,#3075,#3076));
#1051=EDGE_LOOP('',(#3077,#3078,#3079));
#1052=EDGE_LOOP('',(#3080,#3081,#3082,#3083));
#1053=EDGE_LOOP('',(#3084,#3085,#3086,#3087));
#1054=EDGE_LOOP('',(#3088,#3089,#3090,#3091,#3092,#3093));
#1055=EDGE_LOOP('',(#3094,#3095,#3096,#3097));
#1056=EDGE_LOOP('',(#3098,#3099,#3100,#3101));
#1057=EDGE_LOOP('',(#3102,#3103,#3104));
#1058=EDGE_LOOP('',(#3105,#3106,#3107,#3108,#3109,#3110));
#1059=EDGE_LOOP('',(#3111,#3112,#3113,#3114,#3115,#3116,#3117,#3118,#3119,
#3120,#3121,#3122,#3123,#3124,#3125,#3126,#3127,#3128));
#1060=EDGE_LOOP('',(#3129,#3130,#3131,#3132,#3133));
#1061=EDGE_LOOP('',(#3134,#3135,#3136));
#1062=EDGE_LOOP('',(#3137,#3138,#3139));
#1063=EDGE_LOOP('',(#3140,#3141,#3142));
#1064=EDGE_LOOP('',(#3143,#3144,#3145,#3146));
#1065=EDGE_LOOP('',(#3147,#3148,#3149,#3150));
#1066=EDGE_LOOP('',(#3151,#3152,#3153,#3154,#3155,#3156));
#1067=EDGE_LOOP('',(#3157,#3158,#3159,#3160));
#1068=EDGE_LOOP('',(#3161,#3162,#3163,#3164));
#1069=EDGE_LOOP('',(#3165,#3166,#3167));
#1070=EDGE_LOOP('',(#3168,#3169,#3170,#3171,#3172,#3173));
#1071=EDGE_LOOP('',(#3174,#3175,#3176,#3177,#3178));
#1072=EDGE_LOOP('',(#3179,#3180,#3181));
#1073=EDGE_LOOP('',(#3182,#3183,#3184));
#1074=EDGE_LOOP('',(#3185,#3186,#3187));
#1075=EDGE_LOOP('',(#3188,#3189,#3190,#3191));
#1076=EDGE_LOOP('',(#3192,#3193,#3194,#3195));
#1077=EDGE_LOOP('',(#3196,#3197,#3198,#3199,#3200,#3201));
#1078=EDGE_LOOP('',(#3202,#3203,#3204,#3205));
#1079=EDGE_LOOP('',(#3206,#3207,#3208,#3209));
#1080=EDGE_LOOP('',(#3210,#3211,#3212));
#1081=EDGE_LOOP('',(#3213,#3214,#3215,#3216,#3217,#3218));
#1082=EDGE_LOOP('',(#3219,#3220,#3221,#3222,#3223));
#1083=EDGE_LOOP('',(#3224,#3225,#3226));
#1084=EDGE_LOOP('',(#3227,#3228,#3229));
#1085=EDGE_LOOP('',(#3230,#3231,#3232));
#1086=EDGE_LOOP('',(#3233,#3234,#3235,#3236));
#1087=EDGE_LOOP('',(#3237,#3238,#3239,#3240));
#1088=EDGE_LOOP('',(#3241,#3242,#3243,#3244));
#1089=EDGE_LOOP('',(#3245,#3246,#3247,#3248));
#1090=EDGE_LOOP('',(#3249,#3250,#3251));
#1091=EDGE_LOOP('',(#3252,#3253,#3254,#3255));
#1092=EDGE_LOOP('',(#3256,#3257,#3258,#3259,#3260,#3261));
#1093=EDGE_LOOP('',(#3262,#3263,#3264,#3265));
#1094=EDGE_LOOP('',(#3266,#3267,#3268,#3269,#3270));
#1095=EDGE_LOOP('',(#3271,#3272,#3273));
#1096=EDGE_LOOP('',(#3274,#3275,#3276,#3277));
#1097=EDGE_LOOP('',(#3278,#3279,#3280,#3281));
#1098=EDGE_LOOP('',(#3282,#3283,#3284,#3285));
#1099=EDGE_LOOP('',(#3286,#3287,#3288,#3289));
#1100=EDGE_LOOP('',(#3290,#3291,#3292,#3293));
#1101=EDGE_LOOP('',(#3294,#3295,#3296,#3297));
#1102=EDGE_LOOP('',(#3298,#3299,#3300,#3301));
#1103=EDGE_LOOP('',(#3302,#3303,#3304));
#1104=EDGE_LOOP('',(#3305,#3306,#3307,#3308));
#1105=EDGE_LOOP('',(#3309,#3310,#3311,#3312,#3313,#3314,#3315,#3316));
#1106=EDGE_LOOP('',(#3317,#3318,#3319,#3320,#3321));
#1107=EDGE_LOOP('',(#3322,#3323,#3324,#3325));
#1108=EDGE_LOOP('',(#3326,#3327,#3328,#3329));
#1109=EDGE_LOOP('',(#3330,#3331,#3332,#3333));
#1110=EDGE_LOOP('',(#3334,#3335,#3336,#3337));
#1111=EDGE_LOOP('',(#3338,#3339,#3340,#3341,#3342));
#1112=EDGE_LOOP('',(#3343,#3344,#3345,#3346));
#1113=EDGE_LOOP('',(#3347,#3348,#3349,#3350));
#1114=EDGE_LOOP('',(#3351,#3352,#3353,#3354));
#1115=EDGE_LOOP('',(#3355,#3356,#3357,#3358));
#1116=EDGE_LOOP('',(#3359,#3360,#3361,#3362,#3363));
#1117=EDGE_LOOP('',(#3364,#3365,#3366,#3367));
#1118=EDGE_LOOP('',(#3368,#3369,#3370,#3371));
#1119=EDGE_LOOP('',(#3372,#3373,#3374,#3375));
#1120=EDGE_LOOP('',(#3376,#3377,#3378,#3379,#3380));
#1121=EDGE_LOOP('',(#3381,#3382,#3383));
#1122=EDGE_LOOP('',(#3384,#3385,#3386,#3387));
#1123=EDGE_LOOP('',(#3388,#3389,#3390,#3391));
#1124=EDGE_LOOP('',(#3392,#3393,#3394,#3395,#3396));
#1125=EDGE_LOOP('',(#3397,#3398,#3399,#3400));
#1126=EDGE_LOOP('',(#3401,#3402,#3403,#3404));
#1127=EDGE_LOOP('',(#3405,#3406,#3407,#3408,#3409,#3410));
#1128=EDGE_LOOP('',(#3411,#3412,#3413,#3414));
#1129=EDGE_LOOP('',(#3415,#3416,#3417,#3418,#3419,#3420,#3421,#3422));
#1130=EDGE_LOOP('',(#3423,#3424,#3425,#3426));
#1131=EDGE_LOOP('',(#3427,#3428,#3429,#3430,#3431,#3432,#3433,#3434));
#1132=EDGE_LOOP('',(#3435,#3436,#3437,#3438,#3439));
#1133=EDGE_LOOP('',(#3440,#3441,#3442,#3443));
#1134=EDGE_LOOP('',(#3444,#3445,#3446,#3447,#3448));
#1135=EDGE_LOOP('',(#3449,#3450,#3451,#3452,#3453));
#1136=EDGE_LOOP('',(#3454,#3455,#3456,#3457));
#1137=EDGE_LOOP('',(#3458,#3459,#3460,#3461,#3462,#3463));
#1138=EDGE_LOOP('',(#3464,#3465,#3466,#3467));
#1139=EDGE_LOOP('',(#3468,#3469,#3470,#3471));
#1140=EDGE_LOOP('',(#3472,#3473,#3474,#3475));
#1141=EDGE_LOOP('',(#3476,#3477,#3478));
#1142=EDGE_LOOP('',(#3479,#3480,#3481,#3482));
#1143=EDGE_LOOP('',(#3483,#3484,#3485,#3486,#3487));
#1144=EDGE_LOOP('',(#3488,#3489,#3490,#3491));
#1145=EDGE_LOOP('',(#3492,#3493,#3494,#3495,#3496));
#1146=EDGE_LOOP('',(#3497,#3498,#3499,#3500));
#1147=EDGE_LOOP('',(#3501,#3502,#3503,#3504,#3505));
#1148=EDGE_LOOP('',(#3506,#3507,#3508,#3509));
#1149=EDGE_LOOP('',(#3510,#3511,#3512,#3513));
#1150=EDGE_LOOP('',(#3514,#3515,#3516,#3517,#3518));
#1151=EDGE_LOOP('',(#3519,#3520,#3521,#3522));
#1152=EDGE_LOOP('',(#3523,#3524,#3525,#3526,#3527));
#1153=EDGE_LOOP('',(#3528,#3529,#3530,#3531));
#1154=EDGE_LOOP('',(#3532,#3533,#3534,#3535,#3536));
#1155=EDGE_LOOP('',(#3537,#3538,#3539,#3540));
#1156=EDGE_LOOP('',(#3541,#3542,#3543,#3544,#3545,#3546,#3547,#3548,#3549,
#3550,#3551,#3552));
#1157=EDGE_LOOP('',(#3553,#3554,#3555,#3556));
#1158=EDGE_LOOP('',(#3557,#3558,#3559));
#1159=EDGE_LOOP('',(#3560,#3561,#3562));
#1160=EDGE_LOOP('',(#3563,#3564,#3565));
#1161=EDGE_LOOP('',(#3566,#3567,#3568));
#1162=EDGE_LOOP('',(#3569,#3570,#3571,#3572,#3573,#3574,#3575,#3576,#3577,
#3578,#3579,#3580));
#1163=EDGE_LOOP('',(#3581,#3582,#3583,#3584,#3585,#3586));
#1164=EDGE_LOOP('',(#3587,#3588,#3589,#3590));
#1165=EDGE_LOOP('',(#3591,#3592,#3593,#3594,#3595,#3596));
#1166=EDGE_LOOP('',(#3597,#3598,#3599,#3600,#3601,#3602,#3603,#3604,#3605,
#3606,#3607,#3608,#3609,#3610,#3611,#3612));
#1167=EDGE_LOOP('',(#3613,#3614,#3615,#3616,#3617,#3618));
#1168=EDGE_LOOP('',(#3619,#3620,#3621,#3622));
#1169=EDGE_LOOP('',(#3623,#3624,#3625,#3626,#3627,#3628));
#1170=EDGE_LOOP('',(#3629,#3630,#3631,#3632));
#1171=EDGE_LOOP('',(#3633,#3634,#3635,#3636));
#1172=EDGE_LOOP('',(#3637,#3638,#3639,#3640,#3641,#3642));
#1173=EDGE_LOOP('',(#3643,#3644,#3645,#3646));
#1174=EDGE_LOOP('',(#3647,#3648,#3649,#3650));
#1175=EDGE_LOOP('',(#3651,#3652,#3653,#3654));
#1176=LINE('',#5501,#1342);
#1177=LINE('',#5503,#1343);
#1178=LINE('',#5505,#1344);
#1179=LINE('',#5506,#1345);
#1180=LINE('',#5509,#1346);
#1181=LINE('',#5511,#1347);
#1182=LINE('',#5512,#1348);
#1183=LINE('',#5515,#1349);
#1184=LINE('',#5517,#1350);
#1185=LINE('',#5518,#1351);
#1186=LINE('',#5520,#1352);
#1187=LINE('',#5524,#1353);
#1188=LINE('',#5526,#1354);
#1189=LINE('',#5528,#1355);
#1190=LINE('',#5529,#1356);
#1191=LINE('',#5532,#1357);
#1192=LINE('',#5534,#1358);
#1193=LINE('',#5535,#1359);
#1194=LINE('',#5538,#1360);
#1195=LINE('',#5540,#1361);
#1196=LINE('',#5541,#1362);
#1197=LINE('',#5543,#1363);
#1198=LINE('',#5546,#1364);
#1199=LINE('',#5548,#1365);
#1200=LINE('',#5550,#1366);
#1201=LINE('',#5552,#1367);
#1202=LINE('',#5554,#1368);
#1203=LINE('',#5556,#1369);
#1204=LINE('',#5558,#1370);
#1205=LINE('',#5560,#1371);
#1206=LINE('',#5562,#1372);
#1207=LINE('',#5564,#1373);
#1208=LINE('',#5566,#1374);
#1209=LINE('',#5568,#1375);
#1210=LINE('',#5569,#1376);
#1211=LINE('',#5570,#1377);
#1212=LINE('',#5574,#1378);
#1213=LINE('',#5576,#1379);
#1214=LINE('',#5578,#1380);
#1215=LINE('',#5579,#1381);
#1216=LINE('',#5582,#1382);
#1217=LINE('',#5584,#1383);
#1218=LINE('',#5585,#1384);
#1219=LINE('',#5588,#1385);
#1220=LINE('',#5590,#1386);
#1221=LINE('',#5591,#1387);
#1222=LINE('',#5593,#1388);
#1223=LINE('',#5596,#1389);
#1224=LINE('',#5598,#1390);
#1225=LINE('',#5600,#1391);
#1226=LINE('',#5602,#1392);
#1227=LINE('',#5604,#1393);
#1228=LINE('',#5606,#1394);
#1229=LINE('',#5608,#1395);
#1230=LINE('',#5610,#1396);
#1231=LINE('',#5612,#1397);
#1232=LINE('',#5614,#1398);
#1233=LINE('',#5616,#1399);
#1234=LINE('',#5618,#1400);
#1235=LINE('',#5619,#1401);
#1236=LINE('',#5638,#1402);
#1237=LINE('',#5640,#1403);
#1238=LINE('',#5642,#1404);
#1239=LINE('',#5644,#1405);
#1240=LINE('',#5645,#1406);
#1241=LINE('',#5650,#1407);
#1242=LINE('',#5652,#1408);
#1243=LINE('',#5654,#1409);
#1244=LINE('',#5656,#1410);
#1245=LINE('',#5657,#1411);
#1246=LINE('',#5889,#1412);
#1247=LINE('',#5899,#1413);
#1248=LINE('',#5902,#1414);
#1249=LINE('',#5913,#1415);
#1250=LINE('',#5924,#1416);
#1251=LINE('',#5935,#1417);
#1252=LINE('',#5946,#1418);
#1253=LINE('',#5957,#1419);
#1254=LINE('',#5968,#1420);
#1255=LINE('',#5979,#1421);
#1256=LINE('',#5990,#1422);
#1257=LINE('',#6001,#1423);
#1258=LINE('',#6008,#1424);
#1259=LINE('',#6015,#1425);
#1260=LINE('',#6026,#1426);
#1261=LINE('',#6272,#1427);
#1262=LINE('',#6528,#1428);
#1263=LINE('',#6951,#1429);
#1264=LINE('',#7213,#1430);
#1265=LINE('',#7779,#1431);
#1266=LINE('',#7789,#1432);
#1267=LINE('',#7790,#1433);
#1268=LINE('',#7791,#1434);
#1269=LINE('',#7792,#1435);
#1270=LINE('',#7794,#1436);
#1271=LINE('',#7796,#1437);
#1272=LINE('',#7800,#1438);
#1273=LINE('',#8050,#1439);
#1274=LINE('',#8416,#1440);
#1275=LINE('',#8418,#1441);
#1276=LINE('',#8420,#1442);
#1277=LINE('',#8422,#1443);
#1278=LINE('',#8424,#1444);
#1279=LINE('',#8636,#1445);
#1280=LINE('',#8637,#1446);
#1281=LINE('',#8640,#1447);
#1282=LINE('',#8651,#1448);
#1283=LINE('',#8662,#1449);
#1284=LINE('',#8669,#1450);
#1285=LINE('',#8671,#1451);
#1286=LINE('',#8672,#1452);
#1287=LINE('',#8673,#1453);
#1288=LINE('',#8675,#1454);
#1289=LINE('',#8688,#1455);
#1290=LINE('',#8913,#1456);
#1291=LINE('',#9123,#1457);
#1292=LINE('',#9403,#1458);
#1293=LINE('',#9406,#1459);
#1294=LINE('',#9674,#1460);
#1295=LINE('',#9677,#1461);
#1296=LINE('',#9688,#1462);
#1297=LINE('',#9691,#1463);
#1298=LINE('',#9701,#1464);
#1299=LINE('',#9704,#1465);
#1300=LINE('',#9714,#1466);
#1301=LINE('',#9718,#1467);
#1302=LINE('',#9727,#1468);
#1303=LINE('',#9729,#1469);
#1304=LINE('',#9737,#1470);
#1305=LINE('',#9738,#1471);
#1306=LINE('',#9788,#1472);
#1307=LINE('',#9790,#1473);
#1308=LINE('',#9795,#1474);
#1309=LINE('',#9797,#1475);
#1310=LINE('',#9799,#1476);
#1311=LINE('',#9800,#1477);
#1312=LINE('',#9803,#1478);
#1313=LINE('',#9805,#1479);
#1314=LINE('',#9807,#1480);
#1315=LINE('',#9809,#1481);
#1316=LINE('',#9811,#1482);
#1317=LINE('',#9813,#1483);
#1318=LINE('',#9815,#1484);
#1319=LINE('',#9817,#1485);
#1320=LINE('',#9819,#1486);
#1321=LINE('',#9821,#1487);
#1322=LINE('',#9822,#1488);
#1323=LINE('',#9825,#1489);
#1324=LINE('',#9827,#1490);
#1325=LINE('',#9828,#1491);
#1326=LINE('',#9831,#1492);
#1327=LINE('',#9832,#1493);
#1328=LINE('',#9835,#1494);
#1329=LINE('',#9836,#1495);
#1330=LINE('',#9839,#1496);
#1331=LINE('',#9840,#1497);
#1332=LINE('',#9843,#1498);
#1333=LINE('',#9844,#1499);
#1334=LINE('',#9846,#1500);
#1335=LINE('',#9847,#1501);
#1336=LINE('',#9849,#1502);
#1337=LINE('',#9851,#1503);
#1338=LINE('',#9853,#1504);
#1339=LINE('',#9855,#1505);
#1340=LINE('',#9857,#1506);
#1341=LINE('',#9859,#1507);
#1342=VECTOR('',#4443,10.);
#1343=VECTOR('',#4444,10.);
#1344=VECTOR('',#4445,10.);
#1345=VECTOR('',#4446,10.);
#1346=VECTOR('',#4449,10.);
#1347=VECTOR('',#4450,10.);
#1348=VECTOR('',#4451,10.);
#1349=VECTOR('',#4454,10.);
#1350=VECTOR('',#4455,10.);
#1351=VECTOR('',#4456,10.);
#1352=VECTOR('',#4459,10.);
#1353=VECTOR('',#4462,10.);
#1354=VECTOR('',#4463,10.);
#1355=VECTOR('',#4464,10.);
#1356=VECTOR('',#4465,10.);
#1357=VECTOR('',#4468,10.);
#1358=VECTOR('',#4469,10.);
#1359=VECTOR('',#4470,10.);
#1360=VECTOR('',#4473,10.);
#1361=VECTOR('',#4474,10.);
#1362=VECTOR('',#4475,10.);
#1363=VECTOR('',#4478,10.);
#1364=VECTOR('',#4481,10.);
#1365=VECTOR('',#4482,10.);
#1366=VECTOR('',#4483,10.);
#1367=VECTOR('',#4484,10.);
#1368=VECTOR('',#4485,10.);
#1369=VECTOR('',#4486,10.);
#1370=VECTOR('',#4487,10.);
#1371=VECTOR('',#4488,10.);
#1372=VECTOR('',#4489,10.);
#1373=VECTOR('',#4490,10.);
#1374=VECTOR('',#4491,10.);
#1375=VECTOR('',#4492,10.);
#1376=VECTOR('',#4493,10.);
#1377=VECTOR('',#4494,10.);
#1378=VECTOR('',#4497,10.);
#1379=VECTOR('',#4498,10.);
#1380=VECTOR('',#4499,10.);
#1381=VECTOR('',#4500,10.);
#1382=VECTOR('',#4503,10.);
#1383=VECTOR('',#4504,10.);
#1384=VECTOR('',#4505,10.);
#1385=VECTOR('',#4508,10.);
#1386=VECTOR('',#4509,10.);
#1387=VECTOR('',#4510,10.);
#1388=VECTOR('',#4513,10.);
#1389=VECTOR('',#4516,10.);
#1390=VECTOR('',#4517,10.);
#1391=VECTOR('',#4518,10.);
#1392=VECTOR('',#4519,10.);
#1393=VECTOR('',#4520,10.);
#1394=VECTOR('',#4521,10.);
#1395=VECTOR('',#4522,10.);
#1396=VECTOR('',#4523,10.);
#1397=VECTOR('',#4524,10.);
#1398=VECTOR('',#4525,10.);
#1399=VECTOR('',#4526,10.);
#1400=VECTOR('',#4527,10.);
#1401=VECTOR('',#4528,10.);
#1402=VECTOR('',#4563,10.);
#1403=VECTOR('',#4564,10.);
#1404=VECTOR('',#4565,10.);
#1405=VECTOR('',#4566,10.);
#1406=VECTOR('',#4567,10.);
#1407=VECTOR('',#4574,10.);
#1408=VECTOR('',#4575,10.);
#1409=VECTOR('',#4576,10.);
#1410=VECTOR('',#4577,10.);
#1411=VECTOR('',#4578,10.);
#1412=VECTOR('',#4611,10.);
#1413=VECTOR('',#4614,10.);
#1414=VECTOR('',#4617,10.);
#1415=VECTOR('',#4618,10.);
#1416=VECTOR('',#4619,10.);
#1417=VECTOR('',#4620,10.);
#1418=VECTOR('',#4621,10.);
#1419=VECTOR('',#4622,10.);
#1420=VECTOR('',#4623,10.);
#1421=VECTOR('',#4624,10.);
#1422=VECTOR('',#4625,10.);
#1423=VECTOR('',#4626,10.);
#1424=VECTOR('',#4627,10.);
#1425=VECTOR('',#4628,10.);
#1426=VECTOR('',#4629,10.);
#1427=VECTOR('',#4678,10.);
#1428=VECTOR('',#4727,10.);
#1429=VECTOR('',#4796,10.);
#1430=VECTOR('',#4833,10.);
#1431=VECTOR('',#4914,10.);
#1432=VECTOR('',#4915,10.);
#1433=VECTOR('',#4916,10.);
#1434=VECTOR('',#4917,10.);
#1435=VECTOR('',#4918,10.);
#1436=VECTOR('',#4921,10.);
#1437=VECTOR('',#4924,10.);
#1438=VECTOR('',#4929,10.);
#1439=VECTOR('',#4950,10.);
#1440=VECTOR('',#4997,10.);
#1441=VECTOR('',#5000,10.);
#1442=VECTOR('',#5003,10.);
#1443=VECTOR('',#5006,10.);
#1444=VECTOR('',#5009,10.);
#1445=VECTOR('',#5040,10.);
#1446=VECTOR('',#5041,10.);
#1447=VECTOR('',#5044,10.);
#1448=VECTOR('',#5045,10.);
#1449=VECTOR('',#5046,10.);
#1450=VECTOR('',#5047,10.);
#1451=VECTOR('',#5048,10.);
#1452=VECTOR('',#5049,10.);
#1453=VECTOR('',#5050,10.);
#1454=VECTOR('',#5051,10.);
#1455=VECTOR('',#5052,10.);
#1456=VECTOR('',#5097,10.);
#1457=VECTOR('',#5142,10.);
#1458=VECTOR('',#5177,10.);
#1459=VECTOR('',#5180,10.);
#1460=VECTOR('',#5239,10.);
#1461=VECTOR('',#5244,10.);
#1462=VECTOR('',#5261,10.);
#1463=VECTOR('',#5266,10.);
#1464=VECTOR('',#5283,10.);
#1465=VECTOR('',#5286,10.);
#1466=VECTOR('',#5301,10.);
#1467=VECTOR('',#5306,10.);
#1468=VECTOR('',#5321,10.);
#1469=VECTOR('',#5324,10.);
#1470=VECTOR('',#5337,10.);
#1471=VECTOR('',#5338,10.);
#1472=VECTOR('',#5415,10.);
#1473=VECTOR('',#5418,10.);
#1474=VECTOR('',#5423,10.);
#1475=VECTOR('',#5424,10.);
#1476=VECTOR('',#5425,10.);
#1477=VECTOR('',#5426,10.);
#1478=VECTOR('',#5429,10.);
#1479=VECTOR('',#5430,10.);
#1480=VECTOR('',#5431,10.);
#1481=VECTOR('',#5432,10.);
#1482=VECTOR('',#5433,10.);
#1483=VECTOR('',#5434,10.);
#1484=VECTOR('',#5435,10.);
#1485=VECTOR('',#5436,10.);
#1486=VECTOR('',#5437,10.);
#1487=VECTOR('',#5438,10.);
#1488=VECTOR('',#5439,10.);
#1489=VECTOR('',#5442,10.);
#1490=VECTOR('',#5443,10.);
#1491=VECTOR('',#5444,10.);
#1492=VECTOR('',#5447,10.);
#1493=VECTOR('',#5448,10.);
#1494=VECTOR('',#5451,10.);
#1495=VECTOR('',#5452,10.);
#1496=VECTOR('',#5455,10.);
#1497=VECTOR('',#5456,10.);
#1498=VECTOR('',#5459,10.);
#1499=VECTOR('',#5460,10.);
#1500=VECTOR('',#5463,10.);
#1501=VECTOR('',#5464,10.);
#1502=VECTOR('',#5467,10.);
#1503=VECTOR('',#5470,10.);
#1504=VECTOR('',#5473,10.);
#1505=VECTOR('',#5476,10.);
#1506=VECTOR('',#5479,10.);
#1507=VECTOR('',#5482,10.);
#1508=VERTEX_POINT('',#5499);
#1509=VERTEX_POINT('',#5500);
#1510=VERTEX_POINT('',#5502);
#1511=VERTEX_POINT('',#5504);
#1512=VERTEX_POINT('',#5508);
#1513=VERTEX_POINT('',#5510);
#1514=VERTEX_POINT('',#5514);
#1515=VERTEX_POINT('',#5516);
#1516=VERTEX_POINT('',#5522);
#1517=VERTEX_POINT('',#5523);
#1518=VERTEX_POINT('',#5525);
#1519=VERTEX_POINT('',#5527);
#1520=VERTEX_POINT('',#5531);
#1521=VERTEX_POINT('',#5533);
#1522=VERTEX_POINT('',#5537);
#1523=VERTEX_POINT('',#5539);
#1524=VERTEX_POINT('',#5545);
#1525=VERTEX_POINT('',#5547);
#1526=VERTEX_POINT('',#5549);
#1527=VERTEX_POINT('',#5551);
#1528=VERTEX_POINT('',#5553);
#1529=VERTEX_POINT('',#5555);
#1530=VERTEX_POINT('',#5557);
#1531=VERTEX_POINT('',#5559);
#1532=VERTEX_POINT('',#5561);
#1533=VERTEX_POINT('',#5563);
#1534=VERTEX_POINT('',#5565);
#1535=VERTEX_POINT('',#5567);
#1536=VERTEX_POINT('',#5572);
#1537=VERTEX_POINT('',#5573);
#1538=VERTEX_POINT('',#5575);
#1539=VERTEX_POINT('',#5577);
#1540=VERTEX_POINT('',#5581);
#1541=VERTEX_POINT('',#5583);
#1542=VERTEX_POINT('',#5587);
#1543=VERTEX_POINT('',#5589);
#1544=VERTEX_POINT('',#5595);
#1545=VERTEX_POINT('',#5597);
#1546=VERTEX_POINT('',#5599);
#1547=VERTEX_POINT('',#5601);
#1548=VERTEX_POINT('',#5603);
#1549=VERTEX_POINT('',#5605);
#1550=VERTEX_POINT('',#5607);
#1551=VERTEX_POINT('',#5609);
#1552=VERTEX_POINT('',#5611);
#1553=VERTEX_POINT('',#5613);
#1554=VERTEX_POINT('',#5615);
#1555=VERTEX_POINT('',#5617);
#1556=VERTEX_POINT('',#5637);
#1557=VERTEX_POINT('',#5639);
#1558=VERTEX_POINT('',#5641);
#1559=VERTEX_POINT('',#5643);
#1560=VERTEX_POINT('',#5649);
#1561=VERTEX_POINT('',#5651);
#1562=VERTEX_POINT('',#5653);
#1563=VERTEX_POINT('',#5655);
#1564=VERTEX_POINT('',#5690);
#1565=VERTEX_POINT('',#5691);
#1566=VERTEX_POINT('',#5693);
#1567=VERTEX_POINT('',#5740);
#1568=VERTEX_POINT('',#5741);
#1569=VERTEX_POINT('',#5764);
#1570=VERTEX_POINT('',#5765);
#1571=VERTEX_POINT('',#5770);
#1572=VERTEX_POINT('',#5771);
#1573=VERTEX_POINT('',#5773);
#1574=VERTEX_POINT('',#5775);
#1575=VERTEX_POINT('',#5788);
#1576=VERTEX_POINT('',#5789);
#1577=VERTEX_POINT('',#5823);
#1578=VERTEX_POINT('',#5830);
#1579=VERTEX_POINT('',#5870);
#1580=VERTEX_POINT('',#5888);
#1581=VERTEX_POINT('',#5890);
#1582=VERTEX_POINT('',#5897);
#1583=VERTEX_POINT('',#5901);
#1584=VERTEX_POINT('',#5903);
#1585=VERTEX_POINT('',#5912);
#1586=VERTEX_POINT('',#5914);
#1587=VERTEX_POINT('',#5923);
#1588=VERTEX_POINT('',#5925);
#1589=VERTEX_POINT('',#5934);
#1590=VERTEX_POINT('',#5936);
#1591=VERTEX_POINT('',#5945);
#1592=VERTEX_POINT('',#5947);
#1593=VERTEX_POINT('',#5956);
#1594=VERTEX_POINT('',#5958);
#1595=VERTEX_POINT('',#5967);
#1596=VERTEX_POINT('',#5969);
#1597=VERTEX_POINT('',#5978);
#1598=VERTEX_POINT('',#5980);
#1599=VERTEX_POINT('',#5989);
#1600=VERTEX_POINT('',#5991);
#1601=VERTEX_POINT('',#6000);
#1602=VERTEX_POINT('',#6002);
#1603=VERTEX_POINT('',#6007);
#1604=VERTEX_POINT('',#6009);
#1605=VERTEX_POINT('',#6014);
#1606=VERTEX_POINT('',#6016);
#1607=VERTEX_POINT('',#6025);
#1608=VERTEX_POINT('',#6037);
#1609=VERTEX_POINT('',#6075);
#1610=VERTEX_POINT('',#6115);
#1611=VERTEX_POINT('',#6116);
#1612=VERTEX_POINT('',#6139);
#1613=VERTEX_POINT('',#6140);
#1614=VERTEX_POINT('',#6145);
#1615=VERTEX_POINT('',#6146);
#1616=VERTEX_POINT('',#6148);
#1617=VERTEX_POINT('',#6150);
#1618=VERTEX_POINT('',#6163);
#1619=VERTEX_POINT('',#6164);
#1620=VERTEX_POINT('',#6198);
#1621=VERTEX_POINT('',#6205);
#1622=VERTEX_POINT('',#6245);
#1623=VERTEX_POINT('',#6263);
#1624=VERTEX_POINT('',#6270);
#1625=VERTEX_POINT('',#6275);
#1626=VERTEX_POINT('',#6313);
#1627=VERTEX_POINT('',#6353);
#1628=VERTEX_POINT('',#6354);
#1629=VERTEX_POINT('',#6377);
#1630=VERTEX_POINT('',#6378);
#1631=VERTEX_POINT('',#6383);
#1632=VERTEX_POINT('',#6384);
#1633=VERTEX_POINT('',#6386);
#1634=VERTEX_POINT('',#6388);
#1635=VERTEX_POINT('',#6401);
#1636=VERTEX_POINT('',#6402);
#1637=VERTEX_POINT('',#6436);
#1638=VERTEX_POINT('',#6443);
#1639=VERTEX_POINT('',#6495);
#1640=VERTEX_POINT('',#6519);
#1641=VERTEX_POINT('',#6526);
#1642=VERTEX_POINT('',#6531);
#1643=VERTEX_POINT('',#6562);
#1644=VERTEX_POINT('',#6563);
#1645=VERTEX_POINT('',#6565);
#1646=VERTEX_POINT('',#6571);
#1647=VERTEX_POINT('',#6613);
#1648=VERTEX_POINT('',#6621);
#1649=VERTEX_POINT('',#6646);
#1650=VERTEX_POINT('',#6651);
#1651=VERTEX_POINT('',#6689);
#1652=VERTEX_POINT('',#6729);
#1653=VERTEX_POINT('',#6730);
#1654=VERTEX_POINT('',#6768);
#1655=VERTEX_POINT('',#6769);
#1656=VERTEX_POINT('',#6780);
#1657=VERTEX_POINT('',#6781);
#1658=VERTEX_POINT('',#6805);
#1659=VERTEX_POINT('',#6806);
#1660=VERTEX_POINT('',#6876);
#1661=VERTEX_POINT('',#6885);
#1662=VERTEX_POINT('',#6919);
#1663=VERTEX_POINT('',#6933);
#1664=VERTEX_POINT('',#6937);
#1665=VERTEX_POINT('',#6941);
#1666=VERTEX_POINT('',#6945);
#1667=VERTEX_POINT('',#6949);
#1668=VERTEX_POINT('',#6961);
#1669=VERTEX_POINT('',#6996);
#1670=VERTEX_POINT('',#7036);
#1671=VERTEX_POINT('',#7043);
#1672=VERTEX_POINT('',#7060);
#1673=VERTEX_POINT('',#7061);
#1674=VERTEX_POINT('',#7066);
#1675=VERTEX_POINT('',#7067);
#1676=VERTEX_POINT('',#7069);
#1677=VERTEX_POINT('',#7071);
#1678=VERTEX_POINT('',#7084);
#1679=VERTEX_POINT('',#7085);
#1680=VERTEX_POINT('',#7119);
#1681=VERTEX_POINT('',#7126);
#1682=VERTEX_POINT('',#7178);
#1683=VERTEX_POINT('',#7202);
#1684=VERTEX_POINT('',#7216);
#1685=VERTEX_POINT('',#7254);
#1686=VERTEX_POINT('',#7294);
#1687=VERTEX_POINT('',#7295);
#1688=VERTEX_POINT('',#7310);
#1689=VERTEX_POINT('',#7311);
#1690=VERTEX_POINT('',#7313);
#1691=VERTEX_POINT('',#7315);
#1692=VERTEX_POINT('',#7376);
#1693=VERTEX_POINT('',#7377);
#1694=VERTEX_POINT('',#7379);
#1695=VERTEX_POINT('',#7386);
#1696=VERTEX_POINT('',#7457);
#1697=VERTEX_POINT('',#7503);
#1698=VERTEX_POINT('',#7507);
#1699=VERTEX_POINT('',#7544);
#1700=VERTEX_POINT('',#7546);
#1701=VERTEX_POINT('',#7583);
#1702=VERTEX_POINT('',#7609);
#1703=VERTEX_POINT('',#7610);
#1704=VERTEX_POINT('',#7635);
#1705=VERTEX_POINT('',#7636);
#1706=VERTEX_POINT('',#7641);
#1707=VERTEX_POINT('',#7642);
#1708=VERTEX_POINT('',#7661);
#1709=VERTEX_POINT('',#7662);
#1710=VERTEX_POINT('',#7686);
#1711=VERTEX_POINT('',#7691);
#1712=VERTEX_POINT('',#7717);
#1713=VERTEX_POINT('',#7722);
#1714=VERTEX_POINT('',#7760);
#1715=VERTEX_POINT('',#7778);
#1716=VERTEX_POINT('',#7780);
#1717=VERTEX_POINT('',#7799);
#1718=VERTEX_POINT('',#7841);
#1719=VERTEX_POINT('',#7881);
#1720=VERTEX_POINT('',#7913);
#1721=VERTEX_POINT('',#7914);
#1722=VERTEX_POINT('',#7925);
#1723=VERTEX_POINT('',#7926);
#1724=VERTEX_POINT('',#7960);
#1725=VERTEX_POINT('',#7962);
#1726=VERTEX_POINT('',#7973);
#1727=VERTEX_POINT('',#8087);
#1728=VERTEX_POINT('',#8088);
#1729=VERTEX_POINT('',#8090);
#1730=VERTEX_POINT('',#8098);
#1731=VERTEX_POINT('',#8123);
#1732=VERTEX_POINT('',#8128);
#1733=VERTEX_POINT('',#8166);
#1734=VERTEX_POINT('',#8206);
#1735=VERTEX_POINT('',#8207);
#1736=VERTEX_POINT('',#8230);
#1737=VERTEX_POINT('',#8231);
#1738=VERTEX_POINT('',#8236);
#1739=VERTEX_POINT('',#8237);
#1740=VERTEX_POINT('',#8250);
#1741=VERTEX_POINT('',#8251);
#1742=VERTEX_POINT('',#8280);
#1743=VERTEX_POINT('',#8281);
#1744=VERTEX_POINT('',#8353);
#1745=VERTEX_POINT('',#8362);
#1746=VERTEX_POINT('',#8396);
#1747=VERTEX_POINT('',#8410);
#1748=VERTEX_POINT('',#8412);
#1749=VERTEX_POINT('',#8457);
#1750=VERTEX_POINT('',#8497);
#1751=VERTEX_POINT('',#8514);
#1752=VERTEX_POINT('',#8518);
#1753=VERTEX_POINT('',#8519);
#1754=VERTEX_POINT('',#8522);
#1755=VERTEX_POINT('',#8524);
#1756=VERTEX_POINT('',#8536);
#1757=VERTEX_POINT('',#8537);
#1758=VERTEX_POINT('',#8571);
#1759=VERTEX_POINT('',#8578);
#1760=VERTEX_POINT('',#8618);
#1761=VERTEX_POINT('',#8639);
#1762=VERTEX_POINT('',#8641);
#1763=VERTEX_POINT('',#8650);
#1764=VERTEX_POINT('',#8652);
#1765=VERTEX_POINT('',#8661);
#1766=VERTEX_POINT('',#8663);
#1767=VERTEX_POINT('',#8668);
#1768=VERTEX_POINT('',#8670);
#1769=VERTEX_POINT('',#8674);
#1770=VERTEX_POINT('',#8676);
#1771=VERTEX_POINT('',#8691);
#1772=VERTEX_POINT('',#8729);
#1773=VERTEX_POINT('',#8769);
#1774=VERTEX_POINT('',#8786);
#1775=VERTEX_POINT('',#8790);
#1776=VERTEX_POINT('',#8791);
#1777=VERTEX_POINT('',#8794);
#1778=VERTEX_POINT('',#8796);
#1779=VERTEX_POINT('',#8808);
#1780=VERTEX_POINT('',#8809);
#1781=VERTEX_POINT('',#8843);
#1782=VERTEX_POINT('',#8916);
#1783=VERTEX_POINT('',#8954);
#1784=VERTEX_POINT('',#8994);
#1785=VERTEX_POINT('',#9011);
#1786=VERTEX_POINT('',#9015);
#1787=VERTEX_POINT('',#9016);
#1788=VERTEX_POINT('',#9019);
#1789=VERTEX_POINT('',#9021);
#1790=VERTEX_POINT('',#9033);
#1791=VERTEX_POINT('',#9034);
#1792=VERTEX_POINT('',#9068);
#1793=VERTEX_POINT('',#9126);
#1794=VERTEX_POINT('',#9164);
#1795=VERTEX_POINT('',#9204);
#1796=VERTEX_POINT('',#9205);
#1797=VERTEX_POINT('',#9251);
#1798=VERTEX_POINT('',#9252);
#1799=VERTEX_POINT('',#9254);
#1800=VERTEX_POINT('',#9256);
#1801=VERTEX_POINT('',#9317);
#1802=VERTEX_POINT('',#9319);
#1803=VERTEX_POINT('',#9326);
#1804=VERTEX_POINT('',#9404);
#1805=VERTEX_POINT('',#9409);
#1806=VERTEX_POINT('',#9444);
#1807=VERTEX_POINT('',#9474);
#1808=VERTEX_POINT('',#9500);
#1809=VERTEX_POINT('',#9501);
#1810=VERTEX_POINT('',#9526);
#1811=VERTEX_POINT('',#9527);
#1812=VERTEX_POINT('',#9532);
#1813=VERTEX_POINT('',#9533);
#1814=VERTEX_POINT('',#9552);
#1815=VERTEX_POINT('',#9553);
#1816=VERTEX_POINT('',#9577);
#1817=VERTEX_POINT('',#9607);
#1818=VERTEX_POINT('',#9645);
#1819=VERTEX_POINT('',#9667);
#1820=VERTEX_POINT('',#9673);
#1821=VERTEX_POINT('',#9681);
#1822=VERTEX_POINT('',#9687);
#1823=VERTEX_POINT('',#9695);
#1824=VERTEX_POINT('',#9703);
#1825=VERTEX_POINT('',#9707);
#1826=VERTEX_POINT('',#9713);
#1827=VERTEX_POINT('',#9717);
#1828=VERTEX_POINT('',#9721);
#1829=VERTEX_POINT('',#9735);
#1830=VERTEX_POINT('',#9747);
#1831=VERTEX_POINT('',#9782);
#1832=VERTEX_POINT('',#9793);
#1833=VERTEX_POINT('',#9794);
#1834=VERTEX_POINT('',#9796);
#1835=VERTEX_POINT('',#9798);
#1836=VERTEX_POINT('',#9802);
#1837=VERTEX_POINT('',#9804);
#1838=VERTEX_POINT('',#9806);
#1839=VERTEX_POINT('',#9808);
#1840=VERTEX_POINT('',#9810);
#1841=VERTEX_POINT('',#9812);
#1842=VERTEX_POINT('',#9814);
#1843=VERTEX_POINT('',#9816);
#1844=VERTEX_POINT('',#9818);
#1845=VERTEX_POINT('',#9820);
#1846=VERTEX_POINT('',#9824);
#1847=VERTEX_POINT('',#9826);
#1848=VERTEX_POINT('',#9830);
#1849=VERTEX_POINT('',#9834);
#1850=VERTEX_POINT('',#9838);
#1851=VERTEX_POINT('',#9842);
#1852=EDGE_CURVE('',#1508,#1509,#1176,.T.);
#1853=EDGE_CURVE('',#1508,#1510,#1177,.T.);
#1854=EDGE_CURVE('',#1510,#1511,#1178,.T.);
#1855=EDGE_CURVE('',#1509,#1511,#1179,.T.);
#1856=EDGE_CURVE('',#1512,#1508,#1180,.T.);
#1857=EDGE_CURVE('',#1512,#1513,#1181,.T.);
#1858=EDGE_CURVE('',#1513,#1510,#1182,.T.);
#1859=EDGE_CURVE('',#1514,#1512,#1183,.T.);
#1860=EDGE_CURVE('',#1515,#1514,#1184,.T.);
#1861=EDGE_CURVE('',#1515,#1513,#1185,.T.);
#1862=EDGE_CURVE('',#1511,#1515,#1186,.T.);
#1863=EDGE_CURVE('',#1516,#1517,#1187,.T.);
#1864=EDGE_CURVE('',#1516,#1518,#1188,.T.);
#1865=EDGE_CURVE('',#1518,#1519,#1189,.T.);
#1866=EDGE_CURVE('',#1517,#1519,#1190,.T.);
#1867=EDGE_CURVE('',#1520,#1516,#1191,.T.);
#1868=EDGE_CURVE('',#1520,#1521,#1192,.T.);
#1869=EDGE_CURVE('',#1521,#1518,#1193,.T.);
#1870=EDGE_CURVE('',#1522,#1520,#1194,.T.);
#1871=EDGE_CURVE('',#1523,#1522,#1195,.T.);
#1872=EDGE_CURVE('',#1523,#1521,#1196,.T.);
#1873=EDGE_CURVE('',#1519,#1523,#1197,.T.);
#1874=EDGE_CURVE('',#1509,#1524,#1198,.T.);
#1875=EDGE_CURVE('',#1524,#1525,#1199,.T.);
#1876=EDGE_CURVE('',#1525,#1526,#1200,.T.);
#1877=EDGE_CURVE('',#1526,#1527,#1201,.T.);
#1878=EDGE_CURVE('',#1527,#1528,#1202,.T.);
#1879=EDGE_CURVE('',#1529,#1528,#1203,.T.);
#1880=EDGE_CURVE('',#1529,#1530,#1204,.T.);
#1881=EDGE_CURVE('',#1531,#1530,#1205,.T.);
#1882=EDGE_CURVE('',#1532,#1531,#1206,.T.);
#1883=EDGE_CURVE('',#1532,#1533,#1207,.T.);
#1884=EDGE_CURVE('',#1534,#1533,#1208,.T.);
#1885=EDGE_CURVE('',#1534,#1535,#1209,.T.);
#1886=EDGE_CURVE('',#1535,#1522,#1210,.T.);
#1887=EDGE_CURVE('',#1517,#1514,#1211,.T.);
#1888=EDGE_CURVE('',#1536,#1537,#1212,.T.);
#1889=EDGE_CURVE('',#1536,#1538,#1213,.T.);
#1890=EDGE_CURVE('',#1538,#1539,#1214,.T.);
#1891=EDGE_CURVE('',#1537,#1539,#1215,.T.);
#1892=EDGE_CURVE('',#1540,#1536,#1216,.T.);
#1893=EDGE_CURVE('',#1540,#1541,#1217,.T.);
#1894=EDGE_CURVE('',#1541,#1538,#1218,.T.);
#1895=EDGE_CURVE('',#1542,#1540,#1219,.T.);
#1896=EDGE_CURVE('',#1543,#1542,#1220,.T.);
#1897=EDGE_CURVE('',#1543,#1541,#1221,.T.);
#1898=EDGE_CURVE('',#1539,#1543,#1222,.T.);
#1899=EDGE_CURVE('',#1537,#1544,#1223,.T.);
#1900=EDGE_CURVE('',#1544,#1545,#1224,.T.);
#1901=EDGE_CURVE('',#1545,#1546,#1225,.T.);
#1902=EDGE_CURVE('',#1546,#1547,#1226,.T.);
#1903=EDGE_CURVE('',#1547,#1548,#1227,.T.);
#1904=EDGE_CURVE('',#1549,#1548,#1228,.T.);
#1905=EDGE_CURVE('',#1549,#1550,#1229,.T.);
#1906=EDGE_CURVE('',#1551,#1550,#1230,.T.);
#1907=EDGE_CURVE('',#1552,#1551,#1231,.T.);
#1908=EDGE_CURVE('',#1552,#1553,#1232,.T.);
#1909=EDGE_CURVE('',#1554,#1553,#1233,.T.);
#1910=EDGE_CURVE('',#1554,#1555,#1234,.T.);
#1911=EDGE_CURVE('',#1555,#1542,#1235,.T.);
#1912=EDGE_CURVE('',#1527,#1552,#322,.T.);
#1913=EDGE_CURVE('',#1528,#1551,#323,.T.);
#1914=EDGE_CURVE('',#1550,#1529,#324,.T.);
#1915=EDGE_CURVE('',#1526,#1553,#325,.T.);
#1916=EDGE_CURVE('',#1547,#1532,#326,.T.);
#1917=EDGE_CURVE('',#1548,#1531,#327,.T.);
#1918=EDGE_CURVE('',#1530,#1549,#328,.T.);
#1919=EDGE_CURVE('',#1546,#1533,#329,.T.);
#1920=EDGE_CURVE('',#1545,#1534,#330,.T.);
#1921=EDGE_CURVE('',#1556,#1535,#1236,.T.);
#1922=EDGE_CURVE('',#1544,#1557,#1237,.T.);
#1923=EDGE_CURVE('',#1557,#1558,#1238,.T.);
#1924=EDGE_CURVE('',#1558,#1559,#1239,.T.);
#1925=EDGE_CURVE('',#1559,#1556,#1240,.T.);
#1926=EDGE_CURVE('',#1525,#1554,#331,.T.);
#1927=EDGE_CURVE('',#1560,#1555,#1241,.T.);
#1928=EDGE_CURVE('',#1524,#1561,#1242,.T.);
#1929=EDGE_CURVE('',#1561,#1562,#1243,.T.);
#1930=EDGE_CURVE('',#1562,#1563,#1244,.T.);
#1931=EDGE_CURVE('',#1563,#1560,#1245,.T.);
#1932=EDGE_CURVE('',#1564,#1565,#332,.T.);
#1933=EDGE_CURVE('',#1565,#1566,#94,.T.);
#1934=EDGE_CURVE('',#1566,#1564,#95,.T.);
#1935=EDGE_CURVE('',#1567,#1568,#333,.T.);
#1936=EDGE_CURVE('',#1568,#1565,#96,.T.);
#1937=EDGE_CURVE('',#1564,#1567,#97,.T.);
#1938=EDGE_CURVE('',#1569,#1570,#334,.T.);
#1939=EDGE_CURVE('',#1570,#1568,#335,.T.);
#1940=EDGE_CURVE('',#1567,#1569,#336,.T.);
#1941=EDGE_CURVE('',#1571,#1572,#337,.T.);
#1942=EDGE_CURVE('',#1572,#1573,#338,.T.);
#1943=EDGE_CURVE('',#1574,#1573,#339,.T.);
#1944=EDGE_CURVE('',#1574,#1570,#340,.T.);
#1945=EDGE_CURVE('',#1569,#1571,#341,.T.);
#1946=EDGE_CURVE('',#1575,#1576,#342,.T.);
#1947=EDGE_CURVE('',#1576,#1572,#343,.T.);
#1948=EDGE_CURVE('',#1571,#1575,#344,.T.);
#1949=EDGE_CURVE('',#1575,#1577,#98,.T.);
#1950=EDGE_CURVE('',#1577,#1578,#345,.T.);
#1951=EDGE_CURVE('',#1578,#1576,#99,.T.);
#1952=EDGE_CURVE('',#1577,#1579,#100,.T.);
#1953=EDGE_CURVE('',#1579,#1578,#101,.T.);
#1954=EDGE_CURVE('',#1580,#1564,#1246,.T.);
#1955=EDGE_CURVE('',#1581,#1580,#102,.T.);
#1956=EDGE_CURVE('',#1582,#1581,#346,.T.);
#1957=EDGE_CURVE('',#1582,#1569,#1247,.T.);
#1958=EDGE_CURVE('',#1566,#1583,#1248,.T.);
#1959=EDGE_CURVE('',#1584,#1583,#103,.T.);
#1960=EDGE_CURVE('',#1584,#1585,#1249,.T.);
#1961=EDGE_CURVE('',#1586,#1585,#104,.T.);
#1962=EDGE_CURVE('',#1586,#1587,#1250,.T.);
#1963=EDGE_CURVE('',#1588,#1587,#105,.T.);
#1964=EDGE_CURVE('',#1588,#1589,#1251,.T.);
#1965=EDGE_CURVE('',#1590,#1589,#106,.T.);
#1966=EDGE_CURVE('',#1590,#1591,#1252,.T.);
#1967=EDGE_CURVE('',#1592,#1591,#107,.T.);
#1968=EDGE_CURVE('',#1592,#1593,#1253,.T.);
#1969=EDGE_CURVE('',#1594,#1593,#108,.T.);
#1970=EDGE_CURVE('',#1594,#1595,#1254,.T.);
#1971=EDGE_CURVE('',#1596,#1595,#109,.T.);
#1972=EDGE_CURVE('',#1596,#1597,#1255,.T.);
#1973=EDGE_CURVE('',#1598,#1597,#110,.T.);
#1974=EDGE_CURVE('',#1598,#1599,#1256,.T.);
#1975=EDGE_CURVE('',#1600,#1599,#111,.T.);
#1976=EDGE_CURVE('',#1600,#1601,#1257,.T.);
#1977=EDGE_CURVE('',#1602,#1601,#112,.T.);
#1978=EDGE_CURVE('',#1603,#1602,#1258,.T.);
#1979=EDGE_CURVE('',#1604,#1603,#113,.T.);
#1980=EDGE_CURVE('',#1604,#1605,#1259,.T.);
#1981=EDGE_CURVE('',#1606,#1605,#114,.T.);
#1982=EDGE_CURVE('',#1606,#1607,#1260,.T.);
#1983=EDGE_CURVE('',#1580,#1607,#115,.T.);
#1984=EDGE_CURVE('',#1568,#1574,#347,.T.);
#1985=EDGE_CURVE('',#1608,#1574,#348,.T.);
#1986=EDGE_CURVE('',#1608,#1566,#349,.T.);
#1987=EDGE_CURVE('',#1573,#1576,#350,.T.);
#1988=EDGE_CURVE('',#1585,#1609,#351,.T.);
#1989=EDGE_CURVE('',#1609,#1586,#116,.T.);
#1990=EDGE_CURVE('',#1610,#1611,#352,.T.);
#1991=EDGE_CURVE('',#1611,#1609,#117,.T.);
#1992=EDGE_CURVE('',#1585,#1610,#118,.T.);
#1993=EDGE_CURVE('',#1612,#1613,#353,.T.);
#1994=EDGE_CURVE('',#1613,#1611,#354,.T.);
#1995=EDGE_CURVE('',#1610,#1612,#355,.T.);
#1996=EDGE_CURVE('',#1614,#1615,#356,.T.);
#1997=EDGE_CURVE('',#1615,#1616,#357,.T.);
#1998=EDGE_CURVE('',#1617,#1616,#358,.T.);
#1999=EDGE_CURVE('',#1617,#1613,#359,.T.);
#2000=EDGE_CURVE('',#1612,#1614,#360,.T.);
#2001=EDGE_CURVE('',#1618,#1619,#361,.T.);
#2002=EDGE_CURVE('',#1619,#1615,#362,.T.);
#2003=EDGE_CURVE('',#1614,#1618,#363,.T.);
#2004=EDGE_CURVE('',#1618,#1620,#119,.T.);
#2005=EDGE_CURVE('',#1620,#1621,#364,.T.);
#2006=EDGE_CURVE('',#1621,#1619,#120,.T.);
#2007=EDGE_CURVE('',#1620,#1622,#121,.T.);
#2008=EDGE_CURVE('',#1622,#1621,#122,.T.);
#2009=EDGE_CURVE('',#1623,#1584,#123,.T.);
#2010=EDGE_CURVE('',#1624,#1623,#365,.T.);
#2011=EDGE_CURVE('',#1624,#1612,#1261,.T.);
#2012=EDGE_CURVE('',#1611,#1617,#366,.T.);
#2013=EDGE_CURVE('',#1625,#1617,#367,.T.);
#2014=EDGE_CURVE('',#1625,#1586,#368,.T.);
#2015=EDGE_CURVE('',#1616,#1619,#369,.T.);
#2016=EDGE_CURVE('',#1589,#1626,#370,.T.);
#2017=EDGE_CURVE('',#1626,#1590,#124,.T.);
#2018=EDGE_CURVE('',#1627,#1628,#371,.T.);
#2019=EDGE_CURVE('',#1628,#1626,#125,.T.);
#2020=EDGE_CURVE('',#1589,#1627,#126,.T.);
#2021=EDGE_CURVE('',#1629,#1630,#372,.T.);
#2022=EDGE_CURVE('',#1630,#1628,#373,.T.);
#2023=EDGE_CURVE('',#1627,#1629,#374,.T.);
#2024=EDGE_CURVE('',#1631,#1632,#375,.T.);
#2025=EDGE_CURVE('',#1632,#1633,#376,.T.);
#2026=EDGE_CURVE('',#1634,#1633,#377,.T.);
#2027=EDGE_CURVE('',#1634,#1630,#378,.T.);
#2028=EDGE_CURVE('',#1629,#1631,#379,.T.);
#2029=EDGE_CURVE('',#1635,#1636,#380,.T.);
#2030=EDGE_CURVE('',#1636,#1632,#381,.T.);
#2031=EDGE_CURVE('',#1631,#1635,#382,.T.);
#2032=EDGE_CURVE('',#1635,#1637,#127,.T.);
#2033=EDGE_CURVE('',#1637,#1638,#383,.T.);
#2034=EDGE_CURVE('',#1638,#1636,#128,.T.);
#2035=EDGE_CURVE('',#1637,#1639,#129,.T.);
#2036=EDGE_CURVE('',#1639,#1638,#130,.T.);
#2037=EDGE_CURVE('',#1640,#1588,#131,.T.);
#2038=EDGE_CURVE('',#1641,#1640,#384,.T.);
#2039=EDGE_CURVE('',#1641,#1629,#1262,.T.);
#2040=EDGE_CURVE('',#1628,#1634,#385,.T.);
#2041=EDGE_CURVE('',#1642,#1634,#386,.T.);
#2042=EDGE_CURVE('',#1642,#1590,#387,.T.);
#2043=EDGE_CURVE('',#1633,#1636,#388,.T.);
#2044=EDGE_CURVE('',#1643,#1644,#389,.T.);
#2045=EDGE_CURVE('',#1644,#1645,#132,.T.);
#2046=EDGE_CURVE('',#1645,#1646,#390,.T.);
#2047=EDGE_CURVE('',#1646,#1643,#133,.T.);
#2048=EDGE_CURVE('',#1645,#1647,#134,.T.);
#2049=EDGE_CURVE('',#1647,#1648,#391,.T.);
#2050=EDGE_CURVE('',#1648,#1646,#135,.T.);
#2051=EDGE_CURVE('',#1647,#1649,#136,.T.);
#2052=EDGE_CURVE('',#1650,#1649,#392,.T.);
#2053=EDGE_CURVE('',#1650,#1648,#137,.T.);
#2054=EDGE_CURVE('',#1593,#1651,#393,.T.);
#2055=EDGE_CURVE('',#1651,#1594,#138,.T.);
#2056=EDGE_CURVE('',#1652,#1653,#394,.T.);
#2057=EDGE_CURVE('',#1653,#1651,#139,.T.);
#2058=EDGE_CURVE('',#1593,#1652,#140,.T.);
#2059=EDGE_CURVE('',#1654,#1655,#395,.T.);
#2060=EDGE_CURVE('',#1655,#1653,#141,.T.);
#2061=EDGE_CURVE('',#1652,#1654,#142,.T.);
#2062=EDGE_CURVE('',#1656,#1657,#396,.T.);
#2063=EDGE_CURVE('',#1657,#1655,#397,.T.);
#2064=EDGE_CURVE('',#1654,#1656,#398,.T.);
#2065=EDGE_CURVE('',#1658,#1659,#399,.T.);
#2066=EDGE_CURVE('',#1659,#1657,#143,.T.);
#2067=EDGE_CURVE('',#1656,#1658,#144,.T.);
#2068=EDGE_CURVE('',#1658,#1644,#145,.T.);
#2069=EDGE_CURVE('',#1643,#1659,#146,.T.);
#2070=EDGE_CURVE('',#1649,#1660,#147,.T.);
#2071=EDGE_CURVE('',#1660,#1661,#400,.T.);
#2072=EDGE_CURVE('',#1661,#1650,#148,.T.);
#2073=EDGE_CURVE('',#1660,#1662,#149,.T.);
#2074=EDGE_CURVE('',#1662,#1661,#150,.T.);
#2075=EDGE_CURVE('',#1663,#1655,#401,.T.);
#2076=EDGE_CURVE('',#1663,#1594,#402,.T.);
#2077=EDGE_CURVE('',#1664,#1657,#403,.T.);
#2078=EDGE_CURVE('',#1664,#1663,#404,.T.);
#2079=EDGE_CURVE('',#1643,#1665,#405,.T.);
#2080=EDGE_CURVE('',#1665,#1664,#406,.T.);
#2081=EDGE_CURVE('',#1648,#1666,#407,.T.);
#2082=EDGE_CURVE('',#1666,#1665,#408,.T.);
#2083=EDGE_CURVE('',#1650,#1667,#409,.T.);
#2084=EDGE_CURVE('',#1667,#1666,#1263,.T.);
#2085=EDGE_CURVE('',#1661,#1668,#410,.T.);
#2086=EDGE_CURVE('',#1668,#1667,#411,.T.);
#2087=EDGE_CURVE('',#1597,#1669,#412,.T.);
#2088=EDGE_CURVE('',#1669,#1598,#151,.T.);
#2089=EDGE_CURVE('',#1597,#1670,#152,.T.);
#2090=EDGE_CURVE('',#1670,#1671,#413,.T.);
#2091=EDGE_CURVE('',#1671,#1669,#153,.T.);
#2092=EDGE_CURVE('',#1672,#1673,#414,.T.);
#2093=EDGE_CURVE('',#1673,#1671,#415,.T.);
#2094=EDGE_CURVE('',#1670,#1672,#416,.T.);
#2095=EDGE_CURVE('',#1674,#1675,#417,.T.);
#2096=EDGE_CURVE('',#1675,#1676,#418,.T.);
#2097=EDGE_CURVE('',#1677,#1676,#419,.T.);
#2098=EDGE_CURVE('',#1677,#1673,#420,.T.);
#2099=EDGE_CURVE('',#1672,#1674,#421,.T.);
#2100=EDGE_CURVE('',#1678,#1679,#422,.T.);
#2101=EDGE_CURVE('',#1679,#1675,#423,.T.);
#2102=EDGE_CURVE('',#1674,#1678,#424,.T.);
#2103=EDGE_CURVE('',#1678,#1680,#154,.T.);
#2104=EDGE_CURVE('',#1680,#1681,#425,.T.);
#2105=EDGE_CURVE('',#1681,#1679,#155,.T.);
#2106=EDGE_CURVE('',#1680,#1682,#156,.T.);
#2107=EDGE_CURVE('',#1682,#1681,#157,.T.);
#2108=EDGE_CURVE('',#1683,#1596,#158,.T.);
#2109=EDGE_CURVE('',#1683,#1672,#1264,.T.);
#2110=EDGE_CURVE('',#1671,#1677,#426,.T.);
#2111=EDGE_CURVE('',#1684,#1677,#427,.T.);
#2112=EDGE_CURVE('',#1684,#1598,#428,.T.);
#2113=EDGE_CURVE('',#1676,#1679,#429,.T.);
#2114=EDGE_CURVE('',#1599,#1685,#430,.T.);
#2115=EDGE_CURVE('',#1685,#1600,#159,.T.);
#2116=EDGE_CURVE('',#1686,#1687,#431,.T.);
#2117=EDGE_CURVE('',#1687,#1685,#160,.T.);
#2118=EDGE_CURVE('',#1599,#1686,#161,.T.);
#2119=EDGE_CURVE('',#1688,#1689,#432,.T.);
#2120=EDGE_CURVE('',#1689,#1690,#433,.T.);
#2121=EDGE_CURVE('',#1690,#1691,#434,.T.);
#2122=EDGE_CURVE('',#1691,#1688,#435,.T.);
#2123=EDGE_CURVE('',#1688,#1687,#162,.T.);
#2124=EDGE_CURVE('',#1686,#1689,#163,.T.);
#2125=EDGE_CURVE('',#1692,#1693,#436,.T.);
#2126=EDGE_CURVE('',#1693,#1694,#164,.T.);
#2127=EDGE_CURVE('',#1694,#1695,#437,.T.);
#2128=EDGE_CURVE('',#1695,#1692,#165,.T.);
#2129=EDGE_CURVE('',#1694,#1696,#166,.T.);
#2130=EDGE_CURVE('',#1696,#1695,#167,.T.);
#2131=EDGE_CURVE('',#1692,#1691,#168,.T.);
#2132=EDGE_CURVE('',#1690,#1693,#169,.T.);
#2133=EDGE_CURVE('',#1697,#1688,#438,.T.);
#2134=EDGE_CURVE('',#1697,#1600,#439,.T.);
#2135=EDGE_CURVE('',#1698,#1691,#440,.T.);
#2136=EDGE_CURVE('',#1698,#1697,#441,.T.);
#2137=EDGE_CURVE('',#1696,#1698,#442,.T.);
#2138=EDGE_CURVE('',#1602,#1699,#443,.T.);
#2139=EDGE_CURVE('',#1699,#1700,#170,.T.);
#2140=EDGE_CURVE('',#1700,#1602,#171,.T.);
#2141=EDGE_CURVE('',#1601,#1701,#444,.T.);
#2142=EDGE_CURVE('',#1701,#1699,#172,.T.);
#2143=EDGE_CURVE('',#1702,#1703,#445,.T.);
#2144=EDGE_CURVE('',#1703,#1701,#173,.T.);
#2145=EDGE_CURVE('',#1601,#1702,#174,.T.);
#2146=EDGE_CURVE('',#1704,#1705,#446,.T.);
#2147=EDGE_CURVE('',#1705,#1703,#447,.T.);
#2148=EDGE_CURVE('',#1702,#1704,#448,.T.);
#2149=EDGE_CURVE('',#1706,#1707,#449,.T.);
#2150=EDGE_CURVE('',#1707,#1705,#450,.T.);
#2151=EDGE_CURVE('',#1704,#1706,#451,.T.);
#2152=EDGE_CURVE('',#1708,#1709,#452,.T.);
#2153=EDGE_CURVE('',#1709,#1707,#453,.T.);
#2154=EDGE_CURVE('',#1706,#1708,#454,.T.);
#2155=EDGE_CURVE('',#1708,#1710,#175,.T.);
#2156=EDGE_CURVE('',#1710,#1711,#455,.T.);
#2157=EDGE_CURVE('',#1711,#1709,#176,.T.);
#2158=EDGE_CURVE('',#1710,#1712,#177,.T.);
#2159=EDGE_CURVE('',#1712,#1713,#456,.T.);
#2160=EDGE_CURVE('',#1713,#1711,#178,.T.);
#2161=EDGE_CURVE('',#1712,#1714,#179,.T.);
#2162=EDGE_CURVE('',#1714,#1713,#180,.T.);
#2163=EDGE_CURVE('',#1715,#1680,#1265,.T.);
#2164=EDGE_CURVE('',#1716,#1715,#181,.T.);
#2165=EDGE_CURVE('',#1666,#1716,#1266,.T.);
#2166=EDGE_CURVE('',#1667,#1712,#1267,.T.);
#2167=EDGE_CURVE('',#1696,#1710,#1268,.T.);
#2168=EDGE_CURVE('',#1682,#1694,#1269,.T.);
#2169=EDGE_CURVE('',#1698,#1706,#1270,.T.);
#2170=EDGE_CURVE('',#1697,#1704,#1271,.T.);
#2171=EDGE_CURVE('',#1717,#1700,#1272,.T.);
#2172=EDGE_CURVE('',#1603,#1717,#182,.T.);
#2173=EDGE_CURVE('',#1718,#1596,#457,.T.);
#2174=EDGE_CURVE('',#1595,#1718,#183,.T.);
#2175=EDGE_CURVE('',#1719,#1683,#458,.T.);
#2176=EDGE_CURVE('',#1718,#1719,#184,.T.);
#2177=EDGE_CURVE('',#1720,#1721,#459,.T.);
#2178=EDGE_CURVE('',#1721,#1683,#185,.T.);
#2179=EDGE_CURVE('',#1719,#1720,#186,.T.);
#2180=EDGE_CURVE('',#1722,#1723,#460,.T.);
#2181=EDGE_CURVE('',#1723,#1721,#461,.T.);
#2182=EDGE_CURVE('',#1720,#1722,#462,.T.);
#2183=EDGE_CURVE('',#1724,#1715,#463,.T.);
#2184=EDGE_CURVE('',#1715,#1725,#187,.T.);
#2185=EDGE_CURVE('',#1725,#1726,#464,.T.);
#2186=EDGE_CURVE('',#1726,#1724,#188,.T.);
#2187=EDGE_CURVE('',#1724,#1716,#189,.T.);
#2188=EDGE_CURVE('',#1725,#1723,#190,.T.);
#2189=EDGE_CURVE('',#1722,#1726,#191,.T.);
#2190=EDGE_CURVE('',#1725,#1674,#1273,.T.);
#2191=EDGE_CURVE('',#1727,#1728,#465,.T.);
#2192=EDGE_CURVE('',#1728,#1729,#192,.T.);
#2193=EDGE_CURVE('',#1729,#1730,#466,.T.);
#2194=EDGE_CURVE('',#1730,#1727,#193,.T.);
#2195=EDGE_CURVE('',#1729,#1731,#194,.T.);
#2196=EDGE_CURVE('',#1732,#1731,#467,.T.);
#2197=EDGE_CURVE('',#1732,#1730,#195,.T.);
#2198=EDGE_CURVE('',#1733,#1592,#468,.T.);
#2199=EDGE_CURVE('',#1591,#1733,#196,.T.);
#2200=EDGE_CURVE('',#1734,#1735,#469,.T.);
#2201=EDGE_CURVE('',#1735,#1592,#197,.T.);
#2202=EDGE_CURVE('',#1733,#1734,#198,.T.);
#2203=EDGE_CURVE('',#1736,#1737,#470,.T.);
#2204=EDGE_CURVE('',#1737,#1735,#471,.T.);
#2205=EDGE_CURVE('',#1734,#1736,#472,.T.);
#2206=EDGE_CURVE('',#1738,#1739,#473,.T.);
#2207=EDGE_CURVE('',#1739,#1737,#474,.T.);
#2208=EDGE_CURVE('',#1736,#1738,#475,.T.);
#2209=EDGE_CURVE('',#1740,#1741,#476,.T.);
#2210=EDGE_CURVE('',#1741,#1739,#477,.T.);
#2211=EDGE_CURVE('',#1738,#1740,#478,.T.);
#2212=EDGE_CURVE('',#1742,#1743,#479,.T.);
#2213=EDGE_CURVE('',#1743,#1741,#199,.T.);
#2214=EDGE_CURVE('',#1740,#1742,#200,.T.);
#2215=EDGE_CURVE('',#1742,#1728,#201,.T.);
#2216=EDGE_CURVE('',#1727,#1743,#202,.T.);
#2217=EDGE_CURVE('',#1731,#1744,#203,.T.);
#2218=EDGE_CURVE('',#1744,#1745,#480,.T.);
#2219=EDGE_CURVE('',#1745,#1732,#204,.T.);
#2220=EDGE_CURVE('',#1744,#1746,#205,.T.);
#2221=EDGE_CURVE('',#1746,#1745,#206,.T.);
#2222=EDGE_CURVE('',#1591,#1747,#481,.T.);
#2223=EDGE_CURVE('',#1747,#1748,#482,.T.);
#2224=EDGE_CURVE('',#1748,#1734,#483,.T.);
#2225=EDGE_CURVE('',#1737,#1652,#1274,.T.);
#2226=EDGE_CURVE('',#1739,#1658,#1275,.T.);
#2227=EDGE_CURVE('',#1743,#1645,#1276,.T.);
#2228=EDGE_CURVE('',#1732,#1649,#1277,.T.);
#2229=EDGE_CURVE('',#1746,#1662,#1278,.T.);
#2230=EDGE_CURVE('',#1749,#1588,#484,.T.);
#2231=EDGE_CURVE('',#1587,#1749,#207,.T.);
#2232=EDGE_CURVE('',#1750,#1640,#485,.T.);
#2233=EDGE_CURVE('',#1749,#1750,#208,.T.);
#2234=EDGE_CURVE('',#1751,#1641,#486,.T.);
#2235=EDGE_CURVE('',#1750,#1751,#487,.T.);
#2236=EDGE_CURVE('',#1752,#1753,#488,.T.);
#2237=EDGE_CURVE('',#1753,#1641,#489,.T.);
#2238=EDGE_CURVE('',#1751,#1754,#490,.T.);
#2239=EDGE_CURVE('',#1755,#1754,#491,.T.);
#2240=EDGE_CURVE('',#1755,#1752,#492,.T.);
#2241=EDGE_CURVE('',#1756,#1757,#493,.T.);
#2242=EDGE_CURVE('',#1757,#1753,#494,.T.);
#2243=EDGE_CURVE('',#1752,#1756,#495,.T.);
#2244=EDGE_CURVE('',#1756,#1758,#209,.T.);
#2245=EDGE_CURVE('',#1758,#1759,#496,.T.);
#2246=EDGE_CURVE('',#1759,#1757,#210,.T.);
#2247=EDGE_CURVE('',#1758,#1760,#211,.T.);
#2248=EDGE_CURVE('',#1760,#1759,#212,.T.);
#2249=EDGE_CURVE('',#1753,#1631,#1279,.T.);
#2250=EDGE_CURVE('',#1759,#1637,#1280,.T.);
#2251=EDGE_CURVE('',#1761,#1577,#1281,.T.);
#2252=EDGE_CURVE('',#1762,#1761,#213,.T.);
#2253=EDGE_CURVE('',#1763,#1762,#1282,.T.);
#2254=EDGE_CURVE('',#1764,#1763,#214,.T.);
#2255=EDGE_CURVE('',#1765,#1764,#1283,.T.);
#2256=EDGE_CURVE('',#1766,#1765,#215,.T.);
#2257=EDGE_CURVE('',#1766,#1767,#1284,.T.);
#2258=EDGE_CURVE('',#1768,#1767,#1285,.T.);
#2259=EDGE_CURVE('',#1639,#1768,#1286,.T.);
#2260=EDGE_CURVE('',#1622,#1760,#1287,.T.);
#2261=EDGE_CURVE('',#1769,#1620,#1288,.T.);
#2262=EDGE_CURVE('',#1770,#1769,#216,.T.);
#2263=EDGE_CURVE('',#1579,#1770,#1289,.T.);
#2264=EDGE_CURVE('',#1756,#1755,#497,.T.);
#2265=EDGE_CURVE('',#1771,#1755,#498,.T.);
#2266=EDGE_CURVE('',#1771,#1760,#499,.T.);
#2267=EDGE_CURVE('',#1754,#1750,#500,.T.);
#2268=EDGE_CURVE('',#1772,#1584,#501,.T.);
#2269=EDGE_CURVE('',#1583,#1772,#217,.T.);
#2270=EDGE_CURVE('',#1773,#1623,#502,.T.);
#2271=EDGE_CURVE('',#1772,#1773,#218,.T.);
#2272=EDGE_CURVE('',#1774,#1624,#503,.T.);
#2273=EDGE_CURVE('',#1773,#1774,#504,.T.);
#2274=EDGE_CURVE('',#1775,#1776,#505,.T.);
#2275=EDGE_CURVE('',#1776,#1624,#506,.T.);
#2276=EDGE_CURVE('',#1774,#1777,#507,.T.);
#2277=EDGE_CURVE('',#1778,#1777,#508,.T.);
#2278=EDGE_CURVE('',#1778,#1775,#509,.T.);
#2279=EDGE_CURVE('',#1779,#1780,#510,.T.);
#2280=EDGE_CURVE('',#1780,#1776,#511,.T.);
#2281=EDGE_CURVE('',#1775,#1779,#512,.T.);
#2282=EDGE_CURVE('',#1779,#1781,#219,.T.);
#2283=EDGE_CURVE('',#1781,#1769,#513,.T.);
#2284=EDGE_CURVE('',#1769,#1780,#220,.T.);
#2285=EDGE_CURVE('',#1781,#1770,#221,.T.);
#2286=EDGE_CURVE('',#1776,#1614,#1290,.T.);
#2287=EDGE_CURVE('',#1779,#1778,#514,.T.);
#2288=EDGE_CURVE('',#1782,#1778,#515,.T.);
#2289=EDGE_CURVE('',#1782,#1770,#516,.T.);
#2290=EDGE_CURVE('',#1777,#1773,#517,.T.);
#2291=EDGE_CURVE('',#1783,#1580,#518,.T.);
#2292=EDGE_CURVE('',#1607,#1783,#222,.T.);
#2293=EDGE_CURVE('',#1784,#1581,#519,.T.);
#2294=EDGE_CURVE('',#1783,#1784,#223,.T.);
#2295=EDGE_CURVE('',#1785,#1582,#520,.T.);
#2296=EDGE_CURVE('',#1784,#1785,#521,.T.);
#2297=EDGE_CURVE('',#1786,#1787,#522,.T.);
#2298=EDGE_CURVE('',#1787,#1582,#523,.T.);
#2299=EDGE_CURVE('',#1785,#1788,#524,.T.);
#2300=EDGE_CURVE('',#1789,#1788,#525,.T.);
#2301=EDGE_CURVE('',#1789,#1786,#526,.T.);
#2302=EDGE_CURVE('',#1790,#1791,#527,.T.);
#2303=EDGE_CURVE('',#1791,#1787,#528,.T.);
#2304=EDGE_CURVE('',#1786,#1790,#529,.T.);
#2305=EDGE_CURVE('',#1792,#1761,#530,.T.);
#2306=EDGE_CURVE('',#1761,#1791,#224,.T.);
#2307=EDGE_CURVE('',#1790,#1792,#225,.T.);
#2308=EDGE_CURVE('',#1792,#1762,#226,.T.);
#2309=EDGE_CURVE('',#1787,#1571,#1291,.T.);
#2310=EDGE_CURVE('',#1790,#1789,#531,.T.);
#2311=EDGE_CURVE('',#1793,#1789,#532,.T.);
#2312=EDGE_CURVE('',#1793,#1762,#533,.T.);
#2313=EDGE_CURVE('',#1788,#1784,#534,.T.);
#2314=EDGE_CURVE('',#1794,#1606,#535,.T.);
#2315=EDGE_CURVE('',#1605,#1794,#227,.T.);
#2316=EDGE_CURVE('',#1795,#1796,#536,.T.);
#2317=EDGE_CURVE('',#1796,#1606,#228,.T.);
#2318=EDGE_CURVE('',#1794,#1795,#229,.T.);
#2319=EDGE_CURVE('',#1797,#1798,#537,.T.);
#2320=EDGE_CURVE('',#1798,#1799,#538,.T.);
#2321=EDGE_CURVE('',#1799,#1800,#539,.T.);
#2322=EDGE_CURVE('',#1800,#1797,#540,.T.);
#2323=EDGE_CURVE('',#1797,#1796,#230,.T.);
#2324=EDGE_CURVE('',#1795,#1798,#231,.T.);
#2325=EDGE_CURVE('',#1801,#1763,#541,.T.);
#2326=EDGE_CURVE('',#1763,#1802,#232,.T.);
#2327=EDGE_CURVE('',#1802,#1803,#542,.T.);
#2328=EDGE_CURVE('',#1803,#1801,#233,.T.);
#2329=EDGE_CURVE('',#1801,#1764,#234,.T.);
#2330=EDGE_CURVE('',#1802,#1800,#235,.T.);
#2331=EDGE_CURVE('',#1799,#1803,#236,.T.);
#2332=EDGE_CURVE('',#1802,#1793,#1292,.T.);
#2333=EDGE_CURVE('',#1804,#1793,#543,.T.);
#2334=EDGE_CURVE('',#1796,#1804,#1293,.T.);
#2335=EDGE_CURVE('',#1805,#1799,#544,.T.);
#2336=EDGE_CURVE('',#1805,#1764,#545,.T.);
#2337=EDGE_CURVE('',#1806,#1603,#546,.T.);
#2338=EDGE_CURVE('',#1717,#1806,#237,.T.);
#2339=EDGE_CURVE('',#1807,#1604,#547,.T.);
#2340=EDGE_CURVE('',#1806,#1807,#238,.T.);
#2341=EDGE_CURVE('',#1808,#1809,#548,.T.);
#2342=EDGE_CURVE('',#1809,#1604,#239,.T.);
#2343=EDGE_CURVE('',#1807,#1808,#240,.T.);
#2344=EDGE_CURVE('',#1810,#1811,#549,.T.);
#2345=EDGE_CURVE('',#1811,#1809,#550,.T.);
#2346=EDGE_CURVE('',#1808,#1810,#551,.T.);
#2347=EDGE_CURVE('',#1812,#1813,#552,.T.);
#2348=EDGE_CURVE('',#1813,#1811,#553,.T.);
#2349=EDGE_CURVE('',#1810,#1812,#554,.T.);
#2350=EDGE_CURVE('',#1814,#1815,#555,.T.);
#2351=EDGE_CURVE('',#1815,#1813,#556,.T.);
#2352=EDGE_CURVE('',#1812,#1814,#557,.T.);
#2353=EDGE_CURVE('',#1814,#1816,#241,.T.);
#2354=EDGE_CURVE('',#1816,#1765,#558,.T.);
#2355=EDGE_CURVE('',#1765,#1815,#242,.T.);
#2356=EDGE_CURVE('',#1816,#1817,#243,.T.);
#2357=EDGE_CURVE('',#1817,#1766,#559,.T.);
#2358=EDGE_CURVE('',#1817,#1818,#244,.T.);
#2359=EDGE_CURVE('',#1818,#1766,#245,.T.);
#2360=EDGE_CURVE('',#1814,#1808,#560,.T.);
#2361=EDGE_CURVE('',#1717,#1818,#561,.T.);
#2362=EDGE_CURVE('',#1579,#1819,#562,.T.);
#2363=EDGE_CURVE('',#1819,#1573,#563,.T.);
#2364=EDGE_CURVE('',#1819,#1608,#564,.T.);
#2365=EDGE_CURVE('',#1608,#1820,#1294,.T.);
#2366=EDGE_CURVE('',#1583,#1820,#565,.T.);
#2367=EDGE_CURVE('',#1819,#1782,#1295,.T.);
#2368=EDGE_CURVE('',#1820,#1782,#566,.T.);
#2369=EDGE_CURVE('',#1622,#1821,#567,.T.);
#2370=EDGE_CURVE('',#1821,#1616,#568,.T.);
#2371=EDGE_CURVE('',#1821,#1625,#569,.T.);
#2372=EDGE_CURVE('',#1625,#1822,#1296,.T.);
#2373=EDGE_CURVE('',#1587,#1822,#570,.T.);
#2374=EDGE_CURVE('',#1821,#1771,#1297,.T.);
#2375=EDGE_CURVE('',#1822,#1771,#571,.T.);
#2376=EDGE_CURVE('',#1639,#1823,#572,.T.);
#2377=EDGE_CURVE('',#1823,#1633,#573,.T.);
#2378=EDGE_CURVE('',#1823,#1642,#574,.T.);
#2379=EDGE_CURVE('',#1642,#1747,#1298,.T.);
#2380=EDGE_CURVE('',#1823,#1824,#1299,.T.);
#2381=EDGE_CURVE('',#1747,#1824,#575,.T.);
#2382=EDGE_CURVE('',#1825,#1768,#576,.T.);
#2383=EDGE_CURVE('',#1824,#1825,#577,.T.);
#2384=EDGE_CURVE('',#1662,#1668,#578,.T.);
#2385=EDGE_CURVE('',#1663,#1826,#1300,.T.);
#2386=EDGE_CURVE('',#1595,#1826,#579,.T.);
#2387=EDGE_CURVE('',#1664,#1827,#1301,.T.);
#2388=EDGE_CURVE('',#1826,#1827,#580,.T.);
#2389=EDGE_CURVE('',#1682,#1828,#581,.T.);
#2390=EDGE_CURVE('',#1828,#1676,#582,.T.);
#2391=EDGE_CURVE('',#1828,#1684,#583,.T.);
#2392=EDGE_CURVE('',#1684,#1686,#1302,.T.);
#2393=EDGE_CURVE('',#1828,#1693,#1303,.T.);
#2394=EDGE_CURVE('',#1714,#1700,#584,.T.);
#2395=EDGE_CURVE('',#1703,#1709,#585,.T.);
#2396=EDGE_CURVE('',#1829,#1746,#586,.T.);
#2397=EDGE_CURVE('',#1818,#1829,#1304,.T.);
#2398=EDGE_CURVE('',#1668,#1714,#1305,.T.);
#2399=EDGE_CURVE('',#1826,#1720,#587,.T.);
#2400=EDGE_CURVE('',#1827,#1722,#588,.T.);
#2401=EDGE_CURVE('',#1827,#1716,#589,.T.);
#2402=EDGE_CURVE('',#1824,#1830,#590,.T.);
#2403=EDGE_CURVE('',#1830,#1748,#591,.T.);
#2404=EDGE_CURVE('',#1740,#1830,#592,.T.);
#2405=EDGE_CURVE('',#1825,#1728,#593,.T.);
#2406=EDGE_CURVE('',#1768,#1729,#594,.T.);
#2407=EDGE_CURVE('',#1767,#1731,#595,.T.);
#2408=EDGE_CURVE('',#1767,#1829,#596,.T.);
#2409=EDGE_CURVE('',#1829,#1744,#597,.T.);
#2410=EDGE_CURVE('',#1822,#1754,#598,.T.);
#2411=EDGE_CURVE('',#1820,#1777,#599,.T.);
#2412=EDGE_CURVE('',#1607,#1804,#600,.T.);
#2413=EDGE_CURVE('',#1804,#1788,#601,.T.);
#2414=EDGE_CURVE('',#1605,#1831,#602,.T.);
#2415=EDGE_CURVE('',#1831,#1798,#603,.T.);
#2416=EDGE_CURVE('',#1831,#1805,#604,.T.);
#2417=EDGE_CURVE('',#1813,#1805,#1306,.T.);
#2418=EDGE_CURVE('',#1811,#1831,#1307,.T.);
#2419=EDGE_CURVE('',#1832,#1833,#1308,.F.);
#2420=EDGE_CURVE('',#1834,#1833,#1309,.T.);
#2421=EDGE_CURVE('',#1835,#1834,#1310,.T.);
#2422=EDGE_CURVE('',#1835,#1832,#1311,.T.);
#2423=EDGE_CURVE('',#1832,#1836,#1312,.T.);
#2424=EDGE_CURVE('',#1837,#1835,#1313,.T.);
#2425=EDGE_CURVE('',#1837,#1838,#1314,.T.);
#2426=EDGE_CURVE('',#1839,#1838,#1315,.T.);
#2427=EDGE_CURVE('',#1839,#1840,#1316,.T.);
#2428=EDGE_CURVE('',#1841,#1840,#1317,.T.);
#2429=EDGE_CURVE('',#1842,#1841,#1318,.T.);
#2430=EDGE_CURVE('',#1843,#1842,#1319,.T.);
#2431=EDGE_CURVE('',#1843,#1844,#1320,.T.);
#2432=EDGE_CURVE('',#1844,#1845,#1321,.T.);
#2433=EDGE_CURVE('',#1845,#1836,#1322,.T.);
#2434=EDGE_CURVE('',#1841,#1846,#1323,.F.);
#2435=EDGE_CURVE('',#1847,#1846,#1324,.T.);
#2436=EDGE_CURVE('',#1842,#1847,#1325,.T.);
#2437=EDGE_CURVE('',#1836,#1848,#1326,.T.);
#2438=EDGE_CURVE('',#1848,#1845,#1327,.T.);
#2439=EDGE_CURVE('',#1849,#1843,#1328,.T.);
#2440=EDGE_CURVE('',#1844,#1849,#1329,.T.);
#2441=EDGE_CURVE('',#1840,#1850,#1330,.T.);
#2442=EDGE_CURVE('',#1850,#1839,#1331,.T.);
#2443=EDGE_CURVE('',#1851,#1837,#1332,.T.);
#2444=EDGE_CURVE('',#1838,#1851,#1333,.T.);
#2445=EDGE_CURVE('',#1560,#1848,#1334,.T.);
#2446=EDGE_CURVE('',#1557,#1849,#1335,.T.);
#2447=EDGE_CURVE('',#1563,#1833,#1336,.T.);
#2448=EDGE_CURVE('',#1562,#1834,#1337,.T.);
#2449=EDGE_CURVE('',#1561,#1851,#1338,.T.);
#2450=EDGE_CURVE('',#1556,#1850,#1339,.T.);
#2451=EDGE_CURVE('',#1559,#1846,#1340,.T.);
#2452=EDGE_CURVE('',#1558,#1847,#1341,.T.);
#2453=ORIENTED_EDGE('',*,*,#1852,.F.);
#2454=ORIENTED_EDGE('',*,*,#1853,.T.);
#2455=ORIENTED_EDGE('',*,*,#1854,.T.);
#2456=ORIENTED_EDGE('',*,*,#1855,.F.);
#2457=ORIENTED_EDGE('',*,*,#1856,.F.);
#2458=ORIENTED_EDGE('',*,*,#1857,.T.);
#2459=ORIENTED_EDGE('',*,*,#1858,.T.);
#2460=ORIENTED_EDGE('',*,*,#1853,.F.);
#2461=ORIENTED_EDGE('',*,*,#1859,.F.);
#2462=ORIENTED_EDGE('',*,*,#1860,.F.);
#2463=ORIENTED_EDGE('',*,*,#1861,.T.);
#2464=ORIENTED_EDGE('',*,*,#1857,.F.);
#2465=ORIENTED_EDGE('',*,*,#1861,.F.);
#2466=ORIENTED_EDGE('',*,*,#1862,.F.);
#2467=ORIENTED_EDGE('',*,*,#1854,.F.);
#2468=ORIENTED_EDGE('',*,*,#1858,.F.);
#2469=ORIENTED_EDGE('',*,*,#1863,.F.);
#2470=ORIENTED_EDGE('',*,*,#1864,.T.);
#2471=ORIENTED_EDGE('',*,*,#1865,.T.);
#2472=ORIENTED_EDGE('',*,*,#1866,.F.);
#2473=ORIENTED_EDGE('',*,*,#1867,.F.);
#2474=ORIENTED_EDGE('',*,*,#1868,.T.);
#2475=ORIENTED_EDGE('',*,*,#1869,.T.);
#2476=ORIENTED_EDGE('',*,*,#1864,.F.);
#2477=ORIENTED_EDGE('',*,*,#1870,.F.);
#2478=ORIENTED_EDGE('',*,*,#1871,.F.);
#2479=ORIENTED_EDGE('',*,*,#1872,.T.);
#2480=ORIENTED_EDGE('',*,*,#1868,.F.);
#2481=ORIENTED_EDGE('',*,*,#1873,.F.);
#2482=ORIENTED_EDGE('',*,*,#1865,.F.);
#2483=ORIENTED_EDGE('',*,*,#1869,.F.);
#2484=ORIENTED_EDGE('',*,*,#1872,.F.);
#2485=ORIENTED_EDGE('',*,*,#1859,.T.);
#2486=ORIENTED_EDGE('',*,*,#1856,.T.);
#2487=ORIENTED_EDGE('',*,*,#1852,.T.);
#2488=ORIENTED_EDGE('',*,*,#1874,.T.);
#2489=ORIENTED_EDGE('',*,*,#1875,.T.);
#2490=ORIENTED_EDGE('',*,*,#1876,.T.);
#2491=ORIENTED_EDGE('',*,*,#1877,.T.);
#2492=ORIENTED_EDGE('',*,*,#1878,.T.);
#2493=ORIENTED_EDGE('',*,*,#1879,.F.);
#2494=ORIENTED_EDGE('',*,*,#1880,.T.);
#2495=ORIENTED_EDGE('',*,*,#1881,.F.);
#2496=ORIENTED_EDGE('',*,*,#1882,.F.);
#2497=ORIENTED_EDGE('',*,*,#1883,.T.);
#2498=ORIENTED_EDGE('',*,*,#1884,.F.);
#2499=ORIENTED_EDGE('',*,*,#1885,.T.);
#2500=ORIENTED_EDGE('',*,*,#1886,.T.);
#2501=ORIENTED_EDGE('',*,*,#1870,.T.);
#2502=ORIENTED_EDGE('',*,*,#1867,.T.);
#2503=ORIENTED_EDGE('',*,*,#1863,.T.);
#2504=ORIENTED_EDGE('',*,*,#1887,.T.);
#2505=ORIENTED_EDGE('',*,*,#1888,.F.);
#2506=ORIENTED_EDGE('',*,*,#1889,.T.);
#2507=ORIENTED_EDGE('',*,*,#1890,.T.);
#2508=ORIENTED_EDGE('',*,*,#1891,.F.);
#2509=ORIENTED_EDGE('',*,*,#1892,.F.);
#2510=ORIENTED_EDGE('',*,*,#1893,.T.);
#2511=ORIENTED_EDGE('',*,*,#1894,.T.);
#2512=ORIENTED_EDGE('',*,*,#1889,.F.);
#2513=ORIENTED_EDGE('',*,*,#1895,.F.);
#2514=ORIENTED_EDGE('',*,*,#1896,.F.);
#2515=ORIENTED_EDGE('',*,*,#1897,.T.);
#2516=ORIENTED_EDGE('',*,*,#1893,.F.);
#2517=ORIENTED_EDGE('',*,*,#1897,.F.);
#2518=ORIENTED_EDGE('',*,*,#1898,.F.);
#2519=ORIENTED_EDGE('',*,*,#1890,.F.);
#2520=ORIENTED_EDGE('',*,*,#1894,.F.);
#2521=ORIENTED_EDGE('',*,*,#1895,.T.);
#2522=ORIENTED_EDGE('',*,*,#1892,.T.);
#2523=ORIENTED_EDGE('',*,*,#1888,.T.);
#2524=ORIENTED_EDGE('',*,*,#1899,.T.);
#2525=ORIENTED_EDGE('',*,*,#1900,.T.);
#2526=ORIENTED_EDGE('',*,*,#1901,.T.);
#2527=ORIENTED_EDGE('',*,*,#1902,.T.);
#2528=ORIENTED_EDGE('',*,*,#1903,.T.);
#2529=ORIENTED_EDGE('',*,*,#1904,.F.);
#2530=ORIENTED_EDGE('',*,*,#1905,.T.);
#2531=ORIENTED_EDGE('',*,*,#1906,.F.);
#2532=ORIENTED_EDGE('',*,*,#1907,.F.);
#2533=ORIENTED_EDGE('',*,*,#1908,.T.);
#2534=ORIENTED_EDGE('',*,*,#1909,.F.);
#2535=ORIENTED_EDGE('',*,*,#1910,.T.);
#2536=ORIENTED_EDGE('',*,*,#1911,.T.);
#2537=ORIENTED_EDGE('',*,*,#1912,.T.);
#2538=ORIENTED_EDGE('',*,*,#1907,.T.);
#2539=ORIENTED_EDGE('',*,*,#1913,.F.);
#2540=ORIENTED_EDGE('',*,*,#1878,.F.);
#2541=ORIENTED_EDGE('',*,*,#1879,.T.);
#2542=ORIENTED_EDGE('',*,*,#1913,.T.);
#2543=ORIENTED_EDGE('',*,*,#1906,.T.);
#2544=ORIENTED_EDGE('',*,*,#1914,.T.);
#2545=ORIENTED_EDGE('',*,*,#1915,.T.);
#2546=ORIENTED_EDGE('',*,*,#1908,.F.);
#2547=ORIENTED_EDGE('',*,*,#1912,.F.);
#2548=ORIENTED_EDGE('',*,*,#1877,.F.);
#2549=ORIENTED_EDGE('',*,*,#1916,.T.);
#2550=ORIENTED_EDGE('',*,*,#1882,.T.);
#2551=ORIENTED_EDGE('',*,*,#1917,.F.);
#2552=ORIENTED_EDGE('',*,*,#1903,.F.);
#2553=ORIENTED_EDGE('',*,*,#1918,.T.);
#2554=ORIENTED_EDGE('',*,*,#1904,.T.);
#2555=ORIENTED_EDGE('',*,*,#1917,.T.);
#2556=ORIENTED_EDGE('',*,*,#1881,.T.);
#2557=ORIENTED_EDGE('',*,*,#1919,.T.);
#2558=ORIENTED_EDGE('',*,*,#1883,.F.);
#2559=ORIENTED_EDGE('',*,*,#1916,.F.);
#2560=ORIENTED_EDGE('',*,*,#1902,.F.);
#2561=ORIENTED_EDGE('',*,*,#1920,.T.);
#2562=ORIENTED_EDGE('',*,*,#1884,.T.);
#2563=ORIENTED_EDGE('',*,*,#1919,.F.);
#2564=ORIENTED_EDGE('',*,*,#1901,.F.);
#2565=ORIENTED_EDGE('',*,*,#1921,.T.);
#2566=ORIENTED_EDGE('',*,*,#1885,.F.);
#2567=ORIENTED_EDGE('',*,*,#1920,.F.);
#2568=ORIENTED_EDGE('',*,*,#1900,.F.);
#2569=ORIENTED_EDGE('',*,*,#1922,.T.);
#2570=ORIENTED_EDGE('',*,*,#1923,.T.);
#2571=ORIENTED_EDGE('',*,*,#1924,.T.);
#2572=ORIENTED_EDGE('',*,*,#1925,.T.);
#2573=ORIENTED_EDGE('',*,*,#1926,.T.);
#2574=ORIENTED_EDGE('',*,*,#1909,.T.);
#2575=ORIENTED_EDGE('',*,*,#1915,.F.);
#2576=ORIENTED_EDGE('',*,*,#1876,.F.);
#2577=ORIENTED_EDGE('',*,*,#1927,.T.);
#2578=ORIENTED_EDGE('',*,*,#1910,.F.);
#2579=ORIENTED_EDGE('',*,*,#1926,.F.);
#2580=ORIENTED_EDGE('',*,*,#1875,.F.);
#2581=ORIENTED_EDGE('',*,*,#1928,.T.);
#2582=ORIENTED_EDGE('',*,*,#1929,.T.);
#2583=ORIENTED_EDGE('',*,*,#1930,.T.);
#2584=ORIENTED_EDGE('',*,*,#1931,.T.);
#2585=ORIENTED_EDGE('',*,*,#1932,.T.);
#2586=ORIENTED_EDGE('',*,*,#1933,.T.);
#2587=ORIENTED_EDGE('',*,*,#1934,.T.);
#2588=ORIENTED_EDGE('',*,*,#1935,.T.);
#2589=ORIENTED_EDGE('',*,*,#1936,.T.);
#2590=ORIENTED_EDGE('',*,*,#1932,.F.);
#2591=ORIENTED_EDGE('',*,*,#1937,.T.);
#2592=ORIENTED_EDGE('',*,*,#1938,.T.);
#2593=ORIENTED_EDGE('',*,*,#1939,.T.);
#2594=ORIENTED_EDGE('',*,*,#1935,.F.);
#2595=ORIENTED_EDGE('',*,*,#1940,.T.);
#2596=ORIENTED_EDGE('',*,*,#1941,.T.);
#2597=ORIENTED_EDGE('',*,*,#1942,.T.);
#2598=ORIENTED_EDGE('',*,*,#1943,.F.);
#2599=ORIENTED_EDGE('',*,*,#1944,.T.);
#2600=ORIENTED_EDGE('',*,*,#1938,.F.);
#2601=ORIENTED_EDGE('',*,*,#1945,.T.);
#2602=ORIENTED_EDGE('',*,*,#1946,.T.);
#2603=ORIENTED_EDGE('',*,*,#1947,.T.);
#2604=ORIENTED_EDGE('',*,*,#1941,.F.);
#2605=ORIENTED_EDGE('',*,*,#1948,.T.);
#2606=ORIENTED_EDGE('',*,*,#1946,.F.);
#2607=ORIENTED_EDGE('',*,*,#1949,.T.);
#2608=ORIENTED_EDGE('',*,*,#1950,.T.);
#2609=ORIENTED_EDGE('',*,*,#1951,.T.);
#2610=ORIENTED_EDGE('',*,*,#1950,.F.);
#2611=ORIENTED_EDGE('',*,*,#1952,.T.);
#2612=ORIENTED_EDGE('',*,*,#1953,.T.);
#2613=ORIENTED_EDGE('',*,*,#1940,.F.);
#2614=ORIENTED_EDGE('',*,*,#1937,.F.);
#2615=ORIENTED_EDGE('',*,*,#1954,.F.);
#2616=ORIENTED_EDGE('',*,*,#1955,.F.);
#2617=ORIENTED_EDGE('',*,*,#1956,.F.);
#2618=ORIENTED_EDGE('',*,*,#1957,.T.);
#2619=ORIENTED_EDGE('',*,*,#1934,.F.);
#2620=ORIENTED_EDGE('',*,*,#1958,.T.);
#2621=ORIENTED_EDGE('',*,*,#1959,.F.);
#2622=ORIENTED_EDGE('',*,*,#1960,.T.);
#2623=ORIENTED_EDGE('',*,*,#1961,.F.);
#2624=ORIENTED_EDGE('',*,*,#1962,.T.);
#2625=ORIENTED_EDGE('',*,*,#1963,.F.);
#2626=ORIENTED_EDGE('',*,*,#1964,.T.);
#2627=ORIENTED_EDGE('',*,*,#1965,.F.);
#2628=ORIENTED_EDGE('',*,*,#1966,.T.);
#2629=ORIENTED_EDGE('',*,*,#1967,.F.);
#2630=ORIENTED_EDGE('',*,*,#1968,.T.);
#2631=ORIENTED_EDGE('',*,*,#1969,.F.);
#2632=ORIENTED_EDGE('',*,*,#1970,.T.);
#2633=ORIENTED_EDGE('',*,*,#1971,.F.);
#2634=ORIENTED_EDGE('',*,*,#1972,.T.);
#2635=ORIENTED_EDGE('',*,*,#1973,.F.);
#2636=ORIENTED_EDGE('',*,*,#1974,.T.);
#2637=ORIENTED_EDGE('',*,*,#1975,.F.);
#2638=ORIENTED_EDGE('',*,*,#1976,.T.);
#2639=ORIENTED_EDGE('',*,*,#1977,.F.);
#2640=ORIENTED_EDGE('',*,*,#1978,.F.);
#2641=ORIENTED_EDGE('',*,*,#1979,.F.);
#2642=ORIENTED_EDGE('',*,*,#1980,.T.);
#2643=ORIENTED_EDGE('',*,*,#1981,.F.);
#2644=ORIENTED_EDGE('',*,*,#1982,.T.);
#2645=ORIENTED_EDGE('',*,*,#1983,.F.);
#2646=ORIENTED_EDGE('',*,*,#1954,.T.);
#2647=ORIENTED_EDGE('',*,*,#1933,.F.);
#2648=ORIENTED_EDGE('',*,*,#1936,.F.);
#2649=ORIENTED_EDGE('',*,*,#1984,.T.);
#2650=ORIENTED_EDGE('',*,*,#1985,.F.);
#2651=ORIENTED_EDGE('',*,*,#1986,.T.);
#2652=ORIENTED_EDGE('',*,*,#1947,.F.);
#2653=ORIENTED_EDGE('',*,*,#1987,.F.);
#2654=ORIENTED_EDGE('',*,*,#1942,.F.);
#2655=ORIENTED_EDGE('',*,*,#1939,.F.);
#2656=ORIENTED_EDGE('',*,*,#1944,.F.);
#2657=ORIENTED_EDGE('',*,*,#1984,.F.);
#2658=ORIENTED_EDGE('',*,*,#1988,.T.);
#2659=ORIENTED_EDGE('',*,*,#1989,.T.);
#2660=ORIENTED_EDGE('',*,*,#1961,.T.);
#2661=ORIENTED_EDGE('',*,*,#1990,.T.);
#2662=ORIENTED_EDGE('',*,*,#1991,.T.);
#2663=ORIENTED_EDGE('',*,*,#1988,.F.);
#2664=ORIENTED_EDGE('',*,*,#1992,.T.);
#2665=ORIENTED_EDGE('',*,*,#1993,.T.);
#2666=ORIENTED_EDGE('',*,*,#1994,.T.);
#2667=ORIENTED_EDGE('',*,*,#1990,.F.);
#2668=ORIENTED_EDGE('',*,*,#1995,.T.);
#2669=ORIENTED_EDGE('',*,*,#1996,.T.);
#2670=ORIENTED_EDGE('',*,*,#1997,.T.);
#2671=ORIENTED_EDGE('',*,*,#1998,.F.);
#2672=ORIENTED_EDGE('',*,*,#1999,.T.);
#2673=ORIENTED_EDGE('',*,*,#1993,.F.);
#2674=ORIENTED_EDGE('',*,*,#2000,.T.);
#2675=ORIENTED_EDGE('',*,*,#2001,.T.);
#2676=ORIENTED_EDGE('',*,*,#2002,.T.);
#2677=ORIENTED_EDGE('',*,*,#1996,.F.);
#2678=ORIENTED_EDGE('',*,*,#2003,.T.);
#2679=ORIENTED_EDGE('',*,*,#2001,.F.);
#2680=ORIENTED_EDGE('',*,*,#2004,.T.);
#2681=ORIENTED_EDGE('',*,*,#2005,.T.);
#2682=ORIENTED_EDGE('',*,*,#2006,.T.);
#2683=ORIENTED_EDGE('',*,*,#2005,.F.);
#2684=ORIENTED_EDGE('',*,*,#2007,.T.);
#2685=ORIENTED_EDGE('',*,*,#2008,.T.);
#2686=ORIENTED_EDGE('',*,*,#1995,.F.);
#2687=ORIENTED_EDGE('',*,*,#1992,.F.);
#2688=ORIENTED_EDGE('',*,*,#1960,.F.);
#2689=ORIENTED_EDGE('',*,*,#2009,.F.);
#2690=ORIENTED_EDGE('',*,*,#2010,.F.);
#2691=ORIENTED_EDGE('',*,*,#2011,.T.);
#2692=ORIENTED_EDGE('',*,*,#1989,.F.);
#2693=ORIENTED_EDGE('',*,*,#1991,.F.);
#2694=ORIENTED_EDGE('',*,*,#2012,.T.);
#2695=ORIENTED_EDGE('',*,*,#2013,.F.);
#2696=ORIENTED_EDGE('',*,*,#2014,.T.);
#2697=ORIENTED_EDGE('',*,*,#2002,.F.);
#2698=ORIENTED_EDGE('',*,*,#2015,.F.);
#2699=ORIENTED_EDGE('',*,*,#1997,.F.);
#2700=ORIENTED_EDGE('',*,*,#1994,.F.);
#2701=ORIENTED_EDGE('',*,*,#1999,.F.);
#2702=ORIENTED_EDGE('',*,*,#2012,.F.);
#2703=ORIENTED_EDGE('',*,*,#2016,.T.);
#2704=ORIENTED_EDGE('',*,*,#2017,.T.);
#2705=ORIENTED_EDGE('',*,*,#1965,.T.);
#2706=ORIENTED_EDGE('',*,*,#2018,.T.);
#2707=ORIENTED_EDGE('',*,*,#2019,.T.);
#2708=ORIENTED_EDGE('',*,*,#2016,.F.);
#2709=ORIENTED_EDGE('',*,*,#2020,.T.);
#2710=ORIENTED_EDGE('',*,*,#2021,.T.);
#2711=ORIENTED_EDGE('',*,*,#2022,.T.);
#2712=ORIENTED_EDGE('',*,*,#2018,.F.);
#2713=ORIENTED_EDGE('',*,*,#2023,.T.);
#2714=ORIENTED_EDGE('',*,*,#2024,.T.);
#2715=ORIENTED_EDGE('',*,*,#2025,.T.);
#2716=ORIENTED_EDGE('',*,*,#2026,.F.);
#2717=ORIENTED_EDGE('',*,*,#2027,.T.);
#2718=ORIENTED_EDGE('',*,*,#2021,.F.);
#2719=ORIENTED_EDGE('',*,*,#2028,.T.);
#2720=ORIENTED_EDGE('',*,*,#2029,.T.);
#2721=ORIENTED_EDGE('',*,*,#2030,.T.);
#2722=ORIENTED_EDGE('',*,*,#2024,.F.);
#2723=ORIENTED_EDGE('',*,*,#2031,.T.);
#2724=ORIENTED_EDGE('',*,*,#2029,.F.);
#2725=ORIENTED_EDGE('',*,*,#2032,.T.);
#2726=ORIENTED_EDGE('',*,*,#2033,.T.);
#2727=ORIENTED_EDGE('',*,*,#2034,.T.);
#2728=ORIENTED_EDGE('',*,*,#2033,.F.);
#2729=ORIENTED_EDGE('',*,*,#2035,.T.);
#2730=ORIENTED_EDGE('',*,*,#2036,.T.);
#2731=ORIENTED_EDGE('',*,*,#2023,.F.);
#2732=ORIENTED_EDGE('',*,*,#2020,.F.);
#2733=ORIENTED_EDGE('',*,*,#1964,.F.);
#2734=ORIENTED_EDGE('',*,*,#2037,.F.);
#2735=ORIENTED_EDGE('',*,*,#2038,.F.);
#2736=ORIENTED_EDGE('',*,*,#2039,.T.);
#2737=ORIENTED_EDGE('',*,*,#2017,.F.);
#2738=ORIENTED_EDGE('',*,*,#2019,.F.);
#2739=ORIENTED_EDGE('',*,*,#2040,.T.);
#2740=ORIENTED_EDGE('',*,*,#2041,.F.);
#2741=ORIENTED_EDGE('',*,*,#2042,.T.);
#2742=ORIENTED_EDGE('',*,*,#2030,.F.);
#2743=ORIENTED_EDGE('',*,*,#2043,.F.);
#2744=ORIENTED_EDGE('',*,*,#2025,.F.);
#2745=ORIENTED_EDGE('',*,*,#2022,.F.);
#2746=ORIENTED_EDGE('',*,*,#2027,.F.);
#2747=ORIENTED_EDGE('',*,*,#2040,.F.);
#2748=ORIENTED_EDGE('',*,*,#2044,.T.);
#2749=ORIENTED_EDGE('',*,*,#2045,.T.);
#2750=ORIENTED_EDGE('',*,*,#2046,.T.);
#2751=ORIENTED_EDGE('',*,*,#2047,.T.);
#2752=ORIENTED_EDGE('',*,*,#2046,.F.);
#2753=ORIENTED_EDGE('',*,*,#2048,.T.);
#2754=ORIENTED_EDGE('',*,*,#2049,.T.);
#2755=ORIENTED_EDGE('',*,*,#2050,.T.);
#2756=ORIENTED_EDGE('',*,*,#2049,.F.);
#2757=ORIENTED_EDGE('',*,*,#2051,.T.);
#2758=ORIENTED_EDGE('',*,*,#2052,.F.);
#2759=ORIENTED_EDGE('',*,*,#2053,.T.);
#2760=ORIENTED_EDGE('',*,*,#2054,.T.);
#2761=ORIENTED_EDGE('',*,*,#2055,.T.);
#2762=ORIENTED_EDGE('',*,*,#1969,.T.);
#2763=ORIENTED_EDGE('',*,*,#2056,.T.);
#2764=ORIENTED_EDGE('',*,*,#2057,.T.);
#2765=ORIENTED_EDGE('',*,*,#2054,.F.);
#2766=ORIENTED_EDGE('',*,*,#2058,.T.);
#2767=ORIENTED_EDGE('',*,*,#2059,.T.);
#2768=ORIENTED_EDGE('',*,*,#2060,.T.);
#2769=ORIENTED_EDGE('',*,*,#2056,.F.);
#2770=ORIENTED_EDGE('',*,*,#2061,.T.);
#2771=ORIENTED_EDGE('',*,*,#2062,.T.);
#2772=ORIENTED_EDGE('',*,*,#2063,.T.);
#2773=ORIENTED_EDGE('',*,*,#2059,.F.);
#2774=ORIENTED_EDGE('',*,*,#2064,.T.);
#2775=ORIENTED_EDGE('',*,*,#2065,.T.);
#2776=ORIENTED_EDGE('',*,*,#2066,.T.);
#2777=ORIENTED_EDGE('',*,*,#2062,.F.);
#2778=ORIENTED_EDGE('',*,*,#2067,.T.);
#2779=ORIENTED_EDGE('',*,*,#2065,.F.);
#2780=ORIENTED_EDGE('',*,*,#2068,.T.);
#2781=ORIENTED_EDGE('',*,*,#2044,.F.);
#2782=ORIENTED_EDGE('',*,*,#2069,.T.);
#2783=ORIENTED_EDGE('',*,*,#2052,.T.);
#2784=ORIENTED_EDGE('',*,*,#2070,.T.);
#2785=ORIENTED_EDGE('',*,*,#2071,.T.);
#2786=ORIENTED_EDGE('',*,*,#2072,.T.);
#2787=ORIENTED_EDGE('',*,*,#2071,.F.);
#2788=ORIENTED_EDGE('',*,*,#2073,.T.);
#2789=ORIENTED_EDGE('',*,*,#2074,.T.);
#2790=ORIENTED_EDGE('',*,*,#2055,.F.);
#2791=ORIENTED_EDGE('',*,*,#2057,.F.);
#2792=ORIENTED_EDGE('',*,*,#2060,.F.);
#2793=ORIENTED_EDGE('',*,*,#2075,.F.);
#2794=ORIENTED_EDGE('',*,*,#2076,.T.);
#2795=ORIENTED_EDGE('',*,*,#2063,.F.);
#2796=ORIENTED_EDGE('',*,*,#2077,.F.);
#2797=ORIENTED_EDGE('',*,*,#2078,.T.);
#2798=ORIENTED_EDGE('',*,*,#2075,.T.);
#2799=ORIENTED_EDGE('',*,*,#2066,.F.);
#2800=ORIENTED_EDGE('',*,*,#2069,.F.);
#2801=ORIENTED_EDGE('',*,*,#2079,.T.);
#2802=ORIENTED_EDGE('',*,*,#2080,.T.);
#2803=ORIENTED_EDGE('',*,*,#2077,.T.);
#2804=ORIENTED_EDGE('',*,*,#2047,.F.);
#2805=ORIENTED_EDGE('',*,*,#2050,.F.);
#2806=ORIENTED_EDGE('',*,*,#2081,.T.);
#2807=ORIENTED_EDGE('',*,*,#2082,.T.);
#2808=ORIENTED_EDGE('',*,*,#2079,.F.);
#2809=ORIENTED_EDGE('',*,*,#2083,.T.);
#2810=ORIENTED_EDGE('',*,*,#2084,.T.);
#2811=ORIENTED_EDGE('',*,*,#2081,.F.);
#2812=ORIENTED_EDGE('',*,*,#2053,.F.);
#2813=ORIENTED_EDGE('',*,*,#2072,.F.);
#2814=ORIENTED_EDGE('',*,*,#2085,.T.);
#2815=ORIENTED_EDGE('',*,*,#2086,.T.);
#2816=ORIENTED_EDGE('',*,*,#2083,.F.);
#2817=ORIENTED_EDGE('',*,*,#2087,.T.);
#2818=ORIENTED_EDGE('',*,*,#2088,.T.);
#2819=ORIENTED_EDGE('',*,*,#1973,.T.);
#2820=ORIENTED_EDGE('',*,*,#2087,.F.);
#2821=ORIENTED_EDGE('',*,*,#2089,.T.);
#2822=ORIENTED_EDGE('',*,*,#2090,.T.);
#2823=ORIENTED_EDGE('',*,*,#2091,.T.);
#2824=ORIENTED_EDGE('',*,*,#2092,.T.);
#2825=ORIENTED_EDGE('',*,*,#2093,.T.);
#2826=ORIENTED_EDGE('',*,*,#2090,.F.);
#2827=ORIENTED_EDGE('',*,*,#2094,.T.);
#2828=ORIENTED_EDGE('',*,*,#2095,.T.);
#2829=ORIENTED_EDGE('',*,*,#2096,.T.);
#2830=ORIENTED_EDGE('',*,*,#2097,.F.);
#2831=ORIENTED_EDGE('',*,*,#2098,.T.);
#2832=ORIENTED_EDGE('',*,*,#2092,.F.);
#2833=ORIENTED_EDGE('',*,*,#2099,.T.);
#2834=ORIENTED_EDGE('',*,*,#2100,.T.);
#2835=ORIENTED_EDGE('',*,*,#2101,.T.);
#2836=ORIENTED_EDGE('',*,*,#2095,.F.);
#2837=ORIENTED_EDGE('',*,*,#2102,.T.);
#2838=ORIENTED_EDGE('',*,*,#2100,.F.);
#2839=ORIENTED_EDGE('',*,*,#2103,.T.);
#2840=ORIENTED_EDGE('',*,*,#2104,.T.);
#2841=ORIENTED_EDGE('',*,*,#2105,.T.);
#2842=ORIENTED_EDGE('',*,*,#2104,.F.);
#2843=ORIENTED_EDGE('',*,*,#2106,.T.);
#2844=ORIENTED_EDGE('',*,*,#2107,.T.);
#2845=ORIENTED_EDGE('',*,*,#2094,.F.);
#2846=ORIENTED_EDGE('',*,*,#2089,.F.);
#2847=ORIENTED_EDGE('',*,*,#1972,.F.);
#2848=ORIENTED_EDGE('',*,*,#2108,.F.);
#2849=ORIENTED_EDGE('',*,*,#2109,.T.);
#2850=ORIENTED_EDGE('',*,*,#2088,.F.);
#2851=ORIENTED_EDGE('',*,*,#2091,.F.);
#2852=ORIENTED_EDGE('',*,*,#2110,.T.);
#2853=ORIENTED_EDGE('',*,*,#2111,.F.);
#2854=ORIENTED_EDGE('',*,*,#2112,.T.);
#2855=ORIENTED_EDGE('',*,*,#2101,.F.);
#2856=ORIENTED_EDGE('',*,*,#2113,.F.);
#2857=ORIENTED_EDGE('',*,*,#2096,.F.);
#2858=ORIENTED_EDGE('',*,*,#2093,.F.);
#2859=ORIENTED_EDGE('',*,*,#2098,.F.);
#2860=ORIENTED_EDGE('',*,*,#2110,.F.);
#2861=ORIENTED_EDGE('',*,*,#2114,.T.);
#2862=ORIENTED_EDGE('',*,*,#2115,.T.);
#2863=ORIENTED_EDGE('',*,*,#1975,.T.);
#2864=ORIENTED_EDGE('',*,*,#2116,.T.);
#2865=ORIENTED_EDGE('',*,*,#2117,.T.);
#2866=ORIENTED_EDGE('',*,*,#2114,.F.);
#2867=ORIENTED_EDGE('',*,*,#2118,.T.);
#2868=ORIENTED_EDGE('',*,*,#2119,.T.);
#2869=ORIENTED_EDGE('',*,*,#2120,.T.);
#2870=ORIENTED_EDGE('',*,*,#2121,.T.);
#2871=ORIENTED_EDGE('',*,*,#2122,.T.);
#2872=ORIENTED_EDGE('',*,*,#2119,.F.);
#2873=ORIENTED_EDGE('',*,*,#2123,.T.);
#2874=ORIENTED_EDGE('',*,*,#2116,.F.);
#2875=ORIENTED_EDGE('',*,*,#2124,.T.);
#2876=ORIENTED_EDGE('',*,*,#2125,.T.);
#2877=ORIENTED_EDGE('',*,*,#2126,.T.);
#2878=ORIENTED_EDGE('',*,*,#2127,.T.);
#2879=ORIENTED_EDGE('',*,*,#2128,.T.);
#2880=ORIENTED_EDGE('',*,*,#2127,.F.);
#2881=ORIENTED_EDGE('',*,*,#2129,.T.);
#2882=ORIENTED_EDGE('',*,*,#2130,.T.);
#2883=ORIENTED_EDGE('',*,*,#2125,.F.);
#2884=ORIENTED_EDGE('',*,*,#2131,.T.);
#2885=ORIENTED_EDGE('',*,*,#2121,.F.);
#2886=ORIENTED_EDGE('',*,*,#2132,.T.);
#2887=ORIENTED_EDGE('',*,*,#2115,.F.);
#2888=ORIENTED_EDGE('',*,*,#2117,.F.);
#2889=ORIENTED_EDGE('',*,*,#2123,.F.);
#2890=ORIENTED_EDGE('',*,*,#2133,.F.);
#2891=ORIENTED_EDGE('',*,*,#2134,.T.);
#2892=ORIENTED_EDGE('',*,*,#2122,.F.);
#2893=ORIENTED_EDGE('',*,*,#2135,.F.);
#2894=ORIENTED_EDGE('',*,*,#2136,.T.);
#2895=ORIENTED_EDGE('',*,*,#2133,.T.);
#2896=ORIENTED_EDGE('',*,*,#2131,.F.);
#2897=ORIENTED_EDGE('',*,*,#2128,.F.);
#2898=ORIENTED_EDGE('',*,*,#2130,.F.);
#2899=ORIENTED_EDGE('',*,*,#2137,.T.);
#2900=ORIENTED_EDGE('',*,*,#2135,.T.);
#2901=ORIENTED_EDGE('',*,*,#2138,.T.);
#2902=ORIENTED_EDGE('',*,*,#2139,.T.);
#2903=ORIENTED_EDGE('',*,*,#2140,.T.);
#2904=ORIENTED_EDGE('',*,*,#2141,.T.);
#2905=ORIENTED_EDGE('',*,*,#2142,.T.);
#2906=ORIENTED_EDGE('',*,*,#2138,.F.);
#2907=ORIENTED_EDGE('',*,*,#1977,.T.);
#2908=ORIENTED_EDGE('',*,*,#2143,.T.);
#2909=ORIENTED_EDGE('',*,*,#2144,.T.);
#2910=ORIENTED_EDGE('',*,*,#2141,.F.);
#2911=ORIENTED_EDGE('',*,*,#2145,.T.);
#2912=ORIENTED_EDGE('',*,*,#2146,.T.);
#2913=ORIENTED_EDGE('',*,*,#2147,.T.);
#2914=ORIENTED_EDGE('',*,*,#2143,.F.);
#2915=ORIENTED_EDGE('',*,*,#2148,.T.);
#2916=ORIENTED_EDGE('',*,*,#2149,.T.);
#2917=ORIENTED_EDGE('',*,*,#2150,.T.);
#2918=ORIENTED_EDGE('',*,*,#2146,.F.);
#2919=ORIENTED_EDGE('',*,*,#2151,.T.);
#2920=ORIENTED_EDGE('',*,*,#2152,.T.);
#2921=ORIENTED_EDGE('',*,*,#2153,.T.);
#2922=ORIENTED_EDGE('',*,*,#2149,.F.);
#2923=ORIENTED_EDGE('',*,*,#2154,.T.);
#2924=ORIENTED_EDGE('',*,*,#2152,.F.);
#2925=ORIENTED_EDGE('',*,*,#2155,.T.);
#2926=ORIENTED_EDGE('',*,*,#2156,.T.);
#2927=ORIENTED_EDGE('',*,*,#2157,.T.);
#2928=ORIENTED_EDGE('',*,*,#2156,.F.);
#2929=ORIENTED_EDGE('',*,*,#2158,.T.);
#2930=ORIENTED_EDGE('',*,*,#2159,.T.);
#2931=ORIENTED_EDGE('',*,*,#2160,.T.);
#2932=ORIENTED_EDGE('',*,*,#2159,.F.);
#2933=ORIENTED_EDGE('',*,*,#2161,.T.);
#2934=ORIENTED_EDGE('',*,*,#2162,.T.);
#2935=ORIENTED_EDGE('',*,*,#2106,.F.);
#2936=ORIENTED_EDGE('',*,*,#2163,.F.);
#2937=ORIENTED_EDGE('',*,*,#2164,.F.);
#2938=ORIENTED_EDGE('',*,*,#2165,.F.);
#2939=ORIENTED_EDGE('',*,*,#2084,.F.);
#2940=ORIENTED_EDGE('',*,*,#2166,.T.);
#2941=ORIENTED_EDGE('',*,*,#2158,.F.);
#2942=ORIENTED_EDGE('',*,*,#2167,.F.);
#2943=ORIENTED_EDGE('',*,*,#2129,.F.);
#2944=ORIENTED_EDGE('',*,*,#2168,.F.);
#2945=ORIENTED_EDGE('',*,*,#2155,.F.);
#2946=ORIENTED_EDGE('',*,*,#2154,.F.);
#2947=ORIENTED_EDGE('',*,*,#2169,.F.);
#2948=ORIENTED_EDGE('',*,*,#2137,.F.);
#2949=ORIENTED_EDGE('',*,*,#2167,.T.);
#2950=ORIENTED_EDGE('',*,*,#2151,.F.);
#2951=ORIENTED_EDGE('',*,*,#2170,.F.);
#2952=ORIENTED_EDGE('',*,*,#2136,.F.);
#2953=ORIENTED_EDGE('',*,*,#2169,.T.);
#2954=ORIENTED_EDGE('',*,*,#2148,.F.);
#2955=ORIENTED_EDGE('',*,*,#2145,.F.);
#2956=ORIENTED_EDGE('',*,*,#1976,.F.);
#2957=ORIENTED_EDGE('',*,*,#2134,.F.);
#2958=ORIENTED_EDGE('',*,*,#2170,.T.);
#2959=ORIENTED_EDGE('',*,*,#2140,.F.);
#2960=ORIENTED_EDGE('',*,*,#2171,.F.);
#2961=ORIENTED_EDGE('',*,*,#2172,.F.);
#2962=ORIENTED_EDGE('',*,*,#1978,.T.);
#2963=ORIENTED_EDGE('',*,*,#2173,.T.);
#2964=ORIENTED_EDGE('',*,*,#1971,.T.);
#2965=ORIENTED_EDGE('',*,*,#2174,.T.);
#2966=ORIENTED_EDGE('',*,*,#2175,.T.);
#2967=ORIENTED_EDGE('',*,*,#2108,.T.);
#2968=ORIENTED_EDGE('',*,*,#2173,.F.);
#2969=ORIENTED_EDGE('',*,*,#2176,.T.);
#2970=ORIENTED_EDGE('',*,*,#2177,.T.);
#2971=ORIENTED_EDGE('',*,*,#2178,.T.);
#2972=ORIENTED_EDGE('',*,*,#2175,.F.);
#2973=ORIENTED_EDGE('',*,*,#2179,.T.);
#2974=ORIENTED_EDGE('',*,*,#2180,.T.);
#2975=ORIENTED_EDGE('',*,*,#2181,.T.);
#2976=ORIENTED_EDGE('',*,*,#2177,.F.);
#2977=ORIENTED_EDGE('',*,*,#2182,.T.);
#2978=ORIENTED_EDGE('',*,*,#2183,.T.);
#2979=ORIENTED_EDGE('',*,*,#2184,.T.);
#2980=ORIENTED_EDGE('',*,*,#2185,.T.);
#2981=ORIENTED_EDGE('',*,*,#2186,.T.);
#2982=ORIENTED_EDGE('',*,*,#2183,.F.);
#2983=ORIENTED_EDGE('',*,*,#2187,.T.);
#2984=ORIENTED_EDGE('',*,*,#2164,.T.);
#2985=ORIENTED_EDGE('',*,*,#2185,.F.);
#2986=ORIENTED_EDGE('',*,*,#2188,.T.);
#2987=ORIENTED_EDGE('',*,*,#2180,.F.);
#2988=ORIENTED_EDGE('',*,*,#2189,.T.);
#2989=ORIENTED_EDGE('',*,*,#2099,.F.);
#2990=ORIENTED_EDGE('',*,*,#2109,.F.);
#2991=ORIENTED_EDGE('',*,*,#2178,.F.);
#2992=ORIENTED_EDGE('',*,*,#2181,.F.);
#2993=ORIENTED_EDGE('',*,*,#2188,.F.);
#2994=ORIENTED_EDGE('',*,*,#2190,.T.);
#2995=ORIENTED_EDGE('',*,*,#2102,.F.);
#2996=ORIENTED_EDGE('',*,*,#2190,.F.);
#2997=ORIENTED_EDGE('',*,*,#2184,.F.);
#2998=ORIENTED_EDGE('',*,*,#2163,.T.);
#2999=ORIENTED_EDGE('',*,*,#2103,.F.);
#3000=ORIENTED_EDGE('',*,*,#2191,.T.);
#3001=ORIENTED_EDGE('',*,*,#2192,.T.);
#3002=ORIENTED_EDGE('',*,*,#2193,.T.);
#3003=ORIENTED_EDGE('',*,*,#2194,.T.);
#3004=ORIENTED_EDGE('',*,*,#2193,.F.);
#3005=ORIENTED_EDGE('',*,*,#2195,.T.);
#3006=ORIENTED_EDGE('',*,*,#2196,.F.);
#3007=ORIENTED_EDGE('',*,*,#2197,.T.);
#3008=ORIENTED_EDGE('',*,*,#2198,.T.);
#3009=ORIENTED_EDGE('',*,*,#1967,.T.);
#3010=ORIENTED_EDGE('',*,*,#2199,.T.);
#3011=ORIENTED_EDGE('',*,*,#2200,.T.);
#3012=ORIENTED_EDGE('',*,*,#2201,.T.);
#3013=ORIENTED_EDGE('',*,*,#2198,.F.);
#3014=ORIENTED_EDGE('',*,*,#2202,.T.);
#3015=ORIENTED_EDGE('',*,*,#2203,.T.);
#3016=ORIENTED_EDGE('',*,*,#2204,.T.);
#3017=ORIENTED_EDGE('',*,*,#2200,.F.);
#3018=ORIENTED_EDGE('',*,*,#2205,.T.);
#3019=ORIENTED_EDGE('',*,*,#2206,.T.);
#3020=ORIENTED_EDGE('',*,*,#2207,.T.);
#3021=ORIENTED_EDGE('',*,*,#2203,.F.);
#3022=ORIENTED_EDGE('',*,*,#2208,.T.);
#3023=ORIENTED_EDGE('',*,*,#2209,.T.);
#3024=ORIENTED_EDGE('',*,*,#2210,.T.);
#3025=ORIENTED_EDGE('',*,*,#2206,.F.);
#3026=ORIENTED_EDGE('',*,*,#2211,.T.);
#3027=ORIENTED_EDGE('',*,*,#2212,.T.);
#3028=ORIENTED_EDGE('',*,*,#2213,.T.);
#3029=ORIENTED_EDGE('',*,*,#2209,.F.);
#3030=ORIENTED_EDGE('',*,*,#2214,.T.);
#3031=ORIENTED_EDGE('',*,*,#2212,.F.);
#3032=ORIENTED_EDGE('',*,*,#2215,.T.);
#3033=ORIENTED_EDGE('',*,*,#2191,.F.);
#3034=ORIENTED_EDGE('',*,*,#2216,.T.);
#3035=ORIENTED_EDGE('',*,*,#2196,.T.);
#3036=ORIENTED_EDGE('',*,*,#2217,.T.);
#3037=ORIENTED_EDGE('',*,*,#2218,.T.);
#3038=ORIENTED_EDGE('',*,*,#2219,.T.);
#3039=ORIENTED_EDGE('',*,*,#2218,.F.);
#3040=ORIENTED_EDGE('',*,*,#2220,.T.);
#3041=ORIENTED_EDGE('',*,*,#2221,.T.);
#3042=ORIENTED_EDGE('',*,*,#2202,.F.);
#3043=ORIENTED_EDGE('',*,*,#2199,.F.);
#3044=ORIENTED_EDGE('',*,*,#2222,.T.);
#3045=ORIENTED_EDGE('',*,*,#2223,.T.);
#3046=ORIENTED_EDGE('',*,*,#2224,.T.);
#3047=ORIENTED_EDGE('',*,*,#2058,.F.);
#3048=ORIENTED_EDGE('',*,*,#1968,.F.);
#3049=ORIENTED_EDGE('',*,*,#2201,.F.);
#3050=ORIENTED_EDGE('',*,*,#2204,.F.);
#3051=ORIENTED_EDGE('',*,*,#2225,.T.);
#3052=ORIENTED_EDGE('',*,*,#2061,.F.);
#3053=ORIENTED_EDGE('',*,*,#2225,.F.);
#3054=ORIENTED_EDGE('',*,*,#2207,.F.);
#3055=ORIENTED_EDGE('',*,*,#2226,.T.);
#3056=ORIENTED_EDGE('',*,*,#2067,.F.);
#3057=ORIENTED_EDGE('',*,*,#2064,.F.);
#3058=ORIENTED_EDGE('',*,*,#2068,.F.);
#3059=ORIENTED_EDGE('',*,*,#2226,.F.);
#3060=ORIENTED_EDGE('',*,*,#2210,.F.);
#3061=ORIENTED_EDGE('',*,*,#2213,.F.);
#3062=ORIENTED_EDGE('',*,*,#2227,.T.);
#3063=ORIENTED_EDGE('',*,*,#2045,.F.);
#3064=ORIENTED_EDGE('',*,*,#2048,.F.);
#3065=ORIENTED_EDGE('',*,*,#2227,.F.);
#3066=ORIENTED_EDGE('',*,*,#2216,.F.);
#3067=ORIENTED_EDGE('',*,*,#2194,.F.);
#3068=ORIENTED_EDGE('',*,*,#2197,.F.);
#3069=ORIENTED_EDGE('',*,*,#2228,.T.);
#3070=ORIENTED_EDGE('',*,*,#2051,.F.);
#3071=ORIENTED_EDGE('',*,*,#2219,.F.);
#3072=ORIENTED_EDGE('',*,*,#2221,.F.);
#3073=ORIENTED_EDGE('',*,*,#2229,.T.);
#3074=ORIENTED_EDGE('',*,*,#2073,.F.);
#3075=ORIENTED_EDGE('',*,*,#2070,.F.);
#3076=ORIENTED_EDGE('',*,*,#2228,.F.);
#3077=ORIENTED_EDGE('',*,*,#2230,.T.);
#3078=ORIENTED_EDGE('',*,*,#1963,.T.);
#3079=ORIENTED_EDGE('',*,*,#2231,.T.);
#3080=ORIENTED_EDGE('',*,*,#2232,.T.);
#3081=ORIENTED_EDGE('',*,*,#2037,.T.);
#3082=ORIENTED_EDGE('',*,*,#2230,.F.);
#3083=ORIENTED_EDGE('',*,*,#2233,.T.);
#3084=ORIENTED_EDGE('',*,*,#2234,.T.);
#3085=ORIENTED_EDGE('',*,*,#2038,.T.);
#3086=ORIENTED_EDGE('',*,*,#2232,.F.);
#3087=ORIENTED_EDGE('',*,*,#2235,.T.);
#3088=ORIENTED_EDGE('',*,*,#2236,.T.);
#3089=ORIENTED_EDGE('',*,*,#2237,.T.);
#3090=ORIENTED_EDGE('',*,*,#2234,.F.);
#3091=ORIENTED_EDGE('',*,*,#2238,.T.);
#3092=ORIENTED_EDGE('',*,*,#2239,.F.);
#3093=ORIENTED_EDGE('',*,*,#2240,.T.);
#3094=ORIENTED_EDGE('',*,*,#2241,.T.);
#3095=ORIENTED_EDGE('',*,*,#2242,.T.);
#3096=ORIENTED_EDGE('',*,*,#2236,.F.);
#3097=ORIENTED_EDGE('',*,*,#2243,.T.);
#3098=ORIENTED_EDGE('',*,*,#2241,.F.);
#3099=ORIENTED_EDGE('',*,*,#2244,.T.);
#3100=ORIENTED_EDGE('',*,*,#2245,.T.);
#3101=ORIENTED_EDGE('',*,*,#2246,.T.);
#3102=ORIENTED_EDGE('',*,*,#2245,.F.);
#3103=ORIENTED_EDGE('',*,*,#2247,.T.);
#3104=ORIENTED_EDGE('',*,*,#2248,.T.);
#3105=ORIENTED_EDGE('',*,*,#2031,.F.);
#3106=ORIENTED_EDGE('',*,*,#2249,.F.);
#3107=ORIENTED_EDGE('',*,*,#2242,.F.);
#3108=ORIENTED_EDGE('',*,*,#2246,.F.);
#3109=ORIENTED_EDGE('',*,*,#2250,.T.);
#3110=ORIENTED_EDGE('',*,*,#2032,.F.);
#3111=ORIENTED_EDGE('',*,*,#1952,.F.);
#3112=ORIENTED_EDGE('',*,*,#2251,.F.);
#3113=ORIENTED_EDGE('',*,*,#2252,.F.);
#3114=ORIENTED_EDGE('',*,*,#2253,.F.);
#3115=ORIENTED_EDGE('',*,*,#2254,.F.);
#3116=ORIENTED_EDGE('',*,*,#2255,.F.);
#3117=ORIENTED_EDGE('',*,*,#2256,.F.);
#3118=ORIENTED_EDGE('',*,*,#2257,.T.);
#3119=ORIENTED_EDGE('',*,*,#2258,.F.);
#3120=ORIENTED_EDGE('',*,*,#2259,.F.);
#3121=ORIENTED_EDGE('',*,*,#2035,.F.);
#3122=ORIENTED_EDGE('',*,*,#2250,.F.);
#3123=ORIENTED_EDGE('',*,*,#2248,.F.);
#3124=ORIENTED_EDGE('',*,*,#2260,.F.);
#3125=ORIENTED_EDGE('',*,*,#2007,.F.);
#3126=ORIENTED_EDGE('',*,*,#2261,.F.);
#3127=ORIENTED_EDGE('',*,*,#2262,.F.);
#3128=ORIENTED_EDGE('',*,*,#2263,.F.);
#3129=ORIENTED_EDGE('',*,*,#2247,.F.);
#3130=ORIENTED_EDGE('',*,*,#2244,.F.);
#3131=ORIENTED_EDGE('',*,*,#2264,.T.);
#3132=ORIENTED_EDGE('',*,*,#2265,.F.);
#3133=ORIENTED_EDGE('',*,*,#2266,.T.);
#3134=ORIENTED_EDGE('',*,*,#2235,.F.);
#3135=ORIENTED_EDGE('',*,*,#2267,.F.);
#3136=ORIENTED_EDGE('',*,*,#2238,.F.);
#3137=ORIENTED_EDGE('',*,*,#2243,.F.);
#3138=ORIENTED_EDGE('',*,*,#2240,.F.);
#3139=ORIENTED_EDGE('',*,*,#2264,.F.);
#3140=ORIENTED_EDGE('',*,*,#2268,.T.);
#3141=ORIENTED_EDGE('',*,*,#1959,.T.);
#3142=ORIENTED_EDGE('',*,*,#2269,.T.);
#3143=ORIENTED_EDGE('',*,*,#2270,.T.);
#3144=ORIENTED_EDGE('',*,*,#2009,.T.);
#3145=ORIENTED_EDGE('',*,*,#2268,.F.);
#3146=ORIENTED_EDGE('',*,*,#2271,.T.);
#3147=ORIENTED_EDGE('',*,*,#2272,.T.);
#3148=ORIENTED_EDGE('',*,*,#2010,.T.);
#3149=ORIENTED_EDGE('',*,*,#2270,.F.);
#3150=ORIENTED_EDGE('',*,*,#2273,.T.);
#3151=ORIENTED_EDGE('',*,*,#2274,.T.);
#3152=ORIENTED_EDGE('',*,*,#2275,.T.);
#3153=ORIENTED_EDGE('',*,*,#2272,.F.);
#3154=ORIENTED_EDGE('',*,*,#2276,.T.);
#3155=ORIENTED_EDGE('',*,*,#2277,.F.);
#3156=ORIENTED_EDGE('',*,*,#2278,.T.);
#3157=ORIENTED_EDGE('',*,*,#2279,.T.);
#3158=ORIENTED_EDGE('',*,*,#2280,.T.);
#3159=ORIENTED_EDGE('',*,*,#2274,.F.);
#3160=ORIENTED_EDGE('',*,*,#2281,.T.);
#3161=ORIENTED_EDGE('',*,*,#2279,.F.);
#3162=ORIENTED_EDGE('',*,*,#2282,.T.);
#3163=ORIENTED_EDGE('',*,*,#2283,.T.);
#3164=ORIENTED_EDGE('',*,*,#2284,.T.);
#3165=ORIENTED_EDGE('',*,*,#2283,.F.);
#3166=ORIENTED_EDGE('',*,*,#2285,.T.);
#3167=ORIENTED_EDGE('',*,*,#2262,.T.);
#3168=ORIENTED_EDGE('',*,*,#2003,.F.);
#3169=ORIENTED_EDGE('',*,*,#2286,.F.);
#3170=ORIENTED_EDGE('',*,*,#2280,.F.);
#3171=ORIENTED_EDGE('',*,*,#2284,.F.);
#3172=ORIENTED_EDGE('',*,*,#2261,.T.);
#3173=ORIENTED_EDGE('',*,*,#2004,.F.);
#3174=ORIENTED_EDGE('',*,*,#2285,.F.);
#3175=ORIENTED_EDGE('',*,*,#2282,.F.);
#3176=ORIENTED_EDGE('',*,*,#2287,.T.);
#3177=ORIENTED_EDGE('',*,*,#2288,.F.);
#3178=ORIENTED_EDGE('',*,*,#2289,.T.);
#3179=ORIENTED_EDGE('',*,*,#2273,.F.);
#3180=ORIENTED_EDGE('',*,*,#2290,.F.);
#3181=ORIENTED_EDGE('',*,*,#2276,.F.);
#3182=ORIENTED_EDGE('',*,*,#2281,.F.);
#3183=ORIENTED_EDGE('',*,*,#2278,.F.);
#3184=ORIENTED_EDGE('',*,*,#2287,.F.);
#3185=ORIENTED_EDGE('',*,*,#2291,.T.);
#3186=ORIENTED_EDGE('',*,*,#1983,.T.);
#3187=ORIENTED_EDGE('',*,*,#2292,.T.);
#3188=ORIENTED_EDGE('',*,*,#2293,.T.);
#3189=ORIENTED_EDGE('',*,*,#1955,.T.);
#3190=ORIENTED_EDGE('',*,*,#2291,.F.);
#3191=ORIENTED_EDGE('',*,*,#2294,.T.);
#3192=ORIENTED_EDGE('',*,*,#2295,.T.);
#3193=ORIENTED_EDGE('',*,*,#1956,.T.);
#3194=ORIENTED_EDGE('',*,*,#2293,.F.);
#3195=ORIENTED_EDGE('',*,*,#2296,.T.);
#3196=ORIENTED_EDGE('',*,*,#2297,.T.);
#3197=ORIENTED_EDGE('',*,*,#2298,.T.);
#3198=ORIENTED_EDGE('',*,*,#2295,.F.);
#3199=ORIENTED_EDGE('',*,*,#2299,.T.);
#3200=ORIENTED_EDGE('',*,*,#2300,.F.);
#3201=ORIENTED_EDGE('',*,*,#2301,.T.);
#3202=ORIENTED_EDGE('',*,*,#2302,.T.);
#3203=ORIENTED_EDGE('',*,*,#2303,.T.);
#3204=ORIENTED_EDGE('',*,*,#2297,.F.);
#3205=ORIENTED_EDGE('',*,*,#2304,.T.);
#3206=ORIENTED_EDGE('',*,*,#2305,.T.);
#3207=ORIENTED_EDGE('',*,*,#2306,.T.);
#3208=ORIENTED_EDGE('',*,*,#2302,.F.);
#3209=ORIENTED_EDGE('',*,*,#2307,.T.);
#3210=ORIENTED_EDGE('',*,*,#2305,.F.);
#3211=ORIENTED_EDGE('',*,*,#2308,.T.);
#3212=ORIENTED_EDGE('',*,*,#2252,.T.);
#3213=ORIENTED_EDGE('',*,*,#1948,.F.);
#3214=ORIENTED_EDGE('',*,*,#2309,.F.);
#3215=ORIENTED_EDGE('',*,*,#2303,.F.);
#3216=ORIENTED_EDGE('',*,*,#2306,.F.);
#3217=ORIENTED_EDGE('',*,*,#2251,.T.);
#3218=ORIENTED_EDGE('',*,*,#1949,.F.);
#3219=ORIENTED_EDGE('',*,*,#2308,.F.);
#3220=ORIENTED_EDGE('',*,*,#2307,.F.);
#3221=ORIENTED_EDGE('',*,*,#2310,.T.);
#3222=ORIENTED_EDGE('',*,*,#2311,.F.);
#3223=ORIENTED_EDGE('',*,*,#2312,.T.);
#3224=ORIENTED_EDGE('',*,*,#2296,.F.);
#3225=ORIENTED_EDGE('',*,*,#2313,.F.);
#3226=ORIENTED_EDGE('',*,*,#2299,.F.);
#3227=ORIENTED_EDGE('',*,*,#2304,.F.);
#3228=ORIENTED_EDGE('',*,*,#2301,.F.);
#3229=ORIENTED_EDGE('',*,*,#2310,.F.);
#3230=ORIENTED_EDGE('',*,*,#2314,.T.);
#3231=ORIENTED_EDGE('',*,*,#1981,.T.);
#3232=ORIENTED_EDGE('',*,*,#2315,.T.);
#3233=ORIENTED_EDGE('',*,*,#2316,.T.);
#3234=ORIENTED_EDGE('',*,*,#2317,.T.);
#3235=ORIENTED_EDGE('',*,*,#2314,.F.);
#3236=ORIENTED_EDGE('',*,*,#2318,.T.);
#3237=ORIENTED_EDGE('',*,*,#2319,.T.);
#3238=ORIENTED_EDGE('',*,*,#2320,.T.);
#3239=ORIENTED_EDGE('',*,*,#2321,.T.);
#3240=ORIENTED_EDGE('',*,*,#2322,.T.);
#3241=ORIENTED_EDGE('',*,*,#2319,.F.);
#3242=ORIENTED_EDGE('',*,*,#2323,.T.);
#3243=ORIENTED_EDGE('',*,*,#2316,.F.);
#3244=ORIENTED_EDGE('',*,*,#2324,.T.);
#3245=ORIENTED_EDGE('',*,*,#2325,.T.);
#3246=ORIENTED_EDGE('',*,*,#2326,.T.);
#3247=ORIENTED_EDGE('',*,*,#2327,.T.);
#3248=ORIENTED_EDGE('',*,*,#2328,.T.);
#3249=ORIENTED_EDGE('',*,*,#2325,.F.);
#3250=ORIENTED_EDGE('',*,*,#2329,.T.);
#3251=ORIENTED_EDGE('',*,*,#2254,.T.);
#3252=ORIENTED_EDGE('',*,*,#2327,.F.);
#3253=ORIENTED_EDGE('',*,*,#2330,.T.);
#3254=ORIENTED_EDGE('',*,*,#2321,.F.);
#3255=ORIENTED_EDGE('',*,*,#2331,.T.);
#3256=ORIENTED_EDGE('',*,*,#2323,.F.);
#3257=ORIENTED_EDGE('',*,*,#2322,.F.);
#3258=ORIENTED_EDGE('',*,*,#2330,.F.);
#3259=ORIENTED_EDGE('',*,*,#2332,.T.);
#3260=ORIENTED_EDGE('',*,*,#2333,.F.);
#3261=ORIENTED_EDGE('',*,*,#2334,.F.);
#3262=ORIENTED_EDGE('',*,*,#2326,.F.);
#3263=ORIENTED_EDGE('',*,*,#2253,.T.);
#3264=ORIENTED_EDGE('',*,*,#2312,.F.);
#3265=ORIENTED_EDGE('',*,*,#2332,.F.);
#3266=ORIENTED_EDGE('',*,*,#2329,.F.);
#3267=ORIENTED_EDGE('',*,*,#2328,.F.);
#3268=ORIENTED_EDGE('',*,*,#2331,.F.);
#3269=ORIENTED_EDGE('',*,*,#2335,.F.);
#3270=ORIENTED_EDGE('',*,*,#2336,.T.);
#3271=ORIENTED_EDGE('',*,*,#2337,.T.);
#3272=ORIENTED_EDGE('',*,*,#2172,.T.);
#3273=ORIENTED_EDGE('',*,*,#2338,.T.);
#3274=ORIENTED_EDGE('',*,*,#2339,.T.);
#3275=ORIENTED_EDGE('',*,*,#1979,.T.);
#3276=ORIENTED_EDGE('',*,*,#2337,.F.);
#3277=ORIENTED_EDGE('',*,*,#2340,.T.);
#3278=ORIENTED_EDGE('',*,*,#2341,.T.);
#3279=ORIENTED_EDGE('',*,*,#2342,.T.);
#3280=ORIENTED_EDGE('',*,*,#2339,.F.);
#3281=ORIENTED_EDGE('',*,*,#2343,.T.);
#3282=ORIENTED_EDGE('',*,*,#2344,.T.);
#3283=ORIENTED_EDGE('',*,*,#2345,.T.);
#3284=ORIENTED_EDGE('',*,*,#2341,.F.);
#3285=ORIENTED_EDGE('',*,*,#2346,.T.);
#3286=ORIENTED_EDGE('',*,*,#2347,.T.);
#3287=ORIENTED_EDGE('',*,*,#2348,.T.);
#3288=ORIENTED_EDGE('',*,*,#2344,.F.);
#3289=ORIENTED_EDGE('',*,*,#2349,.T.);
#3290=ORIENTED_EDGE('',*,*,#2350,.T.);
#3291=ORIENTED_EDGE('',*,*,#2351,.T.);
#3292=ORIENTED_EDGE('',*,*,#2347,.F.);
#3293=ORIENTED_EDGE('',*,*,#2352,.T.);
#3294=ORIENTED_EDGE('',*,*,#2350,.F.);
#3295=ORIENTED_EDGE('',*,*,#2353,.T.);
#3296=ORIENTED_EDGE('',*,*,#2354,.T.);
#3297=ORIENTED_EDGE('',*,*,#2355,.T.);
#3298=ORIENTED_EDGE('',*,*,#2354,.F.);
#3299=ORIENTED_EDGE('',*,*,#2356,.T.);
#3300=ORIENTED_EDGE('',*,*,#2357,.T.);
#3301=ORIENTED_EDGE('',*,*,#2256,.T.);
#3302=ORIENTED_EDGE('',*,*,#2357,.F.);
#3303=ORIENTED_EDGE('',*,*,#2358,.T.);
#3304=ORIENTED_EDGE('',*,*,#2359,.T.);
#3305=ORIENTED_EDGE('',*,*,#2352,.F.);
#3306=ORIENTED_EDGE('',*,*,#2349,.F.);
#3307=ORIENTED_EDGE('',*,*,#2346,.F.);
#3308=ORIENTED_EDGE('',*,*,#2360,.F.);
#3309=ORIENTED_EDGE('',*,*,#2358,.F.);
#3310=ORIENTED_EDGE('',*,*,#2356,.F.);
#3311=ORIENTED_EDGE('',*,*,#2353,.F.);
#3312=ORIENTED_EDGE('',*,*,#2360,.T.);
#3313=ORIENTED_EDGE('',*,*,#2343,.F.);
#3314=ORIENTED_EDGE('',*,*,#2340,.F.);
#3315=ORIENTED_EDGE('',*,*,#2338,.F.);
#3316=ORIENTED_EDGE('',*,*,#2361,.T.);
#3317=ORIENTED_EDGE('',*,*,#1953,.F.);
#3318=ORIENTED_EDGE('',*,*,#2362,.T.);
#3319=ORIENTED_EDGE('',*,*,#2363,.T.);
#3320=ORIENTED_EDGE('',*,*,#1987,.T.);
#3321=ORIENTED_EDGE('',*,*,#1951,.F.);
#3322=ORIENTED_EDGE('',*,*,#1985,.T.);
#3323=ORIENTED_EDGE('',*,*,#1943,.T.);
#3324=ORIENTED_EDGE('',*,*,#2363,.F.);
#3325=ORIENTED_EDGE('',*,*,#2364,.T.);
#3326=ORIENTED_EDGE('',*,*,#1986,.F.);
#3327=ORIENTED_EDGE('',*,*,#2365,.T.);
#3328=ORIENTED_EDGE('',*,*,#2366,.F.);
#3329=ORIENTED_EDGE('',*,*,#1958,.F.);
#3330=ORIENTED_EDGE('',*,*,#2364,.F.);
#3331=ORIENTED_EDGE('',*,*,#2367,.T.);
#3332=ORIENTED_EDGE('',*,*,#2368,.F.);
#3333=ORIENTED_EDGE('',*,*,#2365,.F.);
#3334=ORIENTED_EDGE('',*,*,#2362,.F.);
#3335=ORIENTED_EDGE('',*,*,#2263,.T.);
#3336=ORIENTED_EDGE('',*,*,#2289,.F.);
#3337=ORIENTED_EDGE('',*,*,#2367,.F.);
#3338=ORIENTED_EDGE('',*,*,#2008,.F.);
#3339=ORIENTED_EDGE('',*,*,#2369,.T.);
#3340=ORIENTED_EDGE('',*,*,#2370,.T.);
#3341=ORIENTED_EDGE('',*,*,#2015,.T.);
#3342=ORIENTED_EDGE('',*,*,#2006,.F.);
#3343=ORIENTED_EDGE('',*,*,#2013,.T.);
#3344=ORIENTED_EDGE('',*,*,#1998,.T.);
#3345=ORIENTED_EDGE('',*,*,#2370,.F.);
#3346=ORIENTED_EDGE('',*,*,#2371,.T.);
#3347=ORIENTED_EDGE('',*,*,#2014,.F.);
#3348=ORIENTED_EDGE('',*,*,#2372,.T.);
#3349=ORIENTED_EDGE('',*,*,#2373,.F.);
#3350=ORIENTED_EDGE('',*,*,#1962,.F.);
#3351=ORIENTED_EDGE('',*,*,#2371,.F.);
#3352=ORIENTED_EDGE('',*,*,#2374,.T.);
#3353=ORIENTED_EDGE('',*,*,#2375,.F.);
#3354=ORIENTED_EDGE('',*,*,#2372,.F.);
#3355=ORIENTED_EDGE('',*,*,#2369,.F.);
#3356=ORIENTED_EDGE('',*,*,#2260,.T.);
#3357=ORIENTED_EDGE('',*,*,#2266,.F.);
#3358=ORIENTED_EDGE('',*,*,#2374,.F.);
#3359=ORIENTED_EDGE('',*,*,#2036,.F.);
#3360=ORIENTED_EDGE('',*,*,#2376,.T.);
#3361=ORIENTED_EDGE('',*,*,#2377,.T.);
#3362=ORIENTED_EDGE('',*,*,#2043,.T.);
#3363=ORIENTED_EDGE('',*,*,#2034,.F.);
#3364=ORIENTED_EDGE('',*,*,#2041,.T.);
#3365=ORIENTED_EDGE('',*,*,#2026,.T.);
#3366=ORIENTED_EDGE('',*,*,#2377,.F.);
#3367=ORIENTED_EDGE('',*,*,#2378,.T.);
#3368=ORIENTED_EDGE('',*,*,#2042,.F.);
#3369=ORIENTED_EDGE('',*,*,#2379,.T.);
#3370=ORIENTED_EDGE('',*,*,#2222,.F.);
#3371=ORIENTED_EDGE('',*,*,#1966,.F.);
#3372=ORIENTED_EDGE('',*,*,#2378,.F.);
#3373=ORIENTED_EDGE('',*,*,#2380,.T.);
#3374=ORIENTED_EDGE('',*,*,#2381,.F.);
#3375=ORIENTED_EDGE('',*,*,#2379,.F.);
#3376=ORIENTED_EDGE('',*,*,#2376,.F.);
#3377=ORIENTED_EDGE('',*,*,#2259,.T.);
#3378=ORIENTED_EDGE('',*,*,#2382,.F.);
#3379=ORIENTED_EDGE('',*,*,#2383,.F.);
#3380=ORIENTED_EDGE('',*,*,#2380,.F.);
#3381=ORIENTED_EDGE('',*,*,#2074,.F.);
#3382=ORIENTED_EDGE('',*,*,#2384,.T.);
#3383=ORIENTED_EDGE('',*,*,#2085,.F.);
#3384=ORIENTED_EDGE('',*,*,#2076,.F.);
#3385=ORIENTED_EDGE('',*,*,#2385,.T.);
#3386=ORIENTED_EDGE('',*,*,#2386,.F.);
#3387=ORIENTED_EDGE('',*,*,#1970,.F.);
#3388=ORIENTED_EDGE('',*,*,#2078,.F.);
#3389=ORIENTED_EDGE('',*,*,#2387,.T.);
#3390=ORIENTED_EDGE('',*,*,#2388,.F.);
#3391=ORIENTED_EDGE('',*,*,#2385,.F.);
#3392=ORIENTED_EDGE('',*,*,#2107,.F.);
#3393=ORIENTED_EDGE('',*,*,#2389,.T.);
#3394=ORIENTED_EDGE('',*,*,#2390,.T.);
#3395=ORIENTED_EDGE('',*,*,#2113,.T.);
#3396=ORIENTED_EDGE('',*,*,#2105,.F.);
#3397=ORIENTED_EDGE('',*,*,#2111,.T.);
#3398=ORIENTED_EDGE('',*,*,#2097,.T.);
#3399=ORIENTED_EDGE('',*,*,#2390,.F.);
#3400=ORIENTED_EDGE('',*,*,#2391,.T.);
#3401=ORIENTED_EDGE('',*,*,#2118,.F.);
#3402=ORIENTED_EDGE('',*,*,#1974,.F.);
#3403=ORIENTED_EDGE('',*,*,#2112,.F.);
#3404=ORIENTED_EDGE('',*,*,#2392,.T.);
#3405=ORIENTED_EDGE('',*,*,#2124,.F.);
#3406=ORIENTED_EDGE('',*,*,#2392,.F.);
#3407=ORIENTED_EDGE('',*,*,#2391,.F.);
#3408=ORIENTED_EDGE('',*,*,#2393,.T.);
#3409=ORIENTED_EDGE('',*,*,#2132,.F.);
#3410=ORIENTED_EDGE('',*,*,#2120,.F.);
#3411=ORIENTED_EDGE('',*,*,#2126,.F.);
#3412=ORIENTED_EDGE('',*,*,#2393,.F.);
#3413=ORIENTED_EDGE('',*,*,#2389,.F.);
#3414=ORIENTED_EDGE('',*,*,#2168,.T.);
#3415=ORIENTED_EDGE('',*,*,#2162,.F.);
#3416=ORIENTED_EDGE('',*,*,#2394,.T.);
#3417=ORIENTED_EDGE('',*,*,#2139,.F.);
#3418=ORIENTED_EDGE('',*,*,#2142,.F.);
#3419=ORIENTED_EDGE('',*,*,#2144,.F.);
#3420=ORIENTED_EDGE('',*,*,#2395,.T.);
#3421=ORIENTED_EDGE('',*,*,#2157,.F.);
#3422=ORIENTED_EDGE('',*,*,#2160,.F.);
#3423=ORIENTED_EDGE('',*,*,#1905,.F.);
#3424=ORIENTED_EDGE('',*,*,#1918,.F.);
#3425=ORIENTED_EDGE('',*,*,#1880,.F.);
#3426=ORIENTED_EDGE('',*,*,#1914,.F.);
#3427=ORIENTED_EDGE('',*,*,#2229,.F.);
#3428=ORIENTED_EDGE('',*,*,#2396,.F.);
#3429=ORIENTED_EDGE('',*,*,#2397,.F.);
#3430=ORIENTED_EDGE('',*,*,#2361,.F.);
#3431=ORIENTED_EDGE('',*,*,#2171,.T.);
#3432=ORIENTED_EDGE('',*,*,#2394,.F.);
#3433=ORIENTED_EDGE('',*,*,#2398,.F.);
#3434=ORIENTED_EDGE('',*,*,#2384,.F.);
#3435=ORIENTED_EDGE('',*,*,#2174,.F.);
#3436=ORIENTED_EDGE('',*,*,#2386,.T.);
#3437=ORIENTED_EDGE('',*,*,#2399,.T.);
#3438=ORIENTED_EDGE('',*,*,#2179,.F.);
#3439=ORIENTED_EDGE('',*,*,#2176,.F.);
#3440=ORIENTED_EDGE('',*,*,#2182,.F.);
#3441=ORIENTED_EDGE('',*,*,#2399,.F.);
#3442=ORIENTED_EDGE('',*,*,#2388,.T.);
#3443=ORIENTED_EDGE('',*,*,#2400,.T.);
#3444=ORIENTED_EDGE('',*,*,#2189,.F.);
#3445=ORIENTED_EDGE('',*,*,#2400,.F.);
#3446=ORIENTED_EDGE('',*,*,#2401,.T.);
#3447=ORIENTED_EDGE('',*,*,#2187,.F.);
#3448=ORIENTED_EDGE('',*,*,#2186,.F.);
#3449=ORIENTED_EDGE('',*,*,#2082,.F.);
#3450=ORIENTED_EDGE('',*,*,#2165,.T.);
#3451=ORIENTED_EDGE('',*,*,#2401,.F.);
#3452=ORIENTED_EDGE('',*,*,#2387,.F.);
#3453=ORIENTED_EDGE('',*,*,#2080,.F.);
#3454=ORIENTED_EDGE('',*,*,#2402,.T.);
#3455=ORIENTED_EDGE('',*,*,#2403,.T.);
#3456=ORIENTED_EDGE('',*,*,#2223,.F.);
#3457=ORIENTED_EDGE('',*,*,#2381,.T.);
#3458=ORIENTED_EDGE('',*,*,#2214,.F.);
#3459=ORIENTED_EDGE('',*,*,#2404,.T.);
#3460=ORIENTED_EDGE('',*,*,#2402,.F.);
#3461=ORIENTED_EDGE('',*,*,#2383,.T.);
#3462=ORIENTED_EDGE('',*,*,#2405,.T.);
#3463=ORIENTED_EDGE('',*,*,#2215,.F.);
#3464=ORIENTED_EDGE('',*,*,#2192,.F.);
#3465=ORIENTED_EDGE('',*,*,#2405,.F.);
#3466=ORIENTED_EDGE('',*,*,#2382,.T.);
#3467=ORIENTED_EDGE('',*,*,#2406,.T.);
#3468=ORIENTED_EDGE('',*,*,#2195,.F.);
#3469=ORIENTED_EDGE('',*,*,#2406,.F.);
#3470=ORIENTED_EDGE('',*,*,#2258,.T.);
#3471=ORIENTED_EDGE('',*,*,#2407,.T.);
#3472=ORIENTED_EDGE('',*,*,#2217,.F.);
#3473=ORIENTED_EDGE('',*,*,#2407,.F.);
#3474=ORIENTED_EDGE('',*,*,#2408,.T.);
#3475=ORIENTED_EDGE('',*,*,#2409,.T.);
#3476=ORIENTED_EDGE('',*,*,#2220,.F.);
#3477=ORIENTED_EDGE('',*,*,#2409,.F.);
#3478=ORIENTED_EDGE('',*,*,#2396,.T.);
#3479=ORIENTED_EDGE('',*,*,#2359,.F.);
#3480=ORIENTED_EDGE('',*,*,#2397,.T.);
#3481=ORIENTED_EDGE('',*,*,#2408,.F.);
#3482=ORIENTED_EDGE('',*,*,#2257,.F.);
#3483=ORIENTED_EDGE('',*,*,#2231,.F.);
#3484=ORIENTED_EDGE('',*,*,#2373,.T.);
#3485=ORIENTED_EDGE('',*,*,#2410,.T.);
#3486=ORIENTED_EDGE('',*,*,#2267,.T.);
#3487=ORIENTED_EDGE('',*,*,#2233,.F.);
#3488=ORIENTED_EDGE('',*,*,#2265,.T.);
#3489=ORIENTED_EDGE('',*,*,#2239,.T.);
#3490=ORIENTED_EDGE('',*,*,#2410,.F.);
#3491=ORIENTED_EDGE('',*,*,#2375,.T.);
#3492=ORIENTED_EDGE('',*,*,#2269,.F.);
#3493=ORIENTED_EDGE('',*,*,#2366,.T.);
#3494=ORIENTED_EDGE('',*,*,#2411,.T.);
#3495=ORIENTED_EDGE('',*,*,#2290,.T.);
#3496=ORIENTED_EDGE('',*,*,#2271,.F.);
#3497=ORIENTED_EDGE('',*,*,#2288,.T.);
#3498=ORIENTED_EDGE('',*,*,#2277,.T.);
#3499=ORIENTED_EDGE('',*,*,#2411,.F.);
#3500=ORIENTED_EDGE('',*,*,#2368,.T.);
#3501=ORIENTED_EDGE('',*,*,#2292,.F.);
#3502=ORIENTED_EDGE('',*,*,#2412,.T.);
#3503=ORIENTED_EDGE('',*,*,#2413,.T.);
#3504=ORIENTED_EDGE('',*,*,#2313,.T.);
#3505=ORIENTED_EDGE('',*,*,#2294,.F.);
#3506=ORIENTED_EDGE('',*,*,#2311,.T.);
#3507=ORIENTED_EDGE('',*,*,#2300,.T.);
#3508=ORIENTED_EDGE('',*,*,#2413,.F.);
#3509=ORIENTED_EDGE('',*,*,#2333,.T.);
#3510=ORIENTED_EDGE('',*,*,#2317,.F.);
#3511=ORIENTED_EDGE('',*,*,#2334,.T.);
#3512=ORIENTED_EDGE('',*,*,#2412,.F.);
#3513=ORIENTED_EDGE('',*,*,#1982,.F.);
#3514=ORIENTED_EDGE('',*,*,#2315,.F.);
#3515=ORIENTED_EDGE('',*,*,#2414,.T.);
#3516=ORIENTED_EDGE('',*,*,#2415,.T.);
#3517=ORIENTED_EDGE('',*,*,#2324,.F.);
#3518=ORIENTED_EDGE('',*,*,#2318,.F.);
#3519=ORIENTED_EDGE('',*,*,#2320,.F.);
#3520=ORIENTED_EDGE('',*,*,#2415,.F.);
#3521=ORIENTED_EDGE('',*,*,#2416,.T.);
#3522=ORIENTED_EDGE('',*,*,#2335,.T.);
#3523=ORIENTED_EDGE('',*,*,#2355,.F.);
#3524=ORIENTED_EDGE('',*,*,#2255,.T.);
#3525=ORIENTED_EDGE('',*,*,#2336,.F.);
#3526=ORIENTED_EDGE('',*,*,#2417,.F.);
#3527=ORIENTED_EDGE('',*,*,#2351,.F.);
#3528=ORIENTED_EDGE('',*,*,#2348,.F.);
#3529=ORIENTED_EDGE('',*,*,#2417,.T.);
#3530=ORIENTED_EDGE('',*,*,#2416,.F.);
#3531=ORIENTED_EDGE('',*,*,#2418,.F.);
#3532=ORIENTED_EDGE('',*,*,#2345,.F.);
#3533=ORIENTED_EDGE('',*,*,#2418,.T.);
#3534=ORIENTED_EDGE('',*,*,#2414,.F.);
#3535=ORIENTED_EDGE('',*,*,#1980,.F.);
#3536=ORIENTED_EDGE('',*,*,#2342,.F.);
#3537=ORIENTED_EDGE('',*,*,#2419,.T.);
#3538=ORIENTED_EDGE('',*,*,#2420,.F.);
#3539=ORIENTED_EDGE('',*,*,#2421,.F.);
#3540=ORIENTED_EDGE('',*,*,#2422,.T.);
#3541=ORIENTED_EDGE('',*,*,#2423,.F.);
#3542=ORIENTED_EDGE('',*,*,#2422,.F.);
#3543=ORIENTED_EDGE('',*,*,#2424,.F.);
#3544=ORIENTED_EDGE('',*,*,#2425,.T.);
#3545=ORIENTED_EDGE('',*,*,#2426,.F.);
#3546=ORIENTED_EDGE('',*,*,#2427,.T.);
#3547=ORIENTED_EDGE('',*,*,#2428,.F.);
#3548=ORIENTED_EDGE('',*,*,#2429,.F.);
#3549=ORIENTED_EDGE('',*,*,#2430,.F.);
#3550=ORIENTED_EDGE('',*,*,#2431,.T.);
#3551=ORIENTED_EDGE('',*,*,#2432,.T.);
#3552=ORIENTED_EDGE('',*,*,#2433,.T.);
#3553=ORIENTED_EDGE('',*,*,#2434,.T.);
#3554=ORIENTED_EDGE('',*,*,#2435,.F.);
#3555=ORIENTED_EDGE('',*,*,#2436,.F.);
#3556=ORIENTED_EDGE('',*,*,#2429,.T.);
#3557=ORIENTED_EDGE('',*,*,#2437,.F.);
#3558=ORIENTED_EDGE('',*,*,#2433,.F.);
#3559=ORIENTED_EDGE('',*,*,#2438,.F.);
#3560=ORIENTED_EDGE('',*,*,#2439,.F.);
#3561=ORIENTED_EDGE('',*,*,#2440,.F.);
#3562=ORIENTED_EDGE('',*,*,#2431,.F.);
#3563=ORIENTED_EDGE('',*,*,#2441,.F.);
#3564=ORIENTED_EDGE('',*,*,#2427,.F.);
#3565=ORIENTED_EDGE('',*,*,#2442,.F.);
#3566=ORIENTED_EDGE('',*,*,#2443,.F.);
#3567=ORIENTED_EDGE('',*,*,#2444,.F.);
#3568=ORIENTED_EDGE('',*,*,#2425,.F.);
#3569=ORIENTED_EDGE('',*,*,#1896,.T.);
#3570=ORIENTED_EDGE('',*,*,#1911,.F.);
#3571=ORIENTED_EDGE('',*,*,#1927,.F.);
#3572=ORIENTED_EDGE('',*,*,#2445,.T.);
#3573=ORIENTED_EDGE('',*,*,#2438,.T.);
#3574=ORIENTED_EDGE('',*,*,#2432,.F.);
#3575=ORIENTED_EDGE('',*,*,#2440,.T.);
#3576=ORIENTED_EDGE('',*,*,#2446,.F.);
#3577=ORIENTED_EDGE('',*,*,#1922,.F.);
#3578=ORIENTED_EDGE('',*,*,#1899,.F.);
#3579=ORIENTED_EDGE('',*,*,#1891,.T.);
#3580=ORIENTED_EDGE('',*,*,#1898,.T.);
#3581=ORIENTED_EDGE('',*,*,#1931,.F.);
#3582=ORIENTED_EDGE('',*,*,#2447,.T.);
#3583=ORIENTED_EDGE('',*,*,#2419,.F.);
#3584=ORIENTED_EDGE('',*,*,#2423,.T.);
#3585=ORIENTED_EDGE('',*,*,#2437,.T.);
#3586=ORIENTED_EDGE('',*,*,#2445,.F.);
#3587=ORIENTED_EDGE('',*,*,#1930,.F.);
#3588=ORIENTED_EDGE('',*,*,#2448,.T.);
#3589=ORIENTED_EDGE('',*,*,#2420,.T.);
#3590=ORIENTED_EDGE('',*,*,#2447,.F.);
#3591=ORIENTED_EDGE('',*,*,#1929,.F.);
#3592=ORIENTED_EDGE('',*,*,#2449,.T.);
#3593=ORIENTED_EDGE('',*,*,#2443,.T.);
#3594=ORIENTED_EDGE('',*,*,#2424,.T.);
#3595=ORIENTED_EDGE('',*,*,#2421,.T.);
#3596=ORIENTED_EDGE('',*,*,#2448,.F.);
#3597=ORIENTED_EDGE('',*,*,#1860,.T.);
#3598=ORIENTED_EDGE('',*,*,#1887,.F.);
#3599=ORIENTED_EDGE('',*,*,#1866,.T.);
#3600=ORIENTED_EDGE('',*,*,#1873,.T.);
#3601=ORIENTED_EDGE('',*,*,#1871,.T.);
#3602=ORIENTED_EDGE('',*,*,#1886,.F.);
#3603=ORIENTED_EDGE('',*,*,#1921,.F.);
#3604=ORIENTED_EDGE('',*,*,#2450,.T.);
#3605=ORIENTED_EDGE('',*,*,#2442,.T.);
#3606=ORIENTED_EDGE('',*,*,#2426,.T.);
#3607=ORIENTED_EDGE('',*,*,#2444,.T.);
#3608=ORIENTED_EDGE('',*,*,#2449,.F.);
#3609=ORIENTED_EDGE('',*,*,#1928,.F.);
#3610=ORIENTED_EDGE('',*,*,#1874,.F.);
#3611=ORIENTED_EDGE('',*,*,#1855,.T.);
#3612=ORIENTED_EDGE('',*,*,#1862,.T.);
#3613=ORIENTED_EDGE('',*,*,#1925,.F.);
#3614=ORIENTED_EDGE('',*,*,#2451,.T.);
#3615=ORIENTED_EDGE('',*,*,#2434,.F.);
#3616=ORIENTED_EDGE('',*,*,#2428,.T.);
#3617=ORIENTED_EDGE('',*,*,#2441,.T.);
#3618=ORIENTED_EDGE('',*,*,#2450,.F.);
#3619=ORIENTED_EDGE('',*,*,#1924,.F.);
#3620=ORIENTED_EDGE('',*,*,#2452,.T.);
#3621=ORIENTED_EDGE('',*,*,#2435,.T.);
#3622=ORIENTED_EDGE('',*,*,#2451,.F.);
#3623=ORIENTED_EDGE('',*,*,#1923,.F.);
#3624=ORIENTED_EDGE('',*,*,#2446,.T.);
#3625=ORIENTED_EDGE('',*,*,#2439,.T.);
#3626=ORIENTED_EDGE('',*,*,#2430,.T.);
#3627=ORIENTED_EDGE('',*,*,#2436,.T.);
#3628=ORIENTED_EDGE('',*,*,#2452,.F.);
#3629=ORIENTED_EDGE('',*,*,#2153,.F.);
#3630=ORIENTED_EDGE('',*,*,#2395,.F.);
#3631=ORIENTED_EDGE('',*,*,#2147,.F.);
#3632=ORIENTED_EDGE('',*,*,#2150,.F.);
#3633=ORIENTED_EDGE('',*,*,#2161,.F.);
#3634=ORIENTED_EDGE('',*,*,#2166,.F.);
#3635=ORIENTED_EDGE('',*,*,#2086,.F.);
#3636=ORIENTED_EDGE('',*,*,#2398,.T.);
#3637=ORIENTED_EDGE('',*,*,#2205,.F.);
#3638=ORIENTED_EDGE('',*,*,#2224,.F.);
#3639=ORIENTED_EDGE('',*,*,#2403,.F.);
#3640=ORIENTED_EDGE('',*,*,#2404,.F.);
#3641=ORIENTED_EDGE('',*,*,#2211,.F.);
#3642=ORIENTED_EDGE('',*,*,#2208,.F.);
#3643=ORIENTED_EDGE('',*,*,#2028,.F.);
#3644=ORIENTED_EDGE('',*,*,#2039,.F.);
#3645=ORIENTED_EDGE('',*,*,#2237,.F.);
#3646=ORIENTED_EDGE('',*,*,#2249,.T.);
#3647=ORIENTED_EDGE('',*,*,#2000,.F.);
#3648=ORIENTED_EDGE('',*,*,#2011,.F.);
#3649=ORIENTED_EDGE('',*,*,#2275,.F.);
#3650=ORIENTED_EDGE('',*,*,#2286,.T.);
#3651=ORIENTED_EDGE('',*,*,#1945,.F.);
#3652=ORIENTED_EDGE('',*,*,#1957,.F.);
#3653=ORIENTED_EDGE('',*,*,#2298,.F.);
#3654=ORIENTED_EDGE('',*,*,#2309,.T.);
#3655=PLANE('',#3994);
#3656=PLANE('',#3995);
#3657=PLANE('',#3996);
#3658=PLANE('',#3997);
#3659=PLANE('',#3998);
#3660=PLANE('',#3999);
#3661=PLANE('',#4000);
#3662=PLANE('',#4001);
#3663=PLANE('',#4002);
#3664=PLANE('',#4003);
#3665=PLANE('',#4004);
#3666=PLANE('',#4005);
#3667=PLANE('',#4006);
#3668=PLANE('',#4007);
#3669=PLANE('',#4011);
#3670=PLANE('',#4013);
#3671=PLANE('',#4018);
#3672=PLANE('',#4020);
#3673=PLANE('',#4024);
#3674=PLANE('',#4027);
#3675=PLANE('',#4045);
#3676=PLANE('',#4050);
#3677=PLANE('',#4052);
#3678=PLANE('',#4074);
#3679=PLANE('',#4076);
#3680=PLANE('',#4098);
#3681=PLANE('',#4100);
#3682=PLANE('',#4150);
#3683=PLANE('',#4152);
#3684=PLANE('',#4185);
#3685=PLANE('',#4225);
#3686=PLANE('',#4242);
#3687=PLANE('',#4247);
#3688=PLANE('',#4249);
#3689=PLANE('',#4269);
#3690=PLANE('',#4271);
#3691=PLANE('',#4291);
#3692=PLANE('',#4293);
#3693=PLANE('',#4324);
#3694=PLANE('',#4418);
#3695=PLANE('',#4419);
#3696=PLANE('',#4420);
#3697=PLANE('',#4421);
#3698=PLANE('',#4422);
#3699=PLANE('',#4423);
#3700=PLANE('',#4424);
#3701=PLANE('',#4425);
#3702=PLANE('',#4426);
#3703=PLANE('',#4427);
#3704=PLANE('',#4428);
#3705=PLANE('',#4429);
#3706=PLANE('',#4430);
#3707=PLANE('',#4431);
#3708=PLANE('',#4432);
#3709=PLANE('',#4433);
#3710=PLANE('',#4435);
#3711=ADVANCED_FACE('',(#655),#3655,.F.);
#3712=ADVANCED_FACE('',(#656),#3656,.F.);
#3713=ADVANCED_FACE('',(#657),#3657,.F.);
#3714=ADVANCED_FACE('',(#658),#3658,.F.);
#3715=ADVANCED_FACE('',(#659),#3659,.F.);
#3716=ADVANCED_FACE('',(#660),#3660,.F.);
#3717=ADVANCED_FACE('',(#661),#3661,.F.);
#3718=ADVANCED_FACE('',(#662),#3662,.F.);
#3719=ADVANCED_FACE('',(#663),#3663,.T.);
#3720=ADVANCED_FACE('',(#664),#3664,.F.);
#3721=ADVANCED_FACE('',(#665),#3665,.F.);
#3722=ADVANCED_FACE('',(#666),#3666,.F.);
#3723=ADVANCED_FACE('',(#667),#3667,.F.);
#3724=ADVANCED_FACE('',(#668),#3668,.T.);
#3725=ADVANCED_FACE('',(#669),#605,.F.);
#3726=ADVANCED_FACE('',(#670),#3669,.T.);
#3727=ADVANCED_FACE('',(#671),#3670,.F.);
#3728=ADVANCED_FACE('',(#672),#606,.F.);
#3729=ADVANCED_FACE('',(#673),#3671,.T.);
#3730=ADVANCED_FACE('',(#674),#3672,.F.);
#3731=ADVANCED_FACE('',(#675),#607,.F.);
#3732=ADVANCED_FACE('',(#676),#3673,.F.);
#3733=ADVANCED_FACE('',(#677),#608,.F.);
#3734=ADVANCED_FACE('',(#678),#3674,.F.);
#3735=ADVANCED_FACE('',(#679),#246,.F.);
#3736=ADVANCED_FACE('',(#680),#247,.F.);
#3737=ADVANCED_FACE('',(#681),#72,.F.);
#3738=ADVANCED_FACE('',(#682),#16,.T.);
#3739=ADVANCED_FACE('',(#683),#73,.F.);
#3740=ADVANCED_FACE('',(#684),#248,.F.);
#3741=ADVANCED_FACE('',(#685),#249,.F.);
#3742=ADVANCED_FACE('',(#686),#609,.T.);
#3743=ADVANCED_FACE('',(#687),#3675,.T.);
#3744=ADVANCED_FACE('',(#688),#17,.F.);
#3745=ADVANCED_FACE('',(#689),#3676,.T.);
#3746=ADVANCED_FACE('',(#690),#3677,.T.);
#3747=ADVANCED_FACE('',(#691),#250,.F.);
#3748=ADVANCED_FACE('',(#692),#251,.F.);
#3749=ADVANCED_FACE('',(#693),#74,.F.);
#3750=ADVANCED_FACE('',(#694),#18,.T.);
#3751=ADVANCED_FACE('',(#695),#75,.F.);
#3752=ADVANCED_FACE('',(#696),#252,.F.);
#3753=ADVANCED_FACE('',(#697),#253,.F.);
#3754=ADVANCED_FACE('',(#698),#610,.T.);
#3755=ADVANCED_FACE('',(#699),#19,.F.);
#3756=ADVANCED_FACE('',(#700),#3678,.T.);
#3757=ADVANCED_FACE('',(#701),#3679,.T.);
#3758=ADVANCED_FACE('',(#702),#254,.F.);
#3759=ADVANCED_FACE('',(#703),#255,.F.);
#3760=ADVANCED_FACE('',(#704),#76,.F.);
#3761=ADVANCED_FACE('',(#705),#20,.T.);
#3762=ADVANCED_FACE('',(#706),#77,.F.);
#3763=ADVANCED_FACE('',(#707),#256,.F.);
#3764=ADVANCED_FACE('',(#708),#257,.F.);
#3765=ADVANCED_FACE('',(#709),#611,.T.);
#3766=ADVANCED_FACE('',(#710),#21,.F.);
#3767=ADVANCED_FACE('',(#711),#3680,.T.);
#3768=ADVANCED_FACE('',(#712),#3681,.T.);
#3769=ADVANCED_FACE('',(#713),#258,.F.);
#3770=ADVANCED_FACE('',(#714),#259,.F.);
#3771=ADVANCED_FACE('',(#715),#260,.F.);
#3772=ADVANCED_FACE('',(#716),#261,.F.);
#3773=ADVANCED_FACE('',(#717),#262,.F.);
#3774=ADVANCED_FACE('',(#718),#263,.F.);
#3775=ADVANCED_FACE('',(#719),#22,.T.);
#3776=ADVANCED_FACE('',(#720),#264,.F.);
#3777=ADVANCED_FACE('',(#721),#265,.F.);
#3778=ADVANCED_FACE('',(#722),#266,.F.);
#3779=ADVANCED_FACE('',(#723),#267,.F.);
#3780=ADVANCED_FACE('',(#724),#23,.F.);
#3781=ADVANCED_FACE('',(#725),#24,.F.);
#3782=ADVANCED_FACE('',(#726),#25,.F.);
#3783=ADVANCED_FACE('',(#727),#26,.F.);
#3784=ADVANCED_FACE('',(#728),#612,.F.);
#3785=ADVANCED_FACE('',(#729),#78,.T.);
#3786=ADVANCED_FACE('',(#730),#268,.F.);
#3787=ADVANCED_FACE('',(#731),#269,.F.);
#3788=ADVANCED_FACE('',(#732),#79,.F.);
#3789=ADVANCED_FACE('',(#733),#27,.T.);
#3790=ADVANCED_FACE('',(#734),#80,.F.);
#3791=ADVANCED_FACE('',(#735),#270,.F.);
#3792=ADVANCED_FACE('',(#736),#271,.F.);
#3793=ADVANCED_FACE('',(#737),#613,.T.);
#3794=ADVANCED_FACE('',(#738),#28,.F.);
#3795=ADVANCED_FACE('',(#739),#3682,.T.);
#3796=ADVANCED_FACE('',(#740),#3683,.T.);
#3797=ADVANCED_FACE('',(#741),#272,.F.);
#3798=ADVANCED_FACE('',(#742),#273,.F.);
#3799=ADVANCED_FACE('',(#743),#29,.T.);
#3800=ADVANCED_FACE('',(#744),#274,.F.);
#3801=ADVANCED_FACE('',(#745),#275,.F.);
#3802=ADVANCED_FACE('',(#746),#276,.F.);
#3803=ADVANCED_FACE('',(#747),#277,.F.);
#3804=ADVANCED_FACE('',(#748),#30,.F.);
#3805=ADVANCED_FACE('',(#749),#31,.F.);
#3806=ADVANCED_FACE('',(#750),#32,.F.);
#3807=ADVANCED_FACE('',(#751),#278,.F.);
#3808=ADVANCED_FACE('',(#752),#279,.F.);
#3809=ADVANCED_FACE('',(#753),#280,.F.);
#3810=ADVANCED_FACE('',(#754),#81,.F.);
#3811=ADVANCED_FACE('',(#755),#33,.T.);
#3812=ADVANCED_FACE('',(#756),#82,.F.);
#3813=ADVANCED_FACE('',(#757),#281,.F.);
#3814=ADVANCED_FACE('',(#758),#282,.F.);
#3815=ADVANCED_FACE('',(#759),#283,.F.);
#3816=ADVANCED_FACE('',(#760),#3684,.T.);
#3817=ADVANCED_FACE('',(#761),#614,.T.);
#3818=ADVANCED_FACE('',(#762),#615,.T.);
#3819=ADVANCED_FACE('',(#763),#616,.T.);
#3820=ADVANCED_FACE('',(#764),#617,.F.);
#3821=ADVANCED_FACE('',(#765),#284,.F.);
#3822=ADVANCED_FACE('',(#766),#285,.F.);
#3823=ADVANCED_FACE('',(#767),#286,.F.);
#3824=ADVANCED_FACE('',(#768),#34,.T.);
#3825=ADVANCED_FACE('',(#769),#287,.F.);
#3826=ADVANCED_FACE('',(#770),#288,.F.);
#3827=ADVANCED_FACE('',(#771),#289,.F.);
#3828=ADVANCED_FACE('',(#772),#618,.T.);
#3829=ADVANCED_FACE('',(#773),#619,.T.);
#3830=ADVANCED_FACE('',(#774),#290,.F.);
#3831=ADVANCED_FACE('',(#775),#291,.F.);
#3832=ADVANCED_FACE('',(#776),#292,.F.);
#3833=ADVANCED_FACE('',(#777),#293,.F.);
#3834=ADVANCED_FACE('',(#778),#83,.F.);
#3835=ADVANCED_FACE('',(#779),#35,.T.);
#3836=ADVANCED_FACE('',(#780),#84,.F.);
#3837=ADVANCED_FACE('',(#781),#294,.F.);
#3838=ADVANCED_FACE('',(#782),#295,.F.);
#3839=ADVANCED_FACE('',(#783),#296,.F.);
#3840=ADVANCED_FACE('',(#784),#297,.F.);
#3841=ADVANCED_FACE('',(#785),#36,.F.);
#3842=ADVANCED_FACE('',(#786),#620,.T.);
#3843=ADVANCED_FACE('',(#787),#621,.T.);
#3844=ADVANCED_FACE('',(#788),#622,.T.);
#3845=ADVANCED_FACE('',(#789),#3685,.T.);
#3846=ADVANCED_FACE('',(#790),#623,.F.);
#3847=ADVANCED_FACE('',(#791),#298,.F.);
#3848=ADVANCED_FACE('',(#792),#299,.F.);
#3849=ADVANCED_FACE('',(#793),#85,.F.);
#3850=ADVANCED_FACE('',(#794),#37,.T.);
#3851=ADVANCED_FACE('',(#795),#86,.F.);
#3852=ADVANCED_FACE('',(#796),#300,.F.);
#3853=ADVANCED_FACE('',(#797),#301,.F.);
#3854=ADVANCED_FACE('',(#798),#624,.T.);
#3855=ADVANCED_FACE('',(#799),#3686,.T.);
#3856=ADVANCED_FACE('',(#800),#38,.F.);
#3857=ADVANCED_FACE('',(#801),#3687,.F.);
#3858=ADVANCED_FACE('',(#802),#3688,.F.);
#3859=ADVANCED_FACE('',(#803),#302,.F.);
#3860=ADVANCED_FACE('',(#804),#303,.F.);
#3861=ADVANCED_FACE('',(#805),#87,.F.);
#3862=ADVANCED_FACE('',(#806),#39,.T.);
#3863=ADVANCED_FACE('',(#807),#88,.F.);
#3864=ADVANCED_FACE('',(#808),#304,.F.);
#3865=ADVANCED_FACE('',(#809),#305,.F.);
#3866=ADVANCED_FACE('',(#810),#625,.T.);
#3867=ADVANCED_FACE('',(#811),#40,.F.);
#3868=ADVANCED_FACE('',(#812),#3689,.F.);
#3869=ADVANCED_FACE('',(#813),#3690,.F.);
#3870=ADVANCED_FACE('',(#814),#306,.F.);
#3871=ADVANCED_FACE('',(#815),#307,.F.);
#3872=ADVANCED_FACE('',(#816),#89,.F.);
#3873=ADVANCED_FACE('',(#817),#41,.T.);
#3874=ADVANCED_FACE('',(#818),#90,.F.);
#3875=ADVANCED_FACE('',(#819),#308,.F.);
#3876=ADVANCED_FACE('',(#820),#309,.F.);
#3877=ADVANCED_FACE('',(#821),#626,.T.);
#3878=ADVANCED_FACE('',(#822),#42,.F.);
#3879=ADVANCED_FACE('',(#823),#3691,.F.);
#3880=ADVANCED_FACE('',(#824),#3692,.F.);
#3881=ADVANCED_FACE('',(#825),#310,.F.);
#3882=ADVANCED_FACE('',(#826),#311,.F.);
#3883=ADVANCED_FACE('',(#827),#43,.T.);
#3884=ADVANCED_FACE('',(#828),#312,.F.);
#3885=ADVANCED_FACE('',(#829),#313,.F.);
#3886=ADVANCED_FACE('',(#830),#314,.F.);
#3887=ADVANCED_FACE('',(#831),#315,.F.);
#3888=ADVANCED_FACE('',(#832),#627,.T.);
#3889=ADVANCED_FACE('',(#833),#628,.T.);
#3890=ADVANCED_FACE('',(#834),#44,.F.);
#3891=ADVANCED_FACE('',(#835),#316,.F.);
#3892=ADVANCED_FACE('',(#836),#317,.F.);
#3893=ADVANCED_FACE('',(#837),#318,.F.);
#3894=ADVANCED_FACE('',(#838),#91,.F.);
#3895=ADVANCED_FACE('',(#839),#45,.T.);
#3896=ADVANCED_FACE('',(#840),#92,.F.);
#3897=ADVANCED_FACE('',(#841),#319,.F.);
#3898=ADVANCED_FACE('',(#842),#320,.F.);
#3899=ADVANCED_FACE('',(#843),#321,.F.);
#3900=ADVANCED_FACE('',(#844),#3693,.F.);
#3901=ADVANCED_FACE('',(#845),#46,.F.);
#3902=ADVANCED_FACE('',(#846),#47,.F.);
#3903=ADVANCED_FACE('',(#847),#48,.F.);
#3904=ADVANCED_FACE('',(#848),#629,.T.);
#3905=ADVANCED_FACE('',(#849),#630,.T.);
#3906=ADVANCED_FACE('',(#850),#631,.T.);
#3907=ADVANCED_FACE('',(#851),#49,.F.);
#3908=ADVANCED_FACE('',(#852),#50,.F.);
#3909=ADVANCED_FACE('',(#853),#632,.T.);
#3910=ADVANCED_FACE('',(#854),#633,.T.);
#3911=ADVANCED_FACE('',(#855),#634,.T.);
#3912=ADVANCED_FACE('',(#856),#51,.F.);
#3913=ADVANCED_FACE('',(#857),#52,.F.);
#3914=ADVANCED_FACE('',(#858),#635,.T.);
#3915=ADVANCED_FACE('',(#859),#636,.T.);
#3916=ADVANCED_FACE('',(#860),#637,.T.);
#3917=ADVANCED_FACE('',(#861),#53,.F.);
#3918=ADVANCED_FACE('',(#862),#638,.T.);
#3919=ADVANCED_FACE('',(#863),#639,.T.);
#3920=ADVANCED_FACE('',(#864),#54,.F.);
#3921=ADVANCED_FACE('',(#865),#55,.F.);
#3922=ADVANCED_FACE('',(#866),#640,.T.);
#3923=ADVANCED_FACE('',(#867),#641,.T.);
#3924=ADVANCED_FACE('',(#868),#642,.T.);
#3925=ADVANCED_FACE('',(#869),#56,.F.);
#3926=ADVANCED_FACE('',(#870,#15),#643,.T.);
#3927=ADVANCED_FACE('',(#871),#57,.F.);
#3928=ADVANCED_FACE('',(#872),#58,.F.);
#3929=ADVANCED_FACE('',(#873),#59,.F.);
#3930=ADVANCED_FACE('',(#874),#644,.T.);
#3931=ADVANCED_FACE('',(#875),#60,.F.);
#3932=ADVANCED_FACE('',(#876),#61,.F.);
#3933=ADVANCED_FACE('',(#877),#62,.F.);
#3934=ADVANCED_FACE('',(#878),#645,.F.);
#3935=ADVANCED_FACE('',(#879),#93,.T.);
#3936=ADVANCED_FACE('',(#880),#63,.F.);
#3937=ADVANCED_FACE('',(#881),#646,.F.);
#3938=ADVANCED_FACE('',(#882),#64,.F.);
#3939=ADVANCED_FACE('',(#883),#65,.F.);
#3940=ADVANCED_FACE('',(#884),#66,.F.);
#3941=ADVANCED_FACE('',(#885),#67,.F.);
#3942=ADVANCED_FACE('',(#886),#68,.F.);
#3943=ADVANCED_FACE('',(#887),#69,.F.);
#3944=ADVANCED_FACE('',(#888),#647,.T.);
#3945=ADVANCED_FACE('',(#889),#70,.F.);
#3946=ADVANCED_FACE('',(#890),#71,.F.);
#3947=ADVANCED_FACE('',(#891),#648,.T.);
#3948=ADVANCED_FACE('',(#892),#649,.T.);
#3949=ADVANCED_FACE('',(#893),#650,.T.);
#3950=ADVANCED_FACE('',(#894),#3694,.T.);
#3951=ADVANCED_FACE('',(#895),#3695,.F.);
#3952=ADVANCED_FACE('',(#896),#3696,.T.);
#3953=ADVANCED_FACE('',(#897),#3697,.F.);
#3954=ADVANCED_FACE('',(#898),#3698,.F.);
#3955=ADVANCED_FACE('',(#899),#3699,.F.);
#3956=ADVANCED_FACE('',(#900),#3700,.F.);
#3957=ADVANCED_FACE('',(#901),#3701,.F.);
#3958=ADVANCED_FACE('',(#902),#3702,.F.);
#3959=ADVANCED_FACE('',(#903),#3703,.F.);
#3960=ADVANCED_FACE('',(#904),#3704,.F.);
#3961=ADVANCED_FACE('',(#905),#3705,.F.);
#3962=ADVANCED_FACE('',(#906),#3706,.F.);
#3963=ADVANCED_FACE('',(#907),#3707,.F.);
#3964=ADVANCED_FACE('',(#908),#3708,.F.);
#3965=ADVANCED_FACE('',(#909),#3709,.T.);
#3966=ADVANCED_FACE('',(#910),#651,.F.);
#3967=ADVANCED_FACE('',(#911),#3710,.F.);
#3968=ADVANCED_FACE('',(#912),#652,.T.);
#3969=ADVANCED_FACE('',(#913),#653,.T.);
#3970=ADVANCED_FACE('',(#914),#654,.T.);
#3971=CLOSED_SHELL('',(#3711,#3712,#3713,#3714,#3715,#3716,#3717,#3718,
#3719,#3720,#3721,#3722,#3723,#3724,#3725,#3726,#3727,#3728,#3729,#3730,
#3731,#3732,#3733,#3734,#3735,#3736,#3737,#3738,#3739,#3740,#3741,#3742,
#3743,#3744,#3745,#3746,#3747,#3748,#3749,#3750,#3751,#3752,#3753,#3754,
#3755,#3756,#3757,#3758,#3759,#3760,#3761,#3762,#3763,#3764,#3765,#3766,
#3767,#3768,#3769,#3770,#3771,#3772,#3773,#3774,#3775,#3776,#3777,#3778,
#3779,#3780,#3781,#3782,#3783,#3784,#3785,#3786,#3787,#3788,#3789,#3790,
#3791,#3792,#3793,#3794,#3795,#3796,#3797,#3798,#3799,#3800,#3801,#3802,
#3803,#3804,#3805,#3806,#3807,#3808,#3809,#3810,#3811,#3812,#3813,#3814,
#3815,#3816,#3817,#3818,#3819,#3820,#3821,#3822,#3823,#3824,#3825,#3826,
#3827,#3828,#3829,#3830,#3831,#3832,#3833,#3834,#3835,#3836,#3837,#3838,
#3839,#3840,#3841,#3842,#3843,#3844,#3845,#3846,#3847,#3848,#3849,#3850,
#3851,#3852,#3853,#3854,#3855,#3856,#3857,#3858,#3859,#3860,#3861,#3862,
#3863,#3864,#3865,#3866,#3867,#3868,#3869,#3870,#3871,#3872,#3873,#3874,
#3875,#3876,#3877,#3878,#3879,#3880,#3881,#3882,#3883,#3884,#3885,#3886,
#3887,#3888,#3889,#3890,#3891,#3892,#3893,#3894,#3895,#3896,#3897,#3898,
#3899,#3900,#3901,#3902,#3903,#3904,#3905,#3906,#3907,#3908,#3909,#3910,
#3911,#3912,#3913,#3914,#3915,#3916,#3917,#3918,#3919,#3920,#3921,#3922,
#3923,#3924,#3925,#3926,#3927,#3928,#3929,#3930,#3931,#3932,#3933,#3934,
#3935,#3936,#3937,#3938,#3939,#3940,#3941,#3942,#3943,#3944,#3945,#3946,
#3947,#3948,#3949,#3950,#3951,#3952,#3953,#3954,#3955,#3956,#3957,#3958,
#3959,#3960,#3961,#3962,#3963,#3964,#3965,#3966,#3967,#3968,#3969,#3970));
#3972=DERIVED_UNIT_ELEMENT(#3975,1.);
#3973=DERIVED_UNIT_ELEMENT(#9872,-3.);
#3974=DIMENSIONAL_EXPONENTS(0.,1.,0.,0.,0.,0.,0.);
#3975=(
CONVERSION_BASED_UNIT('gram',#3977)
MASS_UNIT()
NAMED_UNIT(#3974)
);
#3976=(
MASS_UNIT()
NAMED_UNIT(*)
SI_UNIT(.KILO.,.GRAM.)
);
#3977=MASS_MEASURE_WITH_UNIT(MASS_MEASURE(0.001),#3976);
#3978=DERIVED_UNIT((#3972,#3973));
#3979=MEASURE_REPRESENTATION_ITEM('density measure',
POSITIVE_RATIO_MEASURE(1.),#3978);
#3980=PROPERTY_DEFINITION_REPRESENTATION(#3985,#3982);
#3981=PROPERTY_DEFINITION_REPRESENTATION(#3986,#3983);
#3982=REPRESENTATION('material name',(#3984),#9869);
#3983=REPRESENTATION('density',(#3979),#9869);
#3984=DESCRIPTIVE_REPRESENTATION_ITEM('Generisch','Generisch');
#3985=PROPERTY_DEFINITION('material property','material name',#9879);
#3986=PROPERTY_DEFINITION('material property','density of part',#9879);
#3987=DATE_TIME_ROLE('creation_date');
#3988=APPLIED_DATE_AND_TIME_ASSIGNMENT(#3989,#3987,(#9879));
#3989=DATE_AND_TIME(#3990,#3991);
#3990=CALENDAR_DATE(2025,14,4);
#3991=LOCAL_TIME(0,0,0.,#3992);
#3992=COORDINATED_UNIVERSAL_TIME_OFFSET(0,0,.BEHIND.);
#3993=AXIS2_PLACEMENT_3D('',#5497,#4439,#4440);
#3994=AXIS2_PLACEMENT_3D('',#5498,#4441,#4442);
#3995=AXIS2_PLACEMENT_3D('',#5507,#4447,#4448);
#3996=AXIS2_PLACEMENT_3D('',#5513,#4452,#4453);
#3997=AXIS2_PLACEMENT_3D('',#5519,#4457,#4458);
#3998=AXIS2_PLACEMENT_3D('',#5521,#4460,#4461);
#3999=AXIS2_PLACEMENT_3D('',#5530,#4466,#4467);
#4000=AXIS2_PLACEMENT_3D('',#5536,#4471,#4472);
#4001=AXIS2_PLACEMENT_3D('',#5542,#4476,#4477);
#4002=AXIS2_PLACEMENT_3D('',#5544,#4479,#4480);
#4003=AXIS2_PLACEMENT_3D('',#5571,#4495,#4496);
#4004=AXIS2_PLACEMENT_3D('',#5580,#4501,#4502);
#4005=AXIS2_PLACEMENT_3D('',#5586,#4506,#4507);
#4006=AXIS2_PLACEMENT_3D('',#5592,#4511,#4512);
#4007=AXIS2_PLACEMENT_3D('',#5594,#4514,#4515);
#4008=AXIS2_PLACEMENT_3D('',#5620,#4529,#4530);
#4009=AXIS2_PLACEMENT_3D('',#5621,#4531,#4532);
#4010=AXIS2_PLACEMENT_3D('',#5622,#4533,#4534);
#4011=AXIS2_PLACEMENT_3D('',#5623,#4535,#4536);
#4012=AXIS2_PLACEMENT_3D('',#5624,#4537,#4538);
#4013=AXIS2_PLACEMENT_3D('',#5625,#4539,#4540);
#4014=AXIS2_PLACEMENT_3D('',#5626,#4541,#4542);
#4015=AXIS2_PLACEMENT_3D('',#5627,#4543,#4544);
#4016=AXIS2_PLACEMENT_3D('',#5628,#4545,#4546);
#4017=AXIS2_PLACEMENT_3D('',#5629,#4547,#4548);
#4018=AXIS2_PLACEMENT_3D('',#5630,#4549,#4550);
#4019=AXIS2_PLACEMENT_3D('',#5631,#4551,#4552);
#4020=AXIS2_PLACEMENT_3D('',#5632,#4553,#4554);
#4021=AXIS2_PLACEMENT_3D('',#5633,#4555,#4556);
#4022=AXIS2_PLACEMENT_3D('',#5634,#4557,#4558);
#4023=AXIS2_PLACEMENT_3D('',#5635,#4559,#4560);
#4024=AXIS2_PLACEMENT_3D('',#5636,#4561,#4562);
#4025=AXIS2_PLACEMENT_3D('',#5646,#4568,#4569);
#4026=AXIS2_PLACEMENT_3D('',#5647,#4570,#4571);
#4027=AXIS2_PLACEMENT_3D('',#5648,#4572,#4573);
#4028=AXIS2_PLACEMENT_3D('',#5692,#4579,#4580);
#4029=AXIS2_PLACEMENT_3D('',#5742,#4581,#4582);
#4030=AXIS2_PLACEMENT_3D('',#5766,#4583,#4584);
#4031=AXIS2_PLACEMENT_3D('',#5767,#4585,#4586);
#4032=AXIS2_PLACEMENT_3D('',#5768,#4587,#4588);
#4033=AXIS2_PLACEMENT_3D('',#5769,#4589,#4590);
#4034=AXIS2_PLACEMENT_3D('',#5772,#4591,#4592);
#4035=AXIS2_PLACEMENT_3D('',#5774,#4593,#4594);
#4036=AXIS2_PLACEMENT_3D('',#5776,#4595,#4596);
#4037=AXIS2_PLACEMENT_3D('',#5777,#4597,#4598);
#4038=AXIS2_PLACEMENT_3D('',#5778,#4599,#4600);
#4039=AXIS2_PLACEMENT_3D('',#5790,#4601,#4602);
#4040=AXIS2_PLACEMENT_3D('',#5791,#4603,#4604);
#4041=AXIS2_PLACEMENT_3D('',#5792,#4605,#4606);
#4042=AXIS2_PLACEMENT_3D('',#5831,#4607,#4608);
#4043=AXIS2_PLACEMENT_3D('',#5887,#4609,#4610);
#4044=AXIS2_PLACEMENT_3D('',#5898,#4612,#4613);
#4045=AXIS2_PLACEMENT_3D('',#5900,#4615,#4616);
#4046=AXIS2_PLACEMENT_3D('',#6035,#4630,#4631);
#4047=AXIS2_PLACEMENT_3D('',#6036,#4632,#4633);
#4048=AXIS2_PLACEMENT_3D('',#6038,#4634,#4635);
#4049=AXIS2_PLACEMENT_3D('',#6039,#4636,#4637);
#4050=AXIS2_PLACEMENT_3D('',#6040,#4638,#4639);
#4051=AXIS2_PLACEMENT_3D('',#6041,#4640,#4641);
#4052=AXIS2_PLACEMENT_3D('',#6042,#4642,#4643);
#4053=AXIS2_PLACEMENT_3D('',#6076,#4644,#4645);
#4054=AXIS2_PLACEMENT_3D('',#6117,#4646,#4647);
#4055=AXIS2_PLACEMENT_3D('',#6141,#4648,#4649);
#4056=AXIS2_PLACEMENT_3D('',#6142,#4650,#4651);
#4057=AXIS2_PLACEMENT_3D('',#6143,#4652,#4653);
#4058=AXIS2_PLACEMENT_3D('',#6144,#4654,#4655);
#4059=AXIS2_PLACEMENT_3D('',#6147,#4656,#4657);
#4060=AXIS2_PLACEMENT_3D('',#6149,#4658,#4659);
#4061=AXIS2_PLACEMENT_3D('',#6151,#4660,#4661);
#4062=AXIS2_PLACEMENT_3D('',#6152,#4662,#4663);
#4063=AXIS2_PLACEMENT_3D('',#6153,#4664,#4665);
#4064=AXIS2_PLACEMENT_3D('',#6165,#4666,#4667);
#4065=AXIS2_PLACEMENT_3D('',#6166,#4668,#4669);
#4066=AXIS2_PLACEMENT_3D('',#6167,#4670,#4671);
#4067=AXIS2_PLACEMENT_3D('',#6206,#4672,#4673);
#4068=AXIS2_PLACEMENT_3D('',#6262,#4674,#4675);
#4069=AXIS2_PLACEMENT_3D('',#6271,#4676,#4677);
#4070=AXIS2_PLACEMENT_3D('',#6273,#4679,#4680);
#4071=AXIS2_PLACEMENT_3D('',#6274,#4681,#4682);
#4072=AXIS2_PLACEMENT_3D('',#6276,#4683,#4684);
#4073=AXIS2_PLACEMENT_3D('',#6277,#4685,#4686);
#4074=AXIS2_PLACEMENT_3D('',#6278,#4687,#4688);
#4075=AXIS2_PLACEMENT_3D('',#6279,#4689,#4690);
#4076=AXIS2_PLACEMENT_3D('',#6280,#4691,#4692);
#4077=AXIS2_PLACEMENT_3D('',#6314,#4693,#4694);
#4078=AXIS2_PLACEMENT_3D('',#6355,#4695,#4696);
#4079=AXIS2_PLACEMENT_3D('',#6379,#4697,#4698);
#4080=AXIS2_PLACEMENT_3D('',#6380,#4699,#4700);
#4081=AXIS2_PLACEMENT_3D('',#6381,#4701,#4702);
#4082=AXIS2_PLACEMENT_3D('',#6382,#4703,#4704);
#4083=AXIS2_PLACEMENT_3D('',#6385,#4705,#4706);
#4084=AXIS2_PLACEMENT_3D('',#6387,#4707,#4708);
#4085=AXIS2_PLACEMENT_3D('',#6389,#4709,#4710);
#4086=AXIS2_PLACEMENT_3D('',#6390,#4711,#4712);
#4087=AXIS2_PLACEMENT_3D('',#6391,#4713,#4714);
#4088=AXIS2_PLACEMENT_3D('',#6403,#4715,#4716);
#4089=AXIS2_PLACEMENT_3D('',#6404,#4717,#4718);
#4090=AXIS2_PLACEMENT_3D('',#6405,#4719,#4720);
#4091=AXIS2_PLACEMENT_3D('',#6444,#4721,#4722);
#4092=AXIS2_PLACEMENT_3D('',#6518,#4723,#4724);
#4093=AXIS2_PLACEMENT_3D('',#6527,#4725,#4726);
#4094=AXIS2_PLACEMENT_3D('',#6529,#4728,#4729);
#4095=AXIS2_PLACEMENT_3D('',#6530,#4730,#4731);
#4096=AXIS2_PLACEMENT_3D('',#6532,#4732,#4733);
#4097=AXIS2_PLACEMENT_3D('',#6533,#4734,#4735);
#4098=AXIS2_PLACEMENT_3D('',#6534,#4736,#4737);
#4099=AXIS2_PLACEMENT_3D('',#6535,#4738,#4739);
#4100=AXIS2_PLACEMENT_3D('',#6536,#4740,#4741);
#4101=AXIS2_PLACEMENT_3D('',#6564,#4742,#4743);
#4102=AXIS2_PLACEMENT_3D('',#6572,#4744,#4745);
#4103=AXIS2_PLACEMENT_3D('',#6622,#4746,#4747);
#4104=AXIS2_PLACEMENT_3D('',#6652,#4748,#4749);
#4105=AXIS2_PLACEMENT_3D('',#6690,#4750,#4751);
#4106=AXIS2_PLACEMENT_3D('',#6731,#4752,#4753);
#4107=AXIS2_PLACEMENT_3D('',#6770,#4754,#4755);
#4108=AXIS2_PLACEMENT_3D('',#6779,#4756,#4757);
#4109=AXIS2_PLACEMENT_3D('',#6782,#4758,#4759);
#4110=AXIS2_PLACEMENT_3D('',#6783,#4760,#4761);
#4111=AXIS2_PLACEMENT_3D('',#6784,#4762,#4763);
#4112=AXIS2_PLACEMENT_3D('',#6807,#4764,#4765);
#4113=AXIS2_PLACEMENT_3D('',#6886,#4766,#4767);
#4114=AXIS2_PLACEMENT_3D('',#6932,#4768,#4769);
#4115=AXIS2_PLACEMENT_3D('',#6934,#4770,#4771);
#4116=AXIS2_PLACEMENT_3D('',#6935,#4772,#4773);
#4117=AXIS2_PLACEMENT_3D('',#6936,#4774,#4775);
#4118=AXIS2_PLACEMENT_3D('',#6938,#4776,#4777);
#4119=AXIS2_PLACEMENT_3D('',#6939,#4778,#4779);
#4120=AXIS2_PLACEMENT_3D('',#6940,#4780,#4781);
#4121=AXIS2_PLACEMENT_3D('',#6942,#4782,#4783);
#4122=AXIS2_PLACEMENT_3D('',#6943,#4784,#4785);
#4123=AXIS2_PLACEMENT_3D('',#6944,#4786,#4787);
#4124=AXIS2_PLACEMENT_3D('',#6946,#4788,#4789);
#4125=AXIS2_PLACEMENT_3D('',#6947,#4790,#4791);
#4126=AXIS2_PLACEMENT_3D('',#6948,#4792,#4793);
#4127=AXIS2_PLACEMENT_3D('',#6950,#4794,#4795);
#4128=AXIS2_PLACEMENT_3D('',#6962,#4797,#4798);
#4129=AXIS2_PLACEMENT_3D('',#6963,#4799,#4800);
#4130=AXIS2_PLACEMENT_3D('',#6997,#4801,#4802);
#4131=AXIS2_PLACEMENT_3D('',#7044,#4803,#4804);
#4132=AXIS2_PLACEMENT_3D('',#7062,#4805,#4806);
#4133=AXIS2_PLACEMENT_3D('',#7063,#4807,#4808);
#4134=AXIS2_PLACEMENT_3D('',#7064,#4809,#4810);
#4135=AXIS2_PLACEMENT_3D('',#7065,#4811,#4812);
#4136=AXIS2_PLACEMENT_3D('',#7068,#4813,#4814);
#4137=AXIS2_PLACEMENT_3D('',#7070,#4815,#4816);
#4138=AXIS2_PLACEMENT_3D('',#7072,#4817,#4818);
#4139=AXIS2_PLACEMENT_3D('',#7073,#4819,#4820);
#4140=AXIS2_PLACEMENT_3D('',#7074,#4821,#4822);
#4141=AXIS2_PLACEMENT_3D('',#7086,#4823,#4824);
#4142=AXIS2_PLACEMENT_3D('',#7087,#4825,#4826);
#4143=AXIS2_PLACEMENT_3D('',#7088,#4827,#4828);
#4144=AXIS2_PLACEMENT_3D('',#7127,#4829,#4830);
#4145=AXIS2_PLACEMENT_3D('',#7201,#4831,#4832);
#4146=AXIS2_PLACEMENT_3D('',#7214,#4834,#4835);
#4147=AXIS2_PLACEMENT_3D('',#7215,#4836,#4837);
#4148=AXIS2_PLACEMENT_3D('',#7217,#4838,#4839);
#4149=AXIS2_PLACEMENT_3D('',#7218,#4840,#4841);
#4150=AXIS2_PLACEMENT_3D('',#7219,#4842,#4843);
#4151=AXIS2_PLACEMENT_3D('',#7220,#4844,#4845);
#4152=AXIS2_PLACEMENT_3D('',#7221,#4846,#4847);
#4153=AXIS2_PLACEMENT_3D('',#7255,#4848,#4849);
#4154=AXIS2_PLACEMENT_3D('',#7296,#4850,#4851);
#4155=AXIS2_PLACEMENT_3D('',#7309,#4852,#4853);
#4156=AXIS2_PLACEMENT_3D('',#7312,#4854,#4855);
#4157=AXIS2_PLACEMENT_3D('',#7314,#4856,#4857);
#4158=AXIS2_PLACEMENT_3D('',#7316,#4858,#4859);
#4159=AXIS2_PLACEMENT_3D('',#7317,#4860,#4861);
#4160=AXIS2_PLACEMENT_3D('',#7378,#4862,#4863);
#4161=AXIS2_PLACEMENT_3D('',#7387,#4864,#4865);
#4162=AXIS2_PLACEMENT_3D('',#7502,#4866,#4867);
#4163=AXIS2_PLACEMENT_3D('',#7504,#4868,#4869);
#4164=AXIS2_PLACEMENT_3D('',#7505,#4870,#4871);
#4165=AXIS2_PLACEMENT_3D('',#7506,#4872,#4873);
#4166=AXIS2_PLACEMENT_3D('',#7508,#4874,#4875);
#4167=AXIS2_PLACEMENT_3D('',#7509,#4876,#4877);
#4168=AXIS2_PLACEMENT_3D('',#7510,#4878,#4879);
#4169=AXIS2_PLACEMENT_3D('',#7511,#4880,#4881);
#4170=AXIS2_PLACEMENT_3D('',#7545,#4882,#4883);
#4171=AXIS2_PLACEMENT_3D('',#7584,#4884,#4885);
#4172=AXIS2_PLACEMENT_3D('',#7611,#4886,#4887);
#4173=AXIS2_PLACEMENT_3D('',#7637,#4888,#4889);
#4174=AXIS2_PLACEMENT_3D('',#7638,#4890,#4891);
#4175=AXIS2_PLACEMENT_3D('',#7639,#4892,#4893);
#4176=AXIS2_PLACEMENT_3D('',#7640,#4894,#4895);
#4177=AXIS2_PLACEMENT_3D('',#7643,#4896,#4897);
#4178=AXIS2_PLACEMENT_3D('',#7644,#4898,#4899);
#4179=AXIS2_PLACEMENT_3D('',#7645,#4900,#4901);
#4180=AXIS2_PLACEMENT_3D('',#7663,#4902,#4903);
#4181=AXIS2_PLACEMENT_3D('',#7664,#4904,#4905);
#4182=AXIS2_PLACEMENT_3D('',#7665,#4906,#4907);
#4183=AXIS2_PLACEMENT_3D('',#7692,#4908,#4909);
#4184=AXIS2_PLACEMENT_3D('',#7723,#4910,#4911);
#4185=AXIS2_PLACEMENT_3D('',#7777,#4912,#4913);
#4186=AXIS2_PLACEMENT_3D('',#7793,#4919,#4920);
#4187=AXIS2_PLACEMENT_3D('',#7795,#4922,#4923);
#4188=AXIS2_PLACEMENT_3D('',#7797,#4925,#4926);
#4189=AXIS2_PLACEMENT_3D('',#7798,#4927,#4928);
#4190=AXIS2_PLACEMENT_3D('',#7842,#4930,#4931);
#4191=AXIS2_PLACEMENT_3D('',#7882,#4932,#4933);
#4192=AXIS2_PLACEMENT_3D('',#7915,#4934,#4935);
#4193=AXIS2_PLACEMENT_3D('',#7924,#4936,#4937);
#4194=AXIS2_PLACEMENT_3D('',#7927,#4938,#4939);
#4195=AXIS2_PLACEMENT_3D('',#7928,#4940,#4941);
#4196=AXIS2_PLACEMENT_3D('',#7929,#4942,#4943);
#4197=AXIS2_PLACEMENT_3D('',#7961,#4944,#4945);
#4198=AXIS2_PLACEMENT_3D('',#7974,#4946,#4947);
#4199=AXIS2_PLACEMENT_3D('',#8049,#4948,#4949);
#4200=AXIS2_PLACEMENT_3D('',#8051,#4951,#4952);
#4201=AXIS2_PLACEMENT_3D('',#8089,#4953,#4954);
#4202=AXIS2_PLACEMENT_3D('',#8099,#4955,#4956);
#4203=AXIS2_PLACEMENT_3D('',#8129,#4957,#4958);
#4204=AXIS2_PLACEMENT_3D('',#8167,#4959,#4960);
#4205=AXIS2_PLACEMENT_3D('',#8208,#4961,#4962);
#4206=AXIS2_PLACEMENT_3D('',#8232,#4963,#4964);
#4207=AXIS2_PLACEMENT_3D('',#8233,#4965,#4966);
#4208=AXIS2_PLACEMENT_3D('',#8234,#4967,#4968);
#4209=AXIS2_PLACEMENT_3D('',#8235,#4969,#4970);
#4210=AXIS2_PLACEMENT_3D('',#8238,#4971,#4972);
#4211=AXIS2_PLACEMENT_3D('',#8239,#4973,#4974);
#4212=AXIS2_PLACEMENT_3D('',#8240,#4975,#4976);
#4213=AXIS2_PLACEMENT_3D('',#8252,#4977,#4978);
#4214=AXIS2_PLACEMENT_3D('',#8253,#4979,#4980);
#4215=AXIS2_PLACEMENT_3D('',#8254,#4981,#4982);
#4216=AXIS2_PLACEMENT_3D('',#8282,#4983,#4984);
#4217=AXIS2_PLACEMENT_3D('',#8363,#4985,#4986);
#4218=AXIS2_PLACEMENT_3D('',#8409,#4987,#4988);
#4219=AXIS2_PLACEMENT_3D('',#8411,#4989,#4990);
#4220=AXIS2_PLACEMENT_3D('',#8413,#4991,#4992);
#4221=AXIS2_PLACEMENT_3D('',#8414,#4993,#4994);
#4222=AXIS2_PLACEMENT_3D('',#8415,#4995,#4996);
#4223=AXIS2_PLACEMENT_3D('',#8417,#4998,#4999);
#4224=AXIS2_PLACEMENT_3D('',#8419,#5001,#5002);
#4225=AXIS2_PLACEMENT_3D('',#8421,#5004,#5005);
#4226=AXIS2_PLACEMENT_3D('',#8423,#5007,#5008);
#4227=AXIS2_PLACEMENT_3D('',#8458,#5010,#5011);
#4228=AXIS2_PLACEMENT_3D('',#8498,#5012,#5013);
#4229=AXIS2_PLACEMENT_3D('',#8515,#5014,#5015);
#4230=AXIS2_PLACEMENT_3D('',#8516,#5016,#5017);
#4231=AXIS2_PLACEMENT_3D('',#8517,#5018,#5019);
#4232=AXIS2_PLACEMENT_3D('',#8520,#5020,#5021);
#4233=AXIS2_PLACEMENT_3D('',#8521,#5022,#5023);
#4234=AXIS2_PLACEMENT_3D('',#8523,#5024,#5025);
#4235=AXIS2_PLACEMENT_3D('',#8525,#5026,#5027);
#4236=AXIS2_PLACEMENT_3D('',#8526,#5028,#5029);
#4237=AXIS2_PLACEMENT_3D('',#8538,#5030,#5031);
#4238=AXIS2_PLACEMENT_3D('',#8539,#5032,#5033);
#4239=AXIS2_PLACEMENT_3D('',#8540,#5034,#5035);
#4240=AXIS2_PLACEMENT_3D('',#8579,#5036,#5037);
#4241=AXIS2_PLACEMENT_3D('',#8635,#5038,#5039);
#4242=AXIS2_PLACEMENT_3D('',#8638,#5042,#5043);
#4243=AXIS2_PLACEMENT_3D('',#8689,#5053,#5054);
#4244=AXIS2_PLACEMENT_3D('',#8690,#5055,#5056);
#4245=AXIS2_PLACEMENT_3D('',#8692,#5057,#5058);
#4246=AXIS2_PLACEMENT_3D('',#8693,#5059,#5060);
#4247=AXIS2_PLACEMENT_3D('',#8694,#5061,#5062);
#4248=AXIS2_PLACEMENT_3D('',#8695,#5063,#5064);
#4249=AXIS2_PLACEMENT_3D('',#8696,#5065,#5066);
#4250=AXIS2_PLACEMENT_3D('',#8730,#5067,#5068);
#4251=AXIS2_PLACEMENT_3D('',#8770,#5069,#5070);
#4252=AXIS2_PLACEMENT_3D('',#8787,#5071,#5072);
#4253=AXIS2_PLACEMENT_3D('',#8788,#5073,#5074);
#4254=AXIS2_PLACEMENT_3D('',#8789,#5075,#5076);
#4255=AXIS2_PLACEMENT_3D('',#8792,#5077,#5078);
#4256=AXIS2_PLACEMENT_3D('',#8793,#5079,#5080);
#4257=AXIS2_PLACEMENT_3D('',#8795,#5081,#5082);
#4258=AXIS2_PLACEMENT_3D('',#8797,#5083,#5084);
#4259=AXIS2_PLACEMENT_3D('',#8798,#5085,#5086);
#4260=AXIS2_PLACEMENT_3D('',#8810,#5087,#5088);
#4261=AXIS2_PLACEMENT_3D('',#8811,#5089,#5090);
#4262=AXIS2_PLACEMENT_3D('',#8812,#5091,#5092);
#4263=AXIS2_PLACEMENT_3D('',#8850,#5093,#5094);
#4264=AXIS2_PLACEMENT_3D('',#8912,#5095,#5096);
#4265=AXIS2_PLACEMENT_3D('',#8914,#5098,#5099);
#4266=AXIS2_PLACEMENT_3D('',#8915,#5100,#5101);
#4267=AXIS2_PLACEMENT_3D('',#8917,#5102,#5103);
#4268=AXIS2_PLACEMENT_3D('',#8918,#5104,#5105);
#4269=AXIS2_PLACEMENT_3D('',#8919,#5106,#5107);
#4270=AXIS2_PLACEMENT_3D('',#8920,#5108,#5109);
#4271=AXIS2_PLACEMENT_3D('',#8921,#5110,#5111);
#4272=AXIS2_PLACEMENT_3D('',#8955,#5112,#5113);
#4273=AXIS2_PLACEMENT_3D('',#8995,#5114,#5115);
#4274=AXIS2_PLACEMENT_3D('',#9012,#5116,#5117);
#4275=AXIS2_PLACEMENT_3D('',#9013,#5118,#5119);
#4276=AXIS2_PLACEMENT_3D('',#9014,#5120,#5121);
#4277=AXIS2_PLACEMENT_3D('',#9017,#5122,#5123);
#4278=AXIS2_PLACEMENT_3D('',#9018,#5124,#5125);
#4279=AXIS2_PLACEMENT_3D('',#9020,#5126,#5127);
#4280=AXIS2_PLACEMENT_3D('',#9022,#5128,#5129);
#4281=AXIS2_PLACEMENT_3D('',#9023,#5130,#5131);
#4282=AXIS2_PLACEMENT_3D('',#9035,#5132,#5133);
#4283=AXIS2_PLACEMENT_3D('',#9036,#5134,#5135);
#4284=AXIS2_PLACEMENT_3D('',#9037,#5136,#5137);
#4285=AXIS2_PLACEMENT_3D('',#9069,#5138,#5139);
#4286=AXIS2_PLACEMENT_3D('',#9122,#5140,#5141);
#4287=AXIS2_PLACEMENT_3D('',#9124,#5143,#5144);
#4288=AXIS2_PLACEMENT_3D('',#9125,#5145,#5146);
#4289=AXIS2_PLACEMENT_3D('',#9127,#5147,#5148);
#4290=AXIS2_PLACEMENT_3D('',#9128,#5149,#5150);
#4291=AXIS2_PLACEMENT_3D('',#9129,#5151,#5152);
#4292=AXIS2_PLACEMENT_3D('',#9130,#5153,#5154);
#4293=AXIS2_PLACEMENT_3D('',#9131,#5155,#5156);
#4294=AXIS2_PLACEMENT_3D('',#9165,#5157,#5158);
#4295=AXIS2_PLACEMENT_3D('',#9206,#5159,#5160);
#4296=AXIS2_PLACEMENT_3D('',#9250,#5161,#5162);
#4297=AXIS2_PLACEMENT_3D('',#9253,#5163,#5164);
#4298=AXIS2_PLACEMENT_3D('',#9255,#5165,#5166);
#4299=AXIS2_PLACEMENT_3D('',#9257,#5167,#5168);
#4300=AXIS2_PLACEMENT_3D('',#9258,#5169,#5170);
#4301=AXIS2_PLACEMENT_3D('',#9318,#5171,#5172);
#4302=AXIS2_PLACEMENT_3D('',#9327,#5173,#5174);
#4303=AXIS2_PLACEMENT_3D('',#9402,#5175,#5176);
#4304=AXIS2_PLACEMENT_3D('',#9405,#5178,#5179);
#4305=AXIS2_PLACEMENT_3D('',#9407,#5181,#5182);
#4306=AXIS2_PLACEMENT_3D('',#9408,#5183,#5184);
#4307=AXIS2_PLACEMENT_3D('',#9410,#5185,#5186);
#4308=AXIS2_PLACEMENT_3D('',#9411,#5187,#5188);
#4309=AXIS2_PLACEMENT_3D('',#9445,#5189,#5190);
#4310=AXIS2_PLACEMENT_3D('',#9475,#5191,#5192);
#4311=AXIS2_PLACEMENT_3D('',#9502,#5193,#5194);
#4312=AXIS2_PLACEMENT_3D('',#9528,#5195,#5196);
#4313=AXIS2_PLACEMENT_3D('',#9529,#5197,#5198);
#4314=AXIS2_PLACEMENT_3D('',#9530,#5199,#5200);
#4315=AXIS2_PLACEMENT_3D('',#9531,#5201,#5202);
#4316=AXIS2_PLACEMENT_3D('',#9534,#5203,#5204);
#4317=AXIS2_PLACEMENT_3D('',#9535,#5205,#5206);
#4318=AXIS2_PLACEMENT_3D('',#9536,#5207,#5208);
#4319=AXIS2_PLACEMENT_3D('',#9554,#5209,#5210);
#4320=AXIS2_PLACEMENT_3D('',#9555,#5211,#5212);
#4321=AXIS2_PLACEMENT_3D('',#9556,#5213,#5214);
#4322=AXIS2_PLACEMENT_3D('',#9582,#5215,#5216);
#4323=AXIS2_PLACEMENT_3D('',#9612,#5217,#5218);
#4324=AXIS2_PLACEMENT_3D('',#9662,#5219,#5220);
#4325=AXIS2_PLACEMENT_3D('',#9663,#5221,#5222);
#4326=AXIS2_PLACEMENT_3D('',#9664,#5223,#5224);
#4327=AXIS2_PLACEMENT_3D('',#9665,#5225,#5226);
#4328=AXIS2_PLACEMENT_3D('',#9666,#5227,#5228);
#4329=AXIS2_PLACEMENT_3D('',#9668,#5229,#5230);
#4330=AXIS2_PLACEMENT_3D('',#9669,#5231,#5232);
#4331=AXIS2_PLACEMENT_3D('',#9670,#5233,#5234);
#4332=AXIS2_PLACEMENT_3D('',#9671,#5235,#5236);
#4333=AXIS2_PLACEMENT_3D('',#9672,#5237,#5238);
#4334=AXIS2_PLACEMENT_3D('',#9675,#5240,#5241);
#4335=AXIS2_PLACEMENT_3D('',#9676,#5242,#5243);
#4336=AXIS2_PLACEMENT_3D('',#9678,#5245,#5246);
#4337=AXIS2_PLACEMENT_3D('',#9679,#5247,#5248);
#4338=AXIS2_PLACEMENT_3D('',#9680,#5249,#5250);
#4339=AXIS2_PLACEMENT_3D('',#9682,#5251,#5252);
#4340=AXIS2_PLACEMENT_3D('',#9683,#5253,#5254);
#4341=AXIS2_PLACEMENT_3D('',#9684,#5255,#5256);
#4342=AXIS2_PLACEMENT_3D('',#9685,#5257,#5258);
#4343=AXIS2_PLACEMENT_3D('',#9686,#5259,#5260);
#4344=AXIS2_PLACEMENT_3D('',#9689,#5262,#5263);
#4345=AXIS2_PLACEMENT_3D('',#9690,#5264,#5265);
#4346=AXIS2_PLACEMENT_3D('',#9692,#5267,#5268);
#4347=AXIS2_PLACEMENT_3D('',#9693,#5269,#5270);
#4348=AXIS2_PLACEMENT_3D('',#9694,#5271,#5272);
#4349=AXIS2_PLACEMENT_3D('',#9696,#5273,#5274);
#4350=AXIS2_PLACEMENT_3D('',#9697,#5275,#5276);
#4351=AXIS2_PLACEMENT_3D('',#9698,#5277,#5278);
#4352=AXIS2_PLACEMENT_3D('',#9699,#5279,#5280);
#4353=AXIS2_PLACEMENT_3D('',#9700,#5281,#5282);
#4354=AXIS2_PLACEMENT_3D('',#9702,#5284,#5285);
#4355=AXIS2_PLACEMENT_3D('',#9705,#5287,#5288);
#4356=AXIS2_PLACEMENT_3D('',#9706,#5289,#5290);
#4357=AXIS2_PLACEMENT_3D('',#9708,#5291,#5292);
#4358=AXIS2_PLACEMENT_3D('',#9709,#5293,#5294);
#4359=AXIS2_PLACEMENT_3D('',#9710,#5295,#5296);
#4360=AXIS2_PLACEMENT_3D('',#9711,#5297,#5298);
#4361=AXIS2_PLACEMENT_3D('',#9712,#5299,#5300);
#4362=AXIS2_PLACEMENT_3D('',#9715,#5302,#5303);
#4363=AXIS2_PLACEMENT_3D('',#9716,#5304,#5305);
#4364=AXIS2_PLACEMENT_3D('',#9719,#5307,#5308);
#4365=AXIS2_PLACEMENT_3D('',#9720,#5309,#5310);
#4366=AXIS2_PLACEMENT_3D('',#9722,#5311,#5312);
#4367=AXIS2_PLACEMENT_3D('',#9723,#5313,#5314);
#4368=AXIS2_PLACEMENT_3D('',#9724,#5315,#5316);
#4369=AXIS2_PLACEMENT_3D('',#9725,#5317,#5318);
#4370=AXIS2_PLACEMENT_3D('',#9726,#5319,#5320);
#4371=AXIS2_PLACEMENT_3D('',#9728,#5322,#5323);
#4372=AXIS2_PLACEMENT_3D('',#9730,#5325,#5326);
#4373=AXIS2_PLACEMENT_3D('',#9731,#5327,#5328);
#4374=AXIS2_PLACEMENT_3D('',#9732,#5329,#5330);
#4375=AXIS2_PLACEMENT_3D('',#9733,#5331,#5332);
#4376=AXIS2_PLACEMENT_3D('',#9734,#5333,#5334);
#4377=AXIS2_PLACEMENT_3D('',#9736,#5335,#5336);
#4378=AXIS2_PLACEMENT_3D('',#9739,#5339,#5340);
#4379=AXIS2_PLACEMENT_3D('',#9740,#5341,#5342);
#4380=AXIS2_PLACEMENT_3D('',#9741,#5343,#5344);
#4381=AXIS2_PLACEMENT_3D('',#9742,#5345,#5346);
#4382=AXIS2_PLACEMENT_3D('',#9743,#5347,#5348);
#4383=AXIS2_PLACEMENT_3D('',#9744,#5349,#5350);
#4384=AXIS2_PLACEMENT_3D('',#9745,#5351,#5352);
#4385=AXIS2_PLACEMENT_3D('',#9746,#5353,#5354);
#4386=AXIS2_PLACEMENT_3D('',#9748,#5355,#5356);
#4387=AXIS2_PLACEMENT_3D('',#9749,#5357,#5358);
#4388=AXIS2_PLACEMENT_3D('',#9750,#5359,#5360);
#4389=AXIS2_PLACEMENT_3D('',#9751,#5361,#5362);
#4390=AXIS2_PLACEMENT_3D('',#9752,#5363,#5364);
#4391=AXIS2_PLACEMENT_3D('',#9753,#5365,#5366);
#4392=AXIS2_PLACEMENT_3D('',#9754,#5367,#5368);
#4393=AXIS2_PLACEMENT_3D('',#9755,#5369,#5370);
#4394=AXIS2_PLACEMENT_3D('',#9756,#5371,#5372);
#4395=AXIS2_PLACEMENT_3D('',#9766,#5373,#5374);
#4396=AXIS2_PLACEMENT_3D('',#9767,#5375,#5376);
#4397=AXIS2_PLACEMENT_3D('',#9768,#5377,#5378);
#4398=AXIS2_PLACEMENT_3D('',#9769,#5379,#5380);
#4399=AXIS2_PLACEMENT_3D('',#9770,#5381,#5382);
#4400=AXIS2_PLACEMENT_3D('',#9771,#5383,#5384);
#4401=AXIS2_PLACEMENT_3D('',#9772,#5385,#5386);
#4402=AXIS2_PLACEMENT_3D('',#9773,#5387,#5388);
#4403=AXIS2_PLACEMENT_3D('',#9774,#5389,#5390);
#4404=AXIS2_PLACEMENT_3D('',#9775,#5391,#5392);
#4405=AXIS2_PLACEMENT_3D('',#9776,#5393,#5394);
#4406=AXIS2_PLACEMENT_3D('',#9777,#5395,#5396);
#4407=AXIS2_PLACEMENT_3D('',#9778,#5397,#5398);
#4408=AXIS2_PLACEMENT_3D('',#9779,#5399,#5400);
#4409=AXIS2_PLACEMENT_3D('',#9780,#5401,#5402);
#4410=AXIS2_PLACEMENT_3D('',#9781,#5403,#5404);
#4411=AXIS2_PLACEMENT_3D('',#9783,#5405,#5406);
#4412=AXIS2_PLACEMENT_3D('',#9784,#5407,#5408);
#4413=AXIS2_PLACEMENT_3D('',#9785,#5409,#5410);
#4414=AXIS2_PLACEMENT_3D('',#9786,#5411,#5412);
#4415=AXIS2_PLACEMENT_3D('',#9787,#5413,#5414);
#4416=AXIS2_PLACEMENT_3D('',#9789,#5416,#5417);
#4417=AXIS2_PLACEMENT_3D('',#9791,#5419,#5420);
#4418=AXIS2_PLACEMENT_3D('',#9792,#5421,#5422);
#4419=AXIS2_PLACEMENT_3D('',#9801,#5427,#5428);
#4420=AXIS2_PLACEMENT_3D('',#9823,#5440,#5441);
#4421=AXIS2_PLACEMENT_3D('',#9829,#5445,#5446);
#4422=AXIS2_PLACEMENT_3D('',#9833,#5449,#5450);
#4423=AXIS2_PLACEMENT_3D('',#9837,#5453,#5454);
#4424=AXIS2_PLACEMENT_3D('',#9841,#5457,#5458);
#4425=AXIS2_PLACEMENT_3D('',#9845,#5461,#5462);
#4426=AXIS2_PLACEMENT_3D('',#9848,#5465,#5466);
#4427=AXIS2_PLACEMENT_3D('',#9850,#5468,#5469);
#4428=AXIS2_PLACEMENT_3D('',#9852,#5471,#5472);
#4429=AXIS2_PLACEMENT_3D('',#9854,#5474,#5475);
#4430=AXIS2_PLACEMENT_3D('',#9856,#5477,#5478);
#4431=AXIS2_PLACEMENT_3D('',#9858,#5480,#5481);
#4432=AXIS2_PLACEMENT_3D('',#9860,#5483,#5484);
#4433=AXIS2_PLACEMENT_3D('',#9861,#5485,#5486);
#4434=AXIS2_PLACEMENT_3D('',#9862,#5487,#5488);
#4435=AXIS2_PLACEMENT_3D('',#9863,#5489,#5490);
#4436=AXIS2_PLACEMENT_3D('',#9864,#5491,#5492);
#4437=AXIS2_PLACEMENT_3D('',#9865,#5493,#5494);
#4438=AXIS2_PLACEMENT_3D('',#9866,#5495,#5496);
#4439=DIRECTION('axis',(0.,0.,1.));
#4440=DIRECTION('refdir',(1.,0.,0.));
#4441=DIRECTION('center_axis',(-1.,0.,0.));
#4442=DIRECTION('ref_axis',(0.,1.,0.));
#4443=DIRECTION('',(0.,1.,0.));
#4444=DIRECTION('',(0.,0.,-1.));
#4445=DIRECTION('',(0.,1.,0.));
#4446=DIRECTION('',(0.,0.,-1.));
#4447=DIRECTION('center_axis',(0.,-1.,0.));
#4448=DIRECTION('ref_axis',(-1.,0.,0.));
#4449=DIRECTION('',(-1.,0.,0.));
#4450=DIRECTION('',(0.,0.,-1.));
#4451=DIRECTION('',(-1.,0.,0.));
#4452=DIRECTION('center_axis',(1.,0.,0.));
#4453=DIRECTION('ref_axis',(0.,-1.,0.));
#4454=DIRECTION('',(0.,-1.,0.));
#4455=DIRECTION('',(0.,0.,1.));
#4456=DIRECTION('',(0.,-1.,0.));
#4457=DIRECTION('center_axis',(0.,0.,-1.));
#4458=DIRECTION('ref_axis',(-1.,0.,0.));
#4459=DIRECTION('',(1.,0.,0.));
#4460=DIRECTION('center_axis',(-1.,0.,0.));
#4461=DIRECTION('ref_axis',(0.,1.,0.));
#4462=DIRECTION('',(0.,1.,0.));
#4463=DIRECTION('',(0.,0.,-1.));
#4464=DIRECTION('',(0.,1.,0.));
#4465=DIRECTION('',(0.,0.,-1.));
#4466=DIRECTION('center_axis',(0.,-1.,0.));
#4467=DIRECTION('ref_axis',(-1.,0.,0.));
#4468=DIRECTION('',(-1.,0.,0.));
#4469=DIRECTION('',(0.,0.,-1.));
#4470=DIRECTION('',(-1.,0.,0.));
#4471=DIRECTION('center_axis',(1.,0.,0.));
#4472=DIRECTION('ref_axis',(0.,-1.,0.));
#4473=DIRECTION('',(0.,-1.,0.));
#4474=DIRECTION('',(0.,0.,1.));
#4475=DIRECTION('',(0.,-1.,0.));
#4476=DIRECTION('center_axis',(0.,0.,-1.));
#4477=DIRECTION('ref_axis',(-1.,0.,0.));
#4478=DIRECTION('',(1.,0.,0.));
#4479=DIRECTION('center_axis',(0.,0.,1.));
#4480=DIRECTION('ref_axis',(0.,-1.,0.));
#4481=DIRECTION('',(-1.,0.,0.));
#4482=DIRECTION('',(0.,1.,-1.22464679914735E-16));
#4483=DIRECTION('',(-1.,0.,0.));
#4484=DIRECTION('',(0.,1.,-1.22464679914735E-16));
#4485=DIRECTION('',(-1.,0.,0.));
#4486=DIRECTION('',(0.,1.,-1.22464679914735E-16));
#4487=DIRECTION('',(1.,0.,0.));
#4488=DIRECTION('',(0.,-1.,6.0551980624508E-17));
#4489=DIRECTION('',(1.,0.,0.));
#4490=DIRECTION('',(0.,-1.,6.0551980624508E-17));
#4491=DIRECTION('',(1.,0.,0.));
#4492=DIRECTION('',(0.,-1.,-3.5922972774989E-17));
#4493=DIRECTION('',(-1.,0.,0.));
#4494=DIRECTION('',(-1.,0.,0.));
#4495=DIRECTION('center_axis',(1.,0.,0.));
#4496=DIRECTION('ref_axis',(0.,-1.,0.));
#4497=DIRECTION('',(0.,-1.,0.));
#4498=DIRECTION('',(0.,0.,-1.));
#4499=DIRECTION('',(0.,-1.,0.));
#4500=DIRECTION('',(0.,0.,-1.));
#4501=DIRECTION('center_axis',(0.,1.,0.));
#4502=DIRECTION('ref_axis',(1.,0.,0.));
#4503=DIRECTION('',(1.,0.,0.));
#4504=DIRECTION('',(0.,0.,-1.));
#4505=DIRECTION('',(1.,0.,0.));
#4506=DIRECTION('center_axis',(-1.,-4.44089209850062E-16,0.));
#4507=DIRECTION('ref_axis',(-4.44089209850062E-16,1.,0.));
#4508=DIRECTION('',(-4.44089209850062E-16,1.,0.));
#4509=DIRECTION('',(0.,0.,1.));
#4510=DIRECTION('',(-4.44089209850062E-16,1.,0.));
#4511=DIRECTION('center_axis',(0.,0.,-1.));
#4512=DIRECTION('ref_axis',(-1.,0.,0.));
#4513=DIRECTION('',(-1.,0.,0.));
#4514=DIRECTION('center_axis',(0.,0.,1.));
#4515=DIRECTION('ref_axis',(0.,-1.,0.));
#4516=DIRECTION('',(1.,0.,0.));
#4517=DIRECTION('',(0.,-1.,-3.67394039744206E-17));
#4518=DIRECTION('',(1.,0.,0.));
#4519=DIRECTION('',(0.,-1.,-3.67394039744206E-17));
#4520=DIRECTION('',(1.,0.,0.));
#4521=DIRECTION('',(0.,-1.,-3.67394039744206E-17));
#4522=DIRECTION('',(-1.,0.,0.));
#4523=DIRECTION('',(0.,1.,-6.0551980624508E-17));
#4524=DIRECTION('',(-1.,0.,0.));
#4525=DIRECTION('',(0.,1.,-6.0551980624508E-17));
#4526=DIRECTION('',(-1.,0.,0.));
#4527=DIRECTION('',(0.,1.,-3.67394039744206E-17));
#4528=DIRECTION('',(1.,0.,0.));
#4529=DIRECTION('center_axis',(-1.,0.,0.));
#4530=DIRECTION('ref_axis',(0.,-1.,6.27388499086998E-17));
#4531=DIRECTION('center_axis',(1.,0.,0.));
#4532=DIRECTION('ref_axis',(0.,-1.,6.27388499086998E-17));
#4533=DIRECTION('center_axis',(1.,0.,0.));
#4534=DIRECTION('ref_axis',(0.,-1.,6.27388499086998E-17));
#4535=DIRECTION('center_axis',(-1.,0.,0.));
#4536=DIRECTION('ref_axis',(0.,0.,1.));
#4537=DIRECTION('center_axis',(-1.,0.,0.));
#4538=DIRECTION('ref_axis',(0.,1.,0.));
#4539=DIRECTION('center_axis',(-1.,0.,0.));
#4540=DIRECTION('ref_axis',(0.,0.,1.));
#4541=DIRECTION('center_axis',(1.,0.,0.));
#4542=DIRECTION('ref_axis',(0.,-1.,-6.12323399573677E-17));
#4543=DIRECTION('center_axis',(1.,0.,0.));
#4544=DIRECTION('ref_axis',(0.,1.,-5.83651113403162E-17));
#4545=DIRECTION('center_axis',(-1.,0.,0.));
#4546=DIRECTION('ref_axis',(0.,1.,-5.83651113403162E-17));
#4547=DIRECTION('center_axis',(-1.,0.,0.));
#4548=DIRECTION('ref_axis',(0.,1.,-5.83651113403162E-17));
#4549=DIRECTION('center_axis',(1.,0.,0.));
#4550=DIRECTION('ref_axis',(0.,0.,-1.));
#4551=DIRECTION('center_axis',(1.,0.,0.));
#4552=DIRECTION('ref_axis',(0.,-1.,0.));
#4553=DIRECTION('center_axis',(1.,0.,0.));
#4554=DIRECTION('ref_axis',(0.,0.,-1.));
#4555=DIRECTION('center_axis',(-1.,0.,0.));
#4556=DIRECTION('ref_axis',(0.,1.,-5.98716212916483E-17));
#4557=DIRECTION('center_axis',(1.,0.,0.));
#4558=DIRECTION('ref_axis',(0.,1.,-5.98716212916483E-17));
#4559=DIRECTION('center_axis',(-1.,0.,0.));
#4560=DIRECTION('ref_axis',(0.,1.,-5.98716212916483E-17));
#4561=DIRECTION('center_axis',(1.,0.,0.));
#4562=DIRECTION('ref_axis',(0.,0.,-1.));
#4563=DIRECTION('',(0.,0.,1.));
#4564=DIRECTION('',(0.,0.,-1.));
#4565=DIRECTION('',(0.,-0.707106781186548,-0.707106781186548));
#4566=DIRECTION('',(0.,-1.,0.));
#4567=DIRECTION('',(0.,-0.707106781186548,0.707106781186548));
#4568=DIRECTION('center_axis',(-1.,0.,0.));
#4569=DIRECTION('ref_axis',(0.,-1.,-6.12323399573677E-17));
#4570=DIRECTION('center_axis',(1.,0.,0.));
#4571=DIRECTION('ref_axis',(0.,-1.,-6.12323399573677E-17));
#4572=DIRECTION('center_axis',(-1.,0.,0.));
#4573=DIRECTION('ref_axis',(0.,0.,1.));
#4574=DIRECTION('',(0.,0.,1.));
#4575=DIRECTION('',(0.,0.,-1.));
#4576=DIRECTION('',(0.,0.707106781186548,-0.707106781186547));
#4577=DIRECTION('',(0.,1.,0.));
#4578=DIRECTION('',(0.,0.707106781186548,0.707106781186548));
#4579=DIRECTION('center_axis',(0.265582732210709,0.789734715809131,0.55297820119546));
#4580=DIRECTION('ref_axis',(0.,-0.573576436351048,0.81915204428899));
#4581=DIRECTION('center_axis',(3.28603183231063E-13,-0.525480238157299,
0.850805805872379));
#4582=DIRECTION('ref_axis',(0.,-0.850805805872379,-0.525480238157299));
#4583=DIRECTION('center_axis',(0.,-0.596423532118016,0.802669901227067));
#4584=DIRECTION('ref_axis',(0.,-0.802669901227067,-0.596423532118016));
#4585=DIRECTION('center_axis',(-1.,0.,0.));
#4586=DIRECTION('ref_axis',(0.,-0.999405592952351,0.0344740594586752));
#4587=DIRECTION('center_axis',(1.,0.,0.));
#4588=DIRECTION('ref_axis',(0.,-0.999405592952351,0.0344740594586752));
#4589=DIRECTION('center_axis',(1.,0.,0.));
#4590=DIRECTION('ref_axis',(0.,0.,-1.));
#4591=DIRECTION('center_axis',(0.,-0.596423532118047,-0.802669901227044));
#4592=DIRECTION('ref_axis',(0.,0.802669901227044,-0.596423532118047));
#4593=DIRECTION('center_axis',(-1.,0.,0.));
#4594=DIRECTION('ref_axis',(0.,-6.0834138335625E-16,-1.));
#4595=DIRECTION('center_axis',(1.,0.,0.));
#4596=DIRECTION('ref_axis',(0.,-6.34413156928661E-17,-1.));
#4597=DIRECTION('center_axis',(-1.,0.,0.));
#4598=DIRECTION('ref_axis',(0.,-6.0834138335625E-16,-1.));
#4599=DIRECTION('center_axis',(1.,0.,0.));
#4600=DIRECTION('ref_axis',(0.,-6.0834138335625E-16,-1.));
#4601=DIRECTION('center_axis',(0.,-0.525480238382898,-0.850805805733043));
#4602=DIRECTION('ref_axis',(0.,0.850805805733043,-0.525480238382898));
#4603=DIRECTION('center_axis',(-1.,0.,0.));
#4604=DIRECTION('ref_axis',(0.,0.999405592952352,0.0344740594586447));
#4605=DIRECTION('center_axis',(1.,0.,0.));
#4606=DIRECTION('ref_axis',(0.,0.999405592952352,0.0344740594586447));
#4607=DIRECTION('center_axis',(-0.265582732210722,0.789734715809128,-0.552978201195457));
#4608=DIRECTION('ref_axis',(0.,0.573576436351048,0.81915204428899));
#4609=DIRECTION('center_axis',(1.,0.,0.));
#4610=DIRECTION('ref_axis',(0.,-0.57357643635105,0.819152044288989));
#4611=DIRECTION('',(1.,0.,0.));
#4612=DIRECTION('center_axis',(-1.,0.,0.));
#4613=DIRECTION('ref_axis',(0.,-0.999405592952351,0.0344740594586752));
#4614=DIRECTION('',(1.,0.,0.));
#4615=DIRECTION('center_axis',(0.,-0.573576436351045,0.819152044288992));
#4616=DIRECTION('ref_axis',(0.,-0.819152044288992,-0.573576436351045));
#4617=DIRECTION('',(1.,0.,0.));
#4618=DIRECTION('',(1.,0.,0.));
#4619=DIRECTION('',(1.,0.,0.));
#4620=DIRECTION('',(1.,0.,0.));
#4621=DIRECTION('',(1.,0.,0.));
#4622=DIRECTION('',(1.,0.,0.));
#4623=DIRECTION('',(1.,0.,0.));
#4624=DIRECTION('',(1.,0.,0.));
#4625=DIRECTION('',(1.,0.,0.));
#4626=DIRECTION('',(1.,0.,0.));
#4627=DIRECTION('',(1.,0.,0.));
#4628=DIRECTION('',(1.,0.,0.));
#4629=DIRECTION('',(1.,0.,0.));
#4630=DIRECTION('center_axis',(-1.,0.,0.));
#4631=DIRECTION('ref_axis',(0.,0.,1.));
#4632=DIRECTION('center_axis',(1.,0.,0.));
#4633=DIRECTION('ref_axis',(0.,-0.987255161390616,0.15914536219315));
#4634=DIRECTION('center_axis',(0.,-0.597421003166907,0.801927767928662));
#4635=DIRECTION('ref_axis',(0.,0.801927767928662,0.597421003166907));
#4636=DIRECTION('center_axis',(-1.,0.,0.));
#4637=DIRECTION('ref_axis',(0.,-0.987255161390616,0.15914536219315));
#4638=DIRECTION('center_axis',(1.,0.,0.));
#4639=DIRECTION('ref_axis',(0.,0.,-1.));
#4640=DIRECTION('center_axis',(1.,0.,0.));
#4641=DIRECTION('ref_axis',(0.,0.987255161390617,0.159145362193141));
#4642=DIRECTION('center_axis',(1.,0.,0.));
#4643=DIRECTION('ref_axis',(0.,0.,-1.));
#4644=DIRECTION('center_axis',(0.265582732210708,0.789734715809128,0.552978201195464));
#4645=DIRECTION('ref_axis',(0.,-0.573576436351052,0.819152044288987));
#4646=DIRECTION('center_axis',(3.28603183229823E-13,-0.525480238157438,
0.850805805872293));
#4647=DIRECTION('ref_axis',(0.,-0.850805805872293,-0.525480238157438));
#4648=DIRECTION('center_axis',(0.,-0.596423532118047,0.802669901227044));
#4649=DIRECTION('ref_axis',(0.,-0.802669901227044,-0.596423532118047));
#4650=DIRECTION('center_axis',(-1.,0.,0.));
#4651=DIRECTION('ref_axis',(0.,-0.999405592952352,0.0344740594586443));
#4652=DIRECTION('center_axis',(1.,0.,0.));
#4653=DIRECTION('ref_axis',(0.,-0.999405592952352,0.0344740594586443));
#4654=DIRECTION('center_axis',(1.,0.,0.));
#4655=DIRECTION('ref_axis',(0.,0.,-1.));
#4656=DIRECTION('center_axis',(0.,-0.59642353211805,-0.802669901227042));
#4657=DIRECTION('ref_axis',(0.,0.802669901227042,-0.59642353211805));
#4658=DIRECTION('center_axis',(-1.,0.,0.));
#4659=DIRECTION('ref_axis',(0.,2.433365533425E-16,-1.));
#4660=DIRECTION('center_axis',(1.,0.,0.));
#4661=DIRECTION('ref_axis',(0.,-6.34413156928661E-17,-1.));
#4662=DIRECTION('center_axis',(-1.,0.,0.));
#4663=DIRECTION('ref_axis',(0.,2.433365533425E-16,-1.));
#4664=DIRECTION('center_axis',(1.,0.,0.));
#4665=DIRECTION('ref_axis',(0.,2.433365533425E-16,-1.));
#4666=DIRECTION('center_axis',(0.,-0.525480238382873,-0.850805805733059));
#4667=DIRECTION('ref_axis',(0.,0.850805805733059,-0.525480238382873));
#4668=DIRECTION('center_axis',(-1.,0.,0.));
#4669=DIRECTION('ref_axis',(0.,0.999405592952352,0.034474059458649));
#4670=DIRECTION('center_axis',(1.,0.,0.));
#4671=DIRECTION('ref_axis',(0.,0.999405592952352,0.034474059458649));
#4672=DIRECTION('center_axis',(-0.265582732210705,0.789734715809139,-0.55297820119545));
#4673=DIRECTION('ref_axis',(0.,0.573576436351038,0.819152044288997));
#4674=DIRECTION('center_axis',(1.,0.,0.));
#4675=DIRECTION('ref_axis',(0.,-0.573576436351052,0.819152044288988));
#4676=DIRECTION('center_axis',(-1.,0.,0.));
#4677=DIRECTION('ref_axis',(0.,-0.999405592952352,0.0344740594586443));
#4678=DIRECTION('',(1.,0.,0.));
#4679=DIRECTION('center_axis',(-1.,0.,0.));
#4680=DIRECTION('ref_axis',(0.,0.,1.));
#4681=DIRECTION('center_axis',(1.,0.,0.));
#4682=DIRECTION('ref_axis',(0.,-0.987255161390616,0.159145362193153));
#4683=DIRECTION('center_axis',(0.,-0.597421003166911,0.801927767928659));
#4684=DIRECTION('ref_axis',(0.,0.801927767928659,0.597421003166911));
#4685=DIRECTION('center_axis',(-1.,0.,0.));
#4686=DIRECTION('ref_axis',(0.,-0.987255161390616,0.159145362193153));
#4687=DIRECTION('center_axis',(1.,0.,0.));
#4688=DIRECTION('ref_axis',(0.,0.,-1.));
#4689=DIRECTION('center_axis',(1.,0.,0.));
#4690=DIRECTION('ref_axis',(0.,0.987255161390617,0.159145362193146));
#4691=DIRECTION('center_axis',(1.,0.,0.));
#4692=DIRECTION('ref_axis',(0.,0.,-1.));
#4693=DIRECTION('center_axis',(0.2655827322107,0.789734715809137,0.552978201195455));
#4694=DIRECTION('ref_axis',(0.,-0.573576436351042,0.819152044288994));
#4695=DIRECTION('center_axis',(3.28603183231486E-13,-0.525480238157251,
0.850805805872409));
#4696=DIRECTION('ref_axis',(0.,-0.850805805872409,-0.525480238157251));
#4697=DIRECTION('center_axis',(0.,-0.596423532118036,0.802669901227053));
#4698=DIRECTION('ref_axis',(0.,-0.802669901227053,-0.596423532118036));
#4699=DIRECTION('center_axis',(-1.,0.,0.));
#4700=DIRECTION('ref_axis',(0.,-0.999405592952351,0.0344740594586753));
#4701=DIRECTION('center_axis',(1.,0.,0.));
#4702=DIRECTION('ref_axis',(0.,-0.999405592952351,0.0344740594586753));
#4703=DIRECTION('center_axis',(1.,0.,0.));
#4704=DIRECTION('ref_axis',(0.,0.,-1.));
#4705=DIRECTION('center_axis',(0.,-0.596423532118047,-0.802669901227044));
#4706=DIRECTION('ref_axis',(0.,0.802669901227044,-0.596423532118047));
#4707=DIRECTION('center_axis',(-1.,0.,0.));
#4708=DIRECTION('ref_axis',(0.,-1.82502415006875E-16,-1.));
#4709=DIRECTION('center_axis',(1.,0.,0.));
#4710=DIRECTION('ref_axis',(0.,-6.34413156928661E-17,-1.));
#4711=DIRECTION('center_axis',(-1.,0.,0.));
#4712=DIRECTION('ref_axis',(0.,-1.82502415006875E-16,-1.));
#4713=DIRECTION('center_axis',(1.,0.,0.));
#4714=DIRECTION('ref_axis',(0.,-1.82502415006875E-16,-1.));
#4715=DIRECTION('center_axis',(0.,-0.525480238382782,-0.850805805733115));
#4716=DIRECTION('ref_axis',(0.,0.850805805733115,-0.525480238382782));
#4717=DIRECTION('center_axis',(-1.,0.,0.));
#4718=DIRECTION('ref_axis',(0.,0.999405592952351,0.0344740594586577));
#4719=DIRECTION('center_axis',(1.,0.,0.));
#4720=DIRECTION('ref_axis',(0.,0.999405592952351,0.0344740594586577));
#4721=DIRECTION('center_axis',(-0.265582732210682,0.78973471580914,-0.55297820119546));
#4722=DIRECTION('ref_axis',(0.,0.573576436351044,0.819152044288993));
#4723=DIRECTION('center_axis',(1.,0.,0.));
#4724=DIRECTION('ref_axis',(0.,-0.573576436351047,0.819152044288991));
#4725=DIRECTION('center_axis',(-1.,0.,0.));
#4726=DIRECTION('ref_axis',(0.,-0.999405592952351,0.0344740594586665));
#4727=DIRECTION('',(1.,0.,0.));
#4728=DIRECTION('center_axis',(-1.,0.,0.));
#4729=DIRECTION('ref_axis',(0.,0.,1.));
#4730=DIRECTION('center_axis',(1.,0.,0.));
#4731=DIRECTION('ref_axis',(0.,-0.987255161390616,0.15914536219315));
#4732=DIRECTION('center_axis',(0.,-0.597421003166907,0.801927767928662));
#4733=DIRECTION('ref_axis',(0.,0.801927767928662,0.597421003166907));
#4734=DIRECTION('center_axis',(-1.,0.,0.));
#4735=DIRECTION('ref_axis',(0.,-0.987255161390616,0.15914536219315));
#4736=DIRECTION('center_axis',(1.,0.,0.));
#4737=DIRECTION('ref_axis',(0.,0.,-1.));
#4738=DIRECTION('center_axis',(1.,0.,0.));
#4739=DIRECTION('ref_axis',(0.,0.987255161390617,0.159145362193146));
#4740=DIRECTION('center_axis',(1.,0.,0.));
#4741=DIRECTION('ref_axis',(0.,0.,-1.));
#4742=DIRECTION('center_axis',(0.0904215120870208,0.199213330087922,0.975775588579248));
#4743=DIRECTION('ref_axis',(0.940862467929576,0.304128662336713,-0.149276834059239));
#4744=DIRECTION('center_axis',(-0.523718400439135,0.698249947919315,-0.488022588895379));
#4745=DIRECTION('ref_axis',(0.,0.572869455091564,0.819646623504968));
#4746=DIRECTION('center_axis',(-0.00426793112511526,0.819639158442599,-0.572864237591612));
#4747=DIRECTION('ref_axis',(0.,0.572869455091558,0.819646623504972));
#4748=DIRECTION('center_axis',(0.00304595919075949,-0.819482436238749,0.573096203816438));
#4749=DIRECTION('ref_axis',(0.187953983859758,0.563354062574885,0.804552981556602));
#4750=DIRECTION('center_axis',(0.537557108072436,0.690731403569933,0.483655335629734));
#4751=DIRECTION('ref_axis',(0.,-0.57357643632868,0.819152044304653));
#4752=DIRECTION('center_axis',(-0.00645697695273458,-0.596411082384919,
0.802653180556261));
#4753=DIRECTION('ref_axis',(-1.31912258893863E-10,-0.802669913408461,-0.596423515724232));
#4754=DIRECTION('center_axis',(1.97110978367048E-15,-0.597088477480701,
0.802175386096942));
#4755=DIRECTION('ref_axis',(0.,-0.802175386096943,-0.597088477480701));
#4756=DIRECTION('center_axis',(1.,0.,0.));
#4757=DIRECTION('ref_axis',(0.,0.,-1.));
#4758=DIRECTION('center_axis',(-3.11710384394419E-15,-0.597088477480694,
-0.802175386096948));
#4759=DIRECTION('ref_axis',(0.,0.802175386096948,-0.597088477480694));
#4760=DIRECTION('center_axis',(-1.,0.,0.));
#4761=DIRECTION('ref_axis',(0.,-0.802175386096945,-0.597088477480698));
#4762=DIRECTION('center_axis',(1.,0.,0.));
#4763=DIRECTION('ref_axis',(0.,-0.802175386096945,-0.597088477480698));
#4764=DIRECTION('center_axis',(0.0131443119669987,-0.595679297915699,-0.80311481190274));
#4765=DIRECTION('ref_axis',(0.,0.803184199146483,-0.595730763215585));
#4766=DIRECTION('center_axis',(-0.715762378617072,-0.371405740045998,-0.59138988291762));
#4767=DIRECTION('ref_axis',(0.,0.846846194276463,-0.531837873077379));
#4768=DIRECTION('center_axis',(-1.,0.,0.));
#4769=DIRECTION('ref_axis',(0.,0.,1.));
#4770=DIRECTION('center_axis',(0.,-0.597088477480694,0.802175386096947));
#4771=DIRECTION('ref_axis',(0.,0.802175386096947,0.597088477480694));
#4772=DIRECTION('center_axis',(-1.,0.,0.));
#4773=DIRECTION('ref_axis',(0.,-0.987222149831466,0.159350013750041));
#4774=DIRECTION('center_axis',(-1.,0.,0.));
#4775=DIRECTION('ref_axis',(0.,-1.22464679914735E-16,-1.));
#4776=DIRECTION('center_axis',(0.,-0.597088477480715,-0.802175386096932));
#4777=DIRECTION('ref_axis',(0.,-0.802175386096932,0.597088477480715));
#4778=DIRECTION('center_axis',(-1.,0.,0.));
#4779=DIRECTION('ref_axis',(0.,-6.88298670791347E-16,-1.));
#4780=DIRECTION('center_axis',(-1.,0.,0.));
#4781=DIRECTION('ref_axis',(0.,0.,1.));
#4782=DIRECTION('center_axis',(-3.98664238444101E-15,0.44061921921702,0.897694103610235));
#4783=DIRECTION('ref_axis',(-1.,0.,-4.44098091811902E-15));
#4784=DIRECTION('center_axis',(-1.,0.,0.));
#4785=DIRECTION('ref_axis',(0.,0.987222149831468,0.15935001375003));
#4786=DIRECTION('center_axis',(-1.,0.,0.));
#4787=DIRECTION('ref_axis',(0.,0.,1.));
#4788=DIRECTION('center_axis',(0.,-0.819152044288996,0.57357643635104));
#4789=DIRECTION('ref_axis',(-1.,0.,0.));
#4790=DIRECTION('center_axis',(-1.,0.,0.));
#4791=DIRECTION('ref_axis',(0.,0.573576436351041,0.819152044288995));
#4792=DIRECTION('center_axis',(0.,0.819152044288992,-0.573576436351046));
#4793=DIRECTION('ref_axis',(-0.707106781186547,-0.40557978767264,-0.57922796533957));
#4794=DIRECTION('center_axis',(0.,-0.819152044288989,0.573576436351049));
#4795=DIRECTION('ref_axis',(-1.,0.,0.));
#4796=DIRECTION('',(0.,0.819152044288992,-0.573576436351046));
#4797=DIRECTION('center_axis',(0.,0.546853672317027,0.837228201312749));
#4798=DIRECTION('ref_axis',(-1.,0.,0.));
#4799=DIRECTION('center_axis',(1.,0.,0.));
#4800=DIRECTION('ref_axis',(0.,-0.981878473062475,-0.18951164644027));
#4801=DIRECTION('center_axis',(0.2655827322107,0.789734715809137,0.552978201195455));
#4802=DIRECTION('ref_axis',(0.,-0.573576436351042,0.819152044288994));
#4803=DIRECTION('center_axis',(3.28603183227565E-13,-0.525480238157689,
0.850805805872138));
#4804=DIRECTION('ref_axis',(0.,-0.850805805872138,-0.525480238157689));
#4805=DIRECTION('center_axis',(0.,-0.596423532118057,0.802669901227037));
#4806=DIRECTION('ref_axis',(0.,-0.802669901227037,-0.596423532118057));
#4807=DIRECTION('center_axis',(-1.,0.,0.));
#4808=DIRECTION('ref_axis',(0.,-0.999405592952352,0.0344740594586356));
#4809=DIRECTION('center_axis',(1.,0.,0.));
#4810=DIRECTION('ref_axis',(0.,-0.999405592952352,0.0344740594586355));
#4811=DIRECTION('center_axis',(1.,0.,0.));
#4812=DIRECTION('ref_axis',(0.,0.,-1.));
#4813=DIRECTION('center_axis',(0.,-0.596423532118056,-0.802669901227038));
#4814=DIRECTION('ref_axis',(0.,0.802669901227038,-0.596423532118056));
#4815=DIRECTION('center_axis',(-1.,0.,0.));
#4816=DIRECTION('ref_axis',(0.,3.04170691678125E-16,-1.));
#4817=DIRECTION('center_axis',(1.,0.,0.));
#4818=DIRECTION('ref_axis',(0.,-6.34413156928661E-17,-1.));
#4819=DIRECTION('center_axis',(-1.,0.,0.));
#4820=DIRECTION('ref_axis',(0.,3.04170691678125E-16,-1.));
#4821=DIRECTION('center_axis',(1.,0.,0.));
#4822=DIRECTION('ref_axis',(0.,3.04170691678125E-16,-1.));
#4823=DIRECTION('center_axis',(4.66720207710581E-15,-0.525480238382921,
-0.850805805733029));
#4824=DIRECTION('ref_axis',(0.,0.850805805733029,-0.525480238382921));
#4825=DIRECTION('center_axis',(-1.,0.,0.));
#4826=DIRECTION('ref_axis',(0.,0.999405592952352,0.0344740594586495));
#4827=DIRECTION('center_axis',(1.,0.,0.));
#4828=DIRECTION('ref_axis',(0.,0.999405592952352,0.0344740594586495));
#4829=DIRECTION('center_axis',(-0.265582732210696,0.789734715809141,-0.552978201195452));
#4830=DIRECTION('ref_axis',(0.,0.573576436351038,0.819152044288997));
#4831=DIRECTION('center_axis',(1.,0.,0.));
#4832=DIRECTION('ref_axis',(0.,-0.573576436351051,0.819152044288988));
#4833=DIRECTION('',(1.,0.,0.));
#4834=DIRECTION('center_axis',(-1.,0.,0.));
#4835=DIRECTION('ref_axis',(0.,0.,1.));
#4836=DIRECTION('center_axis',(1.,0.,0.));
#4837=DIRECTION('ref_axis',(0.,-0.987255161390615,0.159145362193153));
#4838=DIRECTION('center_axis',(0.,-0.59742100316691,0.80192776792866));
#4839=DIRECTION('ref_axis',(0.,0.80192776792866,0.59742100316691));
#4840=DIRECTION('center_axis',(-1.,0.,0.));
#4841=DIRECTION('ref_axis',(0.,-0.987255161390616,0.159145362193153));
#4842=DIRECTION('center_axis',(1.,0.,0.));
#4843=DIRECTION('ref_axis',(0.,0.,-1.));
#4844=DIRECTION('center_axis',(1.,0.,0.));
#4845=DIRECTION('ref_axis',(0.,0.987255161390616,0.159145362193151));
#4846=DIRECTION('center_axis',(1.,0.,0.));
#4847=DIRECTION('ref_axis',(0.,0.,-1.));
#4848=DIRECTION('center_axis',(0.365347662824631,0.762524999933407,0.533925753026708));
#4849=DIRECTION('ref_axis',(0.,-0.57357643635103,0.819152044289003));
#4850=DIRECTION('center_axis',(-0.00479616446131516,-0.597414114262089,
0.801918557514978));
#4851=DIRECTION('ref_axis',(-1.05124797755708E-10,-0.801927781017696,-0.597420985597287));
#4852=DIRECTION('center_axis',(1.,0.,0.));
#4853=DIRECTION('ref_axis',(0.,0.,-1.));
#4854=DIRECTION('center_axis',(-4.73607341274832E-15,0.598894802706725,
-0.800827706370648));
#4855=DIRECTION('ref_axis',(0.979795897113268,-0.16016554127414,-0.119778960541358));
#4856=DIRECTION('center_axis',(1.,0.,0.));
#4857=DIRECTION('ref_axis',(0.,-2.53765262771464E-16,-1.));
#4858=DIRECTION('center_axis',(-2.91025071858122E-15,-0.598894802706725,
-0.800827706370648));
#4859=DIRECTION('ref_axis',(0.,0.800827706370648,-0.598894802706725));
#4860=DIRECTION('center_axis',(-1.,0.,0.));
#4861=DIRECTION('ref_axis',(0.,-2.53765262771464E-16,-1.));
#4862=DIRECTION('center_axis',(-0.0047961680355987,0.597414131821662,0.801918544412052));
#4863=DIRECTION('ref_axis',(0.9798568160908,0.162909334720419,-0.115503976647349));
#4864=DIRECTION('center_axis',(-0.365347662824626,0.762524999933402,-0.533925753026718));
#4865=DIRECTION('ref_axis',(0.,0.57357643635104,0.819152044288996));
#4866=DIRECTION('center_axis',(-1.,0.,0.));
#4867=DIRECTION('ref_axis',(0.,0.,1.));
#4868=DIRECTION('center_axis',(0.,-0.598894802706717,0.800827706370654));
#4869=DIRECTION('ref_axis',(0.,0.800827706370654,0.598894802706717));
#4870=DIRECTION('center_axis',(-1.,0.,0.));
#4871=DIRECTION('ref_axis',(0.,-0.987401084641524,0.158237473591882));
#4872=DIRECTION('center_axis',(-1.,0.,0.));
#4873=DIRECTION('ref_axis',(0.,-1.22464679914735E-16,-1.));
#4874=DIRECTION('center_axis',(8.87564382782853E-15,-0.598894802706714,
-0.800827706370656));
#4875=DIRECTION('ref_axis',(0.,-0.800827706370656,0.598894802706714));
#4876=DIRECTION('center_axis',(-1.,0.,0.));
#4877=DIRECTION('ref_axis',(0.,-1.34572487833352E-16,-1.));
#4878=DIRECTION('center_axis',(-1.,0.,0.));
#4879=DIRECTION('ref_axis',(0.,0.,1.));
#4880=DIRECTION('center_axis',(-1.,0.,0.));
#4881=DIRECTION('ref_axis',(0.,0.987401084641525,0.158237473591878));
#4882=DIRECTION('center_axis',(0.404795587308688,0.749038529469589,0.5244824247441));
#4883=DIRECTION('ref_axis',(0.,-0.57357643635103,0.819152044289003));
#4884=DIRECTION('center_axis',(0.00468778587018752,0.819143043668509,0.573570134049121));
#4885=DIRECTION('ref_axis',(0.,-0.573576436351305,0.819152044288811));
#4886=DIRECTION('center_axis',(-2.63176173810493E-15,0.805482132321783,
0.592620059152872));
#4887=DIRECTION('ref_axis',(0.,-0.592620059152872,0.805482132321783));
#4888=DIRECTION('center_axis',(0.,-0.598894802706705,0.800827706370663));
#4889=DIRECTION('ref_axis',(0.,-0.800827706370663,-0.598894802706705));
#4890=DIRECTION('center_axis',(-1.,0.,0.));
#4891=DIRECTION('ref_axis',(0.,-0.988607504492682,0.150516451129941));
#4892=DIRECTION('center_axis',(1.,0.,0.));
#4893=DIRECTION('ref_axis',(0.,-0.988607504492682,0.150516451129941));
#4894=DIRECTION('center_axis',(1.,0.,0.));
#4895=DIRECTION('ref_axis',(0.,0.,-1.));
#4896=DIRECTION('center_axis',(0.,-0.598894802706711,-0.800827706370659));
#4897=DIRECTION('ref_axis',(0.,0.800827706370659,-0.598894802706711));
#4898=DIRECTION('center_axis',(-1.,0.,0.));
#4899=DIRECTION('ref_axis',(0.,-1.34572487833352E-16,-1.));
#4900=DIRECTION('center_axis',(1.,0.,0.));
#4901=DIRECTION('ref_axis',(0.,-1.34572487833352E-16,-1.));
#4902=DIRECTION('center_axis',(-3.29757218583513E-15,0.805482132321779,
-0.592620059152878));
#4903=DIRECTION('ref_axis',(0.,0.592620059152878,0.805482132321779));
#4904=DIRECTION('center_axis',(-1.,0.,0.));
#4905=DIRECTION('ref_axis',(0.,0.988607504492682,0.150516451129938));
#4906=DIRECTION('center_axis',(1.,0.,0.));
#4907=DIRECTION('ref_axis',(0.,0.988607504492683,0.150516451129938));
#4908=DIRECTION('center_axis',(-0.00468778587019983,0.819143043668691,-0.57357013404886));
#4909=DIRECTION('ref_axis',(0.,0.573576436351044,0.819152044288993));
#4910=DIRECTION('center_axis',(-0.404795587308664,0.749038529469585,-0.524482424744125));
#4911=DIRECTION('ref_axis',(0.,0.57357643635105,0.819152044288989));
#4912=DIRECTION('center_axis',(0.,0.573576436351046,0.819152044288992));
#4913=DIRECTION('ref_axis',(0.,-0.819152044288992,0.573576436351046));
#4914=DIRECTION('',(1.,0.,0.));
#4915=DIRECTION('',(1.,0.,0.));
#4916=DIRECTION('',(1.,0.,0.));
#4917=DIRECTION('',(1.,0.,0.));
#4918=DIRECTION('',(1.,0.,0.));
#4919=DIRECTION('center_axis',(1.,0.,0.));
#4920=DIRECTION('ref_axis',(0.,0.800827706370656,-0.598894802706714));
#4921=DIRECTION('',(1.,0.,0.));
#4922=DIRECTION('center_axis',(1.,0.,0.));
#4923=DIRECTION('ref_axis',(0.,-0.800827706370653,-0.598894802706718));
#4924=DIRECTION('',(1.,0.,0.));
#4925=DIRECTION('center_axis',(1.,0.,0.));
#4926=DIRECTION('ref_axis',(0.,-0.573576436351044,0.819152044288993));
#4927=DIRECTION('center_axis',(1.,0.,0.));
#4928=DIRECTION('ref_axis',(0.,-0.57357643635104,0.819152044288996));
#4929=DIRECTION('',(1.,0.,0.));
#4930=DIRECTION('center_axis',(-0.537562678294488,0.690728494728037,0.483653298836673));
#4931=DIRECTION('ref_axis',(-0.815101773090821,-0.572554640933474,-0.0882625778557396));
#4932=DIRECTION('center_axis',(0.00645717783726001,-0.596411081614691,0.802653179512529));
#4933=DIRECTION('ref_axis',(-0.94614125000786,-0.263465289663672,-0.188156254682117));
#4934=DIRECTION('center_axis',(6.1883881143467E-16,-0.597088477480699,0.802175386096944));
#4935=DIRECTION('ref_axis',(-0.946077011208887,-0.259858137342429,-0.193421915301711));
#4936=DIRECTION('center_axis',(1.,0.,0.));
#4937=DIRECTION('ref_axis',(0.,0.,-1.));
#4938=DIRECTION('center_axis',(-1.85651643430409E-15,-0.597088477480694,
-0.802175386096948));
#4939=DIRECTION('ref_axis',(-0.946077011208878,0.259858137342454,-0.193421915301726));
#4940=DIRECTION('center_axis',(-1.,0.,0.));
#4941=DIRECTION('ref_axis',(0.,-0.802175386096945,-0.597088477480698));
#4942=DIRECTION('center_axis',(1.,0.,0.));
#4943=DIRECTION('ref_axis',(0.,-0.802175386096945,-0.597088477480698));
#4944=DIRECTION('center_axis',(0.537562678289195,0.690728494700708,-0.483653298881588));
#4945=DIRECTION('ref_axis',(-0.815101773085556,0.572554640941231,-0.0882625778540463));
#4946=DIRECTION('center_axis',(0.00645717783726216,0.59641108161467,0.802653179512545));
#4947=DIRECTION('ref_axis',(1.31841204620288E-10,0.802669913405933,-0.596423515727635));
#4948=DIRECTION('center_axis',(1.,0.,0.));
#4949=DIRECTION('ref_axis',(0.,-0.802669901227043,-0.596423532118049));
#4950=DIRECTION('',(1.,0.,0.));
#4951=DIRECTION('center_axis',(1.,0.,0.));
#4952=DIRECTION('ref_axis',(0.,0.80266990122704,-0.596423532118053));
#4953=DIRECTION('center_axis',(-0.574016566202726,-0.671162462219462,0.469090536072026));
#4954=DIRECTION('ref_axis',(0.,0.57286945509156,0.819646623504971));
#4955=DIRECTION('center_axis',(0.00429926893896989,0.819639048413325,-0.572864160689678));
#4956=DIRECTION('ref_axis',(-0.196761293469694,0.562363833374506,0.803138787697658));
#4957=DIRECTION('center_axis',(-0.00304595919075891,-0.819482436238749,
0.573096203816438));
#4958=DIRECTION('ref_axis',(0.,0.573098862390229,0.819486237789889));
#4959=DIRECTION('center_axis',(-0.265573502416334,0.789736798532313,0.552979659533923));
#4960=DIRECTION('ref_axis',(-0.960338177222125,-0.267255329909074,-0.0795309625547085));
#4961=DIRECTION('center_axis',(-2.47349486145402E-13,-0.524698164979258,
0.851288338735707));
#4962=DIRECTION('ref_axis',(-1.,-4.7162274086076E-12,-3.19744231092041E-12));
#4963=DIRECTION('center_axis',(0.,-0.596423532118016,0.802669901227067));
#4964=DIRECTION('ref_axis',(-1.,0.,0.));
#4965=DIRECTION('center_axis',(-1.,0.,0.));
#4966=DIRECTION('ref_axis',(0.,-0.999405118421329,0.0344878134019796));
#4967=DIRECTION('center_axis',(1.,0.,0.));
#4968=DIRECTION('ref_axis',(0.,-0.999405118421329,0.0344878134019797));
#4969=DIRECTION('center_axis',(1.,0.,0.));
#4970=DIRECTION('ref_axis',(0.,0.,-1.));
#4971=DIRECTION('center_axis',(0.,-0.59573076321559,-0.803184199146479));
#4972=DIRECTION('ref_axis',(-1.,0.,0.));
#4973=DIRECTION('center_axis',(-1.,0.,0.));
#4974=DIRECTION('ref_axis',(0.,0.000431402104232778,-0.999999906946108));
#4975=DIRECTION('center_axis',(1.,0.,0.));
#4976=DIRECTION('ref_axis',(0.,0.000431402104232778,-0.999999906946108));
#4977=DIRECTION('center_axis',(0.,-0.47274100765421,-0.881201418338669));
#4978=DIRECTION('ref_axis',(-1.,0.,0.));
#4979=DIRECTION('center_axis',(-1.,0.,0.));
#4980=DIRECTION('ref_axis',(0.,0.998950467924507,0.045803522063368));
#4981=DIRECTION('center_axis',(1.,0.,0.));
#4982=DIRECTION('ref_axis',(0.,0.998950467924507,0.045803522063368));
#4983=DIRECTION('center_axis',(0.257530279341562,0.792000130495733,-0.553546699490657));
#4984=DIRECTION('ref_axis',(-0.962312537854119,0.262015368590492,-0.0728184462286398));
#4985=DIRECTION('center_axis',(0.715762378613906,-0.371405740047651,-0.591389882920413));
#4986=DIRECTION('ref_axis',(-0.0173947190004141,0.837101529095448,-0.546770933515087));
#4987=DIRECTION('center_axis',(1.,0.,0.));
#4988=DIRECTION('ref_axis',(0.,0.,-1.));
#4989=DIRECTION('center_axis',(1.,0.,0.));
#4990=DIRECTION('ref_axis',(0.,-0.987255161390616,0.15914536219315));
#4991=DIRECTION('center_axis',(0.,0.597421003166896,-0.80192776792867));
#4992=DIRECTION('ref_axis',(0.,0.80192776792867,0.597421003166896));
#4993=DIRECTION('center_axis',(-1.,0.,0.));
#4994=DIRECTION('ref_axis',(0.,-0.987255161390616,0.15914536219315));
#4995=DIRECTION('center_axis',(1.,0.,0.));
#4996=DIRECTION('ref_axis',(0.,-0.573576436351052,0.819152044288988));
#4997=DIRECTION('',(1.,0.,0.));
#4998=DIRECTION('center_axis',(1.,0.,0.));
#4999=DIRECTION('ref_axis',(0.,-0.802669901227045,-0.596423532118046));
#5000=DIRECTION('',(1.,0.,0.));
#5001=DIRECTION('center_axis',(1.,0.,0.));
#5002=DIRECTION('ref_axis',(0.,0.80318419914647,-0.595730763215602));
#5003=DIRECTION('',(1.,0.,0.));
#5004=DIRECTION('center_axis',(0.,0.572869455091556,0.819646623504974));
#5005=DIRECTION('ref_axis',(0.,-0.819646623504974,0.572869455091556));
#5006=DIRECTION('',(1.,0.,0.));
#5007=DIRECTION('center_axis',(1.,0.,0.));
#5008=DIRECTION('ref_axis',(0.,0.837699717289387,-0.546131104821252));
#5009=DIRECTION('',(1.,0.,0.));
#5010=DIRECTION('center_axis',(-0.265582732210706,0.789734715809128,0.552978201195466));
#5011=DIRECTION('ref_axis',(-0.960335385273782,-0.267264545987486,-0.0795337051139978));
#5012=DIRECTION('center_axis',(-3.28603183233666E-13,-0.525480238157008,
0.850805805872559));
#5013=DIRECTION('ref_axis',(-1.,-6.3060667798708E-12,-4.28101998295454E-12));
#5014=DIRECTION('center_axis',(0.,-0.596423532118041,0.802669901227049));
#5015=DIRECTION('ref_axis',(-1.,0.,0.));
#5016=DIRECTION('center_axis',(1.,0.,0.));
#5017=DIRECTION('ref_axis',(0.,-0.999405592952351,0.0344740594586664));
#5018=DIRECTION('center_axis',(1.,0.,0.));
#5019=DIRECTION('ref_axis',(0.,0.,-1.));
#5020=DIRECTION('center_axis',(0.,-0.596423532118047,-0.802669901227044));
#5021=DIRECTION('ref_axis',(-1.,0.,0.));
#5022=DIRECTION('center_axis',(-1.,0.,0.));
#5023=DIRECTION('ref_axis',(0.,-1.82502415006875E-16,-1.));
#5024=DIRECTION('center_axis',(1.,0.,0.));
#5025=DIRECTION('ref_axis',(0.,-1.82502415006875E-16,-1.));
#5026=DIRECTION('center_axis',(-1.,0.,0.));
#5027=DIRECTION('ref_axis',(0.,-6.34413156928661E-17,-1.));
#5028=DIRECTION('center_axis',(1.,0.,0.));
#5029=DIRECTION('ref_axis',(0.,-1.82502415006875E-16,-1.));
#5030=DIRECTION('center_axis',(0.,-0.525480238382782,-0.850805805733115));
#5031=DIRECTION('ref_axis',(-1.,0.,0.));
#5032=DIRECTION('center_axis',(-1.,0.,0.));
#5033=DIRECTION('ref_axis',(0.,0.999405592952351,0.0344740594586577));
#5034=DIRECTION('center_axis',(1.,0.,0.));
#5035=DIRECTION('ref_axis',(0.,0.999405592952351,0.0344740594586577));
#5036=DIRECTION('center_axis',(0.265582732210695,0.789734715809134,-0.552978201195462));
#5037=DIRECTION('ref_axis',(-0.960335385273785,0.267264545987478,-0.0795337051139892));
#5038=DIRECTION('center_axis',(1.,0.,0.));
#5039=DIRECTION('ref_axis',(0.,0.802669901227042,-0.59642353211805));
#5040=DIRECTION('',(1.,0.,0.));
#5041=DIRECTION('',(1.,0.,0.));
#5042=DIRECTION('center_axis',(0.,0.573576436351047,0.819152044288991));
#5043=DIRECTION('ref_axis',(0.,-0.819152044288991,0.573576436351047));
#5044=DIRECTION('',(1.,0.,0.));
#5045=DIRECTION('',(1.,0.,0.));
#5046=DIRECTION('',(1.,0.,0.));
#5047=DIRECTION('',(1.,0.,0.));
#5048=DIRECTION('',(0.,-0.819152044288991,0.573576436351047));
#5049=DIRECTION('',(1.,0.,0.));
#5050=DIRECTION('',(1.,0.,0.));
#5051=DIRECTION('',(1.,0.,0.));
#5052=DIRECTION('',(1.,0.,0.));
#5053=DIRECTION('center_axis',(1.,0.,0.));
#5054=DIRECTION('ref_axis',(0.,0.,-1.));
#5055=DIRECTION('center_axis',(-1.,0.,0.));
#5056=DIRECTION('ref_axis',(0.,0.987255161390617,0.159145362193146));
#5057=DIRECTION('center_axis',(0.,0.597421003166908,0.801927767928661));
#5058=DIRECTION('ref_axis',(0.,-0.801927767928661,0.597421003166908));
#5059=DIRECTION('center_axis',(1.,0.,0.));
#5060=DIRECTION('ref_axis',(0.,0.987255161390617,0.159145362193146));
#5061=DIRECTION('center_axis',(1.,0.,0.));
#5062=DIRECTION('ref_axis',(0.,0.,-1.));
#5063=DIRECTION('center_axis',(-1.,0.,0.));
#5064=DIRECTION('ref_axis',(0.,-0.987255161390616,0.159145362193153));
#5065=DIRECTION('center_axis',(1.,0.,0.));
#5066=DIRECTION('ref_axis',(0.,0.,-1.));
#5067=DIRECTION('center_axis',(-0.265582732210708,0.789734715809127,0.552978201195465));
#5068=DIRECTION('ref_axis',(-0.960335385273782,-0.267264545987482,-0.0795337051140082));
#5069=DIRECTION('center_axis',(-3.28603183230668E-13,-0.525480238157343,
0.850805805872352));
#5070=DIRECTION('ref_axis',(-1.,-6.30606677987091E-12,-4.28101998295462E-12));
#5071=DIRECTION('center_axis',(0.,-0.596423532118047,0.802669901227044));
#5072=DIRECTION('ref_axis',(-1.,0.,0.));
#5073=DIRECTION('center_axis',(1.,0.,0.));
#5074=DIRECTION('ref_axis',(0.,-0.999405592952352,0.0344740594586443));
#5075=DIRECTION('center_axis',(1.,0.,0.));
#5076=DIRECTION('ref_axis',(0.,0.,-1.));
#5077=DIRECTION('center_axis',(0.,-0.59642353211805,-0.802669901227042));
#5078=DIRECTION('ref_axis',(-1.,0.,0.));
#5079=DIRECTION('center_axis',(-1.,0.,0.));
#5080=DIRECTION('ref_axis',(0.,2.433365533425E-16,-1.));
#5081=DIRECTION('center_axis',(1.,0.,0.));
#5082=DIRECTION('ref_axis',(0.,2.433365533425E-16,-1.));
#5083=DIRECTION('center_axis',(-1.,0.,0.));
#5084=DIRECTION('ref_axis',(0.,-6.34413156928661E-17,-1.));
#5085=DIRECTION('center_axis',(1.,0.,0.));
#5086=DIRECTION('ref_axis',(0.,2.433365533425E-16,-1.));
#5087=DIRECTION('center_axis',(0.,-0.525480238382898,-0.850805805733043));
#5088=DIRECTION('ref_axis',(-1.,0.,0.));
#5089=DIRECTION('center_axis',(-1.,0.,0.));
#5090=DIRECTION('ref_axis',(0.,0.999405592952352,0.0344740594586447));
#5091=DIRECTION('center_axis',(1.,0.,0.));
#5092=DIRECTION('ref_axis',(0.,0.999405592952352,0.0344740594586447));
#5093=DIRECTION('center_axis',(0.265582732210718,0.789734715809129,-0.552978201195458));
#5094=DIRECTION('ref_axis',(-0.960335385273778,0.267264545987498,-0.079533705113999));
#5095=DIRECTION('center_axis',(1.,0.,0.));
#5096=DIRECTION('ref_axis',(0.,0.802669901227049,-0.596423532118041));
#5097=DIRECTION('',(1.,0.,0.));
#5098=DIRECTION('center_axis',(1.,0.,0.));
#5099=DIRECTION('ref_axis',(0.,0.,-1.));
#5100=DIRECTION('center_axis',(-1.,0.,0.));
#5101=DIRECTION('ref_axis',(0.,0.987255161390617,0.159145362193141));
#5102=DIRECTION('center_axis',(0.,0.597421003166905,0.801927767928664));
#5103=DIRECTION('ref_axis',(0.,-0.801927767928664,0.597421003166904));
#5104=DIRECTION('center_axis',(1.,0.,0.));
#5105=DIRECTION('ref_axis',(0.,0.987255161390617,0.159145362193141));
#5106=DIRECTION('center_axis',(1.,0.,0.));
#5107=DIRECTION('ref_axis',(0.,0.,-1.));
#5108=DIRECTION('center_axis',(-1.,0.,0.));
#5109=DIRECTION('ref_axis',(0.,-0.987255161390616,0.15914536219315));
#5110=DIRECTION('center_axis',(1.,0.,0.));
#5111=DIRECTION('ref_axis',(0.,0.,-1.));
#5112=DIRECTION('center_axis',(-0.265582732210702,0.789734715809135,0.552978201195457));
#5113=DIRECTION('ref_axis',(-0.960335385273784,-0.267264545987473,-0.0795337051140084));
#5114=DIRECTION('center_axis',(-3.2860318323155E-13,-0.525480238157245,
0.850805805872413));
#5115=DIRECTION('ref_axis',(-1.,-6.30606677987091E-12,-4.28101998295462E-12));
#5116=DIRECTION('center_axis',(0.,-0.596423532118016,0.802669901227067));
#5117=DIRECTION('ref_axis',(-1.,0.,0.));
#5118=DIRECTION('center_axis',(1.,0.,0.));
#5119=DIRECTION('ref_axis',(0.,-0.999405592952351,0.0344740594586752));
#5120=DIRECTION('center_axis',(1.,0.,0.));
#5121=DIRECTION('ref_axis',(0.,0.,-1.));
#5122=DIRECTION('center_axis',(0.,-0.596423532118047,-0.802669901227044));
#5123=DIRECTION('ref_axis',(-1.,0.,0.));
#5124=DIRECTION('center_axis',(-1.,0.,0.));
#5125=DIRECTION('ref_axis',(0.,-6.0834138335625E-16,-1.));
#5126=DIRECTION('center_axis',(1.,0.,0.));
#5127=DIRECTION('ref_axis',(0.,-6.0834138335625E-16,-1.));
#5128=DIRECTION('center_axis',(-1.,0.,0.));
#5129=DIRECTION('ref_axis',(0.,-6.34413156928661E-17,-1.));
#5130=DIRECTION('center_axis',(1.,0.,0.));
#5131=DIRECTION('ref_axis',(0.,-6.0834138335625E-16,-1.));
#5132=DIRECTION('center_axis',(0.,-0.525480238382894,-0.850805805733046));
#5133=DIRECTION('ref_axis',(-1.,0.,0.));
#5134=DIRECTION('center_axis',(-1.,0.,0.));
#5135=DIRECTION('ref_axis',(0.,0.999405592952352,0.0344740594586447));
#5136=DIRECTION('center_axis',(1.,0.,0.));
#5137=DIRECTION('ref_axis',(0.,0.999405592952352,0.0344740594586447));
#5138=DIRECTION('center_axis',(0.265582732210705,0.789734715809139,-0.55297820119545));
#5139=DIRECTION('ref_axis',(-0.960335385273783,0.267264545987482,-0.0795337051139994));
#5140=DIRECTION('center_axis',(1.,0.,0.));
#5141=DIRECTION('ref_axis',(0.,0.802669901227049,-0.596423532118041));
#5142=DIRECTION('',(1.,0.,0.));
#5143=DIRECTION('center_axis',(1.,0.,0.));
#5144=DIRECTION('ref_axis',(0.,0.,-1.));
#5145=DIRECTION('center_axis',(-1.,0.,0.));
#5146=DIRECTION('ref_axis',(0.,0.987255161390617,0.159145362193143));
#5147=DIRECTION('center_axis',(0.,0.597421003166907,0.801927767928662));
#5148=DIRECTION('ref_axis',(0.,-0.801927767928662,0.597421003166907));
#5149=DIRECTION('center_axis',(1.,0.,0.));
#5150=DIRECTION('ref_axis',(0.,0.987255161390617,0.159145362193143));
#5151=DIRECTION('center_axis',(1.,0.,0.));
#5152=DIRECTION('ref_axis',(0.,0.,-1.));
#5153=DIRECTION('center_axis',(-1.,0.,0.));
#5154=DIRECTION('ref_axis',(0.,-0.987255161390616,0.159145362193151));
#5155=DIRECTION('center_axis',(1.,0.,0.));
#5156=DIRECTION('ref_axis',(0.,0.,-1.));
#5157=DIRECTION('center_axis',(-0.365347662824639,0.762524999933398,0.533925753026716));
#5158=DIRECTION('ref_axis',(-0.927015929892783,-0.350183585620285,-0.134212227785475));
#5159=DIRECTION('center_axis',(0.00479616446132208,-0.597414114262095,0.801918557514974));
#5160=DIRECTION('ref_axis',(-0.979856816111815,-0.162909335142132,-0.115503975874276));
#5161=DIRECTION('center_axis',(1.,0.,0.));
#5162=DIRECTION('ref_axis',(0.,0.,-1.));
#5163=DIRECTION('center_axis',(1.47172374741943E-15,0.598894802706717,-0.800827706370654));
#5164=DIRECTION('ref_axis',(0.,-0.800827706370654,-0.598894802706717));
#5165=DIRECTION('center_axis',(1.,0.,0.));
#5166=DIRECTION('ref_axis',(0.,6.34413156928661E-17,-1.));
#5167=DIRECTION('center_axis',(-7.61312735507169E-15,-0.598894802706717,
-0.800827706370654));
#5168=DIRECTION('ref_axis',(-0.979795897113272,0.160165541274134,-0.119778960541337));
#5169=DIRECTION('center_axis',(-1.,0.,0.));
#5170=DIRECTION('ref_axis',(0.,6.34413156928661E-17,-1.));
#5171=DIRECTION('center_axis',(0.365347662824633,0.7625249999334,-0.533925753026717));
#5172=DIRECTION('ref_axis',(-0.927015929892785,0.350183585620279,-0.134212227785472));
#5173=DIRECTION('center_axis',(0.00479616446132714,0.597414114262115,0.801918557514959));
#5174=DIRECTION('ref_axis',(1.05071507050525E-10,0.801927781017677,-0.597420985597313));
#5175=DIRECTION('center_axis',(1.,0.,0.));
#5176=DIRECTION('ref_axis',(0.,-0.801927767928662,-0.597421003166908));
#5177=DIRECTION('',(1.,0.,0.));
#5178=DIRECTION('center_axis',(1.,0.,0.));
#5179=DIRECTION('ref_axis',(0.,-6.34413156928661E-17,-1.));
#5180=DIRECTION('',(1.,0.,0.));
#5181=DIRECTION('center_axis',(1.,0.,0.));
#5182=DIRECTION('ref_axis',(0.,0.801927767928651,-0.597421003166922));
#5183=DIRECTION('center_axis',(1.,0.,0.));
#5184=DIRECTION('ref_axis',(0.,0.,-1.));
#5185=DIRECTION('center_axis',(0.,0.598894802706717,0.800827706370654));
#5186=DIRECTION('ref_axis',(0.,-0.800827706370654,0.598894802706717));
#5187=DIRECTION('center_axis',(1.,0.,0.));
#5188=DIRECTION('ref_axis',(0.,0.987401084641524,0.158237473591882));
#5189=DIRECTION('center_axis',(-0.404795587308692,0.749038529469577,0.524482424744114));
#5190=DIRECTION('ref_axis',(-0.914387693732543,-0.327835330114413,-0.237527139247823));
#5191=DIRECTION('center_axis',(-0.00468778587019509,0.819143043668509,0.573570134049121));
#5192=DIRECTION('ref_axis',(-0.999989009586324,-0.00379797628467848,-0.00274883297138651));
#5193=DIRECTION('center_axis',(0.,0.805482132321787,0.592620059152866));
#5194=DIRECTION('ref_axis',(-1.,0.,0.));
#5195=DIRECTION('center_axis',(0.,-0.598894802706704,0.800827706370664));
#5196=DIRECTION('ref_axis',(-1.,0.,0.));
#5197=DIRECTION('center_axis',(-1.,0.,0.));
#5198=DIRECTION('ref_axis',(0.,-0.988607504492682,0.150516451129943));
#5199=DIRECTION('center_axis',(1.,0.,0.));
#5200=DIRECTION('ref_axis',(0.,-0.988607504492682,0.150516451129943));
#5201=DIRECTION('center_axis',(1.,0.,0.));
#5202=DIRECTION('ref_axis',(0.,0.,-1.));
#5203=DIRECTION('center_axis',(0.,-0.598894802706727,-0.800827706370647));
#5204=DIRECTION('ref_axis',(-1.,0.,0.));
#5205=DIRECTION('center_axis',(-1.,0.,0.));
#5206=DIRECTION('ref_axis',(0.,-2.01858731750028E-16,-1.));
#5207=DIRECTION('center_axis',(1.,0.,0.));
#5208=DIRECTION('ref_axis',(0.,-2.01858731750028E-16,-1.));
#5209=DIRECTION('center_axis',(-1.22478454988088E-15,0.805482132321773,
-0.592620059152886));
#5210=DIRECTION('ref_axis',(-1.,-7.99360577730112E-14,-1.06581410364015E-13));
#5211=DIRECTION('center_axis',(-1.,0.,0.));
#5212=DIRECTION('ref_axis',(0.,0.988607504492682,0.150516451129938));
#5213=DIRECTION('center_axis',(1.,0.,0.));
#5214=DIRECTION('ref_axis',(0.,0.988607504492682,0.150516451129938));
#5215=DIRECTION('center_axis',(0.00468778587019252,0.819143043668693,-0.573570134048858));
#5216=DIRECTION('ref_axis',(-0.999989009586324,0.00379797628467848,-0.00274883297138206));
#5217=DIRECTION('center_axis',(0.404795587308689,0.749038529469575,-0.524482424744118));
#5218=DIRECTION('ref_axis',(-0.914387693732544,0.327835330114406,-0.237527139247829));
#5219=DIRECTION('center_axis',(1.,0.,0.));
#5220=DIRECTION('ref_axis',(0.,0.,-1.));
#5221=DIRECTION('center_axis',(-1.,0.,0.));
#5222=DIRECTION('ref_axis',(0.,1.60812264967664E-16,-1.));
#5223=DIRECTION('center_axis',(1.,0.,0.));
#5224=DIRECTION('ref_axis',(0.,0.,-1.));
#5225=DIRECTION('center_axis',(1.,0.,0.));
#5226=DIRECTION('ref_axis',(0.,1.60812264967664E-16,-1.));
#5227=DIRECTION('center_axis',(-1.,0.,0.));
#5228=DIRECTION('ref_axis',(0.,0.,1.));
#5229=DIRECTION('center_axis',(-1.,0.,0.));
#5230=DIRECTION('ref_axis',(0.,0.987255161390617,0.159145362193141));
#5231=DIRECTION('center_axis',(0.,-0.597421003166918,-0.801927767928654));
#5232=DIRECTION('ref_axis',(0.,-0.801927767928654,0.597421003166918));
#5233=DIRECTION('center_axis',(-1.,0.,0.));
#5234=DIRECTION('ref_axis',(0.,-1.22464679914735E-16,-1.));
#5235=DIRECTION('center_axis',(-1.,0.,0.));
#5236=DIRECTION('ref_axis',(0.,-6.34413156928661E-17,-1.));
#5237=DIRECTION('center_axis',(1.,0.,0.));
#5238=DIRECTION('ref_axis',(0.,-0.573576436351053,0.819152044288987));
#5239=DIRECTION('',(1.,0.,0.));
#5240=DIRECTION('center_axis',(1.,0.,0.));
#5241=DIRECTION('ref_axis',(0.,-0.987255161390616,0.15914536219315));
#5242=DIRECTION('center_axis',(1.,0.,0.));
#5243=DIRECTION('ref_axis',(0.,-0.801927767928662,-0.597421003166908));
#5244=DIRECTION('',(1.,0.,0.));
#5245=DIRECTION('center_axis',(1.,0.,0.));
#5246=DIRECTION('ref_axis',(0.,-6.34413156928661E-17,-1.));
#5247=DIRECTION('center_axis',(1.,0.,0.));
#5248=DIRECTION('ref_axis',(0.,0.801927767928654,-0.597421003166919));
#5249=DIRECTION('center_axis',(-1.,0.,0.));
#5250=DIRECTION('ref_axis',(0.,0.,1.));
#5251=DIRECTION('center_axis',(-1.,0.,0.));
#5252=DIRECTION('ref_axis',(0.,0.987255161390617,0.159145362193146));
#5253=DIRECTION('center_axis',(0.,-0.597421003166903,-0.801927767928665));
#5254=DIRECTION('ref_axis',(0.,-0.801927767928665,0.597421003166903));
#5255=DIRECTION('center_axis',(-1.,0.,0.));
#5256=DIRECTION('ref_axis',(0.,-1.22464679914735E-16,-1.));
#5257=DIRECTION('center_axis',(-1.,0.,0.));
#5258=DIRECTION('ref_axis',(0.,-6.34413156928661E-17,-1.));
#5259=DIRECTION('center_axis',(1.,0.,0.));
#5260=DIRECTION('ref_axis',(0.,-0.573576436351039,0.819152044288997));
#5261=DIRECTION('',(1.,0.,0.));
#5262=DIRECTION('center_axis',(1.,0.,0.));
#5263=DIRECTION('ref_axis',(0.,-0.987255161390616,0.159145362193153));
#5264=DIRECTION('center_axis',(1.,0.,0.));
#5265=DIRECTION('ref_axis',(0.,-0.801927767928662,-0.597421003166908));
#5266=DIRECTION('',(1.,0.,0.));
#5267=DIRECTION('center_axis',(1.,0.,0.));
#5268=DIRECTION('ref_axis',(0.,-6.34413156928661E-17,-1.));
#5269=DIRECTION('center_axis',(1.,0.,0.));
#5270=DIRECTION('ref_axis',(0.,0.801927767928667,-0.597421003166901));
#5271=DIRECTION('center_axis',(-1.,0.,0.));
#5272=DIRECTION('ref_axis',(0.,0.,1.));
#5273=DIRECTION('center_axis',(-1.,0.,0.));
#5274=DIRECTION('ref_axis',(0.,0.987255161390617,0.159145362193146));
#5275=DIRECTION('center_axis',(0.,-0.597421003166908,-0.801927767928661));
#5276=DIRECTION('ref_axis',(0.,-0.801927767928661,0.597421003166908));
#5277=DIRECTION('center_axis',(-1.,0.,0.));
#5278=DIRECTION('ref_axis',(0.,-1.22464679914735E-16,-1.));
#5279=DIRECTION('center_axis',(-1.,0.,0.));
#5280=DIRECTION('ref_axis',(0.,-6.34413156928661E-17,-1.));
#5281=DIRECTION('center_axis',(1.,0.,0.));
#5282=DIRECTION('ref_axis',(0.,-0.573576436351053,0.819152044288987));
#5283=DIRECTION('',(1.,0.,0.));
#5284=DIRECTION('center_axis',(1.,0.,0.));
#5285=DIRECTION('ref_axis',(0.,-0.801927767928662,-0.597421003166908));
#5286=DIRECTION('',(1.,0.,0.));
#5287=DIRECTION('center_axis',(1.,0.,0.));
#5288=DIRECTION('ref_axis',(0.,-6.34413156928661E-17,-1.));
#5289=DIRECTION('center_axis',(1.,0.,0.));
#5290=DIRECTION('ref_axis',(0.,0.801927767928661,-0.597421003166909));
#5291=DIRECTION('center_axis',(1.,0.,0.));
#5292=DIRECTION('ref_axis',(0.,0.573576436351052,0.819152044288988));
#5293=DIRECTION('center_axis',(1.,0.,0.));
#5294=DIRECTION('ref_axis',(0.,0.987255161390617,0.159145362193146));
#5295=DIRECTION('center_axis',(-1.,0.,0.));
#5296=DIRECTION('ref_axis',(0.,0.,1.));
#5297=DIRECTION('center_axis',(-1.,0.,0.));
#5298=DIRECTION('ref_axis',(0.,0.837464037230353,-0.546492439422392));
#5299=DIRECTION('center_axis',(1.,0.,0.));
#5300=DIRECTION('ref_axis',(0.,-0.573576436351037,0.819152044288998));
#5301=DIRECTION('',(1.,0.,0.));
#5302=DIRECTION('center_axis',(1.,0.,0.));
#5303=DIRECTION('ref_axis',(0.,-0.987222149831466,0.159350013750041));
#5304=DIRECTION('center_axis',(1.,0.,0.));
#5305=DIRECTION('ref_axis',(0.,-0.802175386096945,-0.597088477480698));
#5306=DIRECTION('',(1.,0.,0.));
#5307=DIRECTION('center_axis',(1.,0.,0.));
#5308=DIRECTION('ref_axis',(0.,-6.88298670791347E-16,-1.));
#5309=DIRECTION('center_axis',(-1.,0.,0.));
#5310=DIRECTION('ref_axis',(0.,0.,1.));
#5311=DIRECTION('center_axis',(-1.,0.,0.));
#5312=DIRECTION('ref_axis',(0.,0.987255161390616,0.159145362193151));
#5313=DIRECTION('center_axis',(0.,-0.597421003166908,-0.801927767928661));
#5314=DIRECTION('ref_axis',(0.,-0.801927767928661,0.597421003166908));
#5315=DIRECTION('center_axis',(-1.,0.,0.));
#5316=DIRECTION('ref_axis',(0.,-1.22464679914735E-16,-1.));
#5317=DIRECTION('center_axis',(-1.,0.,0.));
#5318=DIRECTION('ref_axis',(0.,-6.34413156928661E-17,-1.));
#5319=DIRECTION('center_axis',(1.,0.,0.));
#5320=DIRECTION('ref_axis',(0.,-0.573576436351041,0.819152044288995));
#5321=DIRECTION('',(1.,0.,0.));
#5322=DIRECTION('center_axis',(1.,0.,0.));
#5323=DIRECTION('ref_axis',(0.,-0.801927767928662,-0.597421003166908));
#5324=DIRECTION('',(1.,0.,0.));
#5325=DIRECTION('center_axis',(1.,0.,0.));
#5326=DIRECTION('ref_axis',(0.,0.801927767928664,-0.597421003166905));
#5327=DIRECTION('center_axis',(-1.,0.,0.));
#5328=DIRECTION('ref_axis',(0.,1.22464679914735E-16,-1.));
#5329=DIRECTION('center_axis',(-1.,0.,0.));
#5330=DIRECTION('ref_axis',(0.,-5.0532154980743E-16,-1.));
#5331=DIRECTION('center_axis',(1.,0.,0.));
#5332=DIRECTION('ref_axis',(0.,-5.0532154980743E-16,-1.));
#5333=DIRECTION('center_axis',(1.,0.,0.));
#5334=DIRECTION('ref_axis',(0.,-1.,0.));
#5335=DIRECTION('center_axis',(1.,0.,0.));
#5336=DIRECTION('ref_axis',(0.,0.837464037230353,-0.546492439422392));
#5337=DIRECTION('',(1.,0.,0.));
#5338=DIRECTION('',(1.,0.,0.));
#5339=DIRECTION('center_axis',(1.,0.,0.));
#5340=DIRECTION('ref_axis',(0.,0.,-1.));
#5341=DIRECTION('center_axis',(0.,0.597088477480707,-0.802175386096938));
#5342=DIRECTION('ref_axis',(0.,0.802175386096938,0.597088477480707));
#5343=DIRECTION('center_axis',(1.,0.,0.));
#5344=DIRECTION('ref_axis',(0.,0.,-1.));
#5345=DIRECTION('center_axis',(0.,0.597088477480701,0.802175386096943));
#5346=DIRECTION('ref_axis',(0.,-0.802175386096943,0.597088477480701));
#5347=DIRECTION('center_axis',(1.,0.,0.));
#5348=DIRECTION('ref_axis',(0.,0.,-1.));
#5349=DIRECTION('center_axis',(1.,0.,0.));
#5350=DIRECTION('ref_axis',(0.,0.987222149831468,0.15935001375003));
#5351=DIRECTION('center_axis',(1.,0.,0.));
#5352=DIRECTION('ref_axis',(0.,0.802175386096934,-0.597088477480712));
#5353=DIRECTION('center_axis',(1.,0.,0.));
#5354=DIRECTION('ref_axis',(0.,0.,-1.));
#5355=DIRECTION('center_axis',(0.,0.597421003166908,0.801927767928662));
#5356=DIRECTION('ref_axis',(0.,-0.801927767928662,0.597421003166908));
#5357=DIRECTION('center_axis',(-1.,0.,0.));
#5358=DIRECTION('ref_axis',(0.,-6.34413156928661E-17,-1.));
#5359=DIRECTION('center_axis',(1.,0.,0.));
#5360=DIRECTION('ref_axis',(0.,0.,-1.));
#5361=DIRECTION('center_axis',(-1.,0.,0.));
#5362=DIRECTION('ref_axis',(0.,0.987255161390617,0.159145362193146));
#5363=DIRECTION('center_axis',(-3.76147642901946E-16,0.0846992252020897,
0.996406564234784));
#5364=DIRECTION('ref_axis',(0.,-0.996406564234783,0.0846992252020898));
#5365=DIRECTION('center_axis',(1.,0.,0.));
#5366=DIRECTION('ref_axis',(0.,0.,-1.));
#5367=DIRECTION('center_axis',(0.,-0.81915204428899,0.573576436351048));
#5368=DIRECTION('ref_axis',(0.,-0.573576436351048,-0.81915204428899));
#5369=DIRECTION('center_axis',(0.,-0.819152044288991,0.573576436351047));
#5370=DIRECTION('ref_axis',(0.707106781186544,-0.405579787672642,-0.579227965339571));
#5371=DIRECTION('center_axis',(0.,-0.81915204428899,0.573576436351048));
#5372=DIRECTION('ref_axis',(0.,-0.573576436351048,-0.81915204428899));
#5373=DIRECTION('center_axis',(-1.,0.,0.));
#5374=DIRECTION('ref_axis',(0.,-0.981878473062478,-0.189511646440256));
#5375=DIRECTION('center_axis',(0.,0.546853672317027,0.83722820131275));
#5376=DIRECTION('ref_axis',(0.,-0.83722820131275,0.546853672317027));
#5377=DIRECTION('center_axis',(1.,0.,0.));
#5378=DIRECTION('ref_axis',(0.,0.,-1.));
#5379=DIRECTION('center_axis',(1.,0.,0.));
#5380=DIRECTION('ref_axis',(0.,0.837228201312746,-0.546853672317032));
#5381=DIRECTION('center_axis',(1.,0.,0.));
#5382=DIRECTION('ref_axis',(0.,0.,-1.));
#5383=DIRECTION('center_axis',(0.,0.597421003166903,-0.801927767928665));
#5384=DIRECTION('ref_axis',(0.,0.801927767928665,0.597421003166903));
#5385=DIRECTION('center_axis',(1.,0.,0.));
#5386=DIRECTION('ref_axis',(0.,0.,-1.));
#5387=DIRECTION('center_axis',(1.,0.,0.));
#5388=DIRECTION('ref_axis',(0.,0.,-1.));
#5389=DIRECTION('center_axis',(0.,0.597421003166897,-0.80192776792867));
#5390=DIRECTION('ref_axis',(0.,0.801927767928669,0.597421003166897));
#5391=DIRECTION('center_axis',(1.,0.,0.));
#5392=DIRECTION('ref_axis',(0.,0.,-1.));
#5393=DIRECTION('center_axis',(1.,0.,0.));
#5394=DIRECTION('ref_axis',(0.,0.,-1.));
#5395=DIRECTION('center_axis',(1.,0.,0.));
#5396=DIRECTION('ref_axis',(0.,-0.987255161390616,0.159145362193151));
#5397=DIRECTION('center_axis',(0.,0.5974210031669,-0.801927767928667));
#5398=DIRECTION('ref_axis',(0.,0.801927767928667,0.5974210031669));
#5399=DIRECTION('center_axis',(1.,0.,0.));
#5400=DIRECTION('ref_axis',(0.,0.,-1.));
#5401=DIRECTION('center_axis',(1.,0.,0.));
#5402=DIRECTION('ref_axis',(0.,-0.573576436351044,0.819152044288993));
#5403=DIRECTION('center_axis',(1.,0.,0.));
#5404=DIRECTION('ref_axis',(0.,0.,-1.));
#5405=DIRECTION('center_axis',(1.,0.,0.));
#5406=DIRECTION('ref_axis',(0.,-0.987401084641523,0.158237473591887));
#5407=DIRECTION('center_axis',(-2.13076770891387E-14,0.598894802706706,
-0.800827706370662));
#5408=DIRECTION('ref_axis',(0.,0.800827706370662,0.598894802706706));
#5409=DIRECTION('center_axis',(1.,0.,0.));
#5410=DIRECTION('ref_axis',(0.,0.,-1.));
#5411=DIRECTION('center_axis',(1.,0.,0.));
#5412=DIRECTION('ref_axis',(0.,-2.01858731750028E-16,-1.));
#5413=DIRECTION('center_axis',(1.,0.,0.));
#5414=DIRECTION('ref_axis',(0.,0.80082770637066,-0.59889480270671));
#5415=DIRECTION('',(1.,0.,0.));
#5416=DIRECTION('center_axis',(1.,0.,0.));
#5417=DIRECTION('ref_axis',(0.,-0.800827706370653,-0.598894802706718));
#5418=DIRECTION('',(1.,0.,0.));
#5419=DIRECTION('center_axis',(1.,0.,0.));
#5420=DIRECTION('ref_axis',(0.,-0.573576436351041,0.819152044288995));
#5421=DIRECTION('center_axis',(-0.287347885566345,0.,0.957826285221152));
#5422=DIRECTION('ref_axis',(0.957826285221151,0.,0.287347885566345));
#5423=DIRECTION('',(0.920574617898324,0.276172385369497,0.276172385369497));
#5424=DIRECTION('',(0.,1.,0.));
#5425=DIRECTION('',(-0.920574617898324,0.276172385369497,-0.276172385369497));
#5426=DIRECTION('',(0.,1.,0.));
#5427=DIRECTION('center_axis',(0.,0.,-1.));
#5428=DIRECTION('ref_axis',(0.,-1.,0.));
#5429=DIRECTION('',(-1.,0.,0.));
#5430=DIRECTION('',(1.,0.,0.));
#5431=DIRECTION('',(0.,-1.,0.));
#5432=DIRECTION('',(-1.,0.,0.));
#5433=DIRECTION('',(0.,1.,0.));
#5434=DIRECTION('',(1.,0.,0.));
#5435=DIRECTION('',(0.,-1.,0.));
#5436=DIRECTION('',(-1.,0.,0.));
#5437=DIRECTION('',(0.,1.,0.));
#5438=DIRECTION('',(-1.,0.,0.));
#5439=DIRECTION('',(0.,-1.,0.));
#5440=DIRECTION('center_axis',(0.287347885566345,0.,0.957826285221152));
#5441=DIRECTION('ref_axis',(0.957826285221151,0.,-0.287347885566345));
#5442=DIRECTION('',(-0.920574617898323,-0.276172385369497,0.276172385369497));
#5443=DIRECTION('',(0.,-1.,0.));
#5444=DIRECTION('',(0.920574617898323,-0.276172385369497,-0.276172385369497));
#5445=DIRECTION('center_axis',(-1.,0.,0.));
#5446=DIRECTION('ref_axis',(0.,0.,1.));
#5447=DIRECTION('',(0.,0.707106781186548,0.707106781186548));
#5448=DIRECTION('',(0.,0.,-1.));
#5449=DIRECTION('center_axis',(1.,0.,0.));
#5450=DIRECTION('ref_axis',(0.,0.,-1.));
#5451=DIRECTION('',(0.,-0.707106781186547,-0.707106781186547));
#5452=DIRECTION('',(0.,0.,1.));
#5453=DIRECTION('center_axis',(1.,0.,0.));
#5454=DIRECTION('ref_axis',(0.,0.,-1.));
#5455=DIRECTION('',(0.,-0.707106781186548,0.707106781186548));
#5456=DIRECTION('',(0.,0.,-1.));
#5457=DIRECTION('center_axis',(-1.,0.,0.));
#5458=DIRECTION('ref_axis',(0.,0.,1.));
#5459=DIRECTION('',(0.,0.707106781186548,-0.707106781186547));
#5460=DIRECTION('',(0.,0.,1.));
#5461=DIRECTION('center_axis',(0.,1.,0.));
#5462=DIRECTION('ref_axis',(0.,0.,1.));
#5463=DIRECTION('',(1.,0.,0.));
#5464=DIRECTION('',(-1.,0.,0.));
#5465=DIRECTION('center_axis',(0.,0.707106781186548,-0.707106781186548));
#5466=DIRECTION('ref_axis',(0.,0.707106781186548,0.707106781186548));
#5467=DIRECTION('',(1.,0.,0.));
#5468=DIRECTION('center_axis',(0.,0.,-1.));
#5469=DIRECTION('ref_axis',(0.,1.,0.));
#5470=DIRECTION('',(1.,0.,0.));
#5471=DIRECTION('center_axis',(0.,-0.707106781186547,-0.707106781186548));
#5472=DIRECTION('ref_axis',(0.,0.707106781186548,-0.707106781186547));
#5473=DIRECTION('',(1.,0.,0.));
#5474=DIRECTION('center_axis',(0.,-1.,0.));
#5475=DIRECTION('ref_axis',(0.,0.,-1.));
#5476=DIRECTION('',(-1.,0.,0.));
#5477=DIRECTION('center_axis',(0.,-0.707106781186548,-0.707106781186548));
#5478=DIRECTION('ref_axis',(0.,-0.707106781186548,0.707106781186548));
#5479=DIRECTION('',(-1.,0.,0.));
#5480=DIRECTION('center_axis',(0.,0.,-1.));
#5481=DIRECTION('ref_axis',(0.,-1.,0.));
#5482=DIRECTION('',(-1.,0.,0.));
#5483=DIRECTION('center_axis',(0.,0.707106781186548,-0.707106781186548));
#5484=DIRECTION('ref_axis',(0.,-0.707106781186548,-0.707106781186548));
#5485=DIRECTION('center_axis',(1.,0.,0.));
#5486=DIRECTION('ref_axis',(0.,0.,-1.));
#5487=DIRECTION('center_axis',(1.,0.,0.));
#5488=DIRECTION('ref_axis',(0.,0.83722820131275,-0.546853672317027));
#5489=DIRECTION('center_axis',(1.,0.,0.));
#5490=DIRECTION('ref_axis',(0.,0.,-1.));
#5491=DIRECTION('center_axis',(1.,0.,0.));
#5492=DIRECTION('ref_axis',(0.,-0.802669901227044,-0.596423532118047));
#5493=DIRECTION('center_axis',(1.,0.,0.));
#5494=DIRECTION('ref_axis',(0.,-0.802669901227043,-0.596423532118049));
#5495=DIRECTION('center_axis',(1.,0.,0.));
#5496=DIRECTION('ref_axis',(0.,-0.802669901227044,-0.596423532118047));
#5497=CARTESIAN_POINT('',(0.,0.,0.));
#5498=CARTESIAN_POINT('Origin',(12.5,-28.,0.));
#5499=CARTESIAN_POINT('',(12.5,-28.,0.));
#5500=CARTESIAN_POINT('',(12.5,-23.,0.));
#5501=CARTESIAN_POINT('',(12.5,0.999999999999999,0.));
#5502=CARTESIAN_POINT('',(12.5,-28.,-10.));
#5503=CARTESIAN_POINT('',(12.5,-28.,0.));
#5504=CARTESIAN_POINT('',(12.5,-23.,-10.));
#5505=CARTESIAN_POINT('',(12.5,-23.,-10.));
#5506=CARTESIAN_POINT('',(12.5,-23.,0.));
#5507=CARTESIAN_POINT('Origin',(32.5,-28.,0.));
#5508=CARTESIAN_POINT('',(32.5,-28.,0.));
#5509=CARTESIAN_POINT('',(16.25,-28.,0.));
#5510=CARTESIAN_POINT('',(32.5,-28.,-10.));
#5511=CARTESIAN_POINT('',(32.5,-28.,0.));
#5512=CARTESIAN_POINT('',(12.5,-28.,-10.));
#5513=CARTESIAN_POINT('Origin',(32.5,-23.,0.));
#5514=CARTESIAN_POINT('',(32.5,-23.,0.));
#5515=CARTESIAN_POINT('',(32.5,3.5,0.));
#5516=CARTESIAN_POINT('',(32.5,-23.,-10.));
#5517=CARTESIAN_POINT('',(32.5,-23.,0.));
#5518=CARTESIAN_POINT('',(32.5,-28.,-10.));
#5519=CARTESIAN_POINT('Origin',(22.5,-25.5,-10.));
#5520=CARTESIAN_POINT('',(11.25,-23.,-10.));
#5521=CARTESIAN_POINT('Origin',(159.5,-28.,0.));
#5522=CARTESIAN_POINT('',(159.5,-28.,0.));
#5523=CARTESIAN_POINT('',(159.5,-23.,0.));
#5524=CARTESIAN_POINT('',(159.5,0.999999999999999,0.));
#5525=CARTESIAN_POINT('',(159.5,-28.,-10.));
#5526=CARTESIAN_POINT('',(159.5,-28.,0.));
#5527=CARTESIAN_POINT('',(159.5,-23.,-10.));
#5528=CARTESIAN_POINT('',(159.5,-23.,-10.));
#5529=CARTESIAN_POINT('',(159.5,-23.,0.));
#5530=CARTESIAN_POINT('Origin',(179.5,-28.,0.));
#5531=CARTESIAN_POINT('',(179.5,-28.,0.));
#5532=CARTESIAN_POINT('',(89.75,-28.,0.));
#5533=CARTESIAN_POINT('',(179.5,-28.,-10.));
#5534=CARTESIAN_POINT('',(179.5,-28.,0.));
#5535=CARTESIAN_POINT('',(159.5,-28.,-10.));
#5536=CARTESIAN_POINT('Origin',(179.5,-23.,0.));
#5537=CARTESIAN_POINT('',(179.5,-23.,0.));
#5538=CARTESIAN_POINT('',(179.5,3.5,0.));
#5539=CARTESIAN_POINT('',(179.5,-23.,-10.));
#5540=CARTESIAN_POINT('',(179.5,-23.,0.));
#5541=CARTESIAN_POINT('',(179.5,-28.,-10.));
#5542=CARTESIAN_POINT('Origin',(169.5,-25.5,-10.));
#5543=CARTESIAN_POINT('',(84.75,-23.,-10.));
#5544=CARTESIAN_POINT('Origin',(0.,30.,0.));
#5545=CARTESIAN_POINT('',(0.,-23.,0.));
#5546=CARTESIAN_POINT('',(0.,-23.,0.));
#5547=CARTESIAN_POINT('',(0.,-11.25,-2.29621274840129E-15));
#5548=CARTESIAN_POINT('',(0.,-30.,0.));
#5549=CARTESIAN_POINT('',(-2.5,-11.25,-2.29621274840129E-15));
#5550=CARTESIAN_POINT('',(0.,-11.25,-2.29621274840129E-15));
#5551=CARTESIAN_POINT('',(-2.5,-3.5,2.04277889691107E-16));
#5552=CARTESIAN_POINT('',(-2.5,-30.,0.));
#5553=CARTESIAN_POINT('',(-4.5,-3.5,2.04277889691107E-16));
#5554=CARTESIAN_POINT('',(-2.5,-3.5,2.04277889691107E-16));
#5555=CARTESIAN_POINT('',(-4.5,-30.,0.));
#5556=CARTESIAN_POINT('',(-4.5,-30.,0.));
#5557=CARTESIAN_POINT('',(196.5,-30.,0.));
#5558=CARTESIAN_POINT('',(0.,-30.,0.));
#5559=CARTESIAN_POINT('',(196.5,-3.5,2.04277889691107E-16));
#5560=CARTESIAN_POINT('',(196.5,-3.5,2.04277889691107E-16));
#5561=CARTESIAN_POINT('',(194.5,-3.5,2.04277889691107E-16));
#5562=CARTESIAN_POINT('',(194.5,-3.5,2.04277889691107E-16));
#5563=CARTESIAN_POINT('',(194.5,-11.25,6.73555739531044E-16));
#5564=CARTESIAN_POINT('',(194.5,-3.5,2.04277889691107E-16));
#5565=CARTESIAN_POINT('',(192.,-11.25,6.73555739531044E-16));
#5566=CARTESIAN_POINT('',(192.,-11.25,6.73555739531044E-16));
#5567=CARTESIAN_POINT('',(192.,-23.,0.));
#5568=CARTESIAN_POINT('',(192.,-11.25,6.73555739531044E-16));
#5569=CARTESIAN_POINT('',(0.,-23.,0.));
#5570=CARTESIAN_POINT('',(0.,-23.,0.));
#5571=CARTESIAN_POINT('Origin',(42.5,28.,0.));
#5572=CARTESIAN_POINT('',(42.5,28.,0.));
#5573=CARTESIAN_POINT('',(42.5,23.,0.));
#5574=CARTESIAN_POINT('',(42.5,29.,0.));
#5575=CARTESIAN_POINT('',(42.5,28.,-10.));
#5576=CARTESIAN_POINT('',(42.5,28.,0.));
#5577=CARTESIAN_POINT('',(42.5,23.,-10.));
#5578=CARTESIAN_POINT('',(42.5,23.,-10.));
#5579=CARTESIAN_POINT('',(42.5,23.,-8.5));
#5580=CARTESIAN_POINT('Origin',(17.5,28.,0.));
#5581=CARTESIAN_POINT('',(17.5,28.,0.));
#5582=CARTESIAN_POINT('',(8.75,28.,0.));
#5583=CARTESIAN_POINT('',(17.5,28.,-10.));
#5584=CARTESIAN_POINT('',(17.5,28.,0.));
#5585=CARTESIAN_POINT('',(42.5,28.,-10.));
#5586=CARTESIAN_POINT('Origin',(17.5,23.,0.));
#5587=CARTESIAN_POINT('',(17.5,23.,0.));
#5588=CARTESIAN_POINT('',(17.5,26.5,0.));
#5589=CARTESIAN_POINT('',(17.5,23.,-10.));
#5590=CARTESIAN_POINT('',(17.5,23.,-8.5));
#5591=CARTESIAN_POINT('',(17.5,28.,-10.));
#5592=CARTESIAN_POINT('Origin',(30.,25.5,-10.));
#5593=CARTESIAN_POINT('',(15.,23.,-10.));
#5594=CARTESIAN_POINT('Origin',(0.,30.,0.));
#5595=CARTESIAN_POINT('',(192.,23.,0.));
#5596=CARTESIAN_POINT('',(96.,23.,0.));
#5597=CARTESIAN_POINT('',(192.,11.25,-6.88863824520386E-16));
#5598=CARTESIAN_POINT('',(192.,30.,0.));
#5599=CARTESIAN_POINT('',(194.5,11.25,-6.88863824520386E-16));
#5600=CARTESIAN_POINT('',(192.,11.25,-6.88863824520386E-16));
#5601=CARTESIAN_POINT('',(194.5,3.5,-2.19585974680449E-16));
#5602=CARTESIAN_POINT('',(194.5,30.,0.));
#5603=CARTESIAN_POINT('',(196.5,3.5,-2.19585974680449E-16));
#5604=CARTESIAN_POINT('',(194.5,3.5,-2.19585974680449E-16));
#5605=CARTESIAN_POINT('',(196.5,30.,0.));
#5606=CARTESIAN_POINT('',(196.5,30.,0.));
#5607=CARTESIAN_POINT('',(-4.5,30.,0.));
#5608=CARTESIAN_POINT('',(0.,30.,0.));
#5609=CARTESIAN_POINT('',(-4.5,3.5,-2.19585974680449E-16));
#5610=CARTESIAN_POINT('',(-4.5,3.5,-2.19585974680449E-16));
#5611=CARTESIAN_POINT('',(-2.5,3.5,-2.19585974680449E-16));
#5612=CARTESIAN_POINT('',(-2.5,3.5,-2.19585974680449E-16));
#5613=CARTESIAN_POINT('',(-2.5,11.25,6.88863824520386E-16));
#5614=CARTESIAN_POINT('',(-2.5,3.5,-2.19585974680449E-16));
#5615=CARTESIAN_POINT('',(0.,11.25,6.88863824520386E-16));
#5616=CARTESIAN_POINT('',(0.,11.25,6.88863824520386E-16));
#5617=CARTESIAN_POINT('',(0.,23.,0.));
#5618=CARTESIAN_POINT('',(0.,11.25,6.88863824520386E-16));
#5619=CARTESIAN_POINT('',(96.,23.,0.));
#5620=CARTESIAN_POINT('Origin',(-2.5,0.,0.));
#5621=CARTESIAN_POINT('Origin',(-2.5,0.,0.));
#5622=CARTESIAN_POINT('Origin',(-4.5,0.,0.));
#5623=CARTESIAN_POINT('Origin',(-4.5,0.,-15.));
#5624=CARTESIAN_POINT('Origin',(-4.5,0.,0.));
#5625=CARTESIAN_POINT('Origin',(-2.5,0.,-15.));
#5626=CARTESIAN_POINT('Origin',(-2.5,0.,0.));
#5627=CARTESIAN_POINT('Origin',(194.5,0.,0.));
#5628=CARTESIAN_POINT('Origin',(194.5,0.,0.));
#5629=CARTESIAN_POINT('Origin',(196.5,0.,0.));
#5630=CARTESIAN_POINT('Origin',(196.5,-8.88178419700125E-15,-15.));
#5631=CARTESIAN_POINT('Origin',(196.5,0.,0.));
#5632=CARTESIAN_POINT('Origin',(194.5,-8.88178419700125E-15,-15.));
#5633=CARTESIAN_POINT('Origin',(194.5,0.,0.));
#5634=CARTESIAN_POINT('Origin',(192.,0.,0.));
#5635=CARTESIAN_POINT('Origin',(192.,0.,0.));
#5636=CARTESIAN_POINT('Origin',(192.,-8.88178419700125E-15,-15.));
#5637=CARTESIAN_POINT('',(192.,-23.,-17.));
#5638=CARTESIAN_POINT('',(192.,-23.,-16.));
#5639=CARTESIAN_POINT('',(192.,23.,-17.));
#5640=CARTESIAN_POINT('',(192.,23.,-7.5));
#5641=CARTESIAN_POINT('',(192.,17.,-23.));
#5642=CARTESIAN_POINT('',(192.,17.75,-22.25));
#5643=CARTESIAN_POINT('',(192.,-17.,-23.));
#5644=CARTESIAN_POINT('',(192.,8.5,-23.));
#5645=CARTESIAN_POINT('',(192.,-14.75,-25.25));
#5646=CARTESIAN_POINT('Origin',(0.,0.,0.));
#5647=CARTESIAN_POINT('Origin',(0.,0.,0.));
#5648=CARTESIAN_POINT('Origin',(0.,0.,-15.));
#5649=CARTESIAN_POINT('',(0.,23.,-17.));
#5650=CARTESIAN_POINT('',(0.,23.,-16.));
#5651=CARTESIAN_POINT('',(0.,-23.,-17.));
#5652=CARTESIAN_POINT('',(0.,-23.,-7.5));
#5653=CARTESIAN_POINT('',(0.,-17.,-23.));
#5654=CARTESIAN_POINT('',(0.,-17.75,-22.25));
#5655=CARTESIAN_POINT('',(0.,17.,-23.));
#5656=CARTESIAN_POINT('',(0.,-8.5,-23.));
#5657=CARTESIAN_POINT('',(0.,14.75,-25.25));
#5658=CARTESIAN_POINT('Ctrl Pts',(62.,-27.8391205459255,-19.4931620633859));
#5659=CARTESIAN_POINT('Ctrl Pts',(61.9984188539228,-27.8398683294399,-19.4936856670396));
#5660=CARTESIAN_POINT('Ctrl Pts',(61.9968384122974,-27.8406158858601,-19.4942091116802));
#5661=CARTESIAN_POINT('Ctrl Pts',(61.7493257929896,-27.9576562234712,-19.5761616383502));
#5662=CARTESIAN_POINT('Ctrl Pts',(61.3799603229056,-28.1349011276857,-19.7002698563904));
#5663=CARTESIAN_POINT('Ctrl Pts',(60.8551779831714,-28.5333783396684,-19.9792866040255));
#5664=CARTESIAN_POINT('Ctrl Pts',(60.6348680545405,-28.8442349254856,-20.1969507287168));
#5665=CARTESIAN_POINT('Ctrl Pts',(60.5594969220893,-29.0683579299111,-20.3538833459017));
#5666=CARTESIAN_POINT('Ctrl Pts',(62.,-27.8391205459255,-19.4931620633859));
#5667=CARTESIAN_POINT('Ctrl Pts',(61.9985731789175,-27.8401557568184,-19.4938869258567));
#5668=CARTESIAN_POINT('Ctrl Pts',(61.9972105311668,-27.8410773681264,-19.4945322450418));
#5669=CARTESIAN_POINT('Ctrl Pts',(61.7765886512851,-27.9981486781982,-19.6045147603907));
#5670=CARTESIAN_POINT('Ctrl Pts',(61.4512290884092,-28.228981961895,-19.7661459657048));
#5671=CARTESIAN_POINT('Ctrl Pts',(61.0186402359255,-28.6464666434469,-20.0584718868146));
#5672=CARTESIAN_POINT('Ctrl Pts',(60.8507508396358,-28.9288543413089,-20.2562018815552));
#5673=CARTESIAN_POINT('Ctrl Pts',(60.7977126937196,-29.1221128419272,-20.3915229405112));
#5674=CARTESIAN_POINT('Ctrl Pts',(62.,-27.8391205459255,-19.4931620633859));
#5675=CARTESIAN_POINT('Ctrl Pts',(61.9987158198974,-27.8401758859978,-19.4938641986316));
#5676=CARTESIAN_POINT('Ctrl Pts',(61.9975937292613,-27.8417881673315,-19.4950658048147));
#5677=CARTESIAN_POINT('Ctrl Pts',(61.8036106727763,-28.032912324427,-19.6295514650614));
#5678=CARTESIAN_POINT('Ctrl Pts',(61.5231326992576,-28.295744182783,-19.8699585918241));
#5679=CARTESIAN_POINT('Ctrl Pts',(61.1774636588484,-28.6696602862727,-20.2511776735073));
#5680=CARTESIAN_POINT('Ctrl Pts',(61.054243484176,-28.8985188975868,-20.4648595383767));
#5681=CARTESIAN_POINT('Ctrl Pts',(61.0186667404287,-29.0516365762717,-20.5982926337823));
#5682=CARTESIAN_POINT('Ctrl Pts',(62.,-27.8391205459255,-19.4931620633859));
#5683=CARTESIAN_POINT('Ctrl Pts',(61.9989459026142,-27.8406161129547,-19.4942092706936));
#5684=CARTESIAN_POINT('Ctrl Pts',(61.997892274865,-27.8420978984621,-19.495252989752));
#5685=CARTESIAN_POINT('Ctrl Pts',(61.8328838619918,-28.0781239488395,-19.6613247759468));
#5686=CARTESIAN_POINT('Ctrl Pts',(61.5866402152702,-28.3173588705798,-19.9980954517309));
#5687=CARTESIAN_POINT('Ctrl Pts',(61.2367853221136,-28.5859819215236,-20.4406902288367));
#5688=CARTESIAN_POINT('Ctrl Pts',(61.0899120363604,-28.7761839604898,-20.663665415964));
#5689=CARTESIAN_POINT('Ctrl Pts',(61.0396646147262,-28.9152019847293,-20.8032262206032));
#5690=CARTESIAN_POINT('',(60.5594969220893,-29.0683579299111,-20.3538833459017));
#5691=CARTESIAN_POINT('',(61.0396646147262,-28.9152019847293,-20.8032262206032));
#5692=CARTESIAN_POINT('Origin',(60.5594969220893,-28.7815697117356,-20.7634593680462));
#5693=CARTESIAN_POINT('',(62.,-27.8391205459255,-19.4931620633859));
#5694=CARTESIAN_POINT('Ctrl Pts',(61.0396646147262,-28.9152019847293,-20.8032262206032));
#5695=CARTESIAN_POINT('Ctrl Pts',(61.0899120363604,-28.7761839604898,-20.663665415964));
#5696=CARTESIAN_POINT('Ctrl Pts',(61.2367853221136,-28.5859819215236,-20.4406902288367));
#5697=CARTESIAN_POINT('Ctrl Pts',(61.5866402152702,-28.3173588705798,-19.9980954517309));
#5698=CARTESIAN_POINT('Ctrl Pts',(61.8328838619918,-28.0781239488395,-19.6613247759468));
#5699=CARTESIAN_POINT('Ctrl Pts',(61.997892274865,-27.8420978984621,-19.495252989752));
#5700=CARTESIAN_POINT('Ctrl Pts',(61.9989459026142,-27.8406161129547,-19.4942092706936));
#5701=CARTESIAN_POINT('Ctrl Pts',(62.,-27.8391205459255,-19.4931620633859));
#5702=CARTESIAN_POINT('Ctrl Pts',(62.,-27.8391205459255,-19.4931620633859));
#5703=CARTESIAN_POINT('Ctrl Pts',(61.9984188539228,-27.8398683294399,-19.4936856670396));
#5704=CARTESIAN_POINT('Ctrl Pts',(61.9968384122974,-27.8406158858601,-19.4942091116802));
#5705=CARTESIAN_POINT('Ctrl Pts',(61.7493257929896,-27.9576562234712,-19.5761616383502));
#5706=CARTESIAN_POINT('Ctrl Pts',(61.3799603229056,-28.1349011276857,-19.7002698563904));
#5707=CARTESIAN_POINT('Ctrl Pts',(60.8551779831714,-28.5333783396684,-19.9792866040255));
#5708=CARTESIAN_POINT('Ctrl Pts',(60.6348680545405,-28.8442349254856,-20.1969507287168));
#5709=CARTESIAN_POINT('Ctrl Pts',(60.5594969220893,-29.0683579299111,-20.3538833459017));
#5710=CARTESIAN_POINT('Ctrl Pts',(60.5594969220893,-29.0683579299111,-20.3538833459017));
#5711=CARTESIAN_POINT('Ctrl Pts',(60.5306101668119,-29.2401527847929,-20.4741753983156));
#5712=CARTESIAN_POINT('Ctrl Pts',(60.5056368019127,-29.4682531317309,-20.7772452768478));
#5713=CARTESIAN_POINT('Ctrl Pts',(60.4998800851462,-29.5190916155051,-21.2952482480871));
#5714=CARTESIAN_POINT('Ctrl Pts',(60.5,-29.4217941567904,-21.5751289965028));
#5715=CARTESIAN_POINT('Ctrl Pts',(60.5,-29.3455872994324,-21.698515628348));
#5716=CARTESIAN_POINT('Ctrl Pts',(60.6786048079045,-29.0952353859192,-20.3727031432065));
#5717=CARTESIAN_POINT('Ctrl Pts',(60.6500624170715,-29.2546256957239,-20.4928028187387));
#5718=CARTESIAN_POINT('Ctrl Pts',(60.6287152892552,-29.4691161160762,-20.7853593315432));
#5719=CARTESIAN_POINT('Ctrl Pts',(60.6288725050299,-29.5190335392035,-21.2954494362474));
#5720=CARTESIAN_POINT('Ctrl Pts',(60.6307241886417,-29.4218632718705,-21.5750063090574));
#5721=CARTESIAN_POINT('Ctrl Pts',(60.6308996938993,-29.3455872994324,-21.698515628348));
#5722=CARTESIAN_POINT('Ctrl Pts',(60.9159800376766,-29.0936956811562,-20.488907941599));
#5723=CARTESIAN_POINT('Ctrl Pts',(60.8882555685678,-29.2138803246541,-20.5933378643579));
#5724=CARTESIAN_POINT('Ctrl Pts',(60.8741976850644,-29.3785167351619,-20.8424952538433));
#5725=CARTESIAN_POINT('Ctrl Pts',(60.8857393805877,-29.4099825820216,-21.2841411592664));
#5726=CARTESIAN_POINT('Ctrl Pts',(60.8910070117568,-29.3214406326765,-21.5317479034477));
#5727=CARTESIAN_POINT('Ctrl Pts',(60.8915177389193,-29.2532899618721,-21.6415103439603));
#5728=CARTESIAN_POINT('Ctrl Pts',(61.0291656775775,-28.9834192805005,-20.7007594271927));
#5729=CARTESIAN_POINT('Ctrl Pts',(61.0063741101504,-29.0565450135431,-20.7707932052849));
#5730=CARTESIAN_POINT('Ctrl Pts',(60.9920356029261,-29.1510545840028,-20.9469354392385));
#5731=CARTESIAN_POINT('Ctrl Pts',(60.9969426797504,-29.1486425568048,-21.2552152895298));
#5732=CARTESIAN_POINT('Ctrl Pts',(60.9997208281131,-29.0803679163158,-21.4271816655017));
#5733=CARTESIAN_POINT('Ctrl Pts',(60.9999999999995,-29.0315546160542,-21.5045607115953));
#5734=CARTESIAN_POINT('Ctrl Pts',(61.0396646147262,-28.9152019847293,-20.8032262206032));
#5735=CARTESIAN_POINT('Ctrl Pts',(61.0204067778746,-28.9684820604658,-20.8567143224641));
#5736=CARTESIAN_POINT('Ctrl Pts',(61.0037578679418,-29.0318915397221,-20.9973567966808));
#5737=CARTESIAN_POINT('Ctrl Pts',(60.9999200567641,-29.0163571012598,-21.2400762268545));
#5738=CARTESIAN_POINT('Ctrl Pts',(61.,-28.9591513531261,-21.3746685082875));
#5739=CARTESIAN_POINT('Ctrl Pts',(61.,-28.9201843964978,-21.4357755092704));
#5740=CARTESIAN_POINT('',(60.5,-29.3455872994324,-21.698515628348));
#5741=CARTESIAN_POINT('',(61.,-28.9201843964994,-21.4357755092715));
#5742=CARTESIAN_POINT('Origin',(60.5,-28.9201843964962,-21.4357755092694));
#5743=CARTESIAN_POINT('Ctrl Pts',(61.,-28.9201843964978,-21.4357755092704));
#5744=CARTESIAN_POINT('Ctrl Pts',(61.,-28.9591513531261,-21.3746685082875));
#5745=CARTESIAN_POINT('Ctrl Pts',(60.9999200567641,-29.0163571012598,-21.2400762268545));
#5746=CARTESIAN_POINT('Ctrl Pts',(61.0037578679418,-29.0318915397221,-20.9973567966808));
#5747=CARTESIAN_POINT('Ctrl Pts',(61.0204067778746,-28.9684820604658,-20.8567143224641));
#5748=CARTESIAN_POINT('Ctrl Pts',(61.0396646147262,-28.9152019847293,-20.8032262206032));
#5749=CARTESIAN_POINT('Ctrl Pts',(60.5594969220893,-29.0683579299111,-20.3538833459017));
#5750=CARTESIAN_POINT('Ctrl Pts',(60.5306101668119,-29.2401527847929,-20.4741753983156));
#5751=CARTESIAN_POINT('Ctrl Pts',(60.5056368019127,-29.4682531317309,-20.7772452768478));
#5752=CARTESIAN_POINT('Ctrl Pts',(60.4998800851462,-29.5190916155051,-21.2952482480871));
#5753=CARTESIAN_POINT('Ctrl Pts',(60.5,-29.4217941567904,-21.5751289965028));
#5754=CARTESIAN_POINT('Ctrl Pts',(60.5,-29.3455872994324,-21.698515628348));
#5755=CARTESIAN_POINT('Ctrl Pts',(60.5,-29.3455872994324,-21.698515628348));
#5756=CARTESIAN_POINT('Ctrl Pts',(60.5,-29.3230412778331,-21.735019924196));
#5757=CARTESIAN_POINT('Ctrl Pts',(60.5,-29.2974513947871,-21.7694589223087));
#5758=CARTESIAN_POINT('Ctrl Pts',(61.,-29.3455872994324,-21.698515628348));
#5759=CARTESIAN_POINT('Ctrl Pts',(61.,-29.3230412778331,-21.735019924196));
#5760=CARTESIAN_POINT('Ctrl Pts',(61.,-29.2974513947871,-21.7694589223087));
#5761=CARTESIAN_POINT('Ctrl Pts',(61.,-28.9201843964962,-21.4357755092694));
#5762=CARTESIAN_POINT('Ctrl Pts',(61.,-28.9089113856966,-21.4540276571934));
#5763=CARTESIAN_POINT('Ctrl Pts',(61.,-28.8961164441736,-21.4712471562497));
#5764=CARTESIAN_POINT('',(60.5,-29.2974513947871,-21.7694589223087));
#5765=CARTESIAN_POINT('',(61.,-28.8961164441736,-21.4712471562497));
#5766=CARTESIAN_POINT('Origin',(60.5,-28.8961164441736,-21.4712471562497));
#5767=CARTESIAN_POINT('Origin',(61.,-28.49478149356,-21.1730353901907));
#5768=CARTESIAN_POINT('Origin',(60.5,-28.49478149356,-21.1730353901907));
#5769=CARTESIAN_POINT('Origin',(60.5,0.,0.));
#5770=CARTESIAN_POINT('',(60.5,29.2974513947871,-21.7694589223088));
#5771=CARTESIAN_POINT('',(61.,28.8961164441736,-21.4712471562497));
#5772=CARTESIAN_POINT('Origin',(60.5,28.8961164441736,-21.4712471562497));
#5773=CARTESIAN_POINT('',(61.,28.8693996454318,-21.5071561140087));
#5774=CARTESIAN_POINT('Origin',(61.,0.,0.));
#5775=CARTESIAN_POINT('',(61.,-28.8693996454318,-21.5071561140087));
#5776=CARTESIAN_POINT('Origin',(61.,0.,0.));
#5777=CARTESIAN_POINT('Origin',(61.,0.,0.));
#5778=CARTESIAN_POINT('Origin',(60.5,0.,0.));
#5779=CARTESIAN_POINT('Ctrl Pts',(60.5,29.2974513947871,-21.7694589223088));
#5780=CARTESIAN_POINT('Ctrl Pts',(60.5,29.3230412777539,-21.7350199243027));
#5781=CARTESIAN_POINT('Ctrl Pts',(60.5,29.3455872992931,-21.6985156285736));
#5782=CARTESIAN_POINT('Ctrl Pts',(61.,29.2974513947871,-21.7694589223088));
#5783=CARTESIAN_POINT('Ctrl Pts',(61.,29.3230412777539,-21.7350199243027));
#5784=CARTESIAN_POINT('Ctrl Pts',(61.,29.3455872992931,-21.6985156285736));
#5785=CARTESIAN_POINT('Ctrl Pts',(61.,28.8961164441736,-21.4712471562497));
#5786=CARTESIAN_POINT('Ctrl Pts',(61.,28.908911385657,-21.4540276572467));
#5787=CARTESIAN_POINT('Ctrl Pts',(61.,28.9201843964266,-21.4357755093822));
#5788=CARTESIAN_POINT('',(60.5,29.3455872992931,-21.6985156285736));
#5789=CARTESIAN_POINT('',(61.,28.9201843964266,-21.4357755093822));
#5790=CARTESIAN_POINT('Origin',(60.5,28.9201843964266,-21.4357755093822));
#5791=CARTESIAN_POINT('Origin',(61.,28.49478149356,-21.1730353901907));
#5792=CARTESIAN_POINT('Origin',(60.5,28.49478149356,-21.1730353901907));
#5793=CARTESIAN_POINT('Ctrl Pts',(61.0396646147262,28.9152019847293,-20.8032262206032));
#5794=CARTESIAN_POINT('Ctrl Pts',(61.0204064275158,28.9684830297929,-20.8567152955759));
#5795=CARTESIAN_POINT('Ctrl Pts',(61.0037585727359,29.0318884343912,-20.9973487538621));
#5796=CARTESIAN_POINT('Ctrl Pts',(60.9999195812184,29.0163606466157,-21.2400714182168));
#5797=CARTESIAN_POINT('Ctrl Pts',(61.,28.959152061995,-21.374667396684));
#5798=CARTESIAN_POINT('Ctrl Pts',(61.,28.9201843964266,-21.4357755093822));
#5799=CARTESIAN_POINT('Ctrl Pts',(61.0291656775775,28.9834192805005,-20.7007594271927));
#5800=CARTESIAN_POINT('Ctrl Pts',(61.0063736955023,29.0565463439233,-20.770794479413));
#5801=CARTESIAN_POINT('Ctrl Pts',(60.9920360751235,29.151049814962,-20.9469253194568));
#5802=CARTESIAN_POINT('Ctrl Pts',(60.9969419612593,29.1486469385588,-21.2552091198956));
#5803=CARTESIAN_POINT('Ctrl Pts',(60.9997208230359,29.0803688043067,-21.4271802578927));
#5804=CARTESIAN_POINT('Ctrl Pts',(61.,29.031554615965,-21.5045607117368));
#5805=CARTESIAN_POINT('Ctrl Pts',(60.9159800376766,29.0936956811562,-20.4889079415991));
#5806=CARTESIAN_POINT('Ctrl Pts',(60.8882550641751,29.2138825111794,-20.5933397642567));
#5807=CARTESIAN_POINT('Ctrl Pts',(60.8741980534558,29.3785081936638,-20.8424808840333));
#5808=CARTESIAN_POINT('Ctrl Pts',(60.8857384091729,29.4099886777569,-21.2841322509446));
#5809=CARTESIAN_POINT('Ctrl Pts',(60.8910070024684,29.3214418724486,-21.5317459067518));
#5810=CARTESIAN_POINT('Ctrl Pts',(60.8915177389203,29.2532899617474,-21.6415103441611));
#5811=CARTESIAN_POINT('Ctrl Pts',(60.6786048079045,29.0952353859191,-20.3727031432065));
#5812=CARTESIAN_POINT('Ctrl Pts',(60.6500618977983,29.2546285955198,-20.4928050037182));
#5813=CARTESIAN_POINT('Ctrl Pts',(60.6287161126997,29.4691051533811,-20.7853424122047));
#5814=CARTESIAN_POINT('Ctrl Pts',(60.6288717015491,29.5190409018362,-21.2954394083612));
#5815=CARTESIAN_POINT('Ctrl Pts',(60.6307241854499,29.4218646594566,-21.5750040622918));
#5816=CARTESIAN_POINT('Ctrl Pts',(60.6308996938996,29.3455872992931,-21.6985156285736));
#5817=CARTESIAN_POINT('Ctrl Pts',(60.5594969220893,29.0683579299111,-20.3538833459017));
#5818=CARTESIAN_POINT('Ctrl Pts',(60.5306096412737,29.2401559102653,-20.474177586795));
#5819=CARTESIAN_POINT('Ctrl Pts',(60.5056378591038,29.4682416723511,-20.7772278282035));
#5820=CARTESIAN_POINT('Ctrl Pts',(60.4998793718277,29.5190993738175,-21.2952382750705));
#5821=CARTESIAN_POINT('Ctrl Pts',(60.5,29.421795543119,-21.5751267519693));
#5822=CARTESIAN_POINT('Ctrl Pts',(60.5,29.3455872992931,-21.6985156285736));
#5823=CARTESIAN_POINT('',(60.5594969220893,29.0683579299111,-20.3538833459017));
#5824=CARTESIAN_POINT('Ctrl Pts',(60.5,29.3455872992931,-21.6985156285736));
#5825=CARTESIAN_POINT('Ctrl Pts',(60.5,29.421795543119,-21.5751267519693));
#5826=CARTESIAN_POINT('Ctrl Pts',(60.4998793718277,29.5190993738175,-21.2952382750705));
#5827=CARTESIAN_POINT('Ctrl Pts',(60.5056378591038,29.4682416723511,-20.7772278282035));
#5828=CARTESIAN_POINT('Ctrl Pts',(60.5306096412737,29.2401559102653,-20.474177586795));
#5829=CARTESIAN_POINT('Ctrl Pts',(60.5594969220893,29.0683579299111,-20.3538833459017));
#5830=CARTESIAN_POINT('',(61.0396646147262,28.9152019847293,-20.8032262206032));
#5831=CARTESIAN_POINT('Origin',(60.5594969220893,28.7815697117355,-20.7634593680462));
#5832=CARTESIAN_POINT('Ctrl Pts',(61.0396646147262,28.9152019847293,-20.8032262206032));
#5833=CARTESIAN_POINT('Ctrl Pts',(61.0204064275158,28.9684830297929,-20.8567152955759));
#5834=CARTESIAN_POINT('Ctrl Pts',(61.0037585727359,29.0318884343912,-20.9973487538621));
#5835=CARTESIAN_POINT('Ctrl Pts',(60.9999195812184,29.0163606466157,-21.2400714182168));
#5836=CARTESIAN_POINT('Ctrl Pts',(61.,28.959152061995,-21.374667396684));
#5837=CARTESIAN_POINT('Ctrl Pts',(61.,28.9201843964266,-21.4357755093822));
#5838=CARTESIAN_POINT('Ctrl Pts',(62.,27.8391205459256,-19.4931620633859));
#5839=CARTESIAN_POINT('Ctrl Pts',(61.9989459026172,27.8406161129655,-19.4942092707011));
#5840=CARTESIAN_POINT('Ctrl Pts',(61.9978922748657,27.84209789847,-19.4952529897576));
#5841=CARTESIAN_POINT('Ctrl Pts',(61.8328838619472,28.0781239486477,-19.661324775812));
#5842=CARTESIAN_POINT('Ctrl Pts',(61.5866402152619,28.3173588705497,-19.9980954517105));
#5843=CARTESIAN_POINT('Ctrl Pts',(61.2367853220893,28.585981921425,-20.4406902287681));
#5844=CARTESIAN_POINT('Ctrl Pts',(61.0899120363603,28.7761839604901,-20.6636654159642));
#5845=CARTESIAN_POINT('Ctrl Pts',(61.0396646147262,28.9152019847293,-20.8032262206032));
#5846=CARTESIAN_POINT('Ctrl Pts',(62.,27.8391205459256,-19.4931620633859));
#5847=CARTESIAN_POINT('Ctrl Pts',(61.9987158198984,27.8401758860076,-19.4938641986385));
#5848=CARTESIAN_POINT('Ctrl Pts',(61.9975937292621,27.8417881673384,-19.4950658048195));
#5849=CARTESIAN_POINT('Ctrl Pts',(61.8036106727318,28.0329123242357,-19.6295514649273));
#5850=CARTESIAN_POINT('Ctrl Pts',(61.5231326992493,28.2957441827528,-19.8699585918032));
#5851=CARTESIAN_POINT('Ctrl Pts',(61.1774636588242,28.6696602861745,-20.2511776734388));
#5852=CARTESIAN_POINT('Ctrl Pts',(61.0542434841759,28.8985188975869,-20.4648595383769));
#5853=CARTESIAN_POINT('Ctrl Pts',(61.0186667404287,29.0516365762717,-20.5982926337823));
#5854=CARTESIAN_POINT('Ctrl Pts',(62.,27.8391205459256,-19.4931620633859));
#5855=CARTESIAN_POINT('Ctrl Pts',(61.9985731789162,27.840155756828,-19.4938869258634));
#5856=CARTESIAN_POINT('Ctrl Pts',(61.9972105311679,27.8410773681314,-19.4945322450454));
#5857=CARTESIAN_POINT('Ctrl Pts',(61.7765886512168,27.9981486781016,-19.6045147603227));
#5858=CARTESIAN_POINT('Ctrl Pts',(61.4512290883967,28.2289819618808,-19.7661459656948));
#5859=CARTESIAN_POINT('Ctrl Pts',(61.0186402358887,28.6464666433981,-20.0584718867802));
#5860=CARTESIAN_POINT('Ctrl Pts',(60.8507508396357,28.9288543413093,-20.2562018815555));
#5861=CARTESIAN_POINT('Ctrl Pts',(60.7977126937197,29.1221128419272,-20.3915229405112));
#5862=CARTESIAN_POINT('Ctrl Pts',(62.,27.8391205459256,-19.4931620633859));
#5863=CARTESIAN_POINT('Ctrl Pts',(61.9984188539193,27.8398683294486,-19.4936856670457));
#5864=CARTESIAN_POINT('Ctrl Pts',(61.9968384122986,27.8406158858641,-19.494209111683));
#5865=CARTESIAN_POINT('Ctrl Pts',(61.7493257929215,27.9576562233752,-19.5761616382826));
#5866=CARTESIAN_POINT('Ctrl Pts',(61.3799603228929,28.134901127671,-19.7002698563801));
#5867=CARTESIAN_POINT('Ctrl Pts',(60.8551779831344,28.5333783396198,-19.9792866039913));
#5868=CARTESIAN_POINT('Ctrl Pts',(60.6348680545405,28.8442349254859,-20.196950728717));
#5869=CARTESIAN_POINT('Ctrl Pts',(60.5594969220893,29.0683579299111,-20.3538833459017));
#5870=CARTESIAN_POINT('',(62.,27.8391205459256,-19.4931620633859));
#5871=CARTESIAN_POINT('Ctrl Pts',(60.5594969220893,29.0683579299111,-20.3538833459017));
#5872=CARTESIAN_POINT('Ctrl Pts',(60.6348680545405,28.8442349254859,-20.196950728717));
#5873=CARTESIAN_POINT('Ctrl Pts',(60.8551779831344,28.5333783396198,-19.9792866039913));
#5874=CARTESIAN_POINT('Ctrl Pts',(61.3799603228929,28.134901127671,-19.7002698563801));
#5875=CARTESIAN_POINT('Ctrl Pts',(61.7493257929215,27.9576562233752,-19.5761616382826));
#5876=CARTESIAN_POINT('Ctrl Pts',(61.9968384122986,27.8406158858641,-19.494209111683));
#5877=CARTESIAN_POINT('Ctrl Pts',(61.9984188539193,27.8398683294486,-19.4936856670457));
#5878=CARTESIAN_POINT('Ctrl Pts',(62.,27.8391205459256,-19.4931620633859));
#5879=CARTESIAN_POINT('Ctrl Pts',(62.,27.8391205459256,-19.4931620633859));
#5880=CARTESIAN_POINT('Ctrl Pts',(61.9989459026172,27.8406161129655,-19.4942092707011));
#5881=CARTESIAN_POINT('Ctrl Pts',(61.9978922748657,27.84209789847,-19.4952529897576));
#5882=CARTESIAN_POINT('Ctrl Pts',(61.8328838619472,28.0781239486477,-19.661324775812));
#5883=CARTESIAN_POINT('Ctrl Pts',(61.5866402152619,28.3173588705497,-19.9980954517105));
#5884=CARTESIAN_POINT('Ctrl Pts',(61.2367853220893,28.585981921425,-20.4406902287681));
#5885=CARTESIAN_POINT('Ctrl Pts',(61.0899120363603,28.7761839604901,-20.6636654159642));
#5886=CARTESIAN_POINT('Ctrl Pts',(61.0396646147262,28.9152019847293,-20.8032262206032));
#5887=CARTESIAN_POINT('Origin',(56.,-28.49478149356,-21.1730353901907));
#5888=CARTESIAN_POINT('',(56.4405030779107,-29.0683579299111,-20.3538833459017));
#5889=CARTESIAN_POINT('',(56.,-29.0683579299111,-20.3538833459017));
#5890=CARTESIAN_POINT('',(56.5,-29.3455872994325,-21.698515628348));
#5891=CARTESIAN_POINT('Ctrl Pts',(56.5,-29.3455872994325,-21.698515628348));
#5892=CARTESIAN_POINT('Ctrl Pts',(56.5,-29.4217941567904,-21.5751289965027));
#5893=CARTESIAN_POINT('Ctrl Pts',(56.5001199191185,-29.5190916401851,-21.2952482306973));
#5894=CARTESIAN_POINT('Ctrl Pts',(56.4943632077891,-29.468253174716,-20.7772452411057));
#5895=CARTESIAN_POINT('Ctrl Pts',(56.4693898331881,-29.2401527847929,-20.4741753983156));
#5896=CARTESIAN_POINT('Ctrl Pts',(56.4405030779107,-29.0683579299111,-20.3538833459017));
#5897=CARTESIAN_POINT('',(56.5,-29.2974513947871,-21.7694589223087));
#5898=CARTESIAN_POINT('Origin',(56.5,-28.49478149356,-21.1730353901907));
#5899=CARTESIAN_POINT('',(56.,-29.2974513947871,-21.7694589223087));
#5900=CARTESIAN_POINT('Origin',(16.,-25.3804978043442,-17.7716158861168));
#5901=CARTESIAN_POINT('',(73.75,-27.8391205459255,-19.4931620633859));
#5902=CARTESIAN_POINT('',(61.,-27.8391205459255,-19.4931620633859));
#5903=CARTESIAN_POINT('',(75.1905030779106,-29.0683579299111,-20.3538833459017));
#5904=CARTESIAN_POINT('Ctrl Pts',(75.1905030779106,-29.0683579299111,-20.3538833459017));
#5905=CARTESIAN_POINT('Ctrl Pts',(75.1151319454594,-28.8442349254856,-20.1969507287168));
#5906=CARTESIAN_POINT('Ctrl Pts',(74.8948219862948,-28.5333800617607,-19.9792878098475));
#5907=CARTESIAN_POINT('Ctrl Pts',(74.3700395689241,-28.1349021305524,-19.7002705586052));
#5908=CARTESIAN_POINT('Ctrl Pts',(74.0006741650845,-27.9576566667534,-19.5761619487397));
#5909=CARTESIAN_POINT('Ctrl Pts',(73.7531615878851,-27.8406158839241,-19.4942091103246));
#5910=CARTESIAN_POINT('Ctrl Pts',(73.7515811460764,-27.83986832944,-19.4936856670396));
#5911=CARTESIAN_POINT('Ctrl Pts',(73.75,-27.8391205459255,-19.4931620633859));
#5912=CARTESIAN_POINT('',(79.3094969220893,-29.0683579299111,-20.3538833459017));
#5913=CARTESIAN_POINT('',(74.75,-29.0683579299111,-20.3538833459017));
#5914=CARTESIAN_POINT('',(80.75,-27.8391205459255,-19.4931620633859));
#5915=CARTESIAN_POINT('Ctrl Pts',(80.75,-27.8391205459255,-19.4931620633859));
#5916=CARTESIAN_POINT('Ctrl Pts',(80.748418853923,-27.8398683294403,-19.4936856670399));
#5917=CARTESIAN_POINT('Ctrl Pts',(80.7468384120592,-27.8406158833381,-19.4942091099143));
#5918=CARTESIAN_POINT('Ctrl Pts',(80.499325847594,-27.9576568009486,-19.5761620427042));
#5919=CARTESIAN_POINT('Ctrl Pts',(80.1299604638123,-28.1349024343031,-19.7002707712937));
#5920=CARTESIAN_POINT('Ctrl Pts',(79.6051780229652,-28.5333805829518,-19.9792881747894));
#5921=CARTESIAN_POINT('Ctrl Pts',(79.3848680545405,-28.8442349254857,-20.1969507287168));
#5922=CARTESIAN_POINT('Ctrl Pts',(79.3094969220893,-29.0683579299111,-20.3538833459017));
#5923=CARTESIAN_POINT('',(92.5,-27.8391205459255,-19.4931620633859));
#5924=CARTESIAN_POINT('',(79.75,-27.8391205459255,-19.4931620633859));
#5925=CARTESIAN_POINT('',(93.9405030779106,-29.0683579299111,-20.3538833459017));
#5926=CARTESIAN_POINT('Ctrl Pts',(93.9405030779106,-29.0683579299111,-20.3538833459017));
#5927=CARTESIAN_POINT('Ctrl Pts',(93.8651319454594,-28.8442349254857,-20.1969507287168));
#5928=CARTESIAN_POINT('Ctrl Pts',(93.6448219541758,-28.5333818667056,-19.9792890736834));
#5929=CARTESIAN_POINT('Ctrl Pts',(93.1200394555515,-28.1349031829336,-19.7002712954904));
#5930=CARTESIAN_POINT('Ctrl Pts',(92.7506741211713,-27.9576571315816,-19.5761622742158));
#5931=CARTESIAN_POINT('Ctrl Pts',(92.503161588077,-27.8406158818941,-19.4942091089032));
#5932=CARTESIAN_POINT('Ctrl Pts',(92.5015811460766,-27.8398683294401,-19.4936856670397));
#5933=CARTESIAN_POINT('Ctrl Pts',(92.5,-27.8391205459255,-19.4931620633859));
#5934=CARTESIAN_POINT('',(98.0594969220893,-29.0683579299111,-20.3538833459017));
#5935=CARTESIAN_POINT('',(93.5,-29.0683579299111,-20.3538833459017));
#5936=CARTESIAN_POINT('',(99.5,-27.8391205459255,-19.4931620633859));
#5937=CARTESIAN_POINT('Ctrl Pts',(99.5,-27.8391205459255,-19.4931620633859));
#5938=CARTESIAN_POINT('Ctrl Pts',(99.4984188539227,-27.8398683294399,-19.4936856670396));
#5939=CARTESIAN_POINT('Ctrl Pts',(99.4968384118808,-27.8406158814474,-19.4942091085904));
#5940=CARTESIAN_POINT('Ctrl Pts',(99.2493258884817,-27.9576572337775,-19.5761623457739));
#5941=CARTESIAN_POINT('Ctrl Pts',(98.8799605693665,-28.1349034144007,-19.7002714575654));
#5942=CARTESIAN_POINT('Ctrl Pts',(98.3551780529024,-28.5333822634004,-19.979289351452));
#5943=CARTESIAN_POINT('Ctrl Pts',(98.1348680545405,-28.8442349254856,-20.1969507287168));
#5944=CARTESIAN_POINT('Ctrl Pts',(98.0594969220893,-29.0683579299111,-20.3538833459017));
#5945=CARTESIAN_POINT('',(111.25002,-27.8391205459255,-19.4931620633859));
#5946=CARTESIAN_POINT('',(98.5,-27.8391205459255,-19.4931620633859));
#5947=CARTESIAN_POINT('',(112.69050805907,-29.0683579299111,-20.3538833459017));
#5948=CARTESIAN_POINT('Ctrl Pts',(112.69050805907,-29.0683579299111,-20.3538833459017));
#5949=CARTESIAN_POINT('Ctrl Pts',(112.615139887071,-28.8442353486906,-20.1969510250481));
#5950=CARTESIAN_POINT('Ctrl Pts',(112.394833467096,-28.5333836225358,-19.979290303129));
#5951=CARTESIAN_POINT('Ctrl Pts',(111.870055564277,-28.1349041618987,-19.7002719809693));
#5952=CARTESIAN_POINT('Ctrl Pts',(111.500692531726,-27.9576575449086,-19.5761625636307));
#5953=CARTESIAN_POINT('Ctrl Pts',(111.253181561847,-27.8406158778202,-19.4942091060506));
#5954=CARTESIAN_POINT('Ctrl Pts',(111.2516011329,-27.8398683281932,-19.4936856661666));
#5955=CARTESIAN_POINT('Ctrl Pts',(111.25002,-27.8391205459255,-19.4931620633859));
#5956=CARTESIAN_POINT('',(117.027337662608,-29.0683579299223,-20.3538833459096));
#5957=CARTESIAN_POINT('',(112.25,-29.0683579299111,-20.3538833459017));
#5958=CARTESIAN_POINT('',(118.24998,-28.2373267696608,-19.7719890630073));
#5959=CARTESIAN_POINT('Ctrl Pts',(118.24998,-28.2373267696608,-19.7719890630073));
#5960=CARTESIAN_POINT('Ctrl Pts',(118.248398867104,-28.2380745519363,-19.7725126657936));
#5961=CARTESIAN_POINT('Ctrl Pts',(118.246818790607,-28.2388228536049,-19.7730366322628));
#5962=CARTESIAN_POINT('Ctrl Pts',(117.96848492346,-28.3702037333433,-19.8650305146321));
#5963=CARTESIAN_POINT('Ctrl Pts',(117.598308697423,-28.5480332479063,-19.9895480812454));
#5964=CARTESIAN_POINT('Ctrl Pts',(117.214694017762,-28.8551208151908,-20.2045731107484));
#5965=CARTESIAN_POINT('Ctrl Pts',(117.084544768387,-28.9948499363168,-20.3024124946683));
#5966=CARTESIAN_POINT('Ctrl Pts',(117.027337662608,-29.0683579299334,-20.3538833459174));
#5967=CARTESIAN_POINT('',(130.,-28.2373267696608,-19.7719890630073));
#5968=CARTESIAN_POINT('',(117.25,-28.2373267696608,-19.7719890630073));
#5969=CARTESIAN_POINT('',(131.222652659636,-29.0683579299223,-20.3538833459096));
#5970=CARTESIAN_POINT('Ctrl Pts',(131.222652659636,-29.0683579299335,-20.3538833459174));
#5971=CARTESIAN_POINT('Ctrl Pts',(131.108236706647,-28.9213418475827,-20.2509415768173));
#5972=CARTESIAN_POINT('Ctrl Pts',(130.889265542623,-28.7238577979391,-20.1126617565804));
#5973=CARTESIAN_POINT('Ctrl Pts',(130.467070073713,-28.4592531723857,-19.9273836031229));
#5974=CARTESIAN_POINT('Ctrl Pts',(130.18905293913,-28.3267360677069,-19.8345941274846));
#5975=CARTESIAN_POINT('Ctrl Pts',(130.00316238724,-28.2388223987783,-19.7730363137898));
#5976=CARTESIAN_POINT('Ctrl Pts',(130.001581146082,-28.238074553186,-19.7725126666686));
#5977=CARTESIAN_POINT('Ctrl Pts',(130.,-28.2373267696608,-19.7719890630073));
#5978=CARTESIAN_POINT('',(135.559496922089,-29.0683579299111,-20.3538833459017));
#5979=CARTESIAN_POINT('',(131.,-29.0683579299111,-20.3538833459017));
#5980=CARTESIAN_POINT('',(137.,-27.8391205459255,-19.4931620633859));
#5981=CARTESIAN_POINT('Ctrl Pts',(137.,-27.8391205459256,-19.4931620633859));
#5982=CARTESIAN_POINT('Ctrl Pts',(136.998418853922,-27.8398683294393,-19.4936856670392));
#5983=CARTESIAN_POINT('Ctrl Pts',(136.99683841163,-27.8406158788023,-19.4942091067383));
#5984=CARTESIAN_POINT('Ctrl Pts',(136.749325945642,-27.9576578393568,-19.5761627698053));
#5985=CARTESIAN_POINT('Ctrl Pts',(136.379960716963,-28.1349047867305,-19.7002724184811));
#5986=CARTESIAN_POINT('Ctrl Pts',(135.855178094952,-28.5333846131492,-19.9792909967639));
#5987=CARTESIAN_POINT('Ctrl Pts',(135.634868054541,-28.8442349254858,-20.1969507287169));
#5988=CARTESIAN_POINT('Ctrl Pts',(135.559496922089,-29.0683579299111,-20.3538833459017));
#5989=CARTESIAN_POINT('',(145.682460175268,-27.8391205459256,-19.4931620633859));
#5990=CARTESIAN_POINT('',(136.,-27.8391205459255,-19.4931620633859));
#5991=CARTESIAN_POINT('',(148.,-26.2000630402119,-18.345481642326));
#5992=CARTESIAN_POINT('Ctrl Pts',(148.,-26.2000630402119,-18.345481642326));
#5993=CARTESIAN_POINT('Ctrl Pts',(147.997848330233,-26.2008512741588,-18.3460335696775));
#5994=CARTESIAN_POINT('Ctrl Pts',(147.99569761582,-26.201639671331,-18.3465856113206));
#5995=CARTESIAN_POINT('Ctrl Pts',(147.611777215642,-26.3421618620937,-18.4449803085786));
#5996=CARTESIAN_POINT('Ctrl Pts',(147.038198620546,-26.5578919107274,-18.59603611485));
#5997=CARTESIAN_POINT('Ctrl Pts',(146.205836312717,-27.0884008336284,-18.9675024617529));
#5998=CARTESIAN_POINT('Ctrl Pts',(145.835152954629,-27.5204321473962,-19.2700140443956));
#5999=CARTESIAN_POINT('Ctrl Pts',(145.682460175268,-27.8391205459256,-19.4931620633859));
#6000=CARTESIAN_POINT('',(175.500027476034,-26.2000630402118,-18.3454816423259));
#6001=CARTESIAN_POINT('',(146.,-26.2000630402119,-18.345481642326));
#6002=CARTESIAN_POINT('',(175.714030765669,-25.3804978043442,-17.7716158861168));
#6003=CARTESIAN_POINT('Ctrl Pts',(175.714030765669,-25.3804978043442,-17.7716158861168));
#6004=CARTESIAN_POINT('Ctrl Pts',(175.574996110769,-25.6377691697364,-17.9517592355299));
#6005=CARTESIAN_POINT('Ctrl Pts',(175.501637584225,-25.9187129614041,-18.1484781962689));
#6006=CARTESIAN_POINT('Ctrl Pts',(175.500027476034,-26.2000630402117,-18.3454816423258));
#6007=CARTESIAN_POINT('',(16.2859692343314,-25.3804978043442,-17.7716158861168));
#6008=CARTESIAN_POINT('',(16.,-25.3804978043442,-17.7716158861168));
#6009=CARTESIAN_POINT('',(16.4999725239658,-26.2000630402118,-18.3454816423259));
#6010=CARTESIAN_POINT('Ctrl Pts',(16.4999725239658,-26.2000630402117,-18.3454816423258));
#6011=CARTESIAN_POINT('Ctrl Pts',(16.4983624157751,-25.9187129614041,-18.1484781962689));
#6012=CARTESIAN_POINT('Ctrl Pts',(16.4250038892314,-25.6377691697364,-17.9517592355299));
#6013=CARTESIAN_POINT('Ctrl Pts',(16.2859692343314,-25.3804978043442,-17.7716158861168));
#6014=CARTESIAN_POINT('',(44.,-26.2000630402119,-18.345481642326));
#6015=CARTESIAN_POINT('',(16.,-26.2000630402119,-18.345481642326));
#6016=CARTESIAN_POINT('',(46.317539824732,-27.8391205459255,-19.4931620633859));
#6017=CARTESIAN_POINT('Ctrl Pts',(46.317539824732,-27.8391205459255,-19.4931620633859));
#6018=CARTESIAN_POINT('Ctrl Pts',(46.164847045371,-27.5204321473962,-19.2700140443957));
#6019=CARTESIAN_POINT('Ctrl Pts',(45.7941568250628,-27.0883507341015,-18.9674673816866));
#6020=CARTESIAN_POINT('Ctrl Pts',(44.961798156581,-26.5578579897115,-18.596012363099));
#6021=CARTESIAN_POINT('Ctrl Pts',(44.3882215501012,-26.3421479061811,-18.4449705365434));
#6022=CARTESIAN_POINT('Ctrl Pts',(44.0043023889249,-26.2016397249735,-18.3465856488814));
#6023=CARTESIAN_POINT('Ctrl Pts',(44.0021516697665,-26.2008512741581,-18.346033569677));
#6024=CARTESIAN_POINT('Ctrl Pts',(44.,-26.2000630402119,-18.345481642326));
#6025=CARTESIAN_POINT('',(55.,-27.8391205459255,-19.4931620633859));
#6026=CARTESIAN_POINT('',(46.,-27.8391205459255,-19.4931620633859));
#6027=CARTESIAN_POINT('Ctrl Pts',(56.4405030779107,-29.0683579299111,-20.3538833459017));
#6028=CARTESIAN_POINT('Ctrl Pts',(56.3651319454595,-28.8442349254857,-20.1969507287169));
#6029=CARTESIAN_POINT('Ctrl Pts',(56.1448220294625,-28.5333776246478,-19.9792861033628));
#6030=CARTESIAN_POINT('Ctrl Pts',(55.6200397220047,-28.1349007116334,-19.7002695650675));
#6031=CARTESIAN_POINT('Ctrl Pts',(55.2506742244033,-27.9576560395072,-19.5761615095374));
#6032=CARTESIAN_POINT('Ctrl Pts',(55.0031615876273,-27.8406158866636,-19.4942091122428));
#6033=CARTESIAN_POINT('Ctrl Pts',(55.0015811460762,-27.8398683294388,-19.4936856670388));
#6034=CARTESIAN_POINT('Ctrl Pts',(55.,-27.8391205459255,-19.4931620633859));
#6035=CARTESIAN_POINT('Origin',(62.,-27.2655441095745,-20.3123141076749));
#6036=CARTESIAN_POINT('Origin',(61.,-27.2655441095745,-20.3123141076749));
#6037=CARTESIAN_POINT('',(62.,-28.0674718775032,-20.9097351108418));
#6038=CARTESIAN_POINT('Origin',(62.,-28.8693996454318,-21.5071561140087));
#6039=CARTESIAN_POINT('Origin',(62.,-27.2655441095745,-20.3123141076749));
#6040=CARTESIAN_POINT('Origin',(61.,0.,-18.25));
#6041=CARTESIAN_POINT('Origin',(61.,27.2655441095745,-20.3123141076749));
#6042=CARTESIAN_POINT('Origin',(61.,0.,-18.25));
#6043=CARTESIAN_POINT('Ctrl Pts',(80.75,-27.8391205459255,-19.4931620633859));
#6044=CARTESIAN_POINT('Ctrl Pts',(80.748418853923,-27.8398683294403,-19.4936856670399));
#6045=CARTESIAN_POINT('Ctrl Pts',(80.7468384120592,-27.8406158833381,-19.4942091099143));
#6046=CARTESIAN_POINT('Ctrl Pts',(80.499325847594,-27.9576568009486,-19.5761620427042));
#6047=CARTESIAN_POINT('Ctrl Pts',(80.1299604638123,-28.1349024343031,-19.7002707712937));
#6048=CARTESIAN_POINT('Ctrl Pts',(79.6051780229652,-28.5333805829518,-19.9792881747894));
#6049=CARTESIAN_POINT('Ctrl Pts',(79.3848680545405,-28.8442349254857,-20.1969507287168));
#6050=CARTESIAN_POINT('Ctrl Pts',(79.3094969220893,-29.0683579299111,-20.3538833459017));
#6051=CARTESIAN_POINT('Ctrl Pts',(80.75,-27.8391205459255,-19.4931620633859));
#6052=CARTESIAN_POINT('Ctrl Pts',(80.7485731789179,-27.840155756819,-19.4938869258571));
#6053=CARTESIAN_POINT('Ctrl Pts',(80.7472105309286,-27.8410773656044,-19.4945322432759));
#6054=CARTESIAN_POINT('Ctrl Pts',(80.5265887058894,-27.9981492556757,-19.6045151647447));
#6055=CARTESIAN_POINT('Ctrl Pts',(80.2012292293159,-28.2289832685124,-19.7661468806082));
#6056=CARTESIAN_POINT('Ctrl Pts',(79.7686402757193,-28.6464688867303,-20.0584734575784));
#6057=CARTESIAN_POINT('Ctrl Pts',(79.6007508396358,-28.928854341309,-20.2562018815552));
#6058=CARTESIAN_POINT('Ctrl Pts',(79.5477126937196,-29.1221128419272,-20.3915229405112));
#6059=CARTESIAN_POINT('Ctrl Pts',(80.75,-27.8391205459255,-19.4931620633859));
#6060=CARTESIAN_POINT('Ctrl Pts',(80.748715819898,-27.8401758859982,-19.4938641986319));
#6061=CARTESIAN_POINT('Ctrl Pts',(80.7475937291024,-27.8417881761651,-19.495065808452));
#6062=CARTESIAN_POINT('Ctrl Pts',(80.5536107091787,-28.032910299239,-19.6295506319046));
#6063=CARTESIAN_POINT('Ctrl Pts',(80.2731327931952,-28.2957390199288,-19.8699564804981));
#6064=CARTESIAN_POINT('Ctrl Pts',(79.9274636853773,-28.6696566161306,-20.2511761938841));
#6065=CARTESIAN_POINT('Ctrl Pts',(79.8042434841759,-28.8985188975872,-20.464859538377));
#6066=CARTESIAN_POINT('Ctrl Pts',(79.7686667404287,-29.0516365762717,-20.5982926337822));
#6067=CARTESIAN_POINT('Ctrl Pts',(80.75,-27.8391205459255,-19.4931620633859));
#6068=CARTESIAN_POINT('Ctrl Pts',(80.7489459026149,-27.8406161129553,-19.494209270694));
#6069=CARTESIAN_POINT('Ctrl Pts',(80.7478922747061,-27.8420979072958,-19.4952529933893));
#6070=CARTESIAN_POINT('Ctrl Pts',(80.5828838983942,-28.0781219236515,-19.66132394279));
#6071=CARTESIAN_POINT('Ctrl Pts',(80.3366403092078,-28.3173537077256,-19.998093340405));
#6072=CARTESIAN_POINT('Ctrl Pts',(79.9867853486425,-28.5859782513814,-20.4406887492135));
#6073=CARTESIAN_POINT('Ctrl Pts',(79.8399120363603,-28.7761839604902,-20.6636654159643));
#6074=CARTESIAN_POINT('Ctrl Pts',(79.7896646147262,-28.9152019847293,-20.8032262206032));
#6075=CARTESIAN_POINT('',(79.7896646147262,-28.9152019847293,-20.8032262206032));
#6076=CARTESIAN_POINT('Origin',(79.3094969220893,-28.7815697117356,-20.7634593680462));
#6077=CARTESIAN_POINT('Ctrl Pts',(79.7896646147262,-28.9152019847293,-20.8032262206032));
#6078=CARTESIAN_POINT('Ctrl Pts',(79.8399120363603,-28.7761839604902,-20.6636654159643));
#6079=CARTESIAN_POINT('Ctrl Pts',(79.9867853486425,-28.5859782513814,-20.4406887492135));
#6080=CARTESIAN_POINT('Ctrl Pts',(80.3366403092078,-28.3173537077256,-19.998093340405));
#6081=CARTESIAN_POINT('Ctrl Pts',(80.5828838983942,-28.0781219236515,-19.66132394279));
#6082=CARTESIAN_POINT('Ctrl Pts',(80.7478922747061,-27.8420979072958,-19.4952529933893));
#6083=CARTESIAN_POINT('Ctrl Pts',(80.7489459026149,-27.8406161129553,-19.494209270694));
#6084=CARTESIAN_POINT('Ctrl Pts',(80.75,-27.8391205459255,-19.4931620633859));
#6085=CARTESIAN_POINT('Ctrl Pts',(79.3094969220893,-29.0683579299111,-20.3538833459017));
#6086=CARTESIAN_POINT('Ctrl Pts',(79.280610166812,-29.2401527847929,-20.4741753983156));
#6087=CARTESIAN_POINT('Ctrl Pts',(79.2556368379574,-29.468252972027,-20.7772454096416));
#6088=CARTESIAN_POINT('Ctrl Pts',(79.2498801009928,-29.5190915238061,-21.2952483127014));
#6089=CARTESIAN_POINT('Ctrl Pts',(79.25,-29.4217941567903,-21.5751289965029));
#6090=CARTESIAN_POINT('Ctrl Pts',(79.25,-29.3455872994323,-21.6985156283482));
#6091=CARTESIAN_POINT('Ctrl Pts',(79.4286048079045,-29.0952353859191,-20.3727031432065));
#6092=CARTESIAN_POINT('Ctrl Pts',(79.4000624170715,-29.2546256957239,-20.4928028187388));
#6093=CARTESIAN_POINT('Ctrl Pts',(79.3787153157954,-29.469116050387,-20.7853593962885));
#6094=CARTESIAN_POINT('Ctrl Pts',(79.3788725162528,-29.5190335128992,-21.2954494579126));
#6095=CARTESIAN_POINT('Ctrl Pts',(79.3807241886417,-29.4218632718704,-21.5750063090575));
#6096=CARTESIAN_POINT('Ctrl Pts',(79.3808996938993,-29.3455872994323,-21.6985156283482));
#6097=CARTESIAN_POINT('Ctrl Pts',(79.6659731908699,-29.0936896862968,-20.4889132147816));
#6098=CARTESIAN_POINT('Ctrl Pts',(79.6382487217611,-29.2138743297947,-20.5933431375404));
#6099=CARTESIAN_POINT('Ctrl Pts',(79.6241894579497,-29.3785095477866,-20.8424946893007));
#6100=CARTESIAN_POINT('Ctrl Pts',(79.6357310182241,-29.4099753275098,-21.2841400798749));
#6101=CARTESIAN_POINT('Ctrl Pts',(79.6409977475234,-29.3214327506129,-21.5317430352763));
#6102=CARTESIAN_POINT('Ctrl Pts',(79.641508474686,-29.2532820798084,-21.6415054757889));
#6103=CARTESIAN_POINT('Ctrl Pts',(79.7791656775775,-28.9834192805005,-20.7007594271927));
#6104=CARTESIAN_POINT('Ctrl Pts',(79.7563741101504,-29.0565450135431,-20.770793205285));
#6105=CARTESIAN_POINT('Ctrl Pts',(79.742035604652,-29.151054516805,-20.9469354813366));
#6106=CARTESIAN_POINT('Ctrl Pts',(79.7469426818367,-29.1486425172758,-21.2552153064487));
#6107=CARTESIAN_POINT('Ctrl Pts',(79.7497208281131,-29.0803679163157,-21.4271816655018));
#6108=CARTESIAN_POINT('Ctrl Pts',(79.7499999999995,-29.0315546160541,-21.5045607115954));
#6109=CARTESIAN_POINT('Ctrl Pts',(79.7896646147262,-28.9152019847293,-20.8032262206032));
#6110=CARTESIAN_POINT('Ctrl Pts',(79.7704067778746,-28.9684820604658,-20.8567143224642));
#6111=CARTESIAN_POINT('Ctrl Pts',(79.7537578919716,-29.031891483872,-20.9973568355948));
#6112=CARTESIAN_POINT('Ctrl Pts',(79.7499200673285,-29.016357068795,-21.2400762453527));
#6113=CARTESIAN_POINT('Ctrl Pts',(79.75,-28.9591513531261,-21.3746685082876));
#6114=CARTESIAN_POINT('Ctrl Pts',(79.75,-28.9201843964978,-21.4357755092705));
#6115=CARTESIAN_POINT('',(79.25,-29.3455872994323,-21.6985156283482));
#6116=CARTESIAN_POINT('',(79.75,-28.9201843964993,-21.4357755092716));
#6117=CARTESIAN_POINT('Origin',(79.25,-28.9201843964962,-21.4357755092695));
#6118=CARTESIAN_POINT('Ctrl Pts',(79.75,-28.9201843964978,-21.4357755092705));
#6119=CARTESIAN_POINT('Ctrl Pts',(79.75,-28.9591513531261,-21.3746685082876));
#6120=CARTESIAN_POINT('Ctrl Pts',(79.7499200673285,-29.016357068795,-21.2400762453527));
#6121=CARTESIAN_POINT('Ctrl Pts',(79.7537578919716,-29.031891483872,-20.9973568355948));
#6122=CARTESIAN_POINT('Ctrl Pts',(79.7704067778746,-28.9684820604658,-20.8567143224642));
#6123=CARTESIAN_POINT('Ctrl Pts',(79.7896646147262,-28.9152019847293,-20.8032262206032));
#6124=CARTESIAN_POINT('Ctrl Pts',(79.3094969220893,-29.0683579299111,-20.3538833459017));
#6125=CARTESIAN_POINT('Ctrl Pts',(79.280610166812,-29.2401527847929,-20.4741753983156));
#6126=CARTESIAN_POINT('Ctrl Pts',(79.2556368379574,-29.468252972027,-20.7772454096416));
#6127=CARTESIAN_POINT('Ctrl Pts',(79.2498801009928,-29.5190915238061,-21.2952483127014));
#6128=CARTESIAN_POINT('Ctrl Pts',(79.25,-29.4217941567903,-21.5751289965029));
#6129=CARTESIAN_POINT('Ctrl Pts',(79.25,-29.3455872994323,-21.6985156283482));
#6130=CARTESIAN_POINT('Ctrl Pts',(79.25,-29.3455872994323,-21.6985156283482));
#6131=CARTESIAN_POINT('Ctrl Pts',(79.25,-29.3230412778331,-21.7350199241961));
#6132=CARTESIAN_POINT('Ctrl Pts',(79.25,-29.2974513947871,-21.7694589223088));
#6133=CARTESIAN_POINT('Ctrl Pts',(79.75,-29.3455872994323,-21.6985156283482));
#6134=CARTESIAN_POINT('Ctrl Pts',(79.75,-29.3230412778331,-21.7350199241961));
#6135=CARTESIAN_POINT('Ctrl Pts',(79.75,-29.2974513947871,-21.7694589223088));
#6136=CARTESIAN_POINT('Ctrl Pts',(79.75,-28.9201843964962,-21.4357755092695));
#6137=CARTESIAN_POINT('Ctrl Pts',(79.75,-28.9089113856966,-21.4540276571934));
#6138=CARTESIAN_POINT('Ctrl Pts',(79.75,-28.8961164441736,-21.4712471562498));
#6139=CARTESIAN_POINT('',(79.25,-29.2974513947871,-21.7694589223088));
#6140=CARTESIAN_POINT('',(79.75,-28.8961164441736,-21.4712471562498));
#6141=CARTESIAN_POINT('Origin',(79.25,-28.8961164441736,-21.4712471562498));
#6142=CARTESIAN_POINT('Origin',(79.75,-28.49478149356,-21.1730353901907));
#6143=CARTESIAN_POINT('Origin',(79.25,-28.49478149356,-21.1730353901907));
#6144=CARTESIAN_POINT('Origin',(79.25,0.,0.));
#6145=CARTESIAN_POINT('',(79.25,29.2974513947871,-21.7694589223088));
#6146=CARTESIAN_POINT('',(79.75,28.8961164441736,-21.4712471562497));
#6147=CARTESIAN_POINT('Origin',(79.25,28.8961164441736,-21.4712471562497));
#6148=CARTESIAN_POINT('',(79.75,28.8693996454318,-21.5071561140087));
#6149=CARTESIAN_POINT('Origin',(79.75,0.,0.));
#6150=CARTESIAN_POINT('',(79.75,-28.8693996454318,-21.5071561140087));
#6151=CARTESIAN_POINT('Origin',(79.75,0.,0.));
#6152=CARTESIAN_POINT('Origin',(79.75,0.,0.));
#6153=CARTESIAN_POINT('Origin',(79.25,0.,0.));
#6154=CARTESIAN_POINT('Ctrl Pts',(79.25,29.2974513947871,-21.7694589223088));
#6155=CARTESIAN_POINT('Ctrl Pts',(79.25,29.3230412777539,-21.7350199243027));
#6156=CARTESIAN_POINT('Ctrl Pts',(79.25,29.3455872992931,-21.6985156285736));
#6157=CARTESIAN_POINT('Ctrl Pts',(79.75,29.2974513947871,-21.7694589223088));
#6158=CARTESIAN_POINT('Ctrl Pts',(79.75,29.3230412777539,-21.7350199243027));
#6159=CARTESIAN_POINT('Ctrl Pts',(79.75,29.3455872992931,-21.6985156285736));
#6160=CARTESIAN_POINT('Ctrl Pts',(79.75,28.8961164441736,-21.4712471562497));
#6161=CARTESIAN_POINT('Ctrl Pts',(79.75,28.908911385657,-21.4540276572467));
#6162=CARTESIAN_POINT('Ctrl Pts',(79.75,28.9201843964266,-21.4357755093822));
#6163=CARTESIAN_POINT('',(79.25,29.3455872992931,-21.6985156285736));
#6164=CARTESIAN_POINT('',(79.75,28.9201843964266,-21.4357755093822));
#6165=CARTESIAN_POINT('Origin',(79.25,28.9201843964266,-21.4357755093822));
#6166=CARTESIAN_POINT('Origin',(79.75,28.49478149356,-21.1730353901907));
#6167=CARTESIAN_POINT('Origin',(79.25,28.49478149356,-21.1730353901907));
#6168=CARTESIAN_POINT('Ctrl Pts',(79.7896646147262,28.9152019847293,-20.8032262206032));
#6169=CARTESIAN_POINT('Ctrl Pts',(79.7704064275158,28.9684830297929,-20.8567152955759));
#6170=CARTESIAN_POINT('Ctrl Pts',(79.7537585966719,29.0318883787384,-20.9973487932714));
#6171=CARTESIAN_POINT('Ctrl Pts',(79.7499195917323,29.016360614236,-21.2400714370164));
#6172=CARTESIAN_POINT('Ctrl Pts',(79.75,28.959152061995,-21.374667396684));
#6173=CARTESIAN_POINT('Ctrl Pts',(79.75,28.9201843964266,-21.4357755093822));
#6174=CARTESIAN_POINT('Ctrl Pts',(79.7791656775775,28.9834192805005,-20.7007594271927));
#6175=CARTESIAN_POINT('Ctrl Pts',(79.7563736955023,29.0565463439233,-20.770794479413));
#6176=CARTESIAN_POINT('Ctrl Pts',(79.7420360767465,29.1510497480519,-20.9469253621872));
#6177=CARTESIAN_POINT('Ctrl Pts',(79.7469419632896,29.148646899158,-21.2552091371984));
#6178=CARTESIAN_POINT('Ctrl Pts',(79.7497208230359,29.0803688043067,-21.4271802578927));
#6179=CARTESIAN_POINT('Ctrl Pts',(79.75,29.031554615965,-21.5045607117368));
#6180=CARTESIAN_POINT('Ctrl Pts',(79.6659731908699,29.0936896862968,-20.4889132147816));
#6181=CARTESIAN_POINT('Ctrl Pts',(79.6382482173684,29.21387651632,-20.5933450374393));
#6182=CARTESIAN_POINT('Ctrl Pts',(79.6241898262189,29.3785010067929,-20.8424803203989));
#6183=CARTESIAN_POINT('Ctrl Pts',(79.6357300467441,29.40998142348,-21.2841311721032));
#6184=CARTESIAN_POINT('Ctrl Pts',(79.640997738235,29.321433990385,-21.5317410385802));
#6185=CARTESIAN_POINT('Ctrl Pts',(79.6415084746869,29.2532820796839,-21.6415054759895));
#6186=CARTESIAN_POINT('Ctrl Pts',(79.4286048079045,29.0952353859191,-20.3727031432065));
#6187=CARTESIAN_POINT('Ctrl Pts',(79.4000618977983,29.2546285955198,-20.4928050037182));
#6188=CARTESIAN_POINT('Ctrl Pts',(79.3787161391058,29.4691050883827,-20.7853424779994));
#6189=CARTESIAN_POINT('Ctrl Pts',(79.3788717126996,29.5190408758612,-21.2954394306599));
#6190=CARTESIAN_POINT('Ctrl Pts',(79.3807241854499,29.4218646594566,-21.5750040622917));
#6191=CARTESIAN_POINT('Ctrl Pts',(79.3808996938996,29.3455872992931,-21.6985156285736));
#6192=CARTESIAN_POINT('Ctrl Pts',(79.3094969220893,29.0683579299111,-20.3538833459017));
#6193=CARTESIAN_POINT('Ctrl Pts',(79.2806096412737,29.2401559102653,-20.474177586795));
#6194=CARTESIAN_POINT('Ctrl Pts',(79.2556378950079,29.468241513415,-20.7772279620585));
#6195=CARTESIAN_POINT('Ctrl Pts',(79.2498793875984,29.5190992824914,-21.2952383403255));
#6196=CARTESIAN_POINT('Ctrl Pts',(79.25,29.421795543119,-21.5751267519693));
#6197=CARTESIAN_POINT('Ctrl Pts',(79.25,29.3455872992931,-21.6985156285736));
#6198=CARTESIAN_POINT('',(79.3094969220893,29.0683579299111,-20.3538833459017));
#6199=CARTESIAN_POINT('Ctrl Pts',(79.25,29.3455872992931,-21.6985156285736));
#6200=CARTESIAN_POINT('Ctrl Pts',(79.25,29.421795543119,-21.5751267519693));
#6201=CARTESIAN_POINT('Ctrl Pts',(79.2498793875984,29.5190992824914,-21.2952383403255));
#6202=CARTESIAN_POINT('Ctrl Pts',(79.2556378950079,29.468241513415,-20.7772279620585));
#6203=CARTESIAN_POINT('Ctrl Pts',(79.2806096412737,29.2401559102653,-20.474177586795));
#6204=CARTESIAN_POINT('Ctrl Pts',(79.3094969220893,29.0683579299111,-20.3538833459017));
#6205=CARTESIAN_POINT('',(79.7896646147262,28.9152019847293,-20.8032262206032));
#6206=CARTESIAN_POINT('Origin',(79.3094969220893,28.7815697117356,-20.7634593680462));
#6207=CARTESIAN_POINT('Ctrl Pts',(79.7896646147262,28.9152019847293,-20.8032262206032));
#6208=CARTESIAN_POINT('Ctrl Pts',(79.7704064275158,28.9684830297929,-20.8567152955759));
#6209=CARTESIAN_POINT('Ctrl Pts',(79.7537585966719,29.0318883787384,-20.9973487932714));
#6210=CARTESIAN_POINT('Ctrl Pts',(79.7499195917323,29.016360614236,-21.2400714370164));
#6211=CARTESIAN_POINT('Ctrl Pts',(79.75,28.959152061995,-21.374667396684));
#6212=CARTESIAN_POINT('Ctrl Pts',(79.75,28.9201843964266,-21.4357755093822));
#6213=CARTESIAN_POINT('Ctrl Pts',(80.75,27.8391205459255,-19.4931620633859));
#6214=CARTESIAN_POINT('Ctrl Pts',(80.748945902616,27.840616112958,-19.4942092706959));
#6215=CARTESIAN_POINT('Ctrl Pts',(80.7478922747066,27.8420979072976,-19.4952529933906));
#6216=CARTESIAN_POINT('Ctrl Pts',(80.5828838983836,28.0781219235914,-19.6613239427478));
#6217=CARTESIAN_POINT('Ctrl Pts',(80.336640309206,28.3173537077158,-19.9980933403982));
#6218=CARTESIAN_POINT('Ctrl Pts',(79.9867853486366,28.5859782513505,-20.440688749192));
#6219=CARTESIAN_POINT('Ctrl Pts',(79.8399120363603,28.77618396049,-20.6636654159641));
#6220=CARTESIAN_POINT('Ctrl Pts',(79.7896646147262,28.9152019847293,-20.8032262206032));
#6221=CARTESIAN_POINT('Ctrl Pts',(80.75,27.8391205459255,-19.4931620633859));
#6222=CARTESIAN_POINT('Ctrl Pts',(80.7487158198985,27.8401758860007,-19.4938641986337));
#6223=CARTESIAN_POINT('Ctrl Pts',(80.7475937291029,27.8417881761668,-19.4950658084531));
#6224=CARTESIAN_POINT('Ctrl Pts',(80.5536107091682,28.0329102991791,-19.6295506318628));
#6225=CARTESIAN_POINT('Ctrl Pts',(80.2731327931934,28.2957390199189,-19.8699564804912));
#6226=CARTESIAN_POINT('Ctrl Pts',(79.9274636853714,28.6696566160998,-20.2511761938626));
#6227=CARTESIAN_POINT('Ctrl Pts',(79.804243484176,28.8985188975869,-20.4648595383768));
#6228=CARTESIAN_POINT('Ctrl Pts',(79.7686667404287,29.0516365762717,-20.5982926337823));
#6229=CARTESIAN_POINT('Ctrl Pts',(80.75,27.8391205459255,-19.4931620633859));
#6230=CARTESIAN_POINT('Ctrl Pts',(80.7485731789178,27.8401557568214,-19.4938869258588));
#6231=CARTESIAN_POINT('Ctrl Pts',(80.7472105309292,27.8410773656056,-19.4945322432768));
#6232=CARTESIAN_POINT('Ctrl Pts',(80.5265887058715,27.9981492556451,-19.6045151647232));
#6233=CARTESIAN_POINT('Ctrl Pts',(80.2012292293128,28.2289832685076,-19.7661468806048));
#6234=CARTESIAN_POINT('Ctrl Pts',(79.7686402757094,28.6464688867147,-20.0584734575675));
#6235=CARTESIAN_POINT('Ctrl Pts',(79.6007508396358,28.928854341309,-20.2562018815553));
#6236=CARTESIAN_POINT('Ctrl Pts',(79.5477126937197,29.1221128419272,-20.3915229405112));
#6237=CARTESIAN_POINT('Ctrl Pts',(80.75,27.8391205459255,-19.4931620633859));
#6238=CARTESIAN_POINT('Ctrl Pts',(80.7484188539223,27.8398683294425,-19.4936856670414));
#6239=CARTESIAN_POINT('Ctrl Pts',(80.7468384120598,27.8406158833391,-19.494209109915));
#6240=CARTESIAN_POINT('Ctrl Pts',(80.4993258475761,27.9576568009183,-19.5761620426829));
#6241=CARTESIAN_POINT('Ctrl Pts',(80.1299604638092,28.1349024342982,-19.7002707712903));
#6242=CARTESIAN_POINT('Ctrl Pts',(79.6051780229553,28.5333805829363,-19.9792881747785));
#6243=CARTESIAN_POINT('Ctrl Pts',(79.3848680545406,28.8442349254857,-20.1969507287169));
#6244=CARTESIAN_POINT('Ctrl Pts',(79.3094969220893,29.0683579299111,-20.3538833459017));
#6245=CARTESIAN_POINT('',(80.75,27.8391205459255,-19.4931620633859));
#6246=CARTESIAN_POINT('Ctrl Pts',(79.3094969220893,29.0683579299111,-20.3538833459017));
#6247=CARTESIAN_POINT('Ctrl Pts',(79.3848680545406,28.8442349254857,-20.1969507287169));
#6248=CARTESIAN_POINT('Ctrl Pts',(79.6051780229553,28.5333805829363,-19.9792881747785));
#6249=CARTESIAN_POINT('Ctrl Pts',(80.1299604638092,28.1349024342982,-19.7002707712903));
#6250=CARTESIAN_POINT('Ctrl Pts',(80.4993258475761,27.9576568009183,-19.5761620426829));
#6251=CARTESIAN_POINT('Ctrl Pts',(80.7468384120598,27.8406158833391,-19.494209109915));
#6252=CARTESIAN_POINT('Ctrl Pts',(80.7484188539223,27.8398683294425,-19.4936856670414));
#6253=CARTESIAN_POINT('Ctrl Pts',(80.75,27.8391205459255,-19.4931620633859));
#6254=CARTESIAN_POINT('Ctrl Pts',(80.75,27.8391205459255,-19.4931620633859));
#6255=CARTESIAN_POINT('Ctrl Pts',(80.748945902616,27.840616112958,-19.4942092706959));
#6256=CARTESIAN_POINT('Ctrl Pts',(80.7478922747066,27.8420979072976,-19.4952529933906));
#6257=CARTESIAN_POINT('Ctrl Pts',(80.5828838983836,28.0781219235914,-19.6613239427478));
#6258=CARTESIAN_POINT('Ctrl Pts',(80.336640309206,28.3173537077158,-19.9980933403982));
#6259=CARTESIAN_POINT('Ctrl Pts',(79.9867853486366,28.5859782513505,-20.440688749192));
#6260=CARTESIAN_POINT('Ctrl Pts',(79.8399120363603,28.77618396049,-20.6636654159641));
#6261=CARTESIAN_POINT('Ctrl Pts',(79.7896646147262,28.9152019847293,-20.8032262206032));
#6262=CARTESIAN_POINT('Origin',(74.75,-28.49478149356,-21.1730353901907));
#6263=CARTESIAN_POINT('',(75.25,-29.3455872994324,-21.6985156283481));
#6264=CARTESIAN_POINT('Ctrl Pts',(75.25,-29.3455872994324,-21.6985156283481));
#6265=CARTESIAN_POINT('Ctrl Pts',(75.25,-29.4217941567904,-21.5751289965028));
#6266=CARTESIAN_POINT('Ctrl Pts',(75.250119902119,-29.5190915418121,-21.2952483000133));
#6267=CARTESIAN_POINT('Ctrl Pts',(75.24436316912,-29.4682530033855,-20.7772453835673));
#6268=CARTESIAN_POINT('Ctrl Pts',(75.219389833188,-29.2401527847929,-20.4741753983156));
#6269=CARTESIAN_POINT('Ctrl Pts',(75.1905030779107,-29.0683579299111,-20.3538833459017));
#6270=CARTESIAN_POINT('',(75.25,-29.2974513947871,-21.7694589223088));
#6271=CARTESIAN_POINT('Origin',(75.25,-28.49478149356,-21.1730353901907));
#6272=CARTESIAN_POINT('',(74.75,-29.2974513947871,-21.7694589223088));
#6273=CARTESIAN_POINT('Origin',(80.75,-27.2655441095745,-20.3123141076749));
#6274=CARTESIAN_POINT('Origin',(79.75,-27.2655441095745,-20.3123141076749));
#6275=CARTESIAN_POINT('',(80.75,-28.0674718775032,-20.9097351108418));
#6276=CARTESIAN_POINT('Origin',(80.75,-28.8693996454318,-21.5071561140087));
#6277=CARTESIAN_POINT('Origin',(80.75,-27.2655441095745,-20.3123141076749));
#6278=CARTESIAN_POINT('Origin',(79.75,2.22044604925031E-15,-18.25));
#6279=CARTESIAN_POINT('Origin',(79.75,27.2655441095745,-20.3123141076749));
#6280=CARTESIAN_POINT('Origin',(79.75,2.22044604925031E-15,-18.25));
#6281=CARTESIAN_POINT('Ctrl Pts',(99.5,-27.8391205459255,-19.4931620633859));
#6282=CARTESIAN_POINT('Ctrl Pts',(99.4984188539227,-27.8398683294399,-19.4936856670396));
#6283=CARTESIAN_POINT('Ctrl Pts',(99.4968384118808,-27.8406158814474,-19.4942091085904));
#6284=CARTESIAN_POINT('Ctrl Pts',(99.2493258884817,-27.9576572337775,-19.5761623457739));
#6285=CARTESIAN_POINT('Ctrl Pts',(98.8799605693665,-28.1349034144007,-19.7002714575654));
#6286=CARTESIAN_POINT('Ctrl Pts',(98.3551780529024,-28.5333822634004,-19.979289351452));
#6287=CARTESIAN_POINT('Ctrl Pts',(98.1348680545405,-28.8442349254856,-20.1969507287168));
#6288=CARTESIAN_POINT('Ctrl Pts',(98.0594969220893,-29.0683579299111,-20.3538833459017));
#6289=CARTESIAN_POINT('Ctrl Pts',(99.5,-27.8391205459255,-19.4931620633859));
#6290=CARTESIAN_POINT('Ctrl Pts',(99.4985731789175,-27.8401557568185,-19.4938869258567));
#6291=CARTESIAN_POINT('Ctrl Pts',(99.4972105307502,-27.8410773637136,-19.494532241952));
#6292=CARTESIAN_POINT('Ctrl Pts',(99.2765887467772,-27.9981496885046,-19.6045154678144));
#6293=CARTESIAN_POINT('Ctrl Pts',(98.9512293348701,-28.22898424861,-19.7661475668798));
#6294=CARTESIAN_POINT('Ctrl Pts',(98.5186403056565,-28.6464705671789,-20.0584746342411));
#6295=CARTESIAN_POINT('Ctrl Pts',(98.3507508396358,-28.9288543413089,-20.2562018815552));
#6296=CARTESIAN_POINT('Ctrl Pts',(98.2977126937196,-29.1221128419272,-20.3915229405112));
#6297=CARTESIAN_POINT('Ctrl Pts',(99.5,-27.8391205459255,-19.4931620633859));
#6298=CARTESIAN_POINT('Ctrl Pts',(99.4987158198974,-27.8401758859977,-19.4938641986316));
#6299=CARTESIAN_POINT('Ctrl Pts',(99.4975937289836,-27.8417881827813,-19.4950658111758));
#6300=CARTESIAN_POINT('Ctrl Pts',(99.3036107364387,-28.0329087822055,-19.6295500078141));
#6301=CARTESIAN_POINT('Ctrl Pts',(99.023132863565,-28.2957351509097,-19.8699548982899));
#6302=CARTESIAN_POINT('Ctrl Pts',(98.6774637053361,-28.6696538635561,-20.2511750841451));
#6303=CARTESIAN_POINT('Ctrl Pts',(98.5542434841759,-28.8985188975871,-20.4648595383769));
#6304=CARTESIAN_POINT('Ctrl Pts',(98.5186667404287,-29.0516365762717,-20.5982926337822));
#6305=CARTESIAN_POINT('Ctrl Pts',(99.5,-27.8391205459255,-19.4931620633859));
#6306=CARTESIAN_POINT('Ctrl Pts',(99.4989459026142,-27.8406161129547,-19.4942092706936));
#6307=CARTESIAN_POINT('Ctrl Pts',(99.4978922745872,-27.8420979139119,-19.4952529961131));
#6308=CARTESIAN_POINT('Ctrl Pts',(99.3328839256542,-28.078120406618,-19.6613233186995));
#6309=CARTESIAN_POINT('Ctrl Pts',(99.0866403795776,-28.3173498387065,-19.9980917581968));
#6310=CARTESIAN_POINT('Ctrl Pts',(98.7367853686013,-28.5859754988069,-20.4406876394745));
#6311=CARTESIAN_POINT('Ctrl Pts',(98.5899120363603,-28.7761839604901,-20.6636654159641));
#6312=CARTESIAN_POINT('Ctrl Pts',(98.5396646147262,-28.9152019847293,-20.8032262206032));
#6313=CARTESIAN_POINT('',(98.5396646147262,-28.9152019847293,-20.8032262206032));
#6314=CARTESIAN_POINT('Origin',(98.0594969220893,-28.7815697117356,-20.7634593680462));
#6315=CARTESIAN_POINT('Ctrl Pts',(98.5396646147262,-28.9152019847293,-20.8032262206032));
#6316=CARTESIAN_POINT('Ctrl Pts',(98.5899120363603,-28.7761839604901,-20.6636654159641));
#6317=CARTESIAN_POINT('Ctrl Pts',(98.7367853686013,-28.5859754988069,-20.4406876394745));
#6318=CARTESIAN_POINT('Ctrl Pts',(99.0866403795776,-28.3173498387065,-19.9980917581968));
#6319=CARTESIAN_POINT('Ctrl Pts',(99.3328839256542,-28.078120406618,-19.6613233186995));
#6320=CARTESIAN_POINT('Ctrl Pts',(99.4978922745872,-27.8420979139119,-19.4952529961131));
#6321=CARTESIAN_POINT('Ctrl Pts',(99.4989459026142,-27.8406161129547,-19.4942092706936));
#6322=CARTESIAN_POINT('Ctrl Pts',(99.5,-27.8391205459255,-19.4931620633859));
#6323=CARTESIAN_POINT('Ctrl Pts',(98.0594969220893,-29.0683579299111,-20.3538833459017));
#6324=CARTESIAN_POINT('Ctrl Pts',(98.0306101668119,-29.2401527847929,-20.4741753983156));
#6325=CARTESIAN_POINT('Ctrl Pts',(98.0056368649541,-29.4682528524089,-20.7772455091019));
#6326=CARTESIAN_POINT('Ctrl Pts',(97.9998801128633,-29.5190914551198,-21.295248361102));
#6327=CARTESIAN_POINT('Ctrl Pts',(98.,-29.4217941567904,-21.5751289965027));
#6328=CARTESIAN_POINT('Ctrl Pts',(98.,-29.3455872994325,-21.6985156283479));
#6329=CARTESIAN_POINT('Ctrl Pts',(98.1786048079044,-29.0952353859191,-20.3727031432064));
#6330=CARTESIAN_POINT('Ctrl Pts',(98.1500624170714,-29.2546256957239,-20.4928028187387));
#6331=CARTESIAN_POINT('Ctrl Pts',(98.1287153356734,-29.4691160011877,-20.7853594447799));
#6332=CARTESIAN_POINT('Ctrl Pts',(98.1288725246599,-29.519033493194,-21.2954494741434));
#6333=CARTESIAN_POINT('Ctrl Pts',(98.1307241886417,-29.4218632718705,-21.5750063090573));
#6334=CARTESIAN_POINT('Ctrl Pts',(98.1308996938992,-29.3455872994325,-21.698515628348));
#6335=CARTESIAN_POINT('Ctrl Pts',(98.4159678917172,-29.093685046517,-20.4889172960125));
#6336=CARTESIAN_POINT('Ctrl Pts',(98.3882434226084,-29.2138696900149,-20.5933472187713));
#6337=CARTESIAN_POINT('Ctrl Pts',(98.3741830891645,-29.3785039874741,-20.8424942484958));
#6338=CARTESIAN_POINT('Ctrl Pts',(98.3857245456414,-29.4099697148312,-21.2841392424246));
#6339=CARTESIAN_POINT('Ctrl Pts',(98.3909905773798,-29.3214266502132,-21.5317392675073));
#6340=CARTESIAN_POINT('Ctrl Pts',(98.3915013045423,-29.2532759794088,-21.64150170802));
#6341=CARTESIAN_POINT('Ctrl Pts',(98.5291656775775,-28.9834192805005,-20.7007594271927));
#6342=CARTESIAN_POINT('Ctrl Pts',(98.5063741101504,-29.0565450135432,-20.7707932052849));
#6343=CARTESIAN_POINT('Ctrl Pts',(98.4920356059449,-29.1510544664738,-20.9469355128667));
#6344=CARTESIAN_POINT('Ctrl Pts',(98.4969426833991,-29.1486424876671,-21.2552153191228));
#6345=CARTESIAN_POINT('Ctrl Pts',(98.4997208281131,-29.0803679163158,-21.4271816655016));
#6346=CARTESIAN_POINT('Ctrl Pts',(98.4999999999995,-29.0315546160543,-21.5045607115953));
#6347=CARTESIAN_POINT('Ctrl Pts',(98.5396646147262,-28.9152019847293,-20.8032262206032));
#6348=CARTESIAN_POINT('Ctrl Pts',(98.5204067778746,-28.9684820604658,-20.8567143224641));
#6349=CARTESIAN_POINT('Ctrl Pts',(98.5037579099694,-29.0318914420402,-20.9973568647406));
#6350=CARTESIAN_POINT('Ctrl Pts',(98.4999200752422,-29.0163570444775,-21.2400762592091));
#6351=CARTESIAN_POINT('Ctrl Pts',(98.5,-28.9591513531261,-21.3746685082875));
#6352=CARTESIAN_POINT('Ctrl Pts',(98.5,-28.9201843964978,-21.4357755092704));
#6353=CARTESIAN_POINT('',(98.,-29.3455872994325,-21.6985156283479));
#6354=CARTESIAN_POINT('',(98.5,-28.9201843964994,-21.4357755092715));
#6355=CARTESIAN_POINT('Origin',(98.,-28.9201843964963,-21.4357755092693));
#6356=CARTESIAN_POINT('Ctrl Pts',(98.5,-28.9201843964978,-21.4357755092704));
#6357=CARTESIAN_POINT('Ctrl Pts',(98.5,-28.9591513531261,-21.3746685082875));
#6358=CARTESIAN_POINT('Ctrl Pts',(98.4999200752422,-29.0163570444775,-21.2400762592091));
#6359=CARTESIAN_POINT('Ctrl Pts',(98.5037579099694,-29.0318914420402,-20.9973568647406));
#6360=CARTESIAN_POINT('Ctrl Pts',(98.5204067778746,-28.9684820604658,-20.8567143224641));
#6361=CARTESIAN_POINT('Ctrl Pts',(98.5396646147262,-28.9152019847293,-20.8032262206032));
#6362=CARTESIAN_POINT('Ctrl Pts',(98.0594969220893,-29.0683579299111,-20.3538833459017));
#6363=CARTESIAN_POINT('Ctrl Pts',(98.0306101668119,-29.2401527847929,-20.4741753983156));
#6364=CARTESIAN_POINT('Ctrl Pts',(98.0056368649541,-29.4682528524089,-20.7772455091019));
#6365=CARTESIAN_POINT('Ctrl Pts',(97.9998801128633,-29.5190914551198,-21.295248361102));
#6366=CARTESIAN_POINT('Ctrl Pts',(98.,-29.4217941567904,-21.5751289965027));
#6367=CARTESIAN_POINT('Ctrl Pts',(98.,-29.3455872994325,-21.6985156283479));
#6368=CARTESIAN_POINT('Ctrl Pts',(98.,-29.3455872994325,-21.6985156283479));
#6369=CARTESIAN_POINT('Ctrl Pts',(98.,-29.3230412778332,-21.735019924196));
#6370=CARTESIAN_POINT('Ctrl Pts',(98.,-29.2974513947871,-21.7694589223087));
#6371=CARTESIAN_POINT('Ctrl Pts',(98.5,-29.3455872994325,-21.6985156283479));
#6372=CARTESIAN_POINT('Ctrl Pts',(98.5,-29.3230412778332,-21.735019924196));
#6373=CARTESIAN_POINT('Ctrl Pts',(98.5,-29.2974513947871,-21.7694589223087));
#6374=CARTESIAN_POINT('Ctrl Pts',(98.5,-28.9201843964963,-21.4357755092693));
#6375=CARTESIAN_POINT('Ctrl Pts',(98.5,-28.9089113856966,-21.4540276571934));
#6376=CARTESIAN_POINT('Ctrl Pts',(98.5,-28.8961164441736,-21.4712471562497));
#6377=CARTESIAN_POINT('',(98.,-29.2974513947871,-21.7694589223087));
#6378=CARTESIAN_POINT('',(98.5,-28.8961164441736,-21.4712471562497));
#6379=CARTESIAN_POINT('Origin',(98.,-28.8961164441736,-21.4712471562497));
#6380=CARTESIAN_POINT('Origin',(98.5,-28.4947814935601,-21.1730353901907));
#6381=CARTESIAN_POINT('Origin',(98.,-28.4947814935601,-21.1730353901907));
#6382=CARTESIAN_POINT('Origin',(98.,0.,0.));
#6383=CARTESIAN_POINT('',(98.,29.2974513947871,-21.7694589223087));
#6384=CARTESIAN_POINT('',(98.5,28.8961164441736,-21.4712471562497));
#6385=CARTESIAN_POINT('Origin',(98.,28.8961164441736,-21.4712471562497));
#6386=CARTESIAN_POINT('',(98.5,28.8693996454318,-21.5071561140087));
#6387=CARTESIAN_POINT('Origin',(98.5,0.,0.));
#6388=CARTESIAN_POINT('',(98.5,-28.8693996454318,-21.5071561140087));
#6389=CARTESIAN_POINT('Origin',(98.5,0.,0.));
#6390=CARTESIAN_POINT('Origin',(98.5,0.,0.));
#6391=CARTESIAN_POINT('Origin',(98.,0.,0.));
#6392=CARTESIAN_POINT('Ctrl Pts',(98.,29.2974513947871,-21.7694589223087));
#6393=CARTESIAN_POINT('Ctrl Pts',(98.,29.323041277754,-21.7350199243026));
#6394=CARTESIAN_POINT('Ctrl Pts',(98.,29.3455872992932,-21.6985156285735));
#6395=CARTESIAN_POINT('Ctrl Pts',(98.5,29.2974513947871,-21.7694589223087));
#6396=CARTESIAN_POINT('Ctrl Pts',(98.5,29.323041277754,-21.7350199243026));
#6397=CARTESIAN_POINT('Ctrl Pts',(98.5,29.3455872992932,-21.6985156285735));
#6398=CARTESIAN_POINT('Ctrl Pts',(98.5,28.8961164441736,-21.4712471562497));
#6399=CARTESIAN_POINT('Ctrl Pts',(98.5,28.908911385657,-21.4540276572466));
#6400=CARTESIAN_POINT('Ctrl Pts',(98.5,28.9201843964266,-21.4357755093821));
#6401=CARTESIAN_POINT('',(98.,29.3455872992932,-21.6985156285735));
#6402=CARTESIAN_POINT('',(98.5,28.9201843964266,-21.4357755093821));
#6403=CARTESIAN_POINT('Origin',(98.,28.9201843964266,-21.4357755093821));
#6404=CARTESIAN_POINT('Origin',(98.5,28.4947814935601,-21.1730353901907));
#6405=CARTESIAN_POINT('Origin',(98.,28.4947814935601,-21.1730353901907));
#6406=CARTESIAN_POINT('Ctrl Pts',(98.5396646147262,28.9152019847293,-20.8032262206032));
#6407=CARTESIAN_POINT('Ctrl Pts',(98.5204064275158,28.9684830297929,-20.8567152955758));
#6408=CARTESIAN_POINT('Ctrl Pts',(98.5037586145994,29.0318883370546,-20.9973488227884));
#6409=CARTESIAN_POINT('Ctrl Pts',(98.4999195996082,29.0163605899824,-21.2400714510987));
#6410=CARTESIAN_POINT('Ctrl Pts',(98.5,28.959152061995,-21.3746673966839));
#6411=CARTESIAN_POINT('Ctrl Pts',(98.5,28.9201843964266,-21.4357755093821));
#6412=CARTESIAN_POINT('Ctrl Pts',(98.5291656775775,28.9834192805005,-20.7007594271927));
#6413=CARTESIAN_POINT('Ctrl Pts',(98.5063736955023,29.0565463439233,-20.770794479413));
#6414=CARTESIAN_POINT('Ctrl Pts',(98.4920360779623,29.1510496979365,-20.9469253941911));
#6415=CARTESIAN_POINT('Ctrl Pts',(98.4969419648101,29.1486468696455,-21.2552091501602));
#6416=CARTESIAN_POINT('Ctrl Pts',(98.4997208230359,29.0803688043068,-21.4271802578926));
#6417=CARTESIAN_POINT('Ctrl Pts',(98.5,29.0315546159651,-21.5045607117367));
#6418=CARTESIAN_POINT('Ctrl Pts',(98.4159678917173,29.093685046517,-20.4889172960125));
#6419=CARTESIAN_POINT('Ctrl Pts',(98.3882429182158,29.2138718765402,-20.5933491186702));
#6420=CARTESIAN_POINT('Ctrl Pts',(98.3741834573421,29.3784954468584,-20.8424798802746));
#6421=CARTESIAN_POINT('Ctrl Pts',(98.3857235741126,29.4099758109774,-21.2841303350653));
#6422=CARTESIAN_POINT('Ctrl Pts',(98.3909905680913,29.3214278899853,-21.5317372708113));
#6423=CARTESIAN_POINT('Ctrl Pts',(98.3915013045433,29.2532759792842,-21.6415017082207));
#6424=CARTESIAN_POINT('Ctrl Pts',(98.1786048079045,29.0952353859192,-20.3727031432064));
#6425=CARTESIAN_POINT('Ctrl Pts',(98.1500618977983,29.2546285955199,-20.4928050037182));
#6426=CARTESIAN_POINT('Ctrl Pts',(98.1287161588832,29.4691050397011,-20.7853425272772));
#6427=CARTESIAN_POINT('Ctrl Pts',(98.1288717210525,29.5190408564027,-21.2954394473654));
#6428=CARTESIAN_POINT('Ctrl Pts',(98.1307241854498,29.4218646594567,-21.5750040622916));
#6429=CARTESIAN_POINT('Ctrl Pts',(98.1308996938996,29.3455872992932,-21.6985156285735));
#6430=CARTESIAN_POINT('Ctrl Pts',(98.0594969220893,29.0683579299111,-20.3538833459017));
#6431=CARTESIAN_POINT('Ctrl Pts',(98.0306096412737,29.2401559102654,-20.4741775867949));
#6432=CARTESIAN_POINT('Ctrl Pts',(98.0056379218991,29.4682413943726,-20.7772280623138));
#6433=CARTESIAN_POINT('Ctrl Pts',(97.9998793994122,29.5190992140845,-21.2952383892063));
#6434=CARTESIAN_POINT('Ctrl Pts',(98.,29.4217955431191,-21.5751267519692));
#6435=CARTESIAN_POINT('Ctrl Pts',(98.,29.3455872992932,-21.6985156285735));
#6436=CARTESIAN_POINT('',(98.0594969220893,29.0683579299111,-20.3538833459017));
#6437=CARTESIAN_POINT('Ctrl Pts',(98.,29.3455872992932,-21.6985156285735));
#6438=CARTESIAN_POINT('Ctrl Pts',(98.,29.4217955431191,-21.5751267519692));
#6439=CARTESIAN_POINT('Ctrl Pts',(97.9998793994122,29.5190992140845,-21.2952383892063));
#6440=CARTESIAN_POINT('Ctrl Pts',(98.0056379218991,29.4682413943726,-20.7772280623138));
#6441=CARTESIAN_POINT('Ctrl Pts',(98.0306096412737,29.2401559102654,-20.4741775867949));
#6442=CARTESIAN_POINT('Ctrl Pts',(98.0594969220893,29.0683579299111,-20.3538833459017));
#6443=CARTESIAN_POINT('',(98.5396646147262,28.9152019847293,-20.8032262206032));
#6444=CARTESIAN_POINT('Origin',(98.0594969220893,28.7815697117356,-20.7634593680462));
#6445=CARTESIAN_POINT('Ctrl Pts',(98.5396646147262,28.9152019847293,-20.8032262206032));
#6446=CARTESIAN_POINT('Ctrl Pts',(98.5204064275158,28.9684830297929,-20.8567152955758));
#6447=CARTESIAN_POINT('Ctrl Pts',(98.5037586145994,29.0318883370546,-20.9973488227884));
#6448=CARTESIAN_POINT('Ctrl Pts',(98.4999195996082,29.0163605899824,-21.2400714510987));
#6449=CARTESIAN_POINT('Ctrl Pts',(98.5,28.959152061995,-21.3746673966839));
#6450=CARTESIAN_POINT('Ctrl Pts',(98.5,28.9201843964266,-21.4357755093821));
#6451=CARTESIAN_POINT('Ctrl Pts',(99.5,27.8391205459255,-19.4931620633859));
#6452=CARTESIAN_POINT('Ctrl Pts',(99.4989459026167,27.8406161129615,-19.4942092706983));
#6453=CARTESIAN_POINT('Ctrl Pts',(99.4978917492185,27.8421095313604,-19.4952596708255));
#6454=CARTESIAN_POINT('Ctrl Pts',(99.4149196988644,27.9595647703941,-19.5780719507095));
#6455=CARTESIAN_POINT('Ctrl Pts',(99.2505251657583,28.1650791148553,-19.7773763887778));
#6456=CARTESIAN_POINT('Ctrl Pts',(99.0168983293877,28.3693830077264,-20.0852869561102));
#6457=CARTESIAN_POINT('Ctrl Pts',(98.8414607085548,28.5084377608203,-20.3098564087301));
#6458=CARTESIAN_POINT('Ctrl Pts',(98.7229752004166,28.6236092579519,-20.4712626956596));
#6459=CARTESIAN_POINT('Ctrl Pts',(98.6204298958312,28.7449296751974,-20.6247253616006));
#6460=CARTESIAN_POINT('Ctrl Pts',(98.5647883255433,28.8456929726096,-20.7334458182837));
#6461=CARTESIAN_POINT('Ctrl Pts',(98.5396646147262,28.9152019847293,-20.8032262206032));
#6462=CARTESIAN_POINT('Ctrl Pts',(99.5,27.8391205459255,-19.4931620633859));
#6463=CARTESIAN_POINT('Ctrl Pts',(99.4987706410087,27.8403634756299,-19.4940413410056));
#6464=CARTESIAN_POINT('Ctrl Pts',(99.4975400652934,27.841617932894,-19.4949007458411));
#6465=CARTESIAN_POINT('Ctrl Pts',(99.4007212352008,27.9389966943721,-19.5641970888127));
#6466=CARTESIAN_POINT('Ctrl Pts',(99.2092529107835,28.1256997043844,-19.7115588081182));
#6467=CARTESIAN_POINT('Ctrl Pts',(98.9546287176616,28.3701915870322,-19.9462320349985));
#6468=CARTESIAN_POINT('Ctrl Pts',(98.7807535087609,28.5601499717236,-20.1383139955678));
#6469=CARTESIAN_POINT('Ctrl Pts',(98.671072775324,28.7093696029589,-20.2846304485848));
#6470=CARTESIAN_POINT('Ctrl Pts',(98.5807555223685,28.8598153546284,-20.4278044437486));
#6471=CARTESIAN_POINT('Ctrl Pts',(98.5365662831549,28.9752091766418,-20.5316357985481));
#6472=CARTESIAN_POINT('Ctrl Pts',(98.5186667404287,29.0516365762717,-20.5982926337823));
#6473=CARTESIAN_POINT('Ctrl Pts',(99.5,27.8391205459255,-19.4931620633859));
#6474=CARTESIAN_POINT('Ctrl Pts',(99.498594407195,27.8401174163875,-19.4938600795979));
#6475=CARTESIAN_POINT('Ctrl Pts',(99.4971892040463,27.8411147871769,-19.4945584461431));
#6476=CARTESIAN_POINT('Ctrl Pts',(99.3865365558726,27.9196131206025,-19.5495235709445));
#6477=CARTESIAN_POINT('Ctrl Pts',(99.1675127928266,28.075146220433,-19.658429019887));
#6478=CARTESIAN_POINT('Ctrl Pts',(98.8651791378816,28.3113716605635,-19.8238358537833));
#6479=CARTESIAN_POINT('Ctrl Pts',(98.6479822596441,28.521163846823,-19.9707339240597));
#6480=CARTESIAN_POINT('Ctrl Pts',(98.5061323261129,28.6972834654271,-20.0940542086329));
#6481=CARTESIAN_POINT('Ctrl Pts',(98.3862438438315,28.8802270918505,-20.222152714922));
#6482=CARTESIAN_POINT('Ctrl Pts',(98.3243895287704,29.0251458323265,-20.3236259094312));
#6483=CARTESIAN_POINT('Ctrl Pts',(98.2977126937197,29.1221128419272,-20.3915229405112));
#6484=CARTESIAN_POINT('Ctrl Pts',(99.5,27.8391205459255,-19.4931620633859));
#6485=CARTESIAN_POINT('Ctrl Pts',(99.498418853921,27.8398683294454,-19.4936856670434));
#6486=CARTESIAN_POINT('Ctrl Pts',(99.4968376238278,27.8406161722546,-19.4942093122158));
#6487=CARTESIAN_POINT('Ctrl Pts',(99.3723795482985,27.8994758700493,-19.5354233163084));
#6488=CARTESIAN_POINT('Ctrl Pts',(99.1257877486378,28.0163968292668,-19.6172922533272));
#6489=CARTESIAN_POINT('Ctrl Pts',(98.7753474940823,28.2137461179612,-19.7554777129313));
#6490=CARTESIAN_POINT('Ctrl Pts',(98.5121910628327,28.4137152159709,-19.8954975827668));
#6491=CARTESIAN_POINT('Ctrl Pts',(98.3344628006252,28.5955311104399,-20.0228064426403));
#6492=CARTESIAN_POINT('Ctrl Pts',(98.180644843747,28.7923731160612,-20.1606366988126));
#6493=CARTESIAN_POINT('Ctrl Pts',(98.0971824883149,28.9562964276984,-20.2754170373093));
#6494=CARTESIAN_POINT('Ctrl Pts',(98.0594969220893,29.0683579299111,-20.3538833459017));
#6495=CARTESIAN_POINT('',(99.5,27.8391205459255,-19.4931620633859));
#6496=CARTESIAN_POINT('Ctrl Pts',(98.0594969220893,29.0683579299111,-20.3538833459017));
#6497=CARTESIAN_POINT('Ctrl Pts',(98.0971824883149,28.9562964276984,-20.2754170373093));
#6498=CARTESIAN_POINT('Ctrl Pts',(98.180644843747,28.7923731160612,-20.1606366988126));
#6499=CARTESIAN_POINT('Ctrl Pts',(98.3344628006252,28.5955311104399,-20.0228064426403));
#6500=CARTESIAN_POINT('Ctrl Pts',(98.5121910628327,28.4137152159709,-19.8954975827668));
#6501=CARTESIAN_POINT('Ctrl Pts',(98.7753474940823,28.2137461179612,-19.7554777129313));
#6502=CARTESIAN_POINT('Ctrl Pts',(99.1257877486378,28.0163968292668,-19.6172922533272));
#6503=CARTESIAN_POINT('Ctrl Pts',(99.3723795482985,27.8994758700493,-19.5354233163084));
#6504=CARTESIAN_POINT('Ctrl Pts',(99.4968376238278,27.8406161722546,-19.4942093122158));
#6505=CARTESIAN_POINT('Ctrl Pts',(99.498418853921,27.8398683294454,-19.4936856670434));
#6506=CARTESIAN_POINT('Ctrl Pts',(99.5,27.8391205459255,-19.4931620633859));
#6507=CARTESIAN_POINT('Ctrl Pts',(99.5,27.8391205459255,-19.4931620633859));
#6508=CARTESIAN_POINT('Ctrl Pts',(99.4989459026167,27.8406161129615,-19.4942092706983));
#6509=CARTESIAN_POINT('Ctrl Pts',(99.4978917492185,27.8421095313604,-19.4952596708255));
#6510=CARTESIAN_POINT('Ctrl Pts',(99.4149196988644,27.9595647703941,-19.5780719507095));
#6511=CARTESIAN_POINT('Ctrl Pts',(99.2505251657583,28.1650791148553,-19.7773763887778));
#6512=CARTESIAN_POINT('Ctrl Pts',(99.0168983293877,28.3693830077264,-20.0852869561102));
#6513=CARTESIAN_POINT('Ctrl Pts',(98.8414607085548,28.5084377608203,-20.3098564087301));
#6514=CARTESIAN_POINT('Ctrl Pts',(98.7229752004166,28.6236092579519,-20.4712626956596));
#6515=CARTESIAN_POINT('Ctrl Pts',(98.6204298958312,28.7449296751974,-20.6247253616006));
#6516=CARTESIAN_POINT('Ctrl Pts',(98.5647883255433,28.8456929726096,-20.7334458182837));
#6517=CARTESIAN_POINT('Ctrl Pts',(98.5396646147262,28.9152019847293,-20.8032262206032));
#6518=CARTESIAN_POINT('Origin',(93.5,-28.4947814935601,-21.1730353901907));
#6519=CARTESIAN_POINT('',(94.,-29.3455872994326,-21.6985156283477));
#6520=CARTESIAN_POINT('Ctrl Pts',(94.,-29.3455872994326,-21.6985156283477));
#6521=CARTESIAN_POINT('Ctrl Pts',(94.,-29.4217941567906,-21.5751289965025));
#6522=CARTESIAN_POINT('Ctrl Pts',(94.0001198895068,-29.519091468834,-21.2952483514377));
#6523=CARTESIAN_POINT('Ctrl Pts',(93.994363140436,-29.4682528762917,-20.7772454892437));
#6524=CARTESIAN_POINT('Ctrl Pts',(93.969389833188,-29.2401527847928,-20.4741753983155));
#6525=CARTESIAN_POINT('Ctrl Pts',(93.9405030779106,-29.0683579299111,-20.3538833459017));
#6526=CARTESIAN_POINT('',(94.,-29.2974513947871,-21.7694589223087));
#6527=CARTESIAN_POINT('Origin',(94.,-28.4947814935601,-21.1730353901907));
#6528=CARTESIAN_POINT('',(93.5,-29.2974513947871,-21.7694589223087));
#6529=CARTESIAN_POINT('Origin',(99.5,-27.2655441095745,-20.3123141076749));
#6530=CARTESIAN_POINT('Origin',(98.5,-27.2655441095745,-20.3123141076749));
#6531=CARTESIAN_POINT('',(99.5,-28.0674718775032,-20.9097351108418));
#6532=CARTESIAN_POINT('Origin',(99.5,-28.8693996454318,-21.5071561140087));
#6533=CARTESIAN_POINT('Origin',(99.5,-27.2655441095745,-20.3123141076749));
#6534=CARTESIAN_POINT('Origin',(98.5,0.,-18.25));
#6535=CARTESIAN_POINT('Origin',(98.5,27.2655441095745,-20.3123141076749));
#6536=CARTESIAN_POINT('Origin',(98.5,0.,-18.25));
#6537=CARTESIAN_POINT('Ctrl Pts',(117.428228155309,29.082012584417,-20.7753074348635));
#6538=CARTESIAN_POINT('Ctrl Pts',(117.392529158733,29.1265882989418,-20.8318312658061));
#6539=CARTESIAN_POINT('Ctrl Pts',(117.338067674809,29.2013852801202,-20.9960199012114));
#6540=CARTESIAN_POINT('Ctrl Pts',(117.315299885387,29.1879802202172,-21.2170531287555));
#6541=CARTESIAN_POINT('Ctrl Pts',(117.30913634932,29.1549980068847,-21.3230968848234));
#6542=CARTESIAN_POINT('Ctrl Pts',(117.403827331297,29.1297710486737,-20.6807902818675));
#6543=CARTESIAN_POINT('Ctrl Pts',(117.363306660064,29.1878723143339,-20.7500461390686));
#6544=CARTESIAN_POINT('Ctrl Pts',(117.303709213449,29.2912426786578,-20.9462421909397));
#6545=CARTESIAN_POINT('Ctrl Pts',(117.281446751737,29.2871577755006,-21.2120810921193));
#6546=CARTESIAN_POINT('Ctrl Pts',(117.27548576699,29.2510099285369,-21.3395803040561));
#6547=CARTESIAN_POINT('Ctrl Pts',(117.294602887192,29.1834091684884,-20.486832732208));
#6548=CARTESIAN_POINT('Ctrl Pts',(117.2465894768,29.2758666184386,-20.5807774274685));
#6549=CARTESIAN_POINT('Ctrl Pts',(117.17725335718,29.4450667509887,-20.8394853399172));
#6550=CARTESIAN_POINT('Ctrl Pts',(117.152727263705,29.4635121113323,-21.1932797518839));
#6551=CARTESIAN_POINT('Ctrl Pts',(117.146210885187,29.4225615892707,-21.3626246880237));
#6552=CARTESIAN_POINT('Ctrl Pts',(117.109921388717,29.1325578197333,-20.3613997118029));
#6553=CARTESIAN_POINT('Ctrl Pts',(117.058185876416,29.2609717082283,-20.463345901737));
#6554=CARTESIAN_POINT('Ctrl Pts',(116.98059968179,29.4930165260174,-20.7559900701654));
#6555=CARTESIAN_POINT('Ctrl Pts',(116.949677929858,29.5324975589666,-21.1636295932781));
#6556=CARTESIAN_POINT('Ctrl Pts',(116.941347723492,29.4909641214608,-21.3576057669883));
#6557=CARTESIAN_POINT('Ctrl Pts',(117.017344015281,29.0859085247993,-20.3287954706538));
#6558=CARTESIAN_POINT('Ctrl Pts',(116.96379516342,29.2286970271395,-20.4285935655704));
#6559=CARTESIAN_POINT('Ctrl Pts',(116.882102392908,29.4860140935469,-20.7274969228113));
#6560=CARTESIAN_POINT('Ctrl Pts',(116.847950481093,29.5335663772159,-21.1489337812033));
#6561=CARTESIAN_POINT('Ctrl Pts',(116.838705115355,29.4928282817325,-21.3484748414344));
#6562=CARTESIAN_POINT('',(117.30913634932,29.1549980068846,-21.3230968848235));
#6563=CARTESIAN_POINT('',(116.838705115355,29.4928282817325,-21.3484748414344));
#6564=CARTESIAN_POINT('Origin',(116.838705115355,29.0029336757163,-21.2484584677939));
#6565=CARTESIAN_POINT('',(117.017344015281,29.0859085247954,-20.3287954706511));
#6566=CARTESIAN_POINT('Ctrl Pts',(116.838705115355,29.4928282817325,-21.3484748414344));
#6567=CARTESIAN_POINT('Ctrl Pts',(116.847950481093,29.5335663772159,-21.1489337812033));
#6568=CARTESIAN_POINT('Ctrl Pts',(116.882102392908,29.4860140935469,-20.7274969228113));
#6569=CARTESIAN_POINT('Ctrl Pts',(116.96379516342,29.2286970271395,-20.4285935655704));
#6570=CARTESIAN_POINT('Ctrl Pts',(117.017344015281,29.0859085247993,-20.3287954706538));
#6571=CARTESIAN_POINT('',(117.428228155309,29.082012584417,-20.7753074348635));
#6572=CARTESIAN_POINT('Origin',(117.017344015281,28.7994737972497,-20.7386187824036));
#6573=CARTESIAN_POINT('Ctrl Pts',(117.428228155309,29.082012584417,-20.7753074348635));
#6574=CARTESIAN_POINT('Ctrl Pts',(117.392529158733,29.1265882989418,-20.8318312658061));
#6575=CARTESIAN_POINT('Ctrl Pts',(117.338067674809,29.2013852801202,-20.9960199012114));
#6576=CARTESIAN_POINT('Ctrl Pts',(117.315299885387,29.1879802202172,-21.2170531287555));
#6577=CARTESIAN_POINT('Ctrl Pts',(117.30913634932,29.1549980068847,-21.3230968848234));
#6578=CARTESIAN_POINT('Ctrl Pts',(118.051834426399,28.2486995294333,-19.7557470788071));
#6579=CARTESIAN_POINT('Ctrl Pts',(118.05173989653,28.3011029429799,-19.7924170150397));
#6580=CARTESIAN_POINT('Ctrl Pts',(118.030250618938,28.3915334265305,-19.865621512482));
#6581=CARTESIAN_POINT('Ctrl Pts',(117.935044132266,28.5756554678013,-20.0451903169383));
#6582=CARTESIAN_POINT('Ctrl Pts',(117.705345884487,28.8157536912549,-20.3825054468781));
#6583=CARTESIAN_POINT('Ctrl Pts',(117.521026337675,28.9661397117232,-20.6283758884678));
#6584=CARTESIAN_POINT('Ctrl Pts',(117.428228155309,29.082012584417,-20.7753074348635));
#6585=CARTESIAN_POINT('Ctrl Pts',(118.035541552273,28.2505294480893,-19.7530074945411));
#6586=CARTESIAN_POINT('Ctrl Pts',(118.035440053665,28.2987967613363,-19.7867720418675));
#6587=CARTESIAN_POINT('Ctrl Pts',(118.012358674018,28.3833945527868,-19.85259476687));
#6588=CARTESIAN_POINT('Ctrl Pts',(117.910606383338,28.5610569478281,-20.0109802701252));
#6589=CARTESIAN_POINT('Ctrl Pts',(117.669928492239,28.8182882234177,-20.3069237108277));
#6590=CARTESIAN_POINT('Ctrl Pts',(117.49053918604,29.0001831895139,-20.539215979959));
#6591=CARTESIAN_POINT('Ctrl Pts',(117.403827331297,29.1297710486732,-20.6807902818667));
#6592=CARTESIAN_POINT('Ctrl Pts',(118.002627036045,28.2532563558822,-19.7488606877745));
#6593=CARTESIAN_POINT('Ctrl Pts',(118.002510240809,28.2931644897659,-19.7767607782376));
#6594=CARTESIAN_POINT('Ctrl Pts',(117.97595109794,28.365074822905,-19.8287023843717));
#6595=CARTESIAN_POINT('Ctrl Pts',(117.859151230938,28.5242499613214,-19.9486024884328));
#6596=CARTESIAN_POINT('Ctrl Pts',(117.584403241084,28.7915425727175,-20.1657397128685));
#6597=CARTESIAN_POINT('Ctrl Pts',(117.387341404715,29.0238726870178,-20.3592652723855));
#6598=CARTESIAN_POINT('Ctrl Pts',(117.294602977285,29.1834092932417,-20.4868326503908));
#6599=CARTESIAN_POINT('Ctrl Pts',(117.969382131998,28.2540906816099,-19.7474192764524));
#6600=CARTESIAN_POINT('Ctrl Pts',(117.969248669923,28.2855487627784,-19.7694060344501));
#6601=CARTESIAN_POINT('Ctrl Pts',(117.938905128485,28.3429224675753,-19.8095122121088));
#6602=CARTESIAN_POINT('Ctrl Pts',(117.80475640683,28.4735449747202,-19.9008780089442));
#6603=CARTESIAN_POINT('Ctrl Pts',(117.483475391703,28.7098242369731,-20.065961035048));
#6604=CARTESIAN_POINT('Ctrl Pts',(117.233507972273,28.953015249102,-20.2361221539021));
#6605=CARTESIAN_POINT('Ctrl Pts',(117.109921388718,29.1325578197301,-20.3613997118));
#6606=CARTESIAN_POINT('Ctrl Pts',(117.952759658103,28.2540325324197,-19.7473786346759));
#6607=CARTESIAN_POINT('Ctrl Pts',(117.952617862355,28.2812638404754,-19.7664112081776));
#6608=CARTESIAN_POINT('Ctrl Pts',(117.92038373107,28.3309796748444,-19.8011587226889));
#6609=CARTESIAN_POINT('Ctrl Pts',(117.777573048978,28.4453511531362,-19.8810955205334));
#6610=CARTESIAN_POINT('Ctrl Pts',(117.43302338028,28.6589544854506,-20.0303876924031));
#6611=CARTESIAN_POINT('Ctrl Pts',(117.15654221683,28.9003218872039,-20.1990847966844));
#6612=CARTESIAN_POINT('Ctrl Pts',(117.017344015281,29.0859085247954,-20.3287954706511));
#6613=CARTESIAN_POINT('',(117.952759658103,28.2540325324197,-19.7473786346759));
#6614=CARTESIAN_POINT('Ctrl Pts',(117.017344015281,29.0859085247954,-20.3287954706511));
#6615=CARTESIAN_POINT('Ctrl Pts',(117.15654221683,28.9003218872039,-20.1990847966844));
#6616=CARTESIAN_POINT('Ctrl Pts',(117.43302338028,28.6589544854506,-20.0303876924031));
#6617=CARTESIAN_POINT('Ctrl Pts',(117.777573048978,28.4453511531362,-19.8810955205334));
#6618=CARTESIAN_POINT('Ctrl Pts',(117.92038373107,28.3309796748444,-19.8011587226889));
#6619=CARTESIAN_POINT('Ctrl Pts',(117.952617862355,28.2812638404754,-19.7664112081776));
#6620=CARTESIAN_POINT('Ctrl Pts',(117.952759658103,28.2540325324197,-19.7473786346759));
#6621=CARTESIAN_POINT('',(118.051834426399,28.2486995294333,-19.7557470788071));
#6622=CARTESIAN_POINT('Origin',(117.952759658103,27.9675978048739,-20.1572019464284));
#6623=CARTESIAN_POINT('Ctrl Pts',(118.051834426399,28.2486995294333,-19.7557470788071));
#6624=CARTESIAN_POINT('Ctrl Pts',(118.05173989653,28.3011029429799,-19.7924170150397));
#6625=CARTESIAN_POINT('Ctrl Pts',(118.030250618938,28.3915334265305,-19.865621512482));
#6626=CARTESIAN_POINT('Ctrl Pts',(117.935044132266,28.5756554678013,-20.0451903169383));
#6627=CARTESIAN_POINT('Ctrl Pts',(117.705345884487,28.8157536912549,-20.3825054468781));
#6628=CARTESIAN_POINT('Ctrl Pts',(117.521026337675,28.9661397117232,-20.6283758884678));
#6629=CARTESIAN_POINT('Ctrl Pts',(117.428228155309,29.082012584417,-20.7753074348635));
#6630=CARTESIAN_POINT('Ctrl Pts',(118.062028717905,25.3910640265931,-17.7572577768108));
#6631=CARTESIAN_POINT('Ctrl Pts',(118.058534900345,26.3436086732746,-18.4234205131622));
#6632=CARTESIAN_POINT('Ctrl Pts',(118.055141727718,27.2961538766354,-19.0895836388275));
#6633=CARTESIAN_POINT('Ctrl Pts',(118.051834426399,28.2486995294333,-19.7557470788071));
#6634=CARTESIAN_POINT('Ctrl Pts',(118.0310770895,25.394342865022,-17.7523229012564));
#6635=CARTESIAN_POINT('Ctrl Pts',(118.027022047142,26.3470146358656,-18.4183040287163));
#6636=CARTESIAN_POINT('Ctrl Pts',(118.02308495637,27.2996866669923,-19.0842859690265));
#6637=CARTESIAN_POINT('Ctrl Pts',(118.019248678148,28.2523593667453,-19.7502679102752));
#6638=CARTESIAN_POINT('Ctrl Pts',(117.9995644785,25.395938238672,-17.7497922679341));
#6639=CARTESIAN_POINT('Ctrl Pts',(117.994916612644,26.3486746634091,-18.4156810037539));
#6640=CARTESIAN_POINT('Ctrl Pts',(117.990403195291,27.3014113905792,-19.081570492311));
#6641=CARTESIAN_POINT('Ctrl Pts',(117.986004605894,28.2541488308002,-19.747459918229));
#6642=CARTESIAN_POINT('Ctrl Pts',(117.968051197307,25.3958217808793,-17.7497108729642));
#6643=CARTESIAN_POINT('Ctrl Pts',(117.962810436028,26.3485581770227,-18.4155997627038));
#6644=CARTESIAN_POINT('Ctrl Pts',(117.957720643156,27.3012951299573,-19.0814890415973));
#6645=CARTESIAN_POINT('Ctrl Pts',(117.952759658103,28.2540325324197,-19.7473786346759));
#6646=CARTESIAN_POINT('',(117.96805278329,25.3955923735806,-17.749550487249));
#6647=CARTESIAN_POINT('Ctrl Pts',(117.952759658103,28.2540325324197,-19.7473786346759));
#6648=CARTESIAN_POINT('Ctrl Pts',(117.957720643156,27.3012951299573,-19.0814890415973));
#6649=CARTESIAN_POINT('Ctrl Pts',(117.962810436028,26.3485581770227,-18.4155997627038));
#6650=CARTESIAN_POINT('Ctrl Pts',(117.968051197307,25.3958217808793,-17.7497108729642));
#6651=CARTESIAN_POINT('',(118.062029775219,25.3907199738248,-17.7570171154719));
#6652=CARTESIAN_POINT('Origin',(117.96805278329,25.1090429423855,-18.159293606144));
#6653=CARTESIAN_POINT('Ctrl Pts',(118.062028717905,25.3910640265931,-17.7572577768108));
#6654=CARTESIAN_POINT('Ctrl Pts',(118.058534900345,26.3436086732746,-18.4234205131622));
#6655=CARTESIAN_POINT('Ctrl Pts',(118.055141727718,27.2961538766354,-19.0895836388275));
#6656=CARTESIAN_POINT('Ctrl Pts',(118.051834426399,28.2486995294333,-19.7557470788071));
#6657=CARTESIAN_POINT('Ctrl Pts',(118.24998,-28.2373267696608,-19.7719890630073));
#6658=CARTESIAN_POINT('Ctrl Pts',(118.248398867104,-28.2380745519363,-19.7725126657936));
#6659=CARTESIAN_POINT('Ctrl Pts',(118.246818790607,-28.2388228536049,-19.7730366322628));
#6660=CARTESIAN_POINT('Ctrl Pts',(117.96848492346,-28.3702037333433,-19.8650305146321));
#6661=CARTESIAN_POINT('Ctrl Pts',(117.598308697423,-28.5480332479063,-19.9895480812454));
#6662=CARTESIAN_POINT('Ctrl Pts',(117.214694017762,-28.8551208151908,-20.2045731107484));
#6663=CARTESIAN_POINT('Ctrl Pts',(117.084544768387,-28.9948499363168,-20.3024124946683));
#6664=CARTESIAN_POINT('Ctrl Pts',(117.027337662608,-29.0683579299334,-20.3538833459174));
#6665=CARTESIAN_POINT('Ctrl Pts',(118.24998,-28.2373267696608,-19.7719890630073));
#6666=CARTESIAN_POINT('Ctrl Pts',(118.248534031424,-28.2383934432669,-19.7727359559071));
#6667=CARTESIAN_POINT('Ctrl Pts',(118.247208689278,-28.2392551992212,-19.7733393639224));
#6668=CARTESIAN_POINT('Ctrl Pts',(117.99898992607,-28.4157943478727,-19.8969534065972));
#6669=CARTESIAN_POINT('Ctrl Pts',(117.673869678879,-28.6460807755798,-20.0582016992252));
#6670=CARTESIAN_POINT('Ctrl Pts',(117.359791751513,-28.962093060179,-20.2794758830684));
#6671=CARTESIAN_POINT('Ctrl Pts',(117.256160034247,-29.0965710662772,-20.3736383966618));
#6672=CARTESIAN_POINT('Ctrl Pts',(117.211696661079,-29.1646318790074,-20.4212950907922));
#6673=CARTESIAN_POINT('Ctrl Pts',(118.24998,-28.2373267696608,-19.7719890630073));
#6674=CARTESIAN_POINT('Ctrl Pts',(118.24865139561,-28.2382884382452,-19.7725516408669));
#6675=CARTESIAN_POINT('Ctrl Pts',(118.247615131547,-28.2400748179393,-19.7740173031975));
#6676=CARTESIAN_POINT('Ctrl Pts',(118.029274092345,-28.4563933431143,-19.9256768368625));
#6677=CARTESIAN_POINT('Ctrl Pts',(117.750010432239,-28.7137460001745,-20.1685510778601));
#6678=CARTESIAN_POINT('Ctrl Pts',(117.501142497218,-28.9943947870811,-20.453897471799));
#6679=CARTESIAN_POINT('Ctrl Pts',(117.420931559004,-29.1074257875947,-20.5623661045467));
#6680=CARTESIAN_POINT('Ctrl Pts',(117.387676037051,-29.1644100789618,-20.6172035439809));
#6681=CARTESIAN_POINT('Ctrl Pts',(118.24998,-28.2373267696608,-19.7719890630073));
#6682=CARTESIAN_POINT('Ctrl Pts',(118.248925918439,-28.2388223342074,-19.7730362685767));
#6683=CARTESIAN_POINT('Ctrl Pts',(118.247872541122,-28.2402988764773,-19.7740752005307));
#6684=CARTESIAN_POINT('Ctrl Pts',(118.062317866744,-28.5069476779925,-19.9619705017323));
#6685=CARTESIAN_POINT('Ctrl Pts',(117.815535361304,-28.7294776451587,-20.3051225777318));
#6686=CARTESIAN_POINT('Ctrl Pts',(117.559793946507,-28.9323633178488,-20.6280606308773));
#6687=CARTESIAN_POINT('Ctrl Pts',(117.473028358706,-29.022401856412,-20.7501661715619));
#6688=CARTESIAN_POINT('Ctrl Pts',(117.434890542444,-29.0678442603809,-20.8075902296941));
#6689=CARTESIAN_POINT('',(117.434890542444,-29.0678442603808,-20.8075902296941));
#6690=CARTESIAN_POINT('Origin',(117.027337662608,-28.7815697117579,-20.7634593680619));
#6691=CARTESIAN_POINT('Ctrl Pts',(117.434890542444,-29.0678442603809,-20.8075902296941));
#6692=CARTESIAN_POINT('Ctrl Pts',(117.473028358706,-29.022401856412,-20.7501661715619));
#6693=CARTESIAN_POINT('Ctrl Pts',(117.559793946507,-28.9323633178488,-20.6280606308773));
#6694=CARTESIAN_POINT('Ctrl Pts',(117.815535361304,-28.7294776451587,-20.3051225777318));
#6695=CARTESIAN_POINT('Ctrl Pts',(118.062317866744,-28.5069476779925,-19.9619705017323));
#6696=CARTESIAN_POINT('Ctrl Pts',(118.247872541122,-28.2402988764773,-19.7740752005307));
#6697=CARTESIAN_POINT('Ctrl Pts',(118.248925918439,-28.2388223342074,-19.7730362685767));
#6698=CARTESIAN_POINT('Ctrl Pts',(118.24998,-28.2373267696608,-19.7719890630073));
#6699=CARTESIAN_POINT('Ctrl Pts',(117.02733766262,-29.0683579299254,-20.3538833459116));
#6700=CARTESIAN_POINT('Ctrl Pts',(116.963225986619,-29.2331179053127,-20.4692495226773));
#6701=CARTESIAN_POINT('Ctrl Pts',(116.885271359318,-29.4759477396428,-20.7758577531945));
#6702=CARTESIAN_POINT('Ctrl Pts',(116.837792798935,-29.5193833223798,-21.3412369589929));
#6703=CARTESIAN_POINT('Ctrl Pts',(116.830269013911,-29.3922948641922,-21.6418180809137));
#6704=CARTESIAN_POINT('Ctrl Pts',(116.830782419879,-29.2974514069688,-21.7694589059146));
#6705=CARTESIAN_POINT('Ctrl Pts',(117.119517161854,-29.1164949044617,-20.3875892183498));
#6706=CARTESIAN_POINT('Ctrl Pts',(117.057499857124,-29.2642245665178,-20.5055832815552));
#6707=CARTESIAN_POINT('Ctrl Pts',(116.983623402046,-29.4827819157858,-20.8041934574652));
#6708=CARTESIAN_POINT('Ctrl Pts',(116.940416855593,-29.5157390362603,-21.3516116278965));
#6709=CARTESIAN_POINT('Ctrl Pts',(116.933753097879,-29.390395541298,-21.644196842386));
#6710=CARTESIAN_POINT('Ctrl Pts',(116.934211276189,-29.2978497294061,-21.7689228414774));
#6711=CARTESIAN_POINT('Ctrl Pts',(117.303393311142,-29.1697333625589,-20.5159253527715));
#6712=CARTESIAN_POINT('Ctrl Pts',(117.245685438235,-29.2752569272112,-20.624428425058));
#6713=CARTESIAN_POINT('Ctrl Pts',(117.179983616573,-29.4337694381741,-20.8868462905197));
#6714=CARTESIAN_POINT('Ctrl Pts',(117.145261585273,-29.4406401447026,-21.3616061244576));
#6715=CARTESIAN_POINT('Ctrl Pts',(117.140288570596,-29.3267703719431,-21.6178970274692));
#6716=CARTESIAN_POINT('Ctrl Pts',(117.140637440672,-29.2452651578866,-21.7281892955384));
#6717=CARTESIAN_POINT('Ctrl Pts',(117.411283289754,-29.1161271696616,-20.7123968868274));
#6718=CARTESIAN_POINT('Ctrl Pts',(117.362647446364,-29.182276593271,-20.7916778597355));
#6719=CARTESIAN_POINT('Ctrl Pts',(117.306045487328,-29.2779906759795,-20.9903246514618));
#6720=CARTESIAN_POINT('Ctrl Pts',(117.274706010031,-29.2591659407766,-21.3464533415442));
#6721=CARTESIAN_POINT('Ctrl Pts',(117.270052563383,-29.1683014877323,-21.5393981758555));
#6722=CARTESIAN_POINT('Ctrl Pts',(117.270375963651,-29.1062679445668,-21.623863792163));
#6723=CARTESIAN_POINT('Ctrl Pts',(117.434890542452,-29.0678442603715,-20.8075902296822));
#6724=CARTESIAN_POINT('Ctrl Pts',(117.392149710063,-29.1187713023914,-20.8719450429447));
#6725=CARTESIAN_POINT('Ctrl Pts',(117.340180304998,-29.1870182748346,-21.0381722621938));
#6726=CARTESIAN_POINT('Ctrl Pts',(117.308528142428,-29.1582934698323,-21.3338138027745));
#6727=CARTESIAN_POINT('Ctrl Pts',(117.303512319185,-29.0797985870838,-21.4942965270433));
#6728=CARTESIAN_POINT('Ctrl Pts',(117.303854587548,-29.0278454262692,-21.5653226552655));
#6729=CARTESIAN_POINT('',(116.830782419813,-29.2974514069687,-21.7694589059147));
#6730=CARTESIAN_POINT('',(117.303854587548,-29.0278454262692,-21.5653226552655));
#6731=CARTESIAN_POINT('Origin',(116.830782419879,-28.8961164502644,-21.4712471480526));
#6732=CARTESIAN_POINT('Ctrl Pts',(117.303854587548,-29.0278454262692,-21.5653226552655));
#6733=CARTESIAN_POINT('Ctrl Pts',(117.303512319185,-29.0797985870838,-21.4942965270433));
#6734=CARTESIAN_POINT('Ctrl Pts',(117.308528142428,-29.1582934698323,-21.3338138027745));
#6735=CARTESIAN_POINT('Ctrl Pts',(117.340180304998,-29.1870182748346,-21.0381722621938));
#6736=CARTESIAN_POINT('Ctrl Pts',(117.392149710063,-29.1187713023914,-20.8719450429447));
#6737=CARTESIAN_POINT('Ctrl Pts',(117.434890542452,-29.0678442603715,-20.8075902296822));
#6738=CARTESIAN_POINT('Ctrl Pts',(117.02733766262,-29.0683579299254,-20.3538833459117));
#6739=CARTESIAN_POINT('Ctrl Pts',(116.963225986619,-29.2331179053127,-20.4692495226774));
#6740=CARTESIAN_POINT('Ctrl Pts',(116.916453210238,-29.3788158059107,-20.6532144609876));
#6741=CARTESIAN_POINT('Ctrl Pts',(116.885535327016,-29.4482641159966,-20.8721836606599));
#6742=CARTESIAN_POINT('Ctrl Pts',(116.864923404868,-29.4945629893872,-21.0181631271081));
#6743=CARTESIAN_POINT('Ctrl Pts',(116.851358101901,-29.5069731558835,-21.1797000430505));
#6744=CARTESIAN_POINT('Ctrl Pts',(116.842694504162,-29.4814061245847,-21.3356137815019));
#6745=CARTESIAN_POINT('Ctrl Pts',(116.834030906423,-29.455839093286,-21.4915275199533));
#6746=CARTESIAN_POINT('Ctrl Pts',(116.830269013911,-29.3922948641922,-21.6418180809137));
#6747=CARTESIAN_POINT('Ctrl Pts',(116.830782419879,-29.2974514069688,-21.7694589059146));
#6748=CARTESIAN_POINT('Ctrl Pts',(116.830782419879,-29.2974514009626,-21.7694589139978));
#6749=CARTESIAN_POINT('Ctrl Pts',(116.830846629182,-29.2914382191269,-21.7775514854894));
#6750=CARTESIAN_POINT('Ctrl Pts',(116.83087877508,-29.2854215715284,-21.785641717174));
#6751=CARTESIAN_POINT('Ctrl Pts',(116.83087877508,-29.2794015925385,-21.7937294280455));
#6752=CARTESIAN_POINT('Ctrl Pts',(116.934211276195,-29.2978497238357,-21.7689228489966));
#6753=CARTESIAN_POINT('Ctrl Pts',(116.934262476583,-29.2917037640349,-21.7771940436513));
#6754=CARTESIAN_POINT('Ctrl Pts',(116.934288179773,-29.285554723267,-21.7854628307086));
#6755=CARTESIAN_POINT('Ctrl Pts',(116.934288179773,-29.2794015925385,-21.7937294280455));
#6756=CARTESIAN_POINT('Ctrl Pts',(117.140637439761,-29.2452651529259,-21.7281893000772));
#6757=CARTESIAN_POINT('Ctrl Pts',(117.1406630786,-29.2388815797833,-21.7368134449996));
#6758=CARTESIAN_POINT('Ctrl Pts',(117.140675891121,-29.2324854174046,-21.7454304763351));
#6759=CARTESIAN_POINT('Ctrl Pts',(117.140675891121,-29.226077987716,-21.7540387187953));
#6760=CARTESIAN_POINT('Ctrl Pts',(117.270375963662,-29.1062679432619,-21.6238637939363));
#6761=CARTESIAN_POINT('Ctrl Pts',(117.270405828416,-29.0997809818812,-21.6326997301985));
#6762=CARTESIAN_POINT('Ctrl Pts',(117.270421127532,-29.0932652499435,-21.6415140712325));
#6763=CARTESIAN_POINT('Ctrl Pts',(117.270421127532,-29.0867190422277,-21.6503087589547));
#6764=CARTESIAN_POINT('Ctrl Pts',(117.303854587548,-29.0278454262692,-21.5653226552655));
#6765=CARTESIAN_POINT('Ctrl Pts',(117.303897393465,-29.0213478922385,-21.5742055541345));
#6766=CARTESIAN_POINT('Ctrl Pts',(117.303918823921,-29.0148120195534,-21.5830632207641));
#6767=CARTESIAN_POINT('Ctrl Pts',(117.303918823921,-29.0082393526647,-21.5918934558097));
#6768=CARTESIAN_POINT('',(116.83087877508,-29.2794015925385,-21.7937294280455));
#6769=CARTESIAN_POINT('',(117.303918823921,-29.0082393526647,-21.5918934558097));
#6770=CARTESIAN_POINT('Origin',(116.83087877508,-28.87831389949,-21.4951851893051));
#6771=CARTESIAN_POINT('Ctrl Pts',(117.303918823921,-29.0082393526647,-21.5918934558097));
#6772=CARTESIAN_POINT('Ctrl Pts',(117.303918823921,-29.0148120195534,-21.5830632207641));
#6773=CARTESIAN_POINT('Ctrl Pts',(117.303897393465,-29.0213478922385,-21.5742055541345));
#6774=CARTESIAN_POINT('Ctrl Pts',(117.303854587548,-29.0278454262692,-21.5653226552655));
#6775=CARTESIAN_POINT('Ctrl Pts',(116.830782419879,-29.2974514009626,-21.7694589139978));
#6776=CARTESIAN_POINT('Ctrl Pts',(116.830846629182,-29.2914382191269,-21.7775514854894));
#6777=CARTESIAN_POINT('Ctrl Pts',(116.83087877508,-29.2854215715284,-21.785641717174));
#6778=CARTESIAN_POINT('Ctrl Pts',(116.83087877508,-29.2794015925385,-21.7937294280455));
#6779=CARTESIAN_POINT('Origin',(116.83087877508,0.,0.));
#6780=CARTESIAN_POINT('',(116.83087877508,29.2794015925385,-21.7937294280455));
#6781=CARTESIAN_POINT('',(117.303918823921,29.0082393526647,-21.5918934558097));
#6782=CARTESIAN_POINT('Origin',(116.83087877508,28.87831389949,-21.4951851893052));
#6783=CARTESIAN_POINT('Origin',(117.303918823921,0.,0.));
#6784=CARTESIAN_POINT('Origin',(116.83087877508,0.,0.));
#6785=CARTESIAN_POINT('Ctrl Pts',(116.83087877508,29.2794015925385,-21.7937294280455));
#6786=CARTESIAN_POINT('Ctrl Pts',(116.83087877508,29.291689807152,-21.7772204789135));
#6787=CARTESIAN_POINT('Ctrl Pts',(116.830744652545,29.3039640554641,-21.7607011400945));
#6788=CARTESIAN_POINT('Ctrl Pts',(116.830477845316,29.3162232688465,-21.744172857369));
#6789=CARTESIAN_POINT('Ctrl Pts',(116.934288179773,29.2794015925385,-21.7937294280455));
#6790=CARTESIAN_POINT('Ctrl Pts',(116.934288179773,29.2919616016454,-21.7768553289217));
#6791=CARTESIAN_POINT('Ctrl Pts',(116.934180918853,29.3045053909163,-21.7599709983357));
#6792=CARTESIAN_POINT('Ctrl Pts',(116.93396824589,29.3170337174418,-21.7430801833858));
#6793=CARTESIAN_POINT('Ctrl Pts',(117.140675891121,29.226077987716,-21.7540387187953));
#6794=CARTESIAN_POINT('Ctrl Pts',(117.140675891121,29.2391570817239,-21.7364672403943));
#6795=CARTESIAN_POINT('Ctrl Pts',(117.140622376059,29.2521887443044,-21.7188597381101));
#6796=CARTESIAN_POINT('Ctrl Pts',(117.14051606904,29.2651644071563,-21.7012276327173));
#6797=CARTESIAN_POINT('Ctrl Pts',(117.270421127532,29.0867190422276,-21.6503087589547));
#6798=CARTESIAN_POINT('Ctrl Pts',(117.270421127532,29.1000814153276,-21.6323567012532));
#6799=CARTESIAN_POINT('Ctrl Pts',(117.270357265501,29.1133197458365,-21.6143186162637));
#6800=CARTESIAN_POINT('Ctrl Pts',(117.270233294338,29.1264294262111,-21.5962032968782));
#6801=CARTESIAN_POINT('Ctrl Pts',(117.303918823921,29.0082393526647,-21.5918934558097));
#6802=CARTESIAN_POINT('Ctrl Pts',(117.303918823921,29.0216557352546,-21.5738688375329));
#6803=CARTESIAN_POINT('Ctrl Pts',(117.303829409493,29.0349185757584,-21.5557299602614));
#6804=CARTESIAN_POINT('Ctrl Pts',(117.303651539194,29.0480153865029,-21.5374957755411));
#6805=CARTESIAN_POINT('',(116.830477845316,29.3162232688465,-21.744172857369));
#6806=CARTESIAN_POINT('',(117.303651539194,29.0480153865029,-21.5374957755411));
#6807=CARTESIAN_POINT('Origin',(116.830477845316,28.9146311692733,-21.4463074757612));
#6808=CARTESIAN_POINT('Ctrl Pts',(117.303651539194,29.0480153865029,-21.5374957755411));
#6809=CARTESIAN_POINT('Ctrl Pts',(117.303829409493,29.0349185757584,-21.5557299602614));
#6810=CARTESIAN_POINT('Ctrl Pts',(117.303918823921,29.0216557352546,-21.5738688375329));
#6811=CARTESIAN_POINT('Ctrl Pts',(117.303918823921,29.0082393526647,-21.5918934558097));
#6812=CARTESIAN_POINT('Ctrl Pts',(116.83087877508,29.2794015925385,-21.7937294280455));
#6813=CARTESIAN_POINT('Ctrl Pts',(116.83087877508,29.291689807152,-21.7772204789135));
#6814=CARTESIAN_POINT('Ctrl Pts',(116.830744652545,29.3039640554641,-21.7607011400945));
#6815=CARTESIAN_POINT('Ctrl Pts',(116.830477845316,29.3162232688465,-21.744172857369));
#6816=CARTESIAN_POINT('Ctrl Pts',(116.830477845316,29.3162232688465,-21.744172857369));
#6817=CARTESIAN_POINT('Ctrl Pts',(116.829519895602,29.4030487815872,-21.6271117884732));
#6818=CARTESIAN_POINT('Ctrl Pts',(116.832115384779,29.4637917805251,-21.490699807221));
#6819=CARTESIAN_POINT('Ctrl Pts',(116.838705115355,29.4928282817325,-21.3484748414343));
#6820=CARTESIAN_POINT('Ctrl Pts',(116.93396824589,29.3170337174418,-21.7430801833858));
#6821=CARTESIAN_POINT('Ctrl Pts',(116.933113502026,29.4016746472026,-21.6286329400835));
#6822=CARTESIAN_POINT('Ctrl Pts',(116.935410282275,29.4613607319557,-21.4958643020358));
#6823=CARTESIAN_POINT('Ctrl Pts',(116.941347723492,29.4909641214608,-21.3576057669882));
#6824=CARTESIAN_POINT('Ctrl Pts',(117.140516070979,29.2651644093489,-21.7012276343118));
#6825=CARTESIAN_POINT('Ctrl Pts',(117.139865587916,29.3394954647448,-21.5998862151583));
#6826=CARTESIAN_POINT('Ctrl Pts',(117.141566246113,29.3933736480803,-21.4833270439821));
#6827=CARTESIAN_POINT('Ctrl Pts',(117.146210862668,29.4225615585404,-21.362624679663));
#6828=CARTESIAN_POINT('Ctrl Pts',(117.270233294338,29.1264294262111,-21.5962032968782));
#6829=CARTESIAN_POINT('Ctrl Pts',(117.269630134191,29.1827453753471,-21.5184427705444));
#6830=CARTESIAN_POINT('Ctrl Pts',(117.271237013121,29.2252451746977,-21.4304566932791));
#6831=CARTESIAN_POINT('Ctrl Pts',(117.27548576699,29.251009928537,-21.339580304056));
#6832=CARTESIAN_POINT('Ctrl Pts',(117.303651539194,29.0480153865029,-21.5374957755411));
#6833=CARTESIAN_POINT('Ctrl Pts',(117.303012910308,29.0950384232149,-21.4720274142554));
#6834=CARTESIAN_POINT('Ctrl Pts',(117.30474322489,29.1314895913368,-21.398680674752));
#6835=CARTESIAN_POINT('Ctrl Pts',(117.30913634932,29.1549980068847,-21.3230968848233));
#6836=CARTESIAN_POINT('Ctrl Pts',(116.830477845316,29.3162232688465,-21.744172857369));
#6837=CARTESIAN_POINT('Ctrl Pts',(116.829519895602,29.4030487815872,-21.6271117884732));
#6838=CARTESIAN_POINT('Ctrl Pts',(116.832115384779,29.4637917805251,-21.490699807221));
#6839=CARTESIAN_POINT('Ctrl Pts',(116.838705115355,29.4928282817325,-21.3484748414343));
#6840=CARTESIAN_POINT('Ctrl Pts',(117.30913634932,29.1549980068847,-21.3230968848233));
#6841=CARTESIAN_POINT('Ctrl Pts',(117.30474322489,29.1314895913368,-21.398680674752));
#6842=CARTESIAN_POINT('Ctrl Pts',(117.303012910308,29.0950384232149,-21.4720274142554));
#6843=CARTESIAN_POINT('Ctrl Pts',(117.303651539194,29.0480153865029,-21.5374957755411));
#6844=CARTESIAN_POINT('Ctrl Pts',(118.232585628894,25.1169727090913,-16.4056929066197));
#6845=CARTESIAN_POINT('Ctrl Pts',(118.20633560326,25.1033516006128,-16.4273818111077));
#6846=CARTESIAN_POINT('Ctrl Pts',(118.185507868646,25.0671176415722,-16.4908265277488));
#6847=CARTESIAN_POINT('Ctrl Pts',(118.151694892897,25.0108914463486,-16.6212898666123));
#6848=CARTESIAN_POINT('Ctrl Pts',(118.125467561687,24.966255202308,-16.7988432900871));
#6849=CARTESIAN_POINT('Ctrl Pts',(118.076428496086,24.9523220113129,-17.2389491880463));
#6850=CARTESIAN_POINT('Ctrl Pts',(118.062923440689,25.1502872957955,-17.5888731136977));
#6851=CARTESIAN_POINT('Ctrl Pts',(118.06202977522,25.3907199736729,-17.7570171153657));
#6852=CARTESIAN_POINT('Ctrl Pts',(118.229687108781,25.1186402797163,-16.403232082727));
#6853=CARTESIAN_POINT('Ctrl Pts',(118.19906377914,25.1050838447454,-16.4249611078667));
#6854=CARTESIAN_POINT('Ctrl Pts',(118.17477492337,25.0690414724528,-16.4885050782647));
#6855=CARTESIAN_POINT('Ctrl Pts',(118.135359350761,25.013230022023,-16.6190718447676));
#6856=CARTESIAN_POINT('Ctrl Pts',(118.10481632877,24.9691291788208,-16.7965857206938));
#6857=CARTESIAN_POINT('Ctrl Pts',(118.047760639894,24.9563991578811,-17.2360404407181));
#6858=CARTESIAN_POINT('Ctrl Pts',(118.032115595206,25.1543073873769,-17.5844909458964));
#6859=CARTESIAN_POINT('Ctrl Pts',(118.031078312466,25.3940372179904,-17.7521092127681));
#6860=CARTESIAN_POINT('Ctrl Pts',(118.226787689097,25.1202645585629,-16.4007429818976));
#6861=CARTESIAN_POINT('Ctrl Pts',(118.191788373845,25.1067083716808,-16.4224716287148));
#6862=CARTESIAN_POINT('Ctrl Pts',(118.164023039647,25.0706667061863,-16.4860145212412));
#6863=CARTESIAN_POINT('Ctrl Pts',(118.118955360772,25.0148566144139,-16.6165792156502));
#6864=CARTESIAN_POINT('Ctrl Pts',(118.084013243863,24.9707574531476,-16.7940905247414));
#6865=CARTESIAN_POINT('Ctrl Pts',(118.018705992759,24.9580310953169,-17.233539647971));
#6866=CARTESIAN_POINT('Ctrl Pts',(118.000754768831,25.1559411217469,-17.5819873786046));
#6867=CARTESIAN_POINT('Ctrl Pts',(117.999565882958,25.3956710344754,-17.7496054978975));
#6868=CARTESIAN_POINT('Ctrl Pts',(118.223888269394,25.1218450416943,-16.3982263763817));
#6869=CARTESIAN_POINT('Ctrl Pts',(118.184512968437,25.108223935779,-16.4199152825131));
#6870=CARTESIAN_POINT('Ctrl Pts',(118.153271158235,25.0719899843464,-16.483360003239));
#6871=CARTESIAN_POINT('Ctrl Pts',(118.102551356475,25.0157638057066,-16.6138233465046));
#6872=CARTESIAN_POINT('Ctrl Pts',(118.063210097381,24.9711275832146,-16.7913767687053));
#6873=CARTESIAN_POINT('Ctrl Pts',(117.989651008579,24.9571944412457,-17.2314826411451));
#6874=CARTESIAN_POINT('Ctrl Pts',(117.969393290431,25.1551597241226,-17.5814065068724));
#6875=CARTESIAN_POINT('Ctrl Pts',(117.96805278329,25.3955923735806,-17.749550487249));
#6876=CARTESIAN_POINT('',(118.223888269394,25.1218450416943,-16.3982263763817));
#6877=CARTESIAN_POINT('Ctrl Pts',(117.96805278329,25.3955923735806,-17.749550487249));
#6878=CARTESIAN_POINT('Ctrl Pts',(117.969393290431,25.1551597241226,-17.5814065068724));
#6879=CARTESIAN_POINT('Ctrl Pts',(117.989651008579,24.9571944412457,-17.2314826411451));
#6880=CARTESIAN_POINT('Ctrl Pts',(118.063210097381,24.9711275832146,-16.7913767687053));
#6881=CARTESIAN_POINT('Ctrl Pts',(118.102551356475,25.0157638057066,-16.6138233465046));
#6882=CARTESIAN_POINT('Ctrl Pts',(118.153271158235,25.0719899843464,-16.483360003239));
#6883=CARTESIAN_POINT('Ctrl Pts',(118.184512968437,25.108223935779,-16.4199152825131));
#6884=CARTESIAN_POINT('Ctrl Pts',(118.223888269394,25.1218450416943,-16.3982263763817));
#6885=CARTESIAN_POINT('',(118.232585628894,25.1169727091038,-16.4056929066007));
#6886=CARTESIAN_POINT('Origin',(118.223888269394,24.6984219445561,-16.132307439843));
#6887=CARTESIAN_POINT('Ctrl Pts',(118.232585628894,25.1169727090913,-16.4056929066197));
#6888=CARTESIAN_POINT('Ctrl Pts',(118.20633560326,25.1033516006128,-16.4273818111077));
#6889=CARTESIAN_POINT('Ctrl Pts',(118.185507868646,25.0671176415722,-16.4908265277488));
#6890=CARTESIAN_POINT('Ctrl Pts',(118.151694892897,25.0108914463486,-16.6212898666123));
#6891=CARTESIAN_POINT('Ctrl Pts',(118.125467561687,24.966255202308,-16.7988432900871));
#6892=CARTESIAN_POINT('Ctrl Pts',(118.076428496086,24.9523220113129,-17.2389491880463));
#6893=CARTESIAN_POINT('Ctrl Pts',(118.062923440689,25.1502872957955,-17.5888731136977));
#6894=CARTESIAN_POINT('Ctrl Pts',(118.06202977522,25.3907199736729,-17.7570171153657));
#6895=CARTESIAN_POINT('Ctrl Pts',(118.24998,25.1309915186814,-16.3839331446378));
#6896=CARTESIAN_POINT('Ctrl Pts',(118.248865547592,25.1300858175955,-16.3853223816487));
#6897=CARTESIAN_POINT('Ctrl Pts',(118.247751093507,25.1291815606194,-16.3867125631155));
#6898=CARTESIAN_POINT('Ctrl Pts',(118.241952857121,25.1244844492274,-16.3939502465879));
#6899=CARTESIAN_POINT('Ctrl Pts',(118.237269072969,25.1207156780917,-16.3998134568001));
#6900=CARTESIAN_POINT('Ctrl Pts',(118.23258562892,25.1169727090993,-16.4056929066066));
#6901=CARTESIAN_POINT('Ctrl Pts',(118.24998,25.1309915186814,-16.3839331446378));
#6902=CARTESIAN_POINT('Ctrl Pts',(118.24867980181,25.1301898054756,-16.3851628766436));
#6903=CARTESIAN_POINT('Ctrl Pts',(118.247379601662,25.1293900833003,-16.3863939093244));
#6904=CARTESIAN_POINT('Ctrl Pts',(118.240614995372,25.1252396901761,-16.3928054261767));
#6905=CARTESIAN_POINT('Ctrl Pts',(118.235150658027,25.121922229371,-16.3980075329068));
#6906=CARTESIAN_POINT('Ctrl Pts',(118.229687108811,25.1186402797262,-16.4032320827111));
#6907=CARTESIAN_POINT('Ctrl Pts',(118.24998,25.1309915186814,-16.3839331446378));
#6908=CARTESIAN_POINT('Ctrl Pts',(118.248494056027,25.1302937933792,-16.3850033716543));
#6909=CARTESIAN_POINT('Ctrl Pts',(118.247008109817,25.1295980724904,-16.386074907728));
#6910=CARTESIAN_POINT('Ctrl Pts',(118.239277100391,25.1259888478431,-16.3916566378571));
#6911=CARTESIAN_POINT('Ctrl Pts',(118.233032070182,25.1231087939546,-16.3961885686145));
#6912=CARTESIAN_POINT('Ctrl Pts',(118.226787689131,25.1202645585747,-16.4007429818788));
#6913=CARTESIAN_POINT('Ctrl Pts',(118.24998,25.1309915186814,-16.3839331446378));
#6914=CARTESIAN_POINT('Ctrl Pts',(118.248308310244,25.1303977813031,-16.384843866678));
#6915=CARTESIAN_POINT('Ctrl Pts',(118.246636617972,25.1298055281933,-16.3857555583294));
#6916=CARTESIAN_POINT('Ctrl Pts',(118.237939205408,25.1267319036041,-16.390503910151));
#6917=CARTESIAN_POINT('Ctrl Pts',(118.230913482342,25.1242752750406,-16.3943567124023));
#6918=CARTESIAN_POINT('Ctrl Pts',(118.223888269433,25.121845041708,-16.39822637636));
#6919=CARTESIAN_POINT('',(118.24998,25.1309915186814,-16.3839331446378));
#6920=CARTESIAN_POINT('Ctrl Pts',(118.223888269433,25.121845041708,-16.39822637636));
#6921=CARTESIAN_POINT('Ctrl Pts',(118.230913482342,25.1242752750406,-16.3943567124023));
#6922=CARTESIAN_POINT('Ctrl Pts',(118.237939205408,25.1267319036041,-16.390503910151));
#6923=CARTESIAN_POINT('Ctrl Pts',(118.246636617972,25.1298055281933,-16.3857555583294));
#6924=CARTESIAN_POINT('Ctrl Pts',(118.248308310244,25.1303977813031,-16.384843866678));
#6925=CARTESIAN_POINT('Ctrl Pts',(118.24998,25.1309915186814,-16.3839331446378));
#6926=CARTESIAN_POINT('Ctrl Pts',(118.24998,25.1309915186814,-16.3839331446378));
#6927=CARTESIAN_POINT('Ctrl Pts',(118.248865547592,25.1300858175955,-16.3853223816487));
#6928=CARTESIAN_POINT('Ctrl Pts',(118.247751093507,25.1291815606194,-16.3867125631155));
#6929=CARTESIAN_POINT('Ctrl Pts',(118.241952857121,25.1244844492274,-16.3939502465879));
#6930=CARTESIAN_POINT('Ctrl Pts',(118.237269072969,25.1207156780917,-16.3998134568001));
#6931=CARTESIAN_POINT('Ctrl Pts',(118.23258562892,25.1169727090993,-16.4056929066066));
#6932=CARTESIAN_POINT('Origin',(118.24998,-27.6637503333098,-20.5911411072963));
#6933=CARTESIAN_POINT('',(118.24998,-28.4659257194067,-21.188229584777));
#6934=CARTESIAN_POINT('Origin',(118.24998,-29.2680850619959,-21.7853061204881));
#6935=CARTESIAN_POINT('Origin',(118.24998,-27.6637503333098,-20.5911411072963));
#6936=CARTESIAN_POINT('Origin',(118.24998,0.,0.));
#6937=CARTESIAN_POINT('',(118.24998,28.4659257194067,-21.188229584777));
#6938=CARTESIAN_POINT('Origin',(118.24998,29.2680850619959,-21.7853061204882));
#6939=CARTESIAN_POINT('Origin',(118.24998,0.,0.));
#6940=CARTESIAN_POINT('Origin',(118.24998,27.6637503333098,-20.5911411072963));
#6941=CARTESIAN_POINT('',(118.24998,28.56144443692,-21.0317603265133));
#6942=CARTESIAN_POINT('Origin',(118.24998,29.4591205866482,-21.472370733346));
#6943=CARTESIAN_POINT('Origin',(118.24998,27.6637503333098,-20.5911411072963));
#6944=CARTESIAN_POINT('Origin',(118.24998,27.6637503333098,-20.5911411072963));
#6945=CARTESIAN_POINT('',(118.24998,28.2373267696608,-19.7719890630073));
#6946=CARTESIAN_POINT('Origin',(118.24998,28.8108917344831,-18.9528534017592));
#6947=CARTESIAN_POINT('Origin',(118.24998,27.6637503333098,-20.5911411072963));
#6948=CARTESIAN_POINT('Origin',(118.24998,18.9795759319884,-12.0688919663322));
#6949=CARTESIAN_POINT('',(118.24998,25.3804978043442,-17.7716158861168));
#6950=CARTESIAN_POINT('Origin',(118.24998,25.9540627691665,-16.9524802248687));
#6951=CARTESIAN_POINT('',(118.24998,18.4060109671661,-12.8880276275803));
#6952=CARTESIAN_POINT('Ctrl Pts',(118.06202977522,25.1317669599401,-16.4153560908599));
#6953=CARTESIAN_POINT('Ctrl Pts',(118.06202977522,24.6117146162856,-17.2115516918175));
#6954=CARTESIAN_POINT('Ctrl Pts',(118.06202977522,25.3907199736729,-17.7570171153657));
#6955=CARTESIAN_POINT('Ctrl Pts',(118.155159938226,25.1168460393825,-16.4056101695108));
#6956=CARTESIAN_POINT('Ctrl Pts',(118.155159938226,24.5873572479584,-17.2162528896758));
#6957=CARTESIAN_POINT('Ctrl Pts',(118.155159938226,25.3804978043443,-17.7716158861169));
#6958=CARTESIAN_POINT('Ctrl Pts',(118.24998,25.1168460393825,-16.4056101695108));
#6959=CARTESIAN_POINT('Ctrl Pts',(118.24998,24.5873572479584,-17.2162528896758));
#6960=CARTESIAN_POINT('Ctrl Pts',(118.24998,25.3804978043443,-17.7716158861169));
#6961=CARTESIAN_POINT('',(118.24998,25.1168460393825,-16.4056101695108));
#6962=CARTESIAN_POINT('Origin',(118.24998,25.9540574961312,-16.9524529047544));
#6963=CARTESIAN_POINT('Origin',(118.24998,25.9540742406952,-16.9524638418278));
#6964=CARTESIAN_POINT('Ctrl Pts',(137.,-27.8391205459256,-19.4931620633859));
#6965=CARTESIAN_POINT('Ctrl Pts',(136.998418853922,-27.8398683294393,-19.4936856670392));
#6966=CARTESIAN_POINT('Ctrl Pts',(136.99683841163,-27.8406158788023,-19.4942091067383));
#6967=CARTESIAN_POINT('Ctrl Pts',(136.749325945642,-27.9576578393568,-19.5761627698053));
#6968=CARTESIAN_POINT('Ctrl Pts',(136.379960716963,-28.1349047867305,-19.7002724184811));
#6969=CARTESIAN_POINT('Ctrl Pts',(135.855178094952,-28.5333846131492,-19.9792909967639));
#6970=CARTESIAN_POINT('Ctrl Pts',(135.634868054541,-28.8442349254858,-20.1969507287169));
#6971=CARTESIAN_POINT('Ctrl Pts',(135.559496922089,-29.0683579299111,-20.3538833459017));
#6972=CARTESIAN_POINT('Ctrl Pts',(137.,-27.8391205459256,-19.4931620633859));
#6973=CARTESIAN_POINT('Ctrl Pts',(136.998573178916,-27.8401557568179,-19.4938869258563));
#6974=CARTESIAN_POINT('Ctrl Pts',(136.9972105305,-27.8410773610685,-19.4945322400998));
#6975=CARTESIAN_POINT('Ctrl Pts',(136.776588803938,-27.9981502940842,-19.604515891846));
#6976=CARTESIAN_POINT('Ctrl Pts',(136.451229482467,-28.2289856209397,-19.7661485277955));
#6977=CARTESIAN_POINT('Ctrl Pts',(136.018640347706,-28.6464729169277,-20.058476279553));
#6978=CARTESIAN_POINT('Ctrl Pts',(135.850750839636,-28.928854341309,-20.2562018815552));
#6979=CARTESIAN_POINT('Ctrl Pts',(135.79771269372,-29.1221128419272,-20.3915229405112));
#6980=CARTESIAN_POINT('Ctrl Pts',(137.,-27.8391205459256,-19.4931620633859));
#6981=CARTESIAN_POINT('Ctrl Pts',(136.998715819896,-27.8401758859971,-19.4938641986311));
#6982=CARTESIAN_POINT('Ctrl Pts',(136.997593728816,-27.8417881920328,-19.4950658149846));
#6983=CARTESIAN_POINT('Ctrl Pts',(136.803610774544,-28.0329066610669,-19.6295491352336));
#6984=CARTESIAN_POINT('Ctrl Pts',(136.523132961963,-28.2957297387786,-19.8699526850539));
#6985=CARTESIAN_POINT('Ctrl Pts',(136.177463733369,-28.669650010031,-20.2511735305005));
#6986=CARTESIAN_POINT('Ctrl Pts',(136.054243484176,-28.898518897587,-20.4648595383768));
#6987=CARTESIAN_POINT('Ctrl Pts',(136.018666740429,-29.0516365762717,-20.5982926337823));
#6988=CARTESIAN_POINT('Ctrl Pts',(137.,-27.8391205459256,-19.4931620633859));
#6989=CARTESIAN_POINT('Ctrl Pts',(136.998945902613,-27.840616112954,-19.4942092706931));
#6990=CARTESIAN_POINT('Ctrl Pts',(136.99789227442,-27.8420979231633,-19.4952529999218));
#6991=CARTESIAN_POINT('Ctrl Pts',(136.83288396376,-28.0781182854796,-19.6613224461193));
#6992=CARTESIAN_POINT('Ctrl Pts',(136.586640477975,-28.3173444265752,-19.9980895449608));
#6993=CARTESIAN_POINT('Ctrl Pts',(136.236785396634,-28.5859716452819,-20.4406860858299));
#6994=CARTESIAN_POINT('Ctrl Pts',(136.08991203636,-28.7761839604899,-20.6636654159641));
#6995=CARTESIAN_POINT('Ctrl Pts',(136.039664614726,-28.9152019847293,-20.8032262206032));
#6996=CARTESIAN_POINT('',(136.039664614726,-28.9152019847293,-20.8032262206032));
#6997=CARTESIAN_POINT('Origin',(135.559496922089,-28.7815697117356,-20.7634593680462));
#6998=CARTESIAN_POINT('Ctrl Pts',(136.039664614726,-28.9152019847293,-20.8032262206032));
#6999=CARTESIAN_POINT('Ctrl Pts',(136.08991203636,-28.7761839604899,-20.6636654159641));
#7000=CARTESIAN_POINT('Ctrl Pts',(136.236785396634,-28.5859716452819,-20.4406860858299));
#7001=CARTESIAN_POINT('Ctrl Pts',(136.586640477975,-28.3173444265752,-19.9980895449608));
#7002=CARTESIAN_POINT('Ctrl Pts',(136.83288396376,-28.0781182854796,-19.6613224461193));
#7003=CARTESIAN_POINT('Ctrl Pts',(136.99789227442,-27.8420979231633,-19.4952529999218));
#7004=CARTESIAN_POINT('Ctrl Pts',(136.998945902613,-27.840616112954,-19.4942092706931));
#7005=CARTESIAN_POINT('Ctrl Pts',(137.,-27.8391205459256,-19.4931620633859));
#7006=CARTESIAN_POINT('Ctrl Pts',(136.,-28.9201843964977,-21.4357755092706));
#7007=CARTESIAN_POINT('Ctrl Pts',(136.,-28.9786348314402,-21.3441150077963));
#7008=CARTESIAN_POINT('Ctrl Pts',(135.999214027305,-29.0364305284302,-21.1674744825436));
#7009=CARTESIAN_POINT('Ctrl Pts',(136.009062619317,-29.008725279873,-20.9372476378515));
#7010=CARTESIAN_POINT('Ctrl Pts',(136.026826056825,-28.9507220352203,-20.8388849551772));
#7011=CARTESIAN_POINT('Ctrl Pts',(136.039664614726,-28.9152019847293,-20.8032262206032));
#7012=CARTESIAN_POINT('Ctrl Pts',(135.999999999999,-29.0315546160541,-21.5045607115956));
#7013=CARTESIAN_POINT('Ctrl Pts',(135.99958124217,-29.1047745664465,-21.3884921424551));
#7014=CARTESIAN_POINT('Ctrl Pts',(135.993699477606,-29.1701904069839,-21.1622909983035));
#7015=CARTESIAN_POINT('Ctrl Pts',(135.99573213999,-29.115509655871,-20.8718351140417));
#7016=CARTESIAN_POINT('Ctrl Pts',(136.013971299293,-29.0321697691956,-20.7474486125876));
#7017=CARTESIAN_POINT('Ctrl Pts',(136.029165677577,-28.9834192805005,-20.7007594271927));
#7018=CARTESIAN_POINT('Ctrl Pts',(135.891490930049,-29.2532671527298,-21.6414962564294));
#7019=CARTESIAN_POINT('Ctrl Pts',(135.890724839306,-29.3554931589365,-21.4768525956604));
#7020=CARTESIAN_POINT('Ctrl Pts',(135.880179790165,-29.4329012184815,-21.1497425798727));
#7021=CARTESIAN_POINT('Ctrl Pts',(135.877097877433,-29.3151070479167,-20.7365883932822));
#7022=CARTESIAN_POINT('Ctrl Pts',(135.897477244958,-29.173801428877,-20.5585431496584));
#7023=CARTESIAN_POINT('Ctrl Pts',(135.915960224364,-29.0936783332118,-20.4889232011525));
#7024=CARTESIAN_POINT('Ctrl Pts',(135.630899693899,-29.3455872994322,-21.6985156283484));
#7025=CARTESIAN_POINT('Ctrl Pts',(135.630636436013,-29.4600012580894,-21.5132516494125));
#7026=CARTESIAN_POINT('Ctrl Pts',(135.626297047978,-29.5438276078881,-21.1424453502587));
#7027=CARTESIAN_POINT('Ctrl Pts',(135.634989104072,-29.3874463910104,-20.6605855699621));
#7028=CARTESIAN_POINT('Ctrl Pts',(135.659576547349,-29.2014955924557,-20.4527695935614));
#7029=CARTESIAN_POINT('Ctrl Pts',(135.678604807904,-29.0952353859192,-20.3727031432065));
#7030=CARTESIAN_POINT('Ctrl Pts',(135.5,-29.3455872994322,-21.6985156283484));
#7031=CARTESIAN_POINT('Ctrl Pts',(135.5,-29.4598975854693,-21.5134356805805));
#7032=CARTESIAN_POINT('Ctrl Pts',(135.498821040957,-29.5451510030016,-21.1413058192538));
#7033=CARTESIAN_POINT('Ctrl Pts',(135.513593928975,-29.3823807900223,-20.6476908601992));
#7034=CARTESIAN_POINT('Ctrl Pts',(135.540239085238,-29.1828878331657,-20.434078047511));
#7035=CARTESIAN_POINT('Ctrl Pts',(135.559496922089,-29.0683579299111,-20.3538833459017));
#7036=CARTESIAN_POINT('',(135.5,-29.3455872994322,-21.6985156283484));
#7037=CARTESIAN_POINT('Ctrl Pts',(135.559496922089,-29.0683579299111,-20.3538833459017));
#7038=CARTESIAN_POINT('Ctrl Pts',(135.540239085238,-29.1828878331657,-20.434078047511));
#7039=CARTESIAN_POINT('Ctrl Pts',(135.513593928975,-29.3823807900223,-20.6476908601992));
#7040=CARTESIAN_POINT('Ctrl Pts',(135.498821040957,-29.5451510030016,-21.1413058192538));
#7041=CARTESIAN_POINT('Ctrl Pts',(135.5,-29.4598975854693,-21.5134356805805));
#7042=CARTESIAN_POINT('Ctrl Pts',(135.5,-29.3455872994322,-21.6985156283484));
#7043=CARTESIAN_POINT('',(136.,-28.9201843964993,-21.4357755092717));
#7044=CARTESIAN_POINT('Origin',(135.5,-28.9201843964961,-21.4357755092696));
#7045=CARTESIAN_POINT('Ctrl Pts',(136.,-28.9201843964977,-21.4357755092706));
#7046=CARTESIAN_POINT('Ctrl Pts',(136.,-28.9786348314402,-21.3441150077963));
#7047=CARTESIAN_POINT('Ctrl Pts',(135.999214027305,-29.0364305284302,-21.1674744825436));
#7048=CARTESIAN_POINT('Ctrl Pts',(136.009062619317,-29.008725279873,-20.9372476378515));
#7049=CARTESIAN_POINT('Ctrl Pts',(136.026826056825,-28.9507220352203,-20.8388849551772));
#7050=CARTESIAN_POINT('Ctrl Pts',(136.039664614726,-28.9152019847293,-20.8032262206032));
#7051=CARTESIAN_POINT('Ctrl Pts',(135.5,-29.3455872994322,-21.6985156283484));
#7052=CARTESIAN_POINT('Ctrl Pts',(135.5,-29.323041277833,-21.7350199241963));
#7053=CARTESIAN_POINT('Ctrl Pts',(135.5,-29.2974513947871,-21.7694589223088));
#7054=CARTESIAN_POINT('Ctrl Pts',(136.,-29.3455872994322,-21.6985156283484));
#7055=CARTESIAN_POINT('Ctrl Pts',(136.,-29.323041277833,-21.7350199241963));
#7056=CARTESIAN_POINT('Ctrl Pts',(136.,-29.2974513947871,-21.7694589223088));
#7057=CARTESIAN_POINT('Ctrl Pts',(136.,-28.9201843964961,-21.4357755092696));
#7058=CARTESIAN_POINT('Ctrl Pts',(136.,-28.9089113856965,-21.4540276571935));
#7059=CARTESIAN_POINT('Ctrl Pts',(136.,-28.8961164441736,-21.4712471562497));
#7060=CARTESIAN_POINT('',(135.5,-29.2974513947871,-21.7694589223088));
#7061=CARTESIAN_POINT('',(136.,-28.8961164441736,-21.4712471562498));
#7062=CARTESIAN_POINT('Origin',(135.5,-28.8961164441736,-21.4712471562498));
#7063=CARTESIAN_POINT('Origin',(136.,-28.49478149356,-21.1730353901907));
#7064=CARTESIAN_POINT('Origin',(135.5,-28.49478149356,-21.1730353901907));
#7065=CARTESIAN_POINT('Origin',(135.5,0.,0.));
#7066=CARTESIAN_POINT('',(135.5,29.2974513947871,-21.7694589223088));
#7067=CARTESIAN_POINT('',(136.,28.8961164441736,-21.4712471562497));
#7068=CARTESIAN_POINT('Origin',(135.5,28.8961164441736,-21.4712471562497));
#7069=CARTESIAN_POINT('',(136.,28.8693996454318,-21.5071561140087));
#7070=CARTESIAN_POINT('Origin',(136.,0.,0.));
#7071=CARTESIAN_POINT('',(136.,-28.8693996454318,-21.5071561140087));
#7072=CARTESIAN_POINT('Origin',(136.,0.,0.));
#7073=CARTESIAN_POINT('Origin',(136.,0.,0.));
#7074=CARTESIAN_POINT('Origin',(135.5,0.,0.));
#7075=CARTESIAN_POINT('Ctrl Pts',(135.5,29.2974513947871,-21.7694589223088));
#7076=CARTESIAN_POINT('Ctrl Pts',(135.5,29.3230412777539,-21.7350199243027));
#7077=CARTESIAN_POINT('Ctrl Pts',(135.5,29.3455872992931,-21.6985156285736));
#7078=CARTESIAN_POINT('Ctrl Pts',(136.,29.2974513947871,-21.7694589223088));
#7079=CARTESIAN_POINT('Ctrl Pts',(136.,29.3230412777539,-21.7350199243027));
#7080=CARTESIAN_POINT('Ctrl Pts',(136.,29.3455872992931,-21.6985156285736));
#7081=CARTESIAN_POINT('Ctrl Pts',(136.,28.8961164441736,-21.4712471562497));
#7082=CARTESIAN_POINT('Ctrl Pts',(136.,28.908911385657,-21.4540276572467));
#7083=CARTESIAN_POINT('Ctrl Pts',(136.,28.9201843964266,-21.4357755093822));
#7084=CARTESIAN_POINT('',(135.5,29.3455872992931,-21.6985156285736));
#7085=CARTESIAN_POINT('',(136.,28.9201843964266,-21.4357755093822));
#7086=CARTESIAN_POINT('Origin',(135.5,28.9201843964266,-21.4357755093822));
#7087=CARTESIAN_POINT('Origin',(136.,28.4947814935601,-21.1730353901907));
#7088=CARTESIAN_POINT('Origin',(135.5,28.4947814935601,-21.1730353901907));
#7089=CARTESIAN_POINT('Ctrl Pts',(136.039664614726,28.9152019847293,-20.8032262206032));
#7090=CARTESIAN_POINT('Ctrl Pts',(136.026825823253,28.9507226814384,-20.8388856039183));
#7091=CARTESIAN_POINT('Ctrl Pts',(136.009063594908,29.0087213537833,-20.9372390172288));
#7092=CARTESIAN_POINT('Ctrl Pts',(135.999213375177,29.0364333687465,-21.1674707414048));
#7093=CARTESIAN_POINT('Ctrl Pts',(136.,28.9786358947792,-21.344113340335));
#7094=CARTESIAN_POINT('Ctrl Pts',(136.,28.9201843964266,-21.4357755093822));
#7095=CARTESIAN_POINT('Ctrl Pts',(136.029165677577,28.9834192805005,-20.7007594271927));
#7096=CARTESIAN_POINT('Ctrl Pts',(136.013971022861,29.0321706561157,-20.7474494620063));
#7097=CARTESIAN_POINT('Ctrl Pts',(135.995732941369,29.1155037884284,-20.8718243017429));
#7098=CARTESIAN_POINT('Ctrl Pts',(135.993698502736,29.1701938478443,-21.1622862514608));
#7099=CARTESIAN_POINT('Ctrl Pts',(135.999581234554,29.1047758984776,-21.3884900309707));
#7100=CARTESIAN_POINT('Ctrl Pts',(136.,29.031554615965,-21.5045607117368));
#7101=CARTESIAN_POINT('Ctrl Pts',(135.915960224364,29.0936783332118,-20.4889232011525));
#7102=CARTESIAN_POINT('Ctrl Pts',(135.897476908697,29.1738028865605,-20.5585444162576));
#7103=CARTESIAN_POINT('Ctrl Pts',(135.877098653468,29.3150967880986,-20.7365731033191));
#7104=CARTESIAN_POINT('Ctrl Pts',(135.880178482935,29.432905943657,-21.1497358074927));
#7105=CARTESIAN_POINT('Ctrl Pts',(135.890724825373,29.3554950186571,-21.4768496005159));
#7106=CARTESIAN_POINT('Ctrl Pts',(135.89149093005,29.2532671526053,-21.6414962566299));
#7107=CARTESIAN_POINT('Ctrl Pts',(135.678604807904,29.0952353859191,-20.3727031432065));
#7108=CARTESIAN_POINT('Ctrl Pts',(135.659576201167,29.2014975256529,-20.4527710502143));
#7109=CARTESIAN_POINT('Ctrl Pts',(135.634990335092,29.3874331027988,-20.6605675350967));
#7110=CARTESIAN_POINT('Ctrl Pts',(135.626295955045,29.543833588812,-21.1424376108259));
#7111=CARTESIAN_POINT('Ctrl Pts',(135.630636431225,29.4600033395384,-21.5132482791509));
#7112=CARTESIAN_POINT('Ctrl Pts',(135.6308996939,29.3455872992931,-21.6985156285737));
#7113=CARTESIAN_POINT('Ctrl Pts',(135.559496922089,29.0683579299111,-20.3538833459017));
#7114=CARTESIAN_POINT('Ctrl Pts',(135.540238734879,29.1828899168139,-20.4340795064972));
#7115=CARTESIAN_POINT('Ctrl Pts',(135.513595392362,29.3823667559789,-20.6476722166081));
#7116=CARTESIAN_POINT('Ctrl Pts',(135.498820062766,29.5451575026713,-21.1412980128733));
#7117=CARTESIAN_POINT('Ctrl Pts',(135.5,29.459899665032,-21.5134323136672));
#7118=CARTESIAN_POINT('Ctrl Pts',(135.5,29.3455872992931,-21.6985156285737));
#7119=CARTESIAN_POINT('',(135.559496922089,29.0683579299111,-20.3538833459017));
#7120=CARTESIAN_POINT('Ctrl Pts',(135.5,29.3455872992931,-21.6985156285737));
#7121=CARTESIAN_POINT('Ctrl Pts',(135.5,29.459899665032,-21.5134323136672));
#7122=CARTESIAN_POINT('Ctrl Pts',(135.498820062766,29.5451575026713,-21.1412980128733));
#7123=CARTESIAN_POINT('Ctrl Pts',(135.513595392362,29.3823667559789,-20.6476722166081));
#7124=CARTESIAN_POINT('Ctrl Pts',(135.540238734879,29.1828899168139,-20.4340795064972));
#7125=CARTESIAN_POINT('Ctrl Pts',(135.559496922089,29.0683579299111,-20.3538833459017));
#7126=CARTESIAN_POINT('',(136.039664614726,28.9152019847293,-20.8032262206032));
#7127=CARTESIAN_POINT('Origin',(135.559496922089,28.7815697117356,-20.7634593680462));
#7128=CARTESIAN_POINT('Ctrl Pts',(136.039664614726,28.9152019847293,-20.8032262206032));
#7129=CARTESIAN_POINT('Ctrl Pts',(136.026825823253,28.9507226814384,-20.8388856039183));
#7130=CARTESIAN_POINT('Ctrl Pts',(136.009063594908,29.0087213537833,-20.9372390172288));
#7131=CARTESIAN_POINT('Ctrl Pts',(135.999213375177,29.0364333687465,-21.1674707414048));
#7132=CARTESIAN_POINT('Ctrl Pts',(136.,28.9786358947792,-21.344113340335));
#7133=CARTESIAN_POINT('Ctrl Pts',(136.,28.9201843964266,-21.4357755093822));
#7134=CARTESIAN_POINT('Ctrl Pts',(137.,27.8391205459255,-19.4931620633859));
#7135=CARTESIAN_POINT('Ctrl Pts',(136.998945902615,27.8406161129549,-19.4942092706937));
#7136=CARTESIAN_POINT('Ctrl Pts',(136.997891749218,27.8421095316899,-19.4952596704632));
#7137=CARTESIAN_POINT('Ctrl Pts',(136.914919698917,27.9595647312498,-19.5780719928255));
#7138=CARTESIAN_POINT('Ctrl Pts',(136.750525180298,28.1650788356786,-19.7773766644639));
#7139=CARTESIAN_POINT('Ctrl Pts',(136.516898342051,28.3693826571245,-20.0852873724828));
#7140=CARTESIAN_POINT('Ctrl Pts',(136.341460733356,28.5084373721345,-20.3098568023155));
#7141=CARTESIAN_POINT('Ctrl Pts',(136.222975230095,28.6236089100588,-20.4712630051387));
#7142=CARTESIAN_POINT('Ctrl Pts',(136.120429931557,28.744929349006,-20.6247256433264));
#7143=CARTESIAN_POINT('Ctrl Pts',(136.064788325543,28.8456929726096,-20.7334458182837));
#7144=CARTESIAN_POINT('Ctrl Pts',(136.039664614726,28.9152019847293,-20.8032262206032));
#7145=CARTESIAN_POINT('Ctrl Pts',(137.,27.8391205459255,-19.4931620633859));
#7146=CARTESIAN_POINT('Ctrl Pts',(136.998770641009,27.8403634756238,-19.4940413410013));
#7147=CARTESIAN_POINT('Ctrl Pts',(136.997540065292,27.8416179332241,-19.4949007454792));
#7148=CARTESIAN_POINT('Ctrl Pts',(136.900721235253,27.9389966552277,-19.5641971309287));
#7149=CARTESIAN_POINT('Ctrl Pts',(136.709252925323,28.1256994252078,-19.711559083804));
#7150=CARTESIAN_POINT('Ctrl Pts',(136.454628730325,28.3701912364302,-19.9462324513712));
#7151=CARTESIAN_POINT('Ctrl Pts',(136.280753533562,28.5601495830378,-20.1383143891532));
#7152=CARTESIAN_POINT('Ctrl Pts',(136.171072805002,28.7093692550657,-20.284630758064));
#7153=CARTESIAN_POINT('Ctrl Pts',(136.080755558095,28.859815028437,-20.4278047254744));
#7154=CARTESIAN_POINT('Ctrl Pts',(136.036566283155,28.9752091766418,-20.5316357985481));
#7155=CARTESIAN_POINT('Ctrl Pts',(136.018666740429,29.0516365762717,-20.5982926337823));
#7156=CARTESIAN_POINT('Ctrl Pts',(137.,27.8391205459255,-19.4931620633859));
#7157=CARTESIAN_POINT('Ctrl Pts',(136.998594407196,27.8401174163816,-19.4938600795938));
#7158=CARTESIAN_POINT('Ctrl Pts',(136.997189204045,27.8411147871466,-19.4945584461219));
#7159=CARTESIAN_POINT('Ctrl Pts',(136.88653655595,27.9196131237999,-19.5495235731832));
#7160=CARTESIAN_POINT('Ctrl Pts',(136.667512814637,28.0751462249684,-19.6584290230627));
#7161=CARTESIAN_POINT('Ctrl Pts',(136.365179156876,28.3113716672221,-19.8238358584456));
#7162=CARTESIAN_POINT('Ctrl Pts',(136.147982296846,28.5211638061888,-19.9707338956073));
#7163=CARTESIAN_POINT('Ctrl Pts',(136.00613237063,28.6972834042409,-20.0940541657898));
#7164=CARTESIAN_POINT('Ctrl Pts',(135.88624389742,28.8802270261109,-20.2221526688906));
#7165=CARTESIAN_POINT('Ctrl Pts',(135.82438952877,29.0251458323265,-20.3236259094312));
#7166=CARTESIAN_POINT('Ctrl Pts',(135.79771269372,29.1221128419272,-20.3915229405112));
#7167=CARTESIAN_POINT('Ctrl Pts',(137.,27.8391205459255,-19.4931620633859));
#7168=CARTESIAN_POINT('Ctrl Pts',(136.998418853923,27.83986832944,-19.4936856670396));
#7169=CARTESIAN_POINT('Ctrl Pts',(136.996837623827,27.840616172225,-19.4942093121951));
#7170=CARTESIAN_POINT('Ctrl Pts',(136.872379548376,27.8994758732467,-19.5354233185471));
#7171=CARTESIAN_POINT('Ctrl Pts',(136.625787770448,28.0163968338021,-19.6172922565028));
#7172=CARTESIAN_POINT('Ctrl Pts',(136.275347513077,28.2137461246199,-19.7554777175937));
#7173=CARTESIAN_POINT('Ctrl Pts',(136.012191100034,28.4137151753368,-19.8954975543144));
#7174=CARTESIAN_POINT('Ctrl Pts',(135.834462845143,28.5955310492536,-20.0228063997972));
#7175=CARTESIAN_POINT('Ctrl Pts',(135.680644897336,28.7923730503215,-20.1606366527812));
#7176=CARTESIAN_POINT('Ctrl Pts',(135.597182488315,28.9562964276984,-20.2754170373093));
#7177=CARTESIAN_POINT('Ctrl Pts',(135.559496922089,29.0683579299111,-20.3538833459017));
#7178=CARTESIAN_POINT('',(137.,27.8391205459255,-19.4931620633859));
#7179=CARTESIAN_POINT('Ctrl Pts',(135.559496922089,29.0683579299111,-20.3538833459017));
#7180=CARTESIAN_POINT('Ctrl Pts',(135.597182488315,28.9562964276984,-20.2754170373093));
#7181=CARTESIAN_POINT('Ctrl Pts',(135.680644897336,28.7923730503215,-20.1606366527812));
#7182=CARTESIAN_POINT('Ctrl Pts',(135.834462845143,28.5955310492536,-20.0228063997972));
#7183=CARTESIAN_POINT('Ctrl Pts',(136.012191100034,28.4137151753368,-19.8954975543144));
#7184=CARTESIAN_POINT('Ctrl Pts',(136.275347513077,28.2137461246199,-19.7554777175937));
#7185=CARTESIAN_POINT('Ctrl Pts',(136.625787770448,28.0163968338021,-19.6172922565028));
#7186=CARTESIAN_POINT('Ctrl Pts',(136.872379548376,27.8994758732467,-19.5354233185471));
#7187=CARTESIAN_POINT('Ctrl Pts',(136.996837623827,27.840616172225,-19.4942093121951));
#7188=CARTESIAN_POINT('Ctrl Pts',(136.998418853923,27.83986832944,-19.4936856670396));
#7189=CARTESIAN_POINT('Ctrl Pts',(137.,27.8391205459255,-19.4931620633859));
#7190=CARTESIAN_POINT('Ctrl Pts',(137.,27.8391205459255,-19.4931620633859));
#7191=CARTESIAN_POINT('Ctrl Pts',(136.998945902615,27.8406161129549,-19.4942092706937));
#7192=CARTESIAN_POINT('Ctrl Pts',(136.997891749218,27.8421095316899,-19.4952596704632));
#7193=CARTESIAN_POINT('Ctrl Pts',(136.914919698917,27.9595647312498,-19.5780719928255));
#7194=CARTESIAN_POINT('Ctrl Pts',(136.750525180298,28.1650788356786,-19.7773766644639));
#7195=CARTESIAN_POINT('Ctrl Pts',(136.516898342051,28.3693826571245,-20.0852873724828));
#7196=CARTESIAN_POINT('Ctrl Pts',(136.341460733356,28.5084373721345,-20.3098568023155));
#7197=CARTESIAN_POINT('Ctrl Pts',(136.222975230095,28.6236089100588,-20.4712630051387));
#7198=CARTESIAN_POINT('Ctrl Pts',(136.120429931557,28.744929349006,-20.6247256433264));
#7199=CARTESIAN_POINT('Ctrl Pts',(136.064788325543,28.8456929726096,-20.7334458182837));
#7200=CARTESIAN_POINT('Ctrl Pts',(136.039664614726,28.9152019847293,-20.8032262206032));
#7201=CARTESIAN_POINT('Origin',(131.,-28.49478149356,-21.1730353901907));
#7202=CARTESIAN_POINT('',(131.419211875078,-29.2974514069661,-21.7694589059182));
#7203=CARTESIAN_POINT('Ctrl Pts',(131.419211875012,-29.2974514069662,-21.769458905918));
#7204=CARTESIAN_POINT('Ctrl Pts',(131.41972529772,-29.3922950060355,-21.6418178900214));
#7205=CARTESIAN_POINT('Ctrl Pts',(131.415963268261,-29.4558392691211,-21.4915270951248));
#7206=CARTESIAN_POINT('Ctrl Pts',(131.407299394569,-29.4814062183788,-21.3356131886969));
#7207=CARTESIAN_POINT('Ctrl Pts',(131.398635520878,-29.5069731676365,-21.1796992822691));
#7208=CARTESIAN_POINT('Ctrl Pts',(131.385069802954,-29.4945628030662,-21.0181622643099));
#7209=CARTESIAN_POINT('Ctrl Pts',(131.364457391373,-29.4482638166141,-20.8721828490723));
#7210=CARTESIAN_POINT('Ctrl Pts',(131.333538774001,-29.378815336936,-20.6532137262157));
#7211=CARTESIAN_POINT('Ctrl Pts',(131.286765095899,-29.2331174580239,-20.4692492094825));
#7212=CARTESIAN_POINT('Ctrl Pts',(131.222652659624,-29.0683579299254,-20.3538833459117));
#7213=CARTESIAN_POINT('',(131.,-29.2974513947871,-21.7694589223088));
#7214=CARTESIAN_POINT('Origin',(137.,-27.2655441095745,-20.3123141076749));
#7215=CARTESIAN_POINT('Origin',(136.,-27.2655441095745,-20.3123141076749));
#7216=CARTESIAN_POINT('',(137.,-28.0674718775032,-20.9097351108418));
#7217=CARTESIAN_POINT('Origin',(137.,-28.8693996454318,-21.5071561140087));
#7218=CARTESIAN_POINT('Origin',(137.,-27.2655441095745,-20.3123141076749));
#7219=CARTESIAN_POINT('Origin',(136.,0.,-18.25));
#7220=CARTESIAN_POINT('Origin',(136.,27.2655441095745,-20.3123141076749));
#7221=CARTESIAN_POINT('Origin',(136.,0.,-18.25));
#7222=CARTESIAN_POINT('Ctrl Pts',(148.,-26.2000630402119,-18.345481642326));
#7223=CARTESIAN_POINT('Ctrl Pts',(147.997848330233,-26.2008512741588,-18.3460335696775));
#7224=CARTESIAN_POINT('Ctrl Pts',(147.99569761582,-26.201639671331,-18.3465856113206));
#7225=CARTESIAN_POINT('Ctrl Pts',(147.611777215642,-26.3421618620937,-18.4449803085786));
#7226=CARTESIAN_POINT('Ctrl Pts',(147.038198620546,-26.5578919107274,-18.59603611485));
#7227=CARTESIAN_POINT('Ctrl Pts',(146.205836312717,-27.0884008336284,-18.9675024617529));
#7228=CARTESIAN_POINT('Ctrl Pts',(145.835152954629,-27.5204321473962,-19.2700140443956));
#7229=CARTESIAN_POINT('Ctrl Pts',(145.682460175268,-27.8391205459256,-19.4931620633859));
#7230=CARTESIAN_POINT('Ctrl Pts',(148.,-26.2000630402119,-18.345481642326));
#7231=CARTESIAN_POINT('Ctrl Pts',(147.99795423122,-26.2011928394055,-18.346272736238));
#7232=CARTESIAN_POINT('Ctrl Pts',(147.996020625454,-26.2020892134388,-18.3469003840932));
#7233=CARTESIAN_POINT('Ctrl Pts',(147.63669967976,-26.39158450481,-18.4795864155668));
#7234=CARTESIAN_POINT('Ctrl Pts',(147.105955220002,-26.6677387812822,-18.6729517216613));
#7235=CARTESIAN_POINT('Ctrl Pts',(146.363693187634,-27.2160805092306,-19.0569047330858));
#7236=CARTESIAN_POINT('Ctrl Pts',(146.042275329432,-27.6213112590846,-19.3406503588478));
#7237=CARTESIAN_POINT('Ctrl Pts',(145.912036856656,-27.9129295013591,-19.5448436503678));
#7238=CARTESIAN_POINT('Ctrl Pts',(148.,-26.2000630402119,-18.345481642326));
#7239=CARTESIAN_POINT('Ctrl Pts',(147.998053623409,-26.2011457609079,-18.3460231253947));
#7240=CARTESIAN_POINT('Ctrl Pts',(147.996349818903,-26.2029015828977,-18.3476716679467));
#7241=CARTESIAN_POINT('Ctrl Pts',(147.661441930513,-26.4322069242243,-18.5066595130074));
#7242=CARTESIAN_POINT('Ctrl Pts',(147.174367897079,-26.7411729489498,-18.7985736536523));
#7243=CARTESIAN_POINT('Ctrl Pts',(146.516026856916,-27.244078338053,-19.2686946891228));
#7244=CARTESIAN_POINT('Ctrl Pts',(146.236959770203,-27.6034453122945,-19.5626441471748));
#7245=CARTESIAN_POINT('Ctrl Pts',(146.125095755561,-27.8615864410456,-19.7639582691292));
#7246=CARTESIAN_POINT('Ctrl Pts',(148.,-26.2000630402119,-18.345481642326));
#7247=CARTESIAN_POINT('Ctrl Pts',(147.998278664186,-26.2016395081058,-18.346585497029));
#7248=CARTESIAN_POINT('Ctrl Pts',(147.996558092656,-26.2031993322076,-18.3476796928378));
#7249=CARTESIAN_POINT('Ctrl Pts',(147.689421772511,-26.4873843334316,-18.5486470975392));
#7250=CARTESIAN_POINT('Ctrl Pts',(147.230558896436,-26.7540305320911,-18.947632865446));
#7251=CARTESIAN_POINT('Ctrl Pts',(146.564669050172,-27.1528771742232,-19.4644737924779));
#7252=CARTESIAN_POINT('Ctrl Pts',(146.268122363703,-27.4822929968676,-19.7657047131186));
#7253=CARTESIAN_POINT('Ctrl Pts',(146.145968140214,-27.7274241205602,-19.9698441994231));
#7254=CARTESIAN_POINT('',(146.145968140214,-27.7274241205602,-19.9698441994231));
#7255=CARTESIAN_POINT('Origin',(145.682460175268,-27.55233232775,-19.9027380855304));
#7256=CARTESIAN_POINT('Ctrl Pts',(146.145968140214,-27.7274241205602,-19.9698441994231));
#7257=CARTESIAN_POINT('Ctrl Pts',(146.268122363703,-27.4822929968676,-19.7657047131186));
#7258=CARTESIAN_POINT('Ctrl Pts',(146.564669050172,-27.1528771742232,-19.4644737924779));
#7259=CARTESIAN_POINT('Ctrl Pts',(147.230558896436,-26.7540305320911,-18.947632865446));
#7260=CARTESIAN_POINT('Ctrl Pts',(147.689421772511,-26.4873843334316,-18.5486470975392));
#7261=CARTESIAN_POINT('Ctrl Pts',(147.996558092656,-26.2031993322076,-18.3476796928378));
#7262=CARTESIAN_POINT('Ctrl Pts',(147.998278664186,-26.2016395081058,-18.346585497029));
#7263=CARTESIAN_POINT('Ctrl Pts',(148.,-26.2000630402119,-18.345481642326));
#7264=CARTESIAN_POINT('Ctrl Pts',(145.682460175268,-27.8391205459255,-19.4931620633859));
#7265=CARTESIAN_POINT('Ctrl Pts',(145.639873158059,-28.0168891132305,-19.6176369542695));
#7266=CARTESIAN_POINT('Ctrl Pts',(145.587234228729,-28.2536744274396,-19.9367103089637));
#7267=CARTESIAN_POINT('Ctrl Pts',(145.555080601215,-28.2863918562249,-20.4924004485252));
#7268=CARTESIAN_POINT('Ctrl Pts',(145.549985235703,-28.1603254990796,-20.7850962037638));
#7269=CARTESIAN_POINT('Ctrl Pts',(145.55035795972,-28.0674718905924,-20.9097350932719));
#7270=CARTESIAN_POINT('Ctrl Pts',(145.797248515962,-27.8760250236423,-19.5190028568769));
#7271=CARTESIAN_POINT('Ctrl Pts',(145.752417947734,-28.0408045286109,-19.6465130602384));
#7272=CARTESIAN_POINT('Ctrl Pts',(145.699484051755,-28.258534936684,-19.9587629065361));
#7273=CARTESIAN_POINT('Ctrl Pts',(145.668813957252,-28.2836470119666,-20.5003837968264));
#7274=CARTESIAN_POINT('Ctrl Pts',(145.664160351061,-28.1589096748623,-20.7868545576855));
#7275=CARTESIAN_POINT('Ctrl Pts',(145.664506619411,-28.0677989678534,-20.909296052213));
#7276=CARTESIAN_POINT('Ctrl Pts',(146.026001375802,-27.8946669271027,-19.6489074454437));
#7277=CARTESIAN_POINT('Ctrl Pts',(145.976998390526,-28.0215069413303,-19.7627140839648));
#7278=CARTESIAN_POINT('Ctrl Pts',(145.923502473258,-28.187815836513,-20.0333374447454));
#7279=CARTESIAN_POINT('Ctrl Pts',(145.895781542352,-28.1948508893763,-20.5015244279169));
#7280=CARTESIAN_POINT('Ctrl Pts',(145.891918144934,-28.0829949747429,-20.7520792110174));
#7281=CARTESIAN_POINT('Ctrl Pts',(145.892212278661,-28.0031222173956,-20.8597512237433));
#7282=CARTESIAN_POINT('Ctrl Pts',(146.135531947888,-27.7945052808029,-19.8669012342761));
#7283=CARTESIAN_POINT('Ctrl Pts',(146.094175892765,-27.8799659604509,-19.9422029280374));
#7284=CARTESIAN_POINT('Ctrl Pts',(146.046983709027,-27.9894989840641,-20.1344222728903));
#7285=CARTESIAN_POINT('Ctrl Pts',(146.020964627523,-27.9809945627653,-20.4734734393164));
#7286=CARTESIAN_POINT('Ctrl Pts',(146.017210718194,-27.8962873219294,-20.6562223735836));
#7287=CARTESIAN_POINT('Ctrl Pts',(146.017497042096,-27.8375945261388,-20.7356869226298));
#7288=CARTESIAN_POINT('Ctrl Pts',(146.145968140214,-27.7274241205602,-19.9698441994231));
#7289=CARTESIAN_POINT('Ctrl Pts',(146.111898526447,-27.7957927980235,-20.0267800404801));
#7290=CARTESIAN_POINT('Ctrl Pts',(146.069787382983,-27.8802969258149,-20.1806236482652));
#7291=CARTESIAN_POINT('Ctrl Pts',(146.044064480972,-27.8664765147865,-20.455099154018));
#7292=CARTESIAN_POINT('Ctrl Pts',(146.039988188563,-27.7958852726793,-20.6037150463207));
#7293=CARTESIAN_POINT('Ctrl Pts',(146.040286367776,-27.7479626676545,-20.6687765884105));
#7294=CARTESIAN_POINT('',(145.550357959668,-28.0674718905923,-20.909735093272));
#7295=CARTESIAN_POINT('',(146.040286367776,-27.7479626676545,-20.6687765884105));
#7296=CARTESIAN_POINT('Origin',(145.55035795972,-27.6665080000834,-20.6110246004734));
#7297=CARTESIAN_POINT('Ctrl Pts',(146.040286367776,-27.7479626676545,-20.6687765884105));
#7298=CARTESIAN_POINT('Ctrl Pts',(146.039988188563,-27.7958852726793,-20.6037150463207));
#7299=CARTESIAN_POINT('Ctrl Pts',(146.044064480972,-27.8664765147865,-20.455099154018));
#7300=CARTESIAN_POINT('Ctrl Pts',(146.069787382983,-27.8802969258149,-20.1806236482652));
#7301=CARTESIAN_POINT('Ctrl Pts',(146.111898526447,-27.7957927980235,-20.0267800404801));
#7302=CARTESIAN_POINT('Ctrl Pts',(146.145968140214,-27.7274241205602,-19.9698441994231));
#7303=CARTESIAN_POINT('Ctrl Pts',(145.682460175268,-27.8391205459255,-19.4931620633859));
#7304=CARTESIAN_POINT('Ctrl Pts',(145.639873158059,-28.0168891132305,-19.6176369542695));
#7305=CARTESIAN_POINT('Ctrl Pts',(145.587234228729,-28.2536744274396,-19.9367103089637));
#7306=CARTESIAN_POINT('Ctrl Pts',(145.555080601215,-28.2863918562249,-20.4924004485252));
#7307=CARTESIAN_POINT('Ctrl Pts',(145.549985235703,-28.1603254990796,-20.7850962037638));
#7308=CARTESIAN_POINT('Ctrl Pts',(145.55035795972,-28.0674718905924,-20.9097350932719));
#7309=CARTESIAN_POINT('Origin',(145.550510257217,0.,0.));
#7310=CARTESIAN_POINT('',(146.040408205773,-27.7086386404246,-20.7217601736525));
#7311=CARTESIAN_POINT('',(145.550510257217,-28.0289697229729,-20.9613180947351));
#7312=CARTESIAN_POINT('Origin',(145.550510257217,-27.6285558697875,-20.6618706933818));
#7313=CARTESIAN_POINT('',(145.550510257217,28.0289697229729,-20.9613180947352));
#7314=CARTESIAN_POINT('Origin',(145.550510257217,0.,0.));
#7315=CARTESIAN_POINT('',(146.040408205773,27.7086386404246,-20.7217601736525));
#7316=CARTESIAN_POINT('Origin',(145.550510257217,27.6285558697875,-20.6618706933818));
#7317=CARTESIAN_POINT('Origin',(146.040408205773,0.,0.));
#7318=CARTESIAN_POINT('Ctrl Pts',(145.55035795972,-28.0674718841426,-20.9097351019295));
#7319=CARTESIAN_POINT('Ctrl Pts',(145.550459399824,-28.0546533117279,-20.9269416767184));
#7320=CARTESIAN_POINT('Ctrl Pts',(145.550510257217,-28.0418193351365,-20.9441359028205));
#7321=CARTESIAN_POINT('Ctrl Pts',(145.550510257217,-28.0289697229729,-20.9613180947351));
#7322=CARTESIAN_POINT('Ctrl Pts',(145.664506619417,-28.0677989617132,-20.9092960604749));
#7323=CARTESIAN_POINT('Ctrl Pts',(145.664588763038,-28.0548713024967,-20.9266489068164));
#7324=CARTESIAN_POINT('Ctrl Pts',(145.664630124384,-28.0419291365251,-20.9439890790482));
#7325=CARTESIAN_POINT('Ctrl Pts',(145.664630124384,-28.0289697229729,-20.9613180947351));
#7326=CARTESIAN_POINT('Ctrl Pts',(145.892212277183,-28.0031222114402,-20.8597512287092));
#7327=CARTESIAN_POINT('Ctrl Pts',(145.892256844707,-27.9900330926032,-20.877372765391));
#7328=CARTESIAN_POINT('Ctrl Pts',(145.892279001686,-27.9769132300098,-20.8949755568328));
#7329=CARTESIAN_POINT('Ctrl Pts',(145.892279001686,-27.9637659443128,-20.9125557906269));
#7330=CARTESIAN_POINT('Ctrl Pts',(146.017497042106,-27.8375945246428,-20.735686924652));
#7331=CARTESIAN_POINT('Ctrl Pts',(146.017554646664,-27.8245117467351,-20.7534056929829));
#7332=CARTESIAN_POINT('Ctrl Pts',(146.01758423234,-27.8113750073609,-20.7710844429589));
#7333=CARTESIAN_POINT('Ctrl Pts',(146.01758423234,-27.7981825318353,-20.7887251035036));
#7334=CARTESIAN_POINT('Ctrl Pts',(146.040286367776,-27.7479626676545,-20.6687765884105));
#7335=CARTESIAN_POINT('Ctrl Pts',(146.04036751986,-27.7349201228748,-20.6864836401491));
#7336=CARTESIAN_POINT('Ctrl Pts',(146.040408205773,-27.7218113285512,-20.7041459723411));
#7337=CARTESIAN_POINT('Ctrl Pts',(146.040408205773,-27.7086386404246,-20.7217601736525));
#7338=CARTESIAN_POINT('Ctrl Pts',(146.040408205773,-27.7086386404246,-20.7217601736525));
#7339=CARTESIAN_POINT('Ctrl Pts',(146.040408205773,-27.7218113285512,-20.7041459723411));
#7340=CARTESIAN_POINT('Ctrl Pts',(146.04036751986,-27.7349201228748,-20.6864836401491));
#7341=CARTESIAN_POINT('Ctrl Pts',(146.040286367776,-27.7479626676545,-20.6687765884105));
#7342=CARTESIAN_POINT('Ctrl Pts',(145.55035795972,-28.0674718841426,-20.9097351019295));
#7343=CARTESIAN_POINT('Ctrl Pts',(145.550459399824,-28.0546533117279,-20.9269416767184));
#7344=CARTESIAN_POINT('Ctrl Pts',(145.550510257217,-28.0418193351365,-20.9441359028205));
#7345=CARTESIAN_POINT('Ctrl Pts',(145.550510257217,-28.0289697229729,-20.9613180947351));
#7346=CARTESIAN_POINT('Ctrl Pts',(145.550357959773,28.0674718775032,-20.9097351108418));
#7347=CARTESIAN_POINT('Ctrl Pts',(145.549985235473,28.1603254899666,-20.7850962216963));
#7348=CARTESIAN_POINT('Ctrl Pts',(145.55508060058,28.2863918544072,-20.4924004646873));
#7349=CARTESIAN_POINT('Ctrl Pts',(145.587234227736,28.2536744320725,-19.9367103166022));
#7350=CARTESIAN_POINT('Ctrl Pts',(145.639873157487,28.0168891156172,-19.6176369559407));
#7351=CARTESIAN_POINT('Ctrl Pts',(145.682460175268,27.8391205459255,-19.4931620633858));
#7352=CARTESIAN_POINT('Ctrl Pts',(145.664506619459,28.0677989550176,-20.9092960694628));
#7353=CARTESIAN_POINT('Ctrl Pts',(145.664160350847,28.1589096658784,-20.7868545752542));
#7354=CARTESIAN_POINT('Ctrl Pts',(145.66881395666,28.2836470100721,-20.5003838125973));
#7355=CARTESIAN_POINT('Ctrl Pts',(145.699484050771,28.2585349409672,-19.9587629139667));
#7356=CARTESIAN_POINT('Ctrl Pts',(145.752417947132,28.0408045308232,-19.6465130619504));
#7357=CARTESIAN_POINT('Ctrl Pts',(145.797248515962,27.8760250236423,-19.5190028568768));
#7358=CARTESIAN_POINT('Ctrl Pts',(145.892212278702,28.0031222061335,-20.859751238925));
#7359=CARTESIAN_POINT('Ctrl Pts',(145.891918144752,28.0829949667421,-20.7520792263911));
#7360=CARTESIAN_POINT('Ctrl Pts',(145.895781541846,28.1948508874184,-20.501524441594));
#7361=CARTESIAN_POINT('Ctrl Pts',(145.923502472295,28.1878158397935,-20.0333374511403));
#7362=CARTESIAN_POINT('Ctrl Pts',(145.976998389868,28.0215069430333,-19.7627140854927));
#7363=CARTESIAN_POINT('Ctrl Pts',(146.026001375802,27.8946669271027,-19.6489074454437));
#7364=CARTESIAN_POINT('Ctrl Pts',(146.017497042136,27.8375945178669,-20.7356869338291));
#7365=CARTESIAN_POINT('Ctrl Pts',(146.017210718017,27.8962873159354,-20.6562223848326));
#7366=CARTESIAN_POINT('Ctrl Pts',(146.020964627033,27.9809945610096,-20.4734734492369));
#7367=CARTESIAN_POINT('Ctrl Pts',(146.046983708161,27.9894989861832,-20.1344222774797));
#7368=CARTESIAN_POINT('Ctrl Pts',(146.09417589221,27.8799659615983,-19.9422029290483));
#7369=CARTESIAN_POINT('Ctrl Pts',(146.135531947888,27.7945052808029,-19.8669012342761));
#7370=CARTESIAN_POINT('Ctrl Pts',(146.040286367818,27.747962660899,-20.668776597582));
#7371=CARTESIAN_POINT('Ctrl Pts',(146.039988188378,27.7958852677222,-20.6037150554852));
#7372=CARTESIAN_POINT('Ctrl Pts',(146.044064480464,27.8664765131848,-20.4550991620567));
#7373=CARTESIAN_POINT('Ctrl Pts',(146.069787382189,27.8802969274162,-20.1806236519648));
#7374=CARTESIAN_POINT('Ctrl Pts',(146.11189852599,27.7957927989414,-20.0267800412445));
#7375=CARTESIAN_POINT('Ctrl Pts',(146.145968140214,27.7274241205602,-19.9698441994231));
#7376=CARTESIAN_POINT('',(146.040286367818,27.747962660899,-20.668776597582));
#7377=CARTESIAN_POINT('',(145.550357959773,28.0674718775032,-20.9097351108418));
#7378=CARTESIAN_POINT('Origin',(145.550357959773,27.6665079935388,-20.6110246092583));
#7379=CARTESIAN_POINT('',(145.682460175268,27.8391205459256,-19.4931620633859));
#7380=CARTESIAN_POINT('Ctrl Pts',(145.550357959773,28.0674718775032,-20.9097351108418));
#7381=CARTESIAN_POINT('Ctrl Pts',(145.549985235473,28.1603254899666,-20.7850962216963));
#7382=CARTESIAN_POINT('Ctrl Pts',(145.55508060058,28.2863918544072,-20.4924004646873));
#7383=CARTESIAN_POINT('Ctrl Pts',(145.587234227736,28.2536744320725,-19.9367103166022));
#7384=CARTESIAN_POINT('Ctrl Pts',(145.639873157487,28.0168891156172,-19.6176369559407));
#7385=CARTESIAN_POINT('Ctrl Pts',(145.682460175268,27.8391205459255,-19.4931620633858));
#7386=CARTESIAN_POINT('',(146.145968140214,27.7274241205602,-19.9698441994231));
#7387=CARTESIAN_POINT('Origin',(145.682460175268,27.55233232775,-19.9027380855304));
#7388=CARTESIAN_POINT('Ctrl Pts',(146.145968140214,27.7274241205602,-19.9698441994231));
#7389=CARTESIAN_POINT('Ctrl Pts',(146.137318116445,27.7447824237446,-19.9842997897284));
#7390=CARTESIAN_POINT('Ctrl Pts',(146.129236461551,27.7610346750135,-20.0009420528501));
#7391=CARTESIAN_POINT('Ctrl Pts',(146.121713032057,27.7758995201358,-20.0195318820899));
#7392=CARTESIAN_POINT('Ctrl Pts',(146.114288889664,27.7905681931006,-20.0378763803573));
#7393=CARTESIAN_POINT('Ctrl Pts',(146.107408987728,27.8038854934946,-20.0581184119392));
#7394=CARTESIAN_POINT('Ctrl Pts',(146.101078544051,27.8155402189137,-20.0800027061962));
#7395=CARTESIAN_POINT('Ctrl Pts',(146.098759007817,27.8198106238472,-20.0880213248079));
#7396=CARTESIAN_POINT('Ctrl Pts',(146.096513339512,27.8238574475178,-20.0962601024866));
#7397=CARTESIAN_POINT('Ctrl Pts',(146.094342071542,27.8276641828613,-20.1047052112266));
#7398=CARTESIAN_POINT('Ctrl Pts',(146.087941910303,27.8388851469823,-20.1295985262645));
#7399=CARTESIAN_POINT('Ctrl Pts',(146.082173339159,27.8480753146878,-20.1562712371093));
#7400=CARTESIAN_POINT('Ctrl Pts',(146.077034007456,27.8549315111516,-20.1842470779604));
#7401=CARTESIAN_POINT('Ctrl Pts',(146.074498665711,27.8583138188365,-20.1980481558613));
#7402=CARTESIAN_POINT('Ctrl Pts',(146.07211624749,27.8611288562317,-20.2121665797513));
#7403=CARTESIAN_POINT('Ctrl Pts',(146.069885443053,27.8633443514984,-20.2265472067907));
#7404=CARTESIAN_POINT('Ctrl Pts',(146.067181291709,27.8660299452704,-20.2439792108191));
#7405=CARTESIAN_POINT('Ctrl Pts',(146.064699927952,27.8678345168606,-20.2617962728079));
#7406=CARTESIAN_POINT('Ctrl Pts',(146.062422765487,27.8687663043379,-20.2798638441933));
#7407=CARTESIAN_POINT('Ctrl Pts',(146.058097720771,27.8705360605881,-20.3141798209231));
#7408=CARTESIAN_POINT('Ctrl Pts',(146.054534297033,27.8690218090208,-20.3494510450302));
#7409=CARTESIAN_POINT('Ctrl Pts',(146.051605608861,27.8642145725729,-20.3848410199314));
#7410=CARTESIAN_POINT('Ctrl Pts',(146.04972235314,27.8611233402504,-20.4075980936657));
#7411=CARTESIAN_POINT('Ctrl Pts',(146.048101702842,27.8566701094588,-20.4304054085927));
#7412=CARTESIAN_POINT('Ctrl Pts',(146.046711319628,27.8508451969405,-20.4530491096214));
#7413=CARTESIAN_POINT('Ctrl Pts',(146.046422078951,27.8496334435022,-20.4577596666456));
#7414=CARTESIAN_POINT('Ctrl Pts',(146.046142806697,27.8483623029148,-20.4624631593493));
#7415=CARTESIAN_POINT('Ctrl Pts',(146.0458734101,27.8470324953324,-20.4671580659394));
#7416=CARTESIAN_POINT('Ctrl Pts',(146.043625859416,27.8359380346965,-20.5063272337537));
#7417=CARTESIAN_POINT('Ctrl Pts',(146.042071896944,27.8207501004845,-20.544861150938));
#7418=CARTESIAN_POINT('Ctrl Pts',(146.041178703754,27.8018513878991,-20.5817332588455));
#7419=CARTESIAN_POINT('Ctrl Pts',(146.040872034421,27.7953626958177,-20.5943929441826));
#7420=CARTESIAN_POINT('Ctrl Pts',(146.04064321996,27.7884369048851,-20.6068564240132));
#7421=CARTESIAN_POINT('Ctrl Pts',(146.040490819054,27.7810906974057,-20.6190813881448));
#7422=CARTESIAN_POINT('Ctrl Pts',(146.040278158514,27.770839784331,-20.6361401283184));
#7423=CARTESIAN_POINT('Ctrl Pts',(146.040212866924,27.7597755292937,-20.6527390010218));
#7424=CARTESIAN_POINT('Ctrl Pts',(146.040286367818,27.747962660899,-20.668776597582));
#7425=CARTESIAN_POINT('Ctrl Pts',(148.,26.200063040212,-18.345481642326));
#7426=CARTESIAN_POINT('Ctrl Pts',(147.998278664187,26.2016395081074,-18.3465854970301));
#7427=CARTESIAN_POINT('Ctrl Pts',(147.996558092657,26.2031993322086,-18.3476796928385));
#7428=CARTESIAN_POINT('Ctrl Pts',(147.689421772502,26.4873843333881,-18.5486470975085));
#7429=CARTESIAN_POINT('Ctrl Pts',(147.230558896435,26.7540305320847,-18.9476328654415));
#7430=CARTESIAN_POINT('Ctrl Pts',(146.564669050168,27.1528771742024,-19.4644737924633));
#7431=CARTESIAN_POINT('Ctrl Pts',(146.268122363703,27.4822929968674,-19.7657047131185));
#7432=CARTESIAN_POINT('Ctrl Pts',(146.145968140214,27.7274241205602,-19.9698441994231));
#7433=CARTESIAN_POINT('Ctrl Pts',(148.,26.200063040212,-18.345481642326));
#7434=CARTESIAN_POINT('Ctrl Pts',(147.99805362341,26.2011457609093,-18.3460231253957));
#7435=CARTESIAN_POINT('Ctrl Pts',(147.996349818904,26.2029015828986,-18.3476716679474));
#7436=CARTESIAN_POINT('Ctrl Pts',(147.661441930504,26.4322069241809,-18.5066595129768));
#7437=CARTESIAN_POINT('Ctrl Pts',(147.174367897078,26.7411729489433,-18.7985736536477));
#7438=CARTESIAN_POINT('Ctrl Pts',(146.516026856912,27.2440783380322,-19.2686946891082));
#7439=CARTESIAN_POINT('Ctrl Pts',(146.236959770203,27.6034453122943,-19.5626441471747));
#7440=CARTESIAN_POINT('Ctrl Pts',(146.125095755561,27.8615864410456,-19.7639582691292));
#7441=CARTESIAN_POINT('Ctrl Pts',(148.,26.200063040212,-18.345481642326));
#7442=CARTESIAN_POINT('Ctrl Pts',(147.99795423122,26.2011928394068,-18.3462727362389));
#7443=CARTESIAN_POINT('Ctrl Pts',(147.996020625455,26.2020892134395,-18.3469003840937));
#7444=CARTESIAN_POINT('Ctrl Pts',(147.636699679749,26.3915845047874,-18.4795864155508));
#7445=CARTESIAN_POINT('Ctrl Pts',(147.10595522,26.667738781279,-18.672951721659));
#7446=CARTESIAN_POINT('Ctrl Pts',(146.363693187628,27.2160805092199,-19.0569047330781));
#7447=CARTESIAN_POINT('Ctrl Pts',(146.042275329432,27.6213112590847,-19.3406503588478));
#7448=CARTESIAN_POINT('Ctrl Pts',(145.912036856656,27.9129295013591,-19.5448436503678));
#7449=CARTESIAN_POINT('Ctrl Pts',(148.,26.200063040212,-18.345481642326));
#7450=CARTESIAN_POINT('Ctrl Pts',(147.997848330233,26.2008512741599,-18.3460335696782));
#7451=CARTESIAN_POINT('Ctrl Pts',(147.995697615821,26.2016396713316,-18.346585611321));
#7452=CARTESIAN_POINT('Ctrl Pts',(147.61177721563,26.3421618620712,-18.4449803085627));
#7453=CARTESIAN_POINT('Ctrl Pts',(147.038198620544,26.5578919107241,-18.5960361148477));
#7454=CARTESIAN_POINT('Ctrl Pts',(146.205836312711,27.0884008336176,-18.9675024617453));
#7455=CARTESIAN_POINT('Ctrl Pts',(145.835152954629,27.5204321473962,-19.2700140443956));
#7456=CARTESIAN_POINT('Ctrl Pts',(145.682460175268,27.8391205459255,-19.4931620633859));
#7457=CARTESIAN_POINT('',(148.,26.2000630402119,-18.345481642326));
#7458=CARTESIAN_POINT('Ctrl Pts',(145.682460175268,27.8391205459255,-19.4931620633859));
#7459=CARTESIAN_POINT('Ctrl Pts',(145.835152954629,27.5204321473962,-19.2700140443956));
#7460=CARTESIAN_POINT('Ctrl Pts',(146.205836312711,27.0884008336176,-18.9675024617453));
#7461=CARTESIAN_POINT('Ctrl Pts',(147.038198620544,26.5578919107241,-18.5960361148477));
#7462=CARTESIAN_POINT('Ctrl Pts',(147.61177721563,26.3421618620712,-18.4449803085627));
#7463=CARTESIAN_POINT('Ctrl Pts',(147.995697615821,26.2016396713316,-18.346585611321));
#7464=CARTESIAN_POINT('Ctrl Pts',(147.997848330233,26.2008512741599,-18.3460335696782));
#7465=CARTESIAN_POINT('Ctrl Pts',(148.,26.200063040212,-18.345481642326));
#7466=CARTESIAN_POINT('Ctrl Pts',(148.,26.200063040212,-18.345481642326));
#7467=CARTESIAN_POINT('Ctrl Pts',(147.998278664187,26.2016395081074,-18.3465854970301));
#7468=CARTESIAN_POINT('Ctrl Pts',(147.996558092657,26.2031993322086,-18.3476796928385));
#7469=CARTESIAN_POINT('Ctrl Pts',(147.689421772502,26.4873843333881,-18.5486470975085));
#7470=CARTESIAN_POINT('Ctrl Pts',(147.230558896435,26.7540305320847,-18.9476328654415));
#7471=CARTESIAN_POINT('Ctrl Pts',(146.564669050168,27.1528771742024,-19.4644737924633));
#7472=CARTESIAN_POINT('Ctrl Pts',(146.268122363703,27.4822929968674,-19.7657047131185));
#7473=CARTESIAN_POINT('Ctrl Pts',(146.145968140214,27.7274241205602,-19.9698441994231));
#7474=CARTESIAN_POINT('Ctrl Pts',(145.550510257217,28.0289697229729,-20.9613180947351));
#7475=CARTESIAN_POINT('Ctrl Pts',(145.550510257217,28.0418194621569,-20.9441357329719));
#7476=CARTESIAN_POINT('Ctrl Pts',(145.550459397305,28.0546536278564,-20.9269412523625));
#7477=CARTESIAN_POINT('Ctrl Pts',(145.550357959773,28.0674718775032,-20.9097351108418));
#7478=CARTESIAN_POINT('Ctrl Pts',(145.664630124384,28.0289697229729,-20.9613180947351));
#7479=CARTESIAN_POINT('Ctrl Pts',(145.664630124384,28.0419292646309,-20.9439889077482));
#7480=CARTESIAN_POINT('Ctrl Pts',(145.664588760999,28.0548716213158,-20.9266484788533));
#7481=CARTESIAN_POINT('Ctrl Pts',(145.664506619459,28.0677989550176,-20.9092960694628));
#7482=CARTESIAN_POINT('Ctrl Pts',(145.892279001686,27.9637659443128,-20.9125557906269));
#7483=CARTESIAN_POINT('Ctrl Pts',(145.892279001686,27.9769133599727,-20.8949753830495));
#7484=CARTESIAN_POINT('Ctrl Pts',(145.892256843601,27.9900334153989,-20.8773723307989));
#7485=CARTESIAN_POINT('Ctrl Pts',(145.892212277206,28.0031222046605,-20.8597512378365));
#7486=CARTESIAN_POINT('Ctrl Pts',(146.01758423234,27.7981825318353,-20.7887251035036));
#7487=CARTESIAN_POINT('Ctrl Pts',(146.01758423234,27.8113751377705,-20.7710842685783));
#7488=CARTESIAN_POINT('Ctrl Pts',(146.017554645234,27.8245120693659,-20.7534052559862));
#7489=CARTESIAN_POINT('Ctrl Pts',(146.017497042136,27.8375945178669,-20.7356869338291));
#7490=CARTESIAN_POINT('Ctrl Pts',(146.040408205773,27.7086386404246,-20.7217601736525));
#7491=CARTESIAN_POINT('Ctrl Pts',(146.040408205773,27.7218114587653,-20.7041457982221));
#7492=CARTESIAN_POINT('Ctrl Pts',(146.040367517844,27.7349204445094,-20.6864832034392));
#7493=CARTESIAN_POINT('Ctrl Pts',(146.040286367818,27.747962660899,-20.668776597582));
#7494=CARTESIAN_POINT('Ctrl Pts',(146.040286367818,27.747962660899,-20.668776597582));
#7495=CARTESIAN_POINT('Ctrl Pts',(146.040367517844,27.7349204445094,-20.6864832034392));
#7496=CARTESIAN_POINT('Ctrl Pts',(146.040408205773,27.7218114587653,-20.7041457982221));
#7497=CARTESIAN_POINT('Ctrl Pts',(146.040408205773,27.7086386404246,-20.7217601736525));
#7498=CARTESIAN_POINT('Ctrl Pts',(145.550510257217,28.0289697229729,-20.9613180947351));
#7499=CARTESIAN_POINT('Ctrl Pts',(145.550510257217,28.0418194621569,-20.9441357329719));
#7500=CARTESIAN_POINT('Ctrl Pts',(145.550459397305,28.0546536278564,-20.9269412523625));
#7501=CARTESIAN_POINT('Ctrl Pts',(145.550357959773,28.0674718775032,-20.9097351108418));
#7502=CARTESIAN_POINT('Origin',(148.,-25.6264866038609,-19.164633686615));
#7503=CARTESIAN_POINT('',(148.,-26.4273143102316,-19.7635284893217));
#7504=CARTESIAN_POINT('Origin',(148.,-28.0289697229729,-20.9613180947351));
#7505=CARTESIAN_POINT('Origin',(148.,-25.6264866038609,-19.164633686615));
#7506=CARTESIAN_POINT('Origin',(148.,0.,0.));
#7507=CARTESIAN_POINT('',(148.,26.4273143102316,-19.7635284893217));
#7508=CARTESIAN_POINT('Origin',(148.,28.0289697229729,-20.9613180947351));
#7509=CARTESIAN_POINT('Origin',(148.,0.,0.));
#7510=CARTESIAN_POINT('Origin',(148.,25.6264866038609,-19.164633686615));
#7511=CARTESIAN_POINT('Origin',(148.,25.6264866038609,-19.164633686615));
#7512=CARTESIAN_POINT('Ctrl Pts',(178.,-25.1168460393825,-16.4056101695108));
#7513=CARTESIAN_POINT('Ctrl Pts',(177.997657873282,-25.1162008368724,-16.4065979689246));
#7514=CARTESIAN_POINT('Ctrl Pts',(177.995316624472,-25.1155566116633,-16.4075858825709));
#7515=CARTESIAN_POINT('Ctrl Pts',(177.645876470844,-25.0200380129208,-16.5554493610729));
#7516=CARTESIAN_POINT('Ctrl Pts',(177.120462870025,-24.9347323078076,-16.8173522522359));
#7517=CARTESIAN_POINT('Ctrl Pts',(176.310942188686,-24.9794677793064,-17.3019862525288));
#7518=CARTESIAN_POINT('Ctrl Pts',(175.890037753681,-25.1633741998877,-17.6195843015531));
#7519=CARTESIAN_POINT('Ctrl Pts',(175.714030765669,-25.3804978043442,-17.7716158861168));
#7520=CARTESIAN_POINT('Ctrl Pts',(178.,-25.1168460393825,-16.4056101695108));
#7521=CARTESIAN_POINT('Ctrl Pts',(177.997803992235,-25.1160776531768,-16.406784709395));
#7522=CARTESIAN_POINT('Ctrl Pts',(177.995639383182,-25.1153429418273,-16.4079180335303));
#7523=CARTESIAN_POINT('Ctrl Pts',(177.668858179203,-25.0019962688424,-16.5825059432958));
#7524=CARTESIAN_POINT('Ctrl Pts',(177.179684405938,-24.9157039890615,-16.8954870891694));
#7525=CARTESIAN_POINT('Ctrl Pts',(176.445085059212,-25.0195341914319,-17.4390473747219));
#7526=CARTESIAN_POINT('Ctrl Pts',(176.092415233436,-25.2627025132111,-17.7300403700305));
#7527=CARTESIAN_POINT('Ctrl Pts',(175.954417537008,-25.4676686411639,-17.83265356317));
#7528=CARTESIAN_POINT('Ctrl Pts',(178.,-25.1168460393825,-16.4056101695108));
#7529=CARTESIAN_POINT('Ctrl Pts',(177.997956603404,-25.1159661920578,-16.406954567531));
#7530=CARTESIAN_POINT('Ctrl Pts',(177.995955543285,-25.1151150732782,-16.408267446781));
#7531=CARTESIAN_POINT('Ctrl Pts',(177.692099615935,-24.9851930112263,-16.6083761357632));
#7532=CARTESIAN_POINT('Ctrl Pts',(177.239066916432,-24.8764024905302,-16.9640091157473));
#7533=CARTESIAN_POINT('Ctrl Pts',(176.57789849043,-24.9494856249848,-17.5952398995273));
#7534=CARTESIAN_POINT('Ctrl Pts',(176.283661073199,-25.185856744941,-17.9566930755701));
#7535=CARTESIAN_POINT('Ctrl Pts',(176.172794872131,-25.4089798724087,-18.0850134601391));
#7536=CARTESIAN_POINT('Ctrl Pts',(178.,-25.1168460393825,-16.4056101695108));
#7537=CARTESIAN_POINT('Ctrl Pts',(177.998126298625,-25.1158618321636,-16.4071169821762));
#7538=CARTESIAN_POINT('Ctrl Pts',(177.996253299578,-25.1148788128652,-16.4086238218223));
#7539=CARTESIAN_POINT('Ctrl Pts',(177.716701176675,-24.9689292152844,-16.6340080412989));
#7540=CARTESIAN_POINT('Ctrl Pts',(177.29637029602,-24.8183189858964,-17.0198403326255));
#7541=CARTESIAN_POINT('Ctrl Pts',(176.648753750949,-24.803258588977,-17.6994964594936));
#7542=CARTESIAN_POINT('Ctrl Pts',(176.312030202944,-24.9963015525511,-18.1185905082941));
#7543=CARTESIAN_POINT('Ctrl Pts',(176.171224612535,-25.2576272512259,-18.2999554778852));
#7544=CARTESIAN_POINT('',(176.171224612535,-25.2576272512259,-18.2999554778852));
#7545=CARTESIAN_POINT('Origin',(175.714030765669,-25.0937095861687,-18.1811919082613));
#7546=CARTESIAN_POINT('',(178.,-25.1168460393825,-16.4056101695108));
#7547=CARTESIAN_POINT('Ctrl Pts',(176.171224612535,-25.2576272512259,-18.2999554778852));
#7548=CARTESIAN_POINT('Ctrl Pts',(176.312030202944,-24.9963015525511,-18.1185905082941));
#7549=CARTESIAN_POINT('Ctrl Pts',(176.648753750949,-24.803258588977,-17.6994964594936));
#7550=CARTESIAN_POINT('Ctrl Pts',(177.29637029602,-24.8183189858964,-17.0198403326255));
#7551=CARTESIAN_POINT('Ctrl Pts',(177.716701176675,-24.9689292152844,-16.6340080412989));
#7552=CARTESIAN_POINT('Ctrl Pts',(177.996253299578,-25.1148788128652,-16.4086238218223));
#7553=CARTESIAN_POINT('Ctrl Pts',(177.998126298625,-25.1158618321636,-16.4071169821762));
#7554=CARTESIAN_POINT('Ctrl Pts',(178.,-25.1168460393825,-16.4056101695108));
#7555=CARTESIAN_POINT('Ctrl Pts',(178.,-25.1168460393825,-16.4056101695108));
#7556=CARTESIAN_POINT('Ctrl Pts',(177.997657873282,-25.1162008368724,-16.4065979689246));
#7557=CARTESIAN_POINT('Ctrl Pts',(177.995316624472,-25.1155566116633,-16.4075858825709));
#7558=CARTESIAN_POINT('Ctrl Pts',(177.645876470844,-25.0200380129208,-16.5554493610729));
#7559=CARTESIAN_POINT('Ctrl Pts',(177.120462870025,-24.9347323078076,-16.8173522522359));
#7560=CARTESIAN_POINT('Ctrl Pts',(176.310942188686,-24.9794677793064,-17.3019862525288));
#7561=CARTESIAN_POINT('Ctrl Pts',(175.890037753681,-25.1633741998877,-17.6195843015531));
#7562=CARTESIAN_POINT('Ctrl Pts',(175.714030765669,-25.3804978043442,-17.7716158861168));
#7563=CARTESIAN_POINT('Ctrl Pts',(175.714030765669,-25.3804978043442,-17.7716158861168));
#7564=CARTESIAN_POINT('Ctrl Pts',(175.574996110769,-25.6377691697364,-17.9517592355299));
#7565=CARTESIAN_POINT('Ctrl Pts',(175.501637584225,-25.9187129614041,-18.1484781962689));
#7566=CARTESIAN_POINT('Ctrl Pts',(175.500027476034,-26.2000630402117,-18.3454816423258));
#7567=CARTESIAN_POINT('Ctrl Pts',(175.834224151338,-25.4240832227541,-17.8021347246434));
#7568=CARTESIAN_POINT('Ctrl Pts',(175.702350755731,-25.6677435183521,-17.9727545310773));
#7569=CARTESIAN_POINT('Ctrl Pts',(175.632638256171,-25.9339753887611,-18.1591579377318));
#7570=CARTESIAN_POINT('Ctrl Pts',(175.630931838447,-26.2005657197144,-18.3458336223029));
#7571=CARTESIAN_POINT('Ctrl Pts',(176.073475731927,-25.4480537272843,-17.9525556899475));
#7572=CARTESIAN_POINT('Ctrl Pts',(175.95580894802,-25.6649253405254,-18.1040352986017));
#7573=CARTESIAN_POINT('Ctrl Pts',(175.89340981423,-25.9017983374045,-18.2695040888075));
#7574=CARTESIAN_POINT('Ctrl Pts',(175.891525560141,-26.1393182827066,-18.4354338585828));
#7575=CARTESIAN_POINT('Ctrl Pts',(176.172009742333,-25.3333035618173,-18.1924844690122));
#7576=CARTESIAN_POINT('Ctrl Pts',(176.060630979476,-25.5393437955528,-18.3356879371494));
#7577=CARTESIAN_POINT('Ctrl Pts',(176.001606523399,-25.7647714102654,-18.4924059265876));
#7578=CARTESIAN_POINT('Ctrl Pts',(176.000031573819,-25.9902583295178,-18.6492003527279));
#7579=CARTESIAN_POINT('Ctrl Pts',(176.171224612535,-25.2576272512259,-18.2999554778852));
#7580=CARTESIAN_POINT('Ctrl Pts',(176.059996888615,-25.4640584204776,-18.4432226074628));
#7581=CARTESIAN_POINT('Ctrl Pts',(176.00131006738,-25.6894639824904,-18.599699450161));
#7582=CARTESIAN_POINT('Ctrl Pts',(176.000021980827,-25.9151738101785,-18.756432080956));
#7583=CARTESIAN_POINT('',(176.000021980827,-25.9151738101785,-18.756432080956));
#7584=CARTESIAN_POINT('Origin',(175.500027476034,-25.9132748220362,-18.7550576644703));
#7585=CARTESIAN_POINT('Ctrl Pts',(176.000021980827,-25.9151738101785,-18.756432080956));
#7586=CARTESIAN_POINT('Ctrl Pts',(176.00131006738,-25.6894639824904,-18.599699450161));
#7587=CARTESIAN_POINT('Ctrl Pts',(176.059996888615,-25.4640584204776,-18.4432226074628));
#7588=CARTESIAN_POINT('Ctrl Pts',(176.171224612535,-25.2576272512259,-18.2999554778852));
#7589=CARTESIAN_POINT('Ctrl Pts',(175.500027476034,-26.2000630402116,-18.3454816423258));
#7590=CARTESIAN_POINT('Ctrl Pts',(175.50000916039,-26.2064639863855,-18.3499636330884));
#7591=CARTESIAN_POINT('Ctrl Pts',(175.5,-26.21281246591,-18.3545207036383));
#7592=CARTESIAN_POINT('Ctrl Pts',(175.5,-26.2191066630138,-18.3591515542932));
#7593=CARTESIAN_POINT('Ctrl Pts',(175.630931838447,-26.2005657197143,-18.3458336223029));
#7594=CARTESIAN_POINT('Ctrl Pts',(175.630909344368,-26.2068027380495,-18.3502068967701));
#7595=CARTESIAN_POINT('Ctrl Pts',(175.630898666466,-26.2129709019869,-18.3546373115244));
#7596=CARTESIAN_POINT('Ctrl Pts',(175.6308996939,-26.2191066630138,-18.3591515542932));
#7597=CARTESIAN_POINT('Ctrl Pts',(175.891525557977,-26.1393182814569,-18.4354338603498));
#7598=CARTESIAN_POINT('Ctrl Pts',(175.891495152555,-26.1445186631494,-18.4390817956948));
#7599=CARTESIAN_POINT('Ctrl Pts',(175.891481370415,-26.1496826018225,-18.4427930905671));
#7600=CARTESIAN_POINT('Ctrl Pts',(175.891484360287,-26.1547981181882,-18.4465589631592));
#7601=CARTESIAN_POINT('Ctrl Pts',(176.000031573819,-25.9902583295179,-18.6492003527279));
#7602=CARTESIAN_POINT('Ctrl Pts',(176.000008754371,-25.9936610155867,-18.651574266495));
#7603=CARTESIAN_POINT('Ctrl Pts',(175.999998365686,-25.9970316131711,-18.6539924667522));
#7604=CARTESIAN_POINT('Ctrl Pts',(176.,-26.0003704177792,-18.6564552558916));
#7605=CARTESIAN_POINT('Ctrl Pts',(176.000021980827,-25.9151738101786,-18.7564320809561));
#7606=CARTESIAN_POINT('Ctrl Pts',(176.000007328312,-25.9177413524805,-18.7582149792187));
#7607=CARTESIAN_POINT('Ctrl Pts',(176.,-25.9202825339208,-18.7600353347363));
#7608=CARTESIAN_POINT('Ctrl Pts',(176.,-25.9227966334373,-18.7618926204541));
#7609=CARTESIAN_POINT('',(175.5,-26.2191066630138,-18.3591515542932));
#7610=CARTESIAN_POINT('',(176.,-25.9227966334373,-18.7618926204541));
#7611=CARTESIAN_POINT('Origin',(175.5,-25.9227966334373,-18.7618926204541));
#7612=CARTESIAN_POINT('Ctrl Pts',(176.,-25.9227966334373,-18.7618926204541));
#7613=CARTESIAN_POINT('Ctrl Pts',(176.,-25.9202825339208,-18.7600353347363));
#7614=CARTESIAN_POINT('Ctrl Pts',(176.000007328312,-25.9177413524805,-18.7582149792187));
#7615=CARTESIAN_POINT('Ctrl Pts',(176.000021980827,-25.9151738101786,-18.7564320809561));
#7616=CARTESIAN_POINT('Ctrl Pts',(175.500027476034,-26.2000630402116,-18.3454816423258));
#7617=CARTESIAN_POINT('Ctrl Pts',(175.50000916039,-26.2064639863855,-18.3499636330884));
#7618=CARTESIAN_POINT('Ctrl Pts',(175.5,-26.21281246591,-18.3545207036383));
#7619=CARTESIAN_POINT('Ctrl Pts',(175.5,-26.2191066630138,-18.3591515542932));
#7620=CARTESIAN_POINT('Ctrl Pts',(175.5,-26.2191066630138,-18.3591515542932));
#7621=CARTESIAN_POINT('Ctrl Pts',(175.5,-26.5545929269031,-18.6059799835943));
#7622=CARTESIAN_POINT('Ctrl Pts',(175.5,-26.6156745600758,-19.0179803972575));
#7623=CARTESIAN_POINT('Ctrl Pts',(175.5,-26.6767561932485,-19.4299808109207));
#7624=CARTESIAN_POINT('Ctrl Pts',(175.5,-26.4273143102316,-19.7635284893217));
#7625=CARTESIAN_POINT('Ctrl Pts',(176.,-26.2191066630138,-18.3591515542932));
#7626=CARTESIAN_POINT('Ctrl Pts',(176.,-26.5545929269031,-18.6059799835943));
#7627=CARTESIAN_POINT('Ctrl Pts',(176.,-26.6156745600758,-19.0179803972575));
#7628=CARTESIAN_POINT('Ctrl Pts',(176.,-26.6767561932485,-19.4299808109207));
#7629=CARTESIAN_POINT('Ctrl Pts',(176.,-26.4273143102316,-19.7635284893217));
#7630=CARTESIAN_POINT('Ctrl Pts',(176.,-25.9227966334373,-18.7618926204541));
#7631=CARTESIAN_POINT('Ctrl Pts',(176.,-26.090539765382,-18.8853068351047));
#7632=CARTESIAN_POINT('Ctrl Pts',(176.,-26.1210805819684,-19.0913070419363));
#7633=CARTESIAN_POINT('Ctrl Pts',(176.,-26.1516213985547,-19.2973072487679));
#7634=CARTESIAN_POINT('Ctrl Pts',(176.,-26.0269004570462,-19.4640810879684));
#7635=CARTESIAN_POINT('',(175.5,-26.4273143102316,-19.7635284893217));
#7636=CARTESIAN_POINT('',(176.,-26.0269004570462,-19.4640810879684));
#7637=CARTESIAN_POINT('Origin',(175.5,-26.0269004570462,-19.4640810879684));
#7638=CARTESIAN_POINT('Origin',(176.,-25.6264866038609,-19.164633686615));
#7639=CARTESIAN_POINT('Origin',(175.5,-25.6264866038609,-19.164633686615));
#7640=CARTESIAN_POINT('Origin',(175.5,0.,0.));
#7641=CARTESIAN_POINT('',(175.5,26.4273143102316,-19.7635284893217));
#7642=CARTESIAN_POINT('',(176.,26.0269004570462,-19.4640810879684));
#7643=CARTESIAN_POINT('Origin',(175.5,26.0269004570462,-19.4640810879684));
#7644=CARTESIAN_POINT('Origin',(176.,0.,0.));
#7645=CARTESIAN_POINT('Origin',(175.5,0.,0.));
#7646=CARTESIAN_POINT('Ctrl Pts',(175.5,26.4273143102316,-19.7635284893217));
#7647=CARTESIAN_POINT('Ctrl Pts',(175.5,26.6767561932485,-19.4299808109208));
#7648=CARTESIAN_POINT('Ctrl Pts',(175.5,26.6156745600758,-19.0179803972575));
#7649=CARTESIAN_POINT('Ctrl Pts',(175.5,26.5545929269031,-18.6059799835943));
#7650=CARTESIAN_POINT('Ctrl Pts',(175.5,26.2191066630138,-18.3591515542932));
#7651=CARTESIAN_POINT('Ctrl Pts',(176.,26.4273143102316,-19.7635284893217));
#7652=CARTESIAN_POINT('Ctrl Pts',(176.,26.6767561932485,-19.4299808109208));
#7653=CARTESIAN_POINT('Ctrl Pts',(176.,26.6156745600758,-19.0179803972575));
#7654=CARTESIAN_POINT('Ctrl Pts',(176.,26.5545929269031,-18.6059799835943));
#7655=CARTESIAN_POINT('Ctrl Pts',(176.,26.2191066630138,-18.3591515542932));
#7656=CARTESIAN_POINT('Ctrl Pts',(176.,26.0269004570462,-19.4640810879683));
#7657=CARTESIAN_POINT('Ctrl Pts',(176.,26.1516213985546,-19.2973072487679));
#7658=CARTESIAN_POINT('Ctrl Pts',(176.,26.1210805819683,-19.0913070419363));
#7659=CARTESIAN_POINT('Ctrl Pts',(176.,26.090539765382,-18.8853068351047));
#7660=CARTESIAN_POINT('Ctrl Pts',(176.,25.9227966334373,-18.7618926204542));
#7661=CARTESIAN_POINT('',(175.5,26.2191066630138,-18.3591515542932));
#7662=CARTESIAN_POINT('',(176.,25.9227966334373,-18.7618926204542));
#7663=CARTESIAN_POINT('Origin',(175.5,25.9227966334373,-18.7618926204541));
#7664=CARTESIAN_POINT('Origin',(176.,25.6264866038609,-19.164633686615));
#7665=CARTESIAN_POINT('Origin',(175.5,25.6264866038609,-19.164633686615));
#7666=CARTESIAN_POINT('Ctrl Pts',(176.000021980827,25.9151738101785,-18.756432080956));
#7667=CARTESIAN_POINT('Ctrl Pts',(176.000007328312,25.9177413524804,-18.7582149792187));
#7668=CARTESIAN_POINT('Ctrl Pts',(176.,25.9202825339207,-18.7600353347362));
#7669=CARTESIAN_POINT('Ctrl Pts',(176.,25.9227966334373,-18.7618926204541));
#7670=CARTESIAN_POINT('Ctrl Pts',(176.000031573819,25.9902583295178,-18.6492003527278));
#7671=CARTESIAN_POINT('Ctrl Pts',(176.000008754371,25.9936610155867,-18.6515742664949));
#7672=CARTESIAN_POINT('Ctrl Pts',(175.999998365686,25.9970316131711,-18.6539924667522));
#7673=CARTESIAN_POINT('Ctrl Pts',(176.,26.0003704177792,-18.6564552558916));
#7674=CARTESIAN_POINT('Ctrl Pts',(175.891525557977,26.1393182814567,-18.4354338603497));
#7675=CARTESIAN_POINT('Ctrl Pts',(175.891495152555,26.1445186631493,-18.4390817956947));
#7676=CARTESIAN_POINT('Ctrl Pts',(175.891481370415,26.1496826018225,-18.442793090567));
#7677=CARTESIAN_POINT('Ctrl Pts',(175.891484360287,26.1547981181883,-18.4465589631592));
#7678=CARTESIAN_POINT('Ctrl Pts',(175.630931838447,26.2005657197141,-18.3458336223027));
#7679=CARTESIAN_POINT('Ctrl Pts',(175.630909344368,26.2068027380494,-18.35020689677));
#7680=CARTESIAN_POINT('Ctrl Pts',(175.630898666466,26.2129709019869,-18.3546373115244));
#7681=CARTESIAN_POINT('Ctrl Pts',(175.6308996939,26.2191066630138,-18.3591515542932));
#7682=CARTESIAN_POINT('Ctrl Pts',(175.500027476034,26.2000630402114,-18.3454816423257));
#7683=CARTESIAN_POINT('Ctrl Pts',(175.50000916039,26.2064639863854,-18.3499636330883));
#7684=CARTESIAN_POINT('Ctrl Pts',(175.5,26.21281246591,-18.3545207036383));
#7685=CARTESIAN_POINT('Ctrl Pts',(175.5,26.2191066630138,-18.3591515542932));
#7686=CARTESIAN_POINT('',(175.500027476034,26.2000630402117,-18.3454816423258));
#7687=CARTESIAN_POINT('Ctrl Pts',(175.5,26.2191066630138,-18.3591515542932));
#7688=CARTESIAN_POINT('Ctrl Pts',(175.5,26.21281246591,-18.3545207036383));
#7689=CARTESIAN_POINT('Ctrl Pts',(175.50000916039,26.2064639863854,-18.3499636330883));
#7690=CARTESIAN_POINT('Ctrl Pts',(175.500027476034,26.2000630402114,-18.3454816423257));
#7691=CARTESIAN_POINT('',(176.000021980827,25.9151738101785,-18.756432080956));
#7692=CARTESIAN_POINT('Origin',(175.500027476034,25.9132748220362,-18.7550576644703));
#7693=CARTESIAN_POINT('Ctrl Pts',(176.000021980827,25.9151738101785,-18.756432080956));
#7694=CARTESIAN_POINT('Ctrl Pts',(176.000007328312,25.9177413524804,-18.7582149792187));
#7695=CARTESIAN_POINT('Ctrl Pts',(176.,25.9202825339207,-18.7600353347362));
#7696=CARTESIAN_POINT('Ctrl Pts',(176.,25.9227966334373,-18.7618926204541));
#7697=CARTESIAN_POINT('Ctrl Pts',(176.171224612535,25.2576272512259,-18.2999554778852));
#7698=CARTESIAN_POINT('Ctrl Pts',(176.059996888615,25.4640584204776,-18.4432226074628));
#7699=CARTESIAN_POINT('Ctrl Pts',(176.00131006738,25.6894639824901,-18.5996994501608));
#7700=CARTESIAN_POINT('Ctrl Pts',(176.000021980827,25.9151738101785,-18.756432080956));
#7701=CARTESIAN_POINT('Ctrl Pts',(176.172009742333,25.3333035618173,-18.1924844690121));
#7702=CARTESIAN_POINT('Ctrl Pts',(176.060630979476,25.5393437955529,-18.3356879371495));
#7703=CARTESIAN_POINT('Ctrl Pts',(176.001606523399,25.7647714102652,-18.4924059265874));
#7704=CARTESIAN_POINT('Ctrl Pts',(176.000031573819,25.9902583295178,-18.6492003527279));
#7705=CARTESIAN_POINT('Ctrl Pts',(176.073475731927,25.4480537272843,-17.9525556899474));
#7706=CARTESIAN_POINT('Ctrl Pts',(175.95580894802,25.6649253405254,-18.1040352986017));
#7707=CARTESIAN_POINT('Ctrl Pts',(175.89340981423,25.9017983374043,-18.2695040888073));
#7708=CARTESIAN_POINT('Ctrl Pts',(175.891525560141,26.1393182827067,-18.4354338585828));
#7709=CARTESIAN_POINT('Ctrl Pts',(175.834224151338,25.424083222754,-17.8021347246433));
#7710=CARTESIAN_POINT('Ctrl Pts',(175.702350755731,25.6677435183521,-17.9727545310773));
#7711=CARTESIAN_POINT('Ctrl Pts',(175.632638256171,25.933975388761,-18.1591579377317));
#7712=CARTESIAN_POINT('Ctrl Pts',(175.630931838447,26.2005657197144,-18.3458336223029));
#7713=CARTESIAN_POINT('Ctrl Pts',(175.714030765669,25.3804978043442,-17.7716158861168));
#7714=CARTESIAN_POINT('Ctrl Pts',(175.574996110769,25.6377691697364,-17.9517592355299));
#7715=CARTESIAN_POINT('Ctrl Pts',(175.501637584225,25.9187129614041,-18.1484781962688));
#7716=CARTESIAN_POINT('Ctrl Pts',(175.500027476034,26.2000630402117,-18.3454816423258));
#7717=CARTESIAN_POINT('',(175.714030765669,25.3804978043442,-17.7716158861168));
#7718=CARTESIAN_POINT('Ctrl Pts',(175.500027476034,26.2000630402117,-18.3454816423258));
#7719=CARTESIAN_POINT('Ctrl Pts',(175.501637584225,25.9187129614041,-18.1484781962688));
#7720=CARTESIAN_POINT('Ctrl Pts',(175.574996110769,25.6377691697364,-17.9517592355299));
#7721=CARTESIAN_POINT('Ctrl Pts',(175.714030765669,25.3804978043442,-17.7716158861168));
#7722=CARTESIAN_POINT('',(176.171224612535,25.2576272512259,-18.2999554778852));
#7723=CARTESIAN_POINT('Origin',(175.714030765669,25.0937095861687,-18.1811919082613));
#7724=CARTESIAN_POINT('Ctrl Pts',(176.171224612535,25.2576272512259,-18.2999554778852));
#7725=CARTESIAN_POINT('Ctrl Pts',(176.059996888615,25.4640584204776,-18.4432226074628));
#7726=CARTESIAN_POINT('Ctrl Pts',(176.00131006738,25.6894639824901,-18.5996994501608));
#7727=CARTESIAN_POINT('Ctrl Pts',(176.000021980827,25.9151738101785,-18.756432080956));
#7728=CARTESIAN_POINT('Ctrl Pts',(178.,25.1168460393825,-16.4056101695108));
#7729=CARTESIAN_POINT('Ctrl Pts',(177.998126300954,25.1158618333859,-16.4071169803048));
#7730=CARTESIAN_POINT('Ctrl Pts',(177.996253304237,25.114878815308,-16.4086238180739));
#7731=CARTESIAN_POINT('Ctrl Pts',(177.716701182654,24.9689292177247,-16.634008035975));
#7732=CARTESIAN_POINT('Ctrl Pts',(177.296370300033,24.8183189866631,-17.0198403286652));
#7733=CARTESIAN_POINT('Ctrl Pts',(176.648753751602,24.8032585883697,-17.6994964585724));
#7734=CARTESIAN_POINT('Ctrl Pts',(176.31203020341,24.9963015516868,-18.1185905076942));
#7735=CARTESIAN_POINT('Ctrl Pts',(176.171224612535,25.2576272512259,-18.2999554778852));
#7736=CARTESIAN_POINT('Ctrl Pts',(178.,25.1168460393825,-16.4056101695108));
#7737=CARTESIAN_POINT('Ctrl Pts',(177.997956605932,25.1159661931421,-16.4069545658736));
#7738=CARTESIAN_POINT('Ctrl Pts',(177.995955548326,25.1151150754346,-16.4082674434641));
#7739=CARTESIAN_POINT('Ctrl Pts',(177.692099622474,24.98519301306,-16.6083761309488));
#7740=CARTESIAN_POINT('Ctrl Pts',(177.239066920664,24.8764024907039,-16.9640091121084));
#7741=CARTESIAN_POINT('Ctrl Pts',(176.577898490943,24.949485624273,-17.5952398986998));
#7742=CARTESIAN_POINT('Ctrl Pts',(176.283661073533,25.1858567440489,-17.9566930752485));
#7743=CARTESIAN_POINT('Ctrl Pts',(176.172794872131,25.4089798724087,-18.0850134601391));
#7744=CARTESIAN_POINT('Ctrl Pts',(178.,25.1168460393825,-16.4056101695108));
#7745=CARTESIAN_POINT('Ctrl Pts',(177.997803994953,25.1160776541227,-16.4067847079486));
#7746=CARTESIAN_POINT('Ctrl Pts',(177.995639388615,25.1153429437004,-16.4079180306483));
#7747=CARTESIAN_POINT('Ctrl Pts',(177.668858186106,25.0019962704246,-16.5825059389113));
#7748=CARTESIAN_POINT('Ctrl Pts',(177.179684410472,24.9157039890454,-16.8954870858862));
#7749=CARTESIAN_POINT('Ctrl Pts',(176.445085059898,25.0195341906976,-17.439047374106));
#7750=CARTESIAN_POINT('Ctrl Pts',(176.092415233752,25.2627025124068,-17.7300403696607));
#7751=CARTESIAN_POINT('Ctrl Pts',(175.954417537008,25.4676686411638,-17.83265356317));
#7752=CARTESIAN_POINT('Ctrl Pts',(178.,25.1168460393825,-16.4056101695108));
#7753=CARTESIAN_POINT('Ctrl Pts',(177.997657876192,25.1162008376735,-16.4065979676982));
#7754=CARTESIAN_POINT('Ctrl Pts',(177.995316630296,25.1155566132639,-16.4075858801132));
#7755=CARTESIAN_POINT('Ctrl Pts',(177.645876478319,25.0200380143825,-16.5554493574931));
#7756=CARTESIAN_POINT('Ctrl Pts',(177.120462875041,24.9347323080736,-16.8173522494762));
#7757=CARTESIAN_POINT('Ctrl Pts',(176.310942189503,24.9794677787595,-17.3019862518131));
#7758=CARTESIAN_POINT('Ctrl Pts',(175.890037754263,25.1633741991698,-17.6195843010505));
#7759=CARTESIAN_POINT('Ctrl Pts',(175.714030765669,25.3804978043442,-17.7716158861168));
#7760=CARTESIAN_POINT('',(178.,25.1168460393825,-16.4056101695108));
#7761=CARTESIAN_POINT('Ctrl Pts',(175.714030765669,25.3804978043442,-17.7716158861168));
#7762=CARTESIAN_POINT('Ctrl Pts',(175.890037754263,25.1633741991698,-17.6195843010505));
#7763=CARTESIAN_POINT('Ctrl Pts',(176.310942189503,24.9794677787595,-17.3019862518131));
#7764=CARTESIAN_POINT('Ctrl Pts',(177.120462875041,24.9347323080736,-16.8173522494762));
#7765=CARTESIAN_POINT('Ctrl Pts',(177.645876478319,25.0200380143825,-16.5554493574931));
#7766=CARTESIAN_POINT('Ctrl Pts',(177.995316630296,25.1155566132639,-16.4075858801132));
#7767=CARTESIAN_POINT('Ctrl Pts',(177.997657876192,25.1162008376735,-16.4065979676982));
#7768=CARTESIAN_POINT('Ctrl Pts',(178.,25.1168460393825,-16.4056101695108));
#7769=CARTESIAN_POINT('Ctrl Pts',(178.,25.1168460393825,-16.4056101695108));
#7770=CARTESIAN_POINT('Ctrl Pts',(177.998126300954,25.1158618333859,-16.4071169803048));
#7771=CARTESIAN_POINT('Ctrl Pts',(177.996253304237,25.114878815308,-16.4086238180739));
#7772=CARTESIAN_POINT('Ctrl Pts',(177.716701182654,24.9689292177247,-16.634008035975));
#7773=CARTESIAN_POINT('Ctrl Pts',(177.296370300033,24.8183189866631,-17.0198403286652));
#7774=CARTESIAN_POINT('Ctrl Pts',(176.648753751602,24.8032585883697,-17.6994964585724));
#7775=CARTESIAN_POINT('Ctrl Pts',(176.31203020341,24.9963015516868,-18.1185905076942));
#7776=CARTESIAN_POINT('Ctrl Pts',(176.171224612535,25.2576272512259,-18.2999554778852));
#7777=CARTESIAN_POINT('Origin',(117.25,28.2373267696608,-19.7719890630073));
#7778=CARTESIAN_POINT('',(131.222652659636,29.0683579299334,-20.3538833459174));
#7779=CARTESIAN_POINT('',(131.,29.0683579299111,-20.3538833459017));
#7780=CARTESIAN_POINT('',(130.,28.2373267696608,-19.7719890630073));
#7781=CARTESIAN_POINT('Ctrl Pts',(130.,28.2373267696608,-19.7719890630073));
#7782=CARTESIAN_POINT('Ctrl Pts',(130.001581146077,28.238074553175,-19.7725126666609));
#7783=CARTESIAN_POINT('Ctrl Pts',(130.003162387242,28.2388223987733,-19.7730363137863));
#7784=CARTESIAN_POINT('Ctrl Pts',(130.189052939059,28.3267360678047,-19.8345941275536));
#7785=CARTESIAN_POINT('Ctrl Pts',(130.467070073697,28.4592531724113,-19.9273836031409));
#7786=CARTESIAN_POINT('Ctrl Pts',(130.889265542585,28.7238577979694,-20.1126617566019));
#7787=CARTESIAN_POINT('Ctrl Pts',(131.108236706638,28.9213418475743,-20.2509415768115));
#7788=CARTESIAN_POINT('Ctrl Pts',(131.222652659628,29.0683579299233,-20.3538833459103));
#7789=CARTESIAN_POINT('',(117.25,28.2373267696608,-19.7719890630073));
#7790=CARTESIAN_POINT('',(117.25,25.3804978043442,-17.7716158861168));
#7791=CARTESIAN_POINT('',(146.,26.2000630402119,-18.345481642326));
#7792=CARTESIAN_POINT('',(136.,27.8391205459255,-19.4931620633859));
#7793=CARTESIAN_POINT('Origin',(146.,25.6264866038609,-19.164633686615));
#7794=CARTESIAN_POINT('',(146.,26.4273143102316,-19.7635284893217));
#7795=CARTESIAN_POINT('Origin',(146.,0.,0.));
#7796=CARTESIAN_POINT('',(146.,-26.4273143102316,-19.7635284893217));
#7797=CARTESIAN_POINT('Origin',(146.,-25.6264866038609,-19.164633686615));
#7798=CARTESIAN_POINT('Origin',(16.,-25.9540742406952,-16.9524638418278));
#7799=CARTESIAN_POINT('',(14.,-25.1168460393825,-16.4056101695108));
#7800=CARTESIAN_POINT('',(16.,-25.1168460393825,-16.4056101695108));
#7801=CARTESIAN_POINT('Ctrl Pts',(16.2859692343314,-25.3804978043442,-17.7716158861168));
#7802=CARTESIAN_POINT('Ctrl Pts',(16.1099622457373,-25.1633741991696,-17.6195843010503));
#7803=CARTESIAN_POINT('Ctrl Pts',(15.6890214447986,-24.9794034662316,-17.3019014330894));
#7804=CARTESIAN_POINT('Ctrl Pts',(14.8795121305092,-24.9346890976119,-16.8172933493357));
#7805=CARTESIAN_POINT('Ctrl Pts',(14.3541160561086,-25.0200255710412,-16.5554319594576));
#7806=CARTESIAN_POINT('Ctrl Pts',(14.0046834041581,-25.1155566706692,-16.4075859603886));
#7807=CARTESIAN_POINT('Ctrl Pts',(14.0023421238079,-25.1162008376738,-16.4065979676978));
#7808=CARTESIAN_POINT('Ctrl Pts',(14.,-25.1168460393825,-16.4056101695108));
#7809=CARTESIAN_POINT('Ctrl Pts',(130.,-28.2373267696608,-19.7719890630073));
#7810=CARTESIAN_POINT('Ctrl Pts',(130.001054097382,-28.2388223367034,-19.7730362703244));
#7811=CARTESIAN_POINT('Ctrl Pts',(130.00210825816,-28.2403137256607,-19.7740860369126));
#7812=CARTESIAN_POINT('Ctrl Pts',(130.126035292752,-28.4160936660798,-19.8978823503625));
#7813=CARTESIAN_POINT('Ctrl Pts',(130.311380049142,-28.6243487556323,-20.1393663116037));
#7814=CARTESIAN_POINT('Ctrl Pts',(130.592843695081,-28.8533624661488,-20.5050287161149));
#7815=CARTESIAN_POINT('Ctrl Pts',(130.738824471098,-28.9769614883212,-20.6927421629658));
#7816=CARTESIAN_POINT('Ctrl Pts',(130.815101773091,-29.0678470322247,-20.8075906569898));
#7817=CARTESIAN_POINT('Ctrl Pts',(130.,-28.2373267696608,-19.7719890630073));
#7818=CARTESIAN_POINT('Ctrl Pts',(130.001233607438,-28.2385524438253,-19.7728562202826));
#7819=CARTESIAN_POINT('Ctrl Pts',(130.002454555583,-28.2398444050684,-19.7737420944303));
#7820=CARTESIAN_POINT('Ctrl Pts',(130.147635987621,-28.3831582769677,-19.8758650762039));
#7821=CARTESIAN_POINT('Ctrl Pts',(130.361518256681,-28.5893589533767,-20.0498309587929));
#7822=CARTESIAN_POINT('Ctrl Pts',(130.657955355966,-28.8831827332779,-20.3408709499465));
#7823=CARTESIAN_POINT('Ctrl Pts',(130.795196762188,-29.0527417386916,-20.5100828020865));
#7824=CARTESIAN_POINT('Ctrl Pts',(130.862316444474,-29.1644120853686,-20.6172041151812));
#7825=CARTESIAN_POINT('Ctrl Pts',(130.,-28.2373267696608,-19.7719890630073));
#7826=CARTESIAN_POINT('Ctrl Pts',(130.001407259298,-28.238326583253,-19.7726891400213));
#7827=CARTESIAN_POINT('Ctrl Pts',(130.00280868334,-28.2393172864138,-19.7733828378427));
#7828=CARTESIAN_POINT('Ctrl Pts',(130.168307957042,-28.356958615047,-19.855756182956));
#7829=CARTESIAN_POINT('Ctrl Pts',(130.414373543473,-28.5316645602533,-19.97808660276));
#7830=CARTESIAN_POINT('Ctrl Pts',(130.772898019687,-28.8322112572449,-20.1885316655775));
#7831=CARTESIAN_POINT('Ctrl Pts',(130.949144596327,-29.0282467920735,-20.3257972248217));
#7832=CARTESIAN_POINT('Ctrl Pts',(131.038294798059,-29.1646326883426,-20.4212956574948));
#7833=CARTESIAN_POINT('Ctrl Pts',(130.,-28.2373267696608,-19.7719890630073));
#7834=CARTESIAN_POINT('Ctrl Pts',(130.001581146082,-28.238074553186,-19.7725126666686));
#7835=CARTESIAN_POINT('Ctrl Pts',(130.00316238724,-28.2388223987783,-19.7730363137898));
#7836=CARTESIAN_POINT('Ctrl Pts',(130.18905293913,-28.3267360677069,-19.8345941274846));
#7837=CARTESIAN_POINT('Ctrl Pts',(130.467070073713,-28.4592531723857,-19.9273836031229));
#7838=CARTESIAN_POINT('Ctrl Pts',(130.889265542623,-28.7238577979391,-20.1126617565804));
#7839=CARTESIAN_POINT('Ctrl Pts',(131.108236706647,-28.9213418475827,-20.2509415768173));
#7840=CARTESIAN_POINT('Ctrl Pts',(131.222652659636,-29.0683579299335,-20.3538833459174));
#7841=CARTESIAN_POINT('',(130.815101773091,-29.0678470322247,-20.8075906569898));
#7842=CARTESIAN_POINT('Origin',(131.222652659636,-28.7815697117579,-20.7634593680619));
#7843=CARTESIAN_POINT('Ctrl Pts',(130.,-28.2373267696608,-19.7719890630073));
#7844=CARTESIAN_POINT('Ctrl Pts',(130.001054097382,-28.2388223367034,-19.7730362703244));
#7845=CARTESIAN_POINT('Ctrl Pts',(130.00210825816,-28.2403137256607,-19.7740860369126));
#7846=CARTESIAN_POINT('Ctrl Pts',(130.126035292752,-28.4160936660798,-19.8978823503625));
#7847=CARTESIAN_POINT('Ctrl Pts',(130.311380049142,-28.6243487556323,-20.1393663116037));
#7848=CARTESIAN_POINT('Ctrl Pts',(130.592843695081,-28.8533624661488,-20.5050287161149));
#7849=CARTESIAN_POINT('Ctrl Pts',(130.738824471098,-28.9769614883212,-20.6927421629658));
#7850=CARTESIAN_POINT('Ctrl Pts',(130.815101773091,-29.0678470322247,-20.8075906569898));
#7851=CARTESIAN_POINT('Ctrl Pts',(130.815101773083,-29.0678470322153,-20.8075906569779));
#7852=CARTESIAN_POINT('Ctrl Pts',(130.857843397266,-29.1187743154248,-20.8719454655697));
#7853=CARTESIAN_POINT('Ctrl Pts',(130.909814150713,-29.1870219046678,-21.0381727776162));
#7854=CARTESIAN_POINT('Ctrl Pts',(130.941467492534,-29.158297587773,-21.333815414048));
#7855=CARTESIAN_POINT('Ctrl Pts',(130.946483531814,-29.0798024765788,-21.4942988522308));
#7856=CARTESIAN_POINT('Ctrl Pts',(130.946141250008,-29.027849095095,-21.5653252753954));
#7857=CARTESIAN_POINT('Ctrl Pts',(130.838709108776,-29.1161295587869,-20.7123973860755));
#7858=CARTESIAN_POINT('Ctrl Pts',(130.887345800429,-29.182279028849,-20.7916783174908));
#7859=CARTESIAN_POINT('Ctrl Pts',(130.943949322135,-29.2779934271781,-20.9903250705403));
#7860=CARTESIAN_POINT('Ctrl Pts',(130.975290253002,-29.2591690796995,-21.3464545534926));
#7861=CARTESIAN_POINT('Ctrl Pts',(130.979943966603,-29.1683044608361,-21.5393999372261));
#7862=CARTESIAN_POINT('Ctrl Pts',(130.979620549273,-29.106270747716,-21.6238657828654));
#7863=CARTESIAN_POINT('Ctrl Pts',(130.946600748499,-29.1697318833147,-20.5159277828048));
#7864=CARTESIAN_POINT('Ctrl Pts',(131.004309499201,-29.2752551242313,-20.6244307371892));
#7865=CARTESIAN_POINT('Ctrl Pts',(131.070012936083,-29.4337679343664,-20.8868459546194));
#7866=CARTESIAN_POINT('Ctrl Pts',(131.104736681061,-29.4406388016175,-21.3616059195217));
#7867=CARTESIAN_POINT('Ctrl Pts',(131.109709970301,-29.3267692133754,-21.6178959881146));
#7868=CARTESIAN_POINT('Ctrl Pts',(131.109361079783,-29.2452639380082,-21.7281883455547));
#7869=CARTESIAN_POINT('Ctrl Pts',(131.130473728837,-29.1164953091293,-20.3875895017012));
#7870=CARTESIAN_POINT('Ctrl Pts',(131.192491833431,-29.2642245140311,-20.5055833282812));
#7871=CARTESIAN_POINT('Ctrl Pts',(131.266369872404,-29.4827816486453,-20.8041929332425));
#7872=CARTESIAN_POINT('Ctrl Pts',(131.309577960315,-29.5157391711174,-21.3516112268171));
#7873=CARTESIAN_POINT('Ctrl Pts',(131.31624200915,-29.390395633162,-21.6441967142293));
#7874=CARTESIAN_POINT('Ctrl Pts',(131.315783812827,-29.2978497387379,-21.7689228289186));
#7875=CARTESIAN_POINT('Ctrl Pts',(131.222652659624,-29.0683579299254,-20.3538833459117));
#7876=CARTESIAN_POINT('Ctrl Pts',(131.286765095899,-29.2331174580239,-20.4692492094825));
#7877=CARTESIAN_POINT('Ctrl Pts',(131.36472122607,-29.4759472562108,-20.7758567373713));
#7878=CARTESIAN_POINT('Ctrl Pts',(131.412201238801,-29.5193835322068,-21.3412363002282));
#7879=CARTESIAN_POINT('Ctrl Pts',(131.41972529772,-29.3922950060355,-21.6418178900214));
#7880=CARTESIAN_POINT('Ctrl Pts',(131.419211875012,-29.2974514069662,-21.769458905918));
#7881=CARTESIAN_POINT('',(130.946141250008,-29.027849095095,-21.5653252753954));
#7882=CARTESIAN_POINT('Origin',(131.419211875012,-28.8961164502631,-21.4712471480544));
#7883=CARTESIAN_POINT('Ctrl Pts',(130.815101773091,-29.0678470322247,-20.8075906569898));
#7884=CARTESIAN_POINT('Ctrl Pts',(130.85784339727,-29.1187743154299,-20.8719454655821));
#7885=CARTESIAN_POINT('Ctrl Pts',(130.889025849335,-29.1597228689712,-20.9716818528048));
#7886=CARTESIAN_POINT('Ctrl Pts',(130.909638260915,-29.1687160374731,-21.0875987999141));
#7887=CARTESIAN_POINT('Ctrl Pts',(130.923379868636,-29.1747114831415,-21.1648767646584));
#7888=CARTESIAN_POINT('Ctrl Pts',(130.932423680585,-29.1665045354573,-21.2493460893532));
#7889=CARTESIAN_POINT('Ctrl Pts',(130.938199596379,-29.1427772838166,-21.3317016112463));
#7890=CARTESIAN_POINT('Ctrl Pts',(130.943975512174,-29.1190500321759,-21.4140571331394));
#7891=CARTESIAN_POINT('Ctrl Pts',(130.946483531814,-29.0798024765788,-21.4942988522308));
#7892=CARTESIAN_POINT('Ctrl Pts',(130.946141250008,-29.027849095095,-21.5653252753954));
#7893=CARTESIAN_POINT('Ctrl Pts',(130.946141250008,-29.027849095095,-21.5653252753954));
#7894=CARTESIAN_POINT('Ctrl Pts',(130.946098442474,-29.0213515432084,-21.5742081978329));
#7895=CARTESIAN_POINT('Ctrl Pts',(130.946077011209,-29.0148156527427,-21.5830658881407));
#7896=CARTESIAN_POINT('Ctrl Pts',(130.946077011209,-29.0082429681612,-21.591896146956));
#7897=CARTESIAN_POINT('Ctrl Pts',(130.979620549263,-29.1062707464114,-21.6238657846383));
#7898=CARTESIAN_POINT('Ctrl Pts',(130.979590682604,-29.0997837695005,-21.6327017412241));
#7899=CARTESIAN_POINT('Ctrl Pts',(130.979575382545,-29.0932680221336,-21.6415161027193));
#7900=CARTESIAN_POINT('Ctrl Pts',(130.979575382545,-29.0867217991119,-21.6503108110045));
#7901=CARTESIAN_POINT('Ctrl Pts',(131.109361080498,-29.2452639332699,-21.7281883502555));
#7902=CARTESIAN_POINT('Ctrl Pts',(131.10933543942,-29.2388803505022,-21.7368125078598));
#7903=CARTESIAN_POINT('Ctrl Pts',(131.109322623971,-29.2324841884897,-21.7454295416941));
#7904=CARTESIAN_POINT('Ctrl Pts',(131.109322623971,-29.2260767492625,-21.7540377969691));
#7905=CARTESIAN_POINT('Ctrl Pts',(131.315783812821,-29.2978497331687,-21.7689228364362));
#7906=CARTESIAN_POINT('Ctrl Pts',(131.315732610349,-29.2917037702884,-21.7771940352518));
#7907=CARTESIAN_POINT('Ctrl Pts',(131.31570690612,-29.2855547263949,-21.7854628265062));
#7908=CARTESIAN_POINT('Ctrl Pts',(131.31570690612,-29.2794015925385,-21.7937294280455));
#7909=CARTESIAN_POINT('Ctrl Pts',(131.419211875012,-29.2974514009612,-21.7694589139996));
#7910=CARTESIAN_POINT('Ctrl Pts',(131.419147663711,-29.2914382191483,-21.7775514854606));
#7911=CARTESIAN_POINT('Ctrl Pts',(131.419115516813,-29.2854215715449,-21.7856417171519));
#7912=CARTESIAN_POINT('Ctrl Pts',(131.419115516813,-29.2794015925385,-21.7937294280455));
#7913=CARTESIAN_POINT('',(130.946077011209,-29.0082429681612,-21.591896146956));
#7914=CARTESIAN_POINT('',(131.419115516813,-29.2794015925385,-21.7937294280455));
#7915=CARTESIAN_POINT('Origin',(131.419115516813,-28.87831389949,-21.4951851893051));
#7916=CARTESIAN_POINT('Ctrl Pts',(131.419115516813,-29.2794015925385,-21.7937294280455));
#7917=CARTESIAN_POINT('Ctrl Pts',(131.419115516813,-29.2854215715449,-21.7856417171519));
#7918=CARTESIAN_POINT('Ctrl Pts',(131.419147663711,-29.2914382191483,-21.7775514854606));
#7919=CARTESIAN_POINT('Ctrl Pts',(131.419211875012,-29.2974514009612,-21.7694589139996));
#7920=CARTESIAN_POINT('Ctrl Pts',(130.946141250008,-29.027849095095,-21.5653252753954));
#7921=CARTESIAN_POINT('Ctrl Pts',(130.946098442474,-29.0213515432084,-21.5742081978329));
#7922=CARTESIAN_POINT('Ctrl Pts',(130.946077011209,-29.0148156527427,-21.5830658881407));
#7923=CARTESIAN_POINT('Ctrl Pts',(130.946077011209,-29.0082429681612,-21.591896146956));
#7924=CARTESIAN_POINT('Origin',(131.419115516813,0.,0.));
#7925=CARTESIAN_POINT('',(130.946077011209,29.0082429681612,-21.591896146956));
#7926=CARTESIAN_POINT('',(131.419115516813,29.2794015925385,-21.7937294280455));
#7927=CARTESIAN_POINT('Origin',(131.419115516813,28.87831389949,-21.4951851893052));
#7928=CARTESIAN_POINT('Origin',(131.419115516813,0.,0.));
#7929=CARTESIAN_POINT('Origin',(130.946077011209,0.,0.));
#7930=CARTESIAN_POINT('Ctrl Pts',(131.222652659628,29.0683579299354,-20.3538833459188));
#7931=CARTESIAN_POINT('Ctrl Pts',(131.286765095902,29.2331174580321,-20.4692492094913));
#7932=CARTESIAN_POINT('Ctrl Pts',(131.364721226071,29.4759472562133,-20.7758567373802));
#7933=CARTESIAN_POINT('Ctrl Pts',(131.412201238801,29.5193835322055,-21.3412363002325));
#7934=CARTESIAN_POINT('Ctrl Pts',(131.41972529772,29.3922950060346,-21.6418178900226));
#7935=CARTESIAN_POINT('Ctrl Pts',(131.419211875012,29.2974514069662,-21.769458905918));
#7936=CARTESIAN_POINT('Ctrl Pts',(131.130473728841,29.1164953091383,-20.3875895017084));
#7937=CARTESIAN_POINT('Ctrl Pts',(131.192491833434,29.2642245140385,-20.5055833282898));
#7938=CARTESIAN_POINT('Ctrl Pts',(131.266369872405,29.4827816486476,-20.8041929332511));
#7939=CARTESIAN_POINT('Ctrl Pts',(131.309577960316,29.5157391711161,-21.3516112268213));
#7940=CARTESIAN_POINT('Ctrl Pts',(131.31624200915,29.3903956331612,-21.6441967142304));
#7941=CARTESIAN_POINT('Ctrl Pts',(131.315783812827,29.2978497387379,-21.7689228289186));
#7942=CARTESIAN_POINT('Ctrl Pts',(130.946600748502,29.1697318833211,-20.5159277828114));
#7943=CARTESIAN_POINT('Ctrl Pts',(131.004309499204,29.2752551242366,-20.6244307371968));
#7944=CARTESIAN_POINT('Ctrl Pts',(131.070012936084,29.4337679343679,-20.8868459546268));
#7945=CARTESIAN_POINT('Ctrl Pts',(131.104736681061,29.4406388016163,-21.3616059195253));
#7946=CARTESIAN_POINT('Ctrl Pts',(131.109709970301,29.3267692133747,-21.6178959881155));
#7947=CARTESIAN_POINT('Ctrl Pts',(131.109361079783,29.2452639380082,-21.7281883455547));
#7948=CARTESIAN_POINT('Ctrl Pts',(130.838709108779,29.1161295587909,-20.7123973860803));
#7949=CARTESIAN_POINT('Ctrl Pts',(130.887345800431,29.1822790288523,-20.7916783174965));
#7950=CARTESIAN_POINT('Ctrl Pts',(130.943949322135,29.2779934271788,-20.9903250705459));
#7951=CARTESIAN_POINT('Ctrl Pts',(130.975290253002,29.2591690796985,-21.3464545534953));
#7952=CARTESIAN_POINT('Ctrl Pts',(130.979943966603,29.1683044608356,-21.5393999372268));
#7953=CARTESIAN_POINT('Ctrl Pts',(130.979620549273,29.1062707477161,-21.6238657828654));
#7954=CARTESIAN_POINT('Ctrl Pts',(130.815101773086,29.0678470322184,-20.8075906569818));
#7955=CARTESIAN_POINT('Ctrl Pts',(130.857843397268,29.1187743154272,-20.8719454655746));
#7956=CARTESIAN_POINT('Ctrl Pts',(130.909814150714,29.1870219046682,-21.0381727776209));
#7957=CARTESIAN_POINT('Ctrl Pts',(130.941467492534,29.1582975877722,-21.3338154140502));
#7958=CARTESIAN_POINT('Ctrl Pts',(130.946483531814,29.0798024765784,-21.4942988522315));
#7959=CARTESIAN_POINT('Ctrl Pts',(130.946141250008,29.027849095095,-21.5653252753954));
#7960=CARTESIAN_POINT('',(130.815101773086,29.0678470322184,-20.8075906569818));
#7961=CARTESIAN_POINT('Origin',(131.222652659628,28.7815697117478,-20.7634593680548));
#7962=CARTESIAN_POINT('',(131.419211875078,29.2974514069661,-21.7694589059182));
#7963=CARTESIAN_POINT('Ctrl Pts',(131.222652659628,29.0683579299356,-20.3538833459189));
#7964=CARTESIAN_POINT('Ctrl Pts',(131.286765095902,29.2331174580323,-20.4692492094914));
#7965=CARTESIAN_POINT('Ctrl Pts',(131.333538774003,29.3788153369409,-20.6532137262247));
#7966=CARTESIAN_POINT('Ctrl Pts',(131.364457391374,29.4482638166166,-20.87218284908));
#7967=CARTESIAN_POINT('Ctrl Pts',(131.385069802955,29.4945628030671,-21.0181622643169));
#7968=CARTESIAN_POINT('Ctrl Pts',(131.398635520878,29.5069731676363,-21.1796992822747));
#7969=CARTESIAN_POINT('Ctrl Pts',(131.407299394569,29.4814062183782,-21.3356131887011));
#7970=CARTESIAN_POINT('Ctrl Pts',(131.415963268261,29.4558392691201,-21.4915270951275));
#7971=CARTESIAN_POINT('Ctrl Pts',(131.41972529772,29.3922950060347,-21.6418178900226));
#7972=CARTESIAN_POINT('Ctrl Pts',(131.419211875012,29.2974514069662,-21.769458905918));
#7973=CARTESIAN_POINT('',(130.946141250008,29.027849095095,-21.5653252753954));
#7974=CARTESIAN_POINT('Origin',(131.419211875012,28.8961164502631,-21.4712471480544));
#7975=CARTESIAN_POINT('Ctrl Pts',(130.946141250008,29.027849095095,-21.5653252753954));
#7976=CARTESIAN_POINT('Ctrl Pts',(130.946483531814,29.0798024765784,-21.4942988522315));
#7977=CARTESIAN_POINT('Ctrl Pts',(130.941467492534,29.1582975877722,-21.3338154140502));
#7978=CARTESIAN_POINT('Ctrl Pts',(130.909814150714,29.1870219046682,-21.0381727776209));
#7979=CARTESIAN_POINT('Ctrl Pts',(130.857843397268,29.1187743154272,-20.8719454655746));
#7980=CARTESIAN_POINT('Ctrl Pts',(130.815101773086,29.0678470322184,-20.8075906569818));
#7981=CARTESIAN_POINT('Ctrl Pts',(130.,28.2373267696608,-19.7719890630073));
#7982=CARTESIAN_POINT('Ctrl Pts',(130.001581146077,28.238074553175,-19.7725126666609));
#7983=CARTESIAN_POINT('Ctrl Pts',(130.003162387242,28.2388223987733,-19.7730363137863));
#7984=CARTESIAN_POINT('Ctrl Pts',(130.189052939059,28.3267360678047,-19.8345941275536));
#7985=CARTESIAN_POINT('Ctrl Pts',(130.467070073697,28.4592531724113,-19.9273836031409));
#7986=CARTESIAN_POINT('Ctrl Pts',(130.889265542585,28.7238577979694,-20.1126617566019));
#7987=CARTESIAN_POINT('Ctrl Pts',(131.108236706638,28.9213418475743,-20.2509415768115));
#7988=CARTESIAN_POINT('Ctrl Pts',(131.222652659628,29.0683579299233,-20.3538833459103));
#7989=CARTESIAN_POINT('Ctrl Pts',(130.,28.2373267696608,-19.7719890630073));
#7990=CARTESIAN_POINT('Ctrl Pts',(130.001407259296,28.2383265832408,-19.7726891400128));
#7991=CARTESIAN_POINT('Ctrl Pts',(130.002808683341,28.2393172864075,-19.7733828378383));
#7992=CARTESIAN_POINT('Ctrl Pts',(130.168307956972,28.3569586151448,-19.855756183025));
#7993=CARTESIAN_POINT('Ctrl Pts',(130.414373543457,28.5316645602787,-19.9780866027779));
#7994=CARTESIAN_POINT('Ctrl Pts',(130.772898019651,28.8322112572745,-20.1885316655984));
#7995=CARTESIAN_POINT('Ctrl Pts',(130.94914459632,29.0282467920656,-20.3257972248162));
#7996=CARTESIAN_POINT('Ctrl Pts',(131.038294798053,29.1646326883331,-20.4212956574882));
#7997=CARTESIAN_POINT('Ctrl Pts',(130.,28.2373267696608,-19.7719890630073));
#7998=CARTESIAN_POINT('Ctrl Pts',(130.001233607439,28.2385524438129,-19.7728562202739));
#7999=CARTESIAN_POINT('Ctrl Pts',(130.002454555584,28.2398444050597,-19.7737420944243));
#8000=CARTESIAN_POINT('Ctrl Pts',(130.147635987576,28.3831582771642,-19.8758650763424));
#8001=CARTESIAN_POINT('Ctrl Pts',(130.361518256671,28.589358953427,-20.0498309588286));
#8002=CARTESIAN_POINT('Ctrl Pts',(130.657955355942,28.883182733346,-20.3408709499922));
#8003=CARTESIAN_POINT('Ctrl Pts',(130.795196762183,29.0527417386851,-20.5100828020794));
#8004=CARTESIAN_POINT('Ctrl Pts',(130.862316444469,29.1644120853608,-20.6172041151738));
#8005=CARTESIAN_POINT('Ctrl Pts',(130.,28.2373267696608,-19.7719890630073));
#8006=CARTESIAN_POINT('Ctrl Pts',(130.001054097386,28.2388223366897,-19.7730362703149));
#8007=CARTESIAN_POINT('Ctrl Pts',(130.002108258161,28.2403137256508,-19.7740860369056));
#8008=CARTESIAN_POINT('Ctrl Pts',(130.126035292707,28.4160936662766,-19.8978823505008));
#8009=CARTESIAN_POINT('Ctrl Pts',(130.311380049132,28.6243487556821,-20.1393663116394));
#8010=CARTESIAN_POINT('Ctrl Pts',(130.592843695057,28.8533624662189,-20.5050287161589));
#8011=CARTESIAN_POINT('Ctrl Pts',(130.738824471092,28.9769614883162,-20.6927421629585));
#8012=CARTESIAN_POINT('Ctrl Pts',(130.815101773086,29.0678470322184,-20.8075906569818));
#8013=CARTESIAN_POINT('Ctrl Pts',(130.815101773086,29.0678470322184,-20.8075906569818));
#8014=CARTESIAN_POINT('Ctrl Pts',(130.738824471092,28.9769614883162,-20.6927421629585));
#8015=CARTESIAN_POINT('Ctrl Pts',(130.592843695057,28.8533624662189,-20.5050287161589));
#8016=CARTESIAN_POINT('Ctrl Pts',(130.311380049132,28.6243487556821,-20.1393663116394));
#8017=CARTESIAN_POINT('Ctrl Pts',(130.126035292707,28.4160936662766,-19.8978823505008));
#8018=CARTESIAN_POINT('Ctrl Pts',(130.002108258161,28.2403137256508,-19.7740860369056));
#8019=CARTESIAN_POINT('Ctrl Pts',(130.001054097386,28.2388223366897,-19.7730362703149));
#8020=CARTESIAN_POINT('Ctrl Pts',(130.,28.2373267696608,-19.7719890630073));
#8021=CARTESIAN_POINT('Ctrl Pts',(130.946077011209,29.0082429681612,-21.591896146956));
#8022=CARTESIAN_POINT('Ctrl Pts',(130.946077011209,29.0148156694573,-21.5830658656849));
#8023=CARTESIAN_POINT('Ctrl Pts',(130.946098442566,29.0213515548887,-21.5742081818113));
#8024=CARTESIAN_POINT('Ctrl Pts',(130.946141249964,29.0278490884235,-21.5653252845161));
#8025=CARTESIAN_POINT('Ctrl Pts',(130.979575382545,29.0867217991119,-21.6503108110045));
#8026=CARTESIAN_POINT('Ctrl Pts',(130.979575382545,29.0932680387809,-21.641516080354));
#8027=CARTESIAN_POINT('Ctrl Pts',(130.979590682667,29.0997837811678,-21.6327017252903));
#8028=CARTESIAN_POINT('Ctrl Pts',(130.979620549232,29.1062707397514,-21.6238657937101));
#8029=CARTESIAN_POINT('Ctrl Pts',(131.109322623971,29.2260767492625,-21.7540377969691));
#8030=CARTESIAN_POINT('Ctrl Pts',(131.109322623971,29.2324842047841,-21.7454295198028));
#8031=CARTESIAN_POINT('Ctrl Pts',(131.109335439475,29.2388803619949,-21.7368124923167));
#8032=CARTESIAN_POINT('Ctrl Pts',(131.109361080472,29.2452639267154,-21.7281883591105));
#8033=CARTESIAN_POINT('Ctrl Pts',(131.31570690612,29.2794015925385,-21.7937294280455));
#8034=CARTESIAN_POINT('Ctrl Pts',(131.31570690612,29.2855547420427,-21.7854628054839));
#8035=CARTESIAN_POINT('Ctrl Pts',(131.315732610459,29.2917037813593,-21.7771940203481));
#8036=CARTESIAN_POINT('Ctrl Pts',(131.315783812769,29.2978497268586,-21.7689228449287));
#8037=CARTESIAN_POINT('Ctrl Pts',(131.419115516813,29.2794015925385,-21.7937294280455));
#8038=CARTESIAN_POINT('Ctrl Pts',(131.419115516813,29.285421586854,-21.7856416965845));
#8039=CARTESIAN_POINT('Ctrl Pts',(131.419147663849,29.2914382299798,-21.7775514708787));
#8040=CARTESIAN_POINT('Ctrl Pts',(131.419211874946,29.2974513947871,-21.7694589223088));
#8041=CARTESIAN_POINT('Ctrl Pts',(131.419211874946,29.2974513947871,-21.7694589223088));
#8042=CARTESIAN_POINT('Ctrl Pts',(131.419147663849,29.2914382299798,-21.7775514708787));
#8043=CARTESIAN_POINT('Ctrl Pts',(131.419115516813,29.285421586854,-21.7856416965845));
#8044=CARTESIAN_POINT('Ctrl Pts',(131.419115516813,29.2794015925385,-21.7937294280455));
#8045=CARTESIAN_POINT('Ctrl Pts',(130.946077011209,29.0082429681612,-21.591896146956));
#8046=CARTESIAN_POINT('Ctrl Pts',(130.946077011209,29.0148156694573,-21.5830658656849));
#8047=CARTESIAN_POINT('Ctrl Pts',(130.946098442566,29.0213515548887,-21.5742081818113));
#8048=CARTESIAN_POINT('Ctrl Pts',(130.946141249964,29.0278490884235,-21.5653252845161));
#8049=CARTESIAN_POINT('Origin',(131.,0.,0.));
#8050=CARTESIAN_POINT('',(131.,29.2974513947871,-21.7694589223088));
#8051=CARTESIAN_POINT('Origin',(131.,28.4947814935601,-21.1730353901907));
#8052=CARTESIAN_POINT('Ctrl Pts',(111.545158004979,27.8555857355085,-19.468895209156));
#8053=CARTESIAN_POINT('Ctrl Pts',(111.545288477629,27.8804598433184,-19.4862802824037));
#8054=CARTESIAN_POINT('Ctrl Pts',(111.572784636431,27.9265718887265,-19.5185090277784));
#8055=CARTESIAN_POINT('Ctrl Pts',(111.700811304128,28.0331465251481,-19.5929964375262));
#8056=CARTESIAN_POINT('Ctrl Pts',(112.015477622023,28.2286755368886,-19.7296560603419));
#8057=CARTESIAN_POINT('Ctrl Pts',(112.276116967892,28.4409482158533,-19.8780182086654));
#8058=CARTESIAN_POINT('Ctrl Pts',(112.415482869156,28.6039002401478,-19.9919090424548));
#8059=CARTESIAN_POINT('Ctrl Pts',(111.528653541438,27.855643895816,-19.4689358587026));
#8060=CARTESIAN_POINT('Ctrl Pts',(111.52877635167,27.8843826962083,-19.489022050447));
#8061=CARTESIAN_POINT('Ctrl Pts',(111.554661601814,27.9376152577687,-19.526232584813));
#8062=CARTESIAN_POINT('Ctrl Pts',(111.674961570253,28.0595425557814,-19.6115099989074));
#8063=CARTESIAN_POINT('Ctrl Pts',(111.968777737916,28.2769713381091,-19.7634550011047));
#8064=CARTESIAN_POINT('Ctrl Pts',(112.205646264816,28.4934621717273,-19.9149088017955));
#8065=CARTESIAN_POINT('Ctrl Pts',(112.330208961335,28.6528968737155,-20.0261538913548));
#8066=CARTESIAN_POINT('Ctrl Pts',(111.495644656465,27.8548230548608,-19.4703580237275));
#8067=CARTESIAN_POINT('Ctrl Pts',(111.495752142313,27.8912880476304,-19.4958509895655));
#8068=CARTESIAN_POINT('Ctrl Pts',(111.518413277356,27.9581023511615,-19.5439713045573));
#8069=CARTESIAN_POINT('Ctrl Pts',(111.623240037613,28.1072797803774,-19.6557945561787));
#8070=CARTESIAN_POINT('Ctrl Pts',(111.875350888839,28.3559853756475,-19.8562144674521));
#8071=CARTESIAN_POINT('Ctrl Pts',(112.064764614972,28.5673619823876,-20.0329875442161));
#8072=CARTESIAN_POINT('Ctrl Pts',(112.160026204378,28.7120418111309,-20.1497800476993));
#8073=CARTESIAN_POINT('Ctrl Pts',(111.46295917699,27.8521362946529,-19.4744474700702));
#8074=CARTESIAN_POINT('Ctrl Pts',(111.463052581886,27.8962454773842,-19.50530327844));
#8075=CARTESIAN_POINT('Ctrl Pts',(111.482745003131,27.9750811624752,-19.5660703296334));
#8076=CARTESIAN_POINT('Ctrl Pts',(111.574032104163,28.1427565699368,-19.713176701426));
#8077=CARTESIAN_POINT('Ctrl Pts',(111.794625510401,28.3872175714871,-19.9865811047408));
#8078=CARTESIAN_POINT('Ctrl Pts',(111.965774452189,28.5550299251206,-20.2039445553313));
#8079=CARTESIAN_POINT('Ctrl Pts',(112.053905292058,28.6722373413905,-20.3365892473575));
#8080=CARTESIAN_POINT('Ctrl Pts',(111.446777358244,27.85033292465,-19.4771491270597));
#8081=CARTESIAN_POINT('Ctrl Pts',(111.446864339431,27.8982249761173,-19.5106621929615));
#8082=CARTESIAN_POINT('Ctrl Pts',(111.465194989759,27.982638954721,-19.5781302306823));
#8083=CARTESIAN_POINT('Ctrl Pts',(111.550545532542,28.1571601016715,-19.7445967073333));
#8084=CARTESIAN_POINT('Ctrl Pts',(111.76032167927,28.3889721346225,-20.0568428630082));
#8085=CARTESIAN_POINT('Ctrl Pts',(111.93408008477,28.5277911689503,-20.2897454138071));
#8086=CARTESIAN_POINT('Ctrl Pts',(112.0269900662,28.6310936267472,-20.4283922129662));
#8087=CARTESIAN_POINT('',(112.415482869156,28.6039002401478,-19.9919090424548));
#8088=CARTESIAN_POINT('',(112.026990066199,28.6310936267463,-20.4283922129673));
#8089=CARTESIAN_POINT('Origin',(112.415482869156,28.317465512602,-20.4017323542073));
#8090=CARTESIAN_POINT('',(111.446777358244,27.85033292465,-19.4771491270597));
#8091=CARTESIAN_POINT('Ctrl Pts',(112.0269900662,28.6310936267472,-20.4283922129662));
#8092=CARTESIAN_POINT('Ctrl Pts',(111.93408008477,28.5277911689503,-20.2897454138071));
#8093=CARTESIAN_POINT('Ctrl Pts',(111.76032167927,28.3889721346225,-20.0568428630082));
#8094=CARTESIAN_POINT('Ctrl Pts',(111.550545532542,28.1571601016715,-19.7445967073333));
#8095=CARTESIAN_POINT('Ctrl Pts',(111.465194989759,27.982638954721,-19.5781302306823));
#8096=CARTESIAN_POINT('Ctrl Pts',(111.446864339431,27.8982249761173,-19.5106621929615));
#8097=CARTESIAN_POINT('Ctrl Pts',(111.446777358244,27.85033292465,-19.4771491270597));
#8098=CARTESIAN_POINT('',(111.545158004979,27.8555857355085,-19.468895209156));
#8099=CARTESIAN_POINT('Origin',(111.545158004979,27.5691510079628,-19.8787185209085));
#8100=CARTESIAN_POINT('Ctrl Pts',(111.545158004979,27.8555857355085,-19.468895209156));
#8101=CARTESIAN_POINT('Ctrl Pts',(111.545288477629,27.8804598433184,-19.4862802824037));
#8102=CARTESIAN_POINT('Ctrl Pts',(111.572784636431,27.9265718887265,-19.5185090277784));
#8103=CARTESIAN_POINT('Ctrl Pts',(111.700811304128,28.0331465251481,-19.5929964375262));
#8104=CARTESIAN_POINT('Ctrl Pts',(112.015477622023,28.2286755368886,-19.7296560603419));
#8105=CARTESIAN_POINT('Ctrl Pts',(112.276116967892,28.4409482158533,-19.8780182086654));
#8106=CARTESIAN_POINT('Ctrl Pts',(112.415482869156,28.6039002401478,-19.9919090424548));
#8107=CARTESIAN_POINT('Ctrl Pts',(111.531948802693,25.3958217808793,-17.7497108729641));
#8108=CARTESIAN_POINT('Ctrl Pts',(111.53645897977,26.2157427094625,-18.3227720460427));
#8109=CARTESIAN_POINT('Ctrl Pts',(111.540857253523,27.0356640509586,-18.8958335077153));
#8110=CARTESIAN_POINT('Ctrl Pts',(111.545158004979,27.8555857355085,-19.468895209156));
#8111=CARTESIAN_POINT('Ctrl Pts',(111.5004355215,25.395938238672,-17.749792267934));
#8112=CARTESIAN_POINT('Ctrl Pts',(111.504435455274,26.2158591918628,-18.3228533085499));
#8113=CARTESIAN_POINT('Ctrl Pts',(111.508335736116,27.0357803401785,-18.8959149490772));
#8114=CARTESIAN_POINT('Ctrl Pts',(111.512149077897,27.8557020561234,-19.4689765082492));
#8115=CARTESIAN_POINT('Ctrl Pts',(111.4689229105,25.394342865022,-17.7523229012563));
#8116=CARTESIAN_POINT('Ctrl Pts',(111.472412662869,26.2142081773445,-18.3254634537284));
#8117=CARTESIAN_POINT('Ctrl Pts',(111.475814992465,27.0340736536931,-18.8986046504515));
#8118=CARTESIAN_POINT('Ctrl Pts',(111.479140995735,27.8539396646557,-19.4717458130807));
#8119=CARTESIAN_POINT('Ctrl Pts',(111.437971282095,25.3910640265931,-17.7572577768108));
#8120=CARTESIAN_POINT('Ctrl Pts',(111.440978046767,26.2108199363973,-18.3305546211297));
#8121=CARTESIAN_POINT('Ctrl Pts',(111.443910209721,27.0305762590313,-18.9038517541614));
#8122=CARTESIAN_POINT('Ctrl Pts',(111.446777358244,27.85033292465,-19.4771491270597));
#8123=CARTESIAN_POINT('',(111.437970224781,25.3907199738248,-17.7570171154719));
#8124=CARTESIAN_POINT('Ctrl Pts',(111.446777358244,27.85033292465,-19.4771491270597));
#8125=CARTESIAN_POINT('Ctrl Pts',(111.443910209721,27.0305762590313,-18.9038517541614));
#8126=CARTESIAN_POINT('Ctrl Pts',(111.440978046767,26.2108199363973,-18.3305546211297));
#8127=CARTESIAN_POINT('Ctrl Pts',(111.437971282095,25.3910640265931,-17.7572577768108));
#8128=CARTESIAN_POINT('',(111.53194721671,25.3955923735806,-17.749550487249));
#8129=CARTESIAN_POINT('Origin',(111.53194721671,25.1090429423855,-18.159293606144));
#8130=CARTESIAN_POINT('Ctrl Pts',(111.531948802693,25.3958217808793,-17.7497108729641));
#8131=CARTESIAN_POINT('Ctrl Pts',(111.53645897977,26.2157427094625,-18.3227720460427));
#8132=CARTESIAN_POINT('Ctrl Pts',(111.540857253523,27.0356640509586,-18.8958335077153));
#8133=CARTESIAN_POINT('Ctrl Pts',(111.545158004979,27.8555857355085,-19.468895209156));
#8134=CARTESIAN_POINT('Ctrl Pts',(111.25002,-27.8391205459255,-19.4931620633859));
#8135=CARTESIAN_POINT('Ctrl Pts',(111.251074081573,-27.8406161104616,-19.4942092689479));
#8136=CARTESIAN_POINT('Ctrl Pts',(111.252127693846,-27.8420979127766,-19.4952529941773));
#8137=CARTESIAN_POINT('Ctrl Pts',(111.417133907034,-28.0781196306093,-19.6613230388068));
#8138=CARTESIAN_POINT('Ctrl Pts',(111.663374287101,-28.3173473444084,-19.9980914215369));
#8139=CARTESIAN_POINT('Ctrl Pts',(112.013223889936,-28.5859719278111,-20.4406871992016));
#8140=CARTESIAN_POINT('Ctrl Pts',(112.160093857434,-28.7761806457262,-20.6636648892345));
#8141=CARTESIAN_POINT('Ctrl Pts',(112.210338970459,-28.9151973766901,-20.8032248493236));
#8142=CARTESIAN_POINT('Ctrl Pts',(111.25002,-27.8391205459255,-19.4931620633859));
#8143=CARTESIAN_POINT('Ctrl Pts',(111.251304165954,-27.8401758831251,-19.4938641954931));
#8144=CARTESIAN_POINT('Ctrl Pts',(111.25242624045,-27.8417881832529,-19.4950658114199));
#8145=CARTESIAN_POINT('Ctrl Pts',(111.446407314689,-28.0329079533786,-19.6295496810374));
#8146=CARTESIAN_POINT('Ctrl Pts',(111.726882231549,-28.2957329867428,-19.8699543012316));
#8147=CARTESIAN_POINT('Ctrl Pts',(112.072545569717,-28.6696511885449,-20.2511744998076));
#8148=CARTESIAN_POINT('Ctrl Pts',(112.195761974571,-28.8985164160706,-20.4648588518475));
#8149=CARTESIAN_POINT('Ctrl Pts',(112.231336219279,-29.0516326152247,-20.598291015965));
#8150=CARTESIAN_POINT('Ctrl Pts',(111.25002,-27.8391205459255,-19.4931620633859));
#8151=CARTESIAN_POINT('Ctrl Pts',(111.251446806962,-27.8401557554746,-19.4938869249157));
#8152=CARTESIAN_POINT('Ctrl Pts',(111.252809441276,-27.8410773589537,-19.494532238619));
#8153=CARTESIAN_POINT('Ctrl Pts',(111.473429479032,-27.9981500237273,-19.6045157025403));
#8154=CARTESIAN_POINT('Ctrl Pts',(111.798786271399,-28.2289850384547,-19.7661481199351));
#8155=CARTESIAN_POINT('Ctrl Pts',(112.231370048775,-28.6464714319383,-20.0584752397523));
#8156=CARTESIAN_POINT('Ctrl Pts',(112.399255758833,-28.9288535638301,-20.2562013371586));
#8157=CARTESIAN_POINT('Ctrl Pts',(112.452291168897,-29.1221110844204,-20.3915217098917));
#8158=CARTESIAN_POINT('Ctrl Pts',(111.25002,-27.8391205459255,-19.4931620633859));
#8159=CARTESIAN_POINT('Ctrl Pts',(111.2516011329,-27.8398683281932,-19.4936856661666));
#8160=CARTESIAN_POINT('Ctrl Pts',(111.253181561847,-27.8406158778202,-19.4942091060506));
#8161=CARTESIAN_POINT('Ctrl Pts',(111.500692531726,-27.9576575449086,-19.5761625636307));
#8162=CARTESIAN_POINT('Ctrl Pts',(111.870055564277,-28.1349041618987,-19.7002719809693));
#8163=CARTESIAN_POINT('Ctrl Pts',(112.394833467096,-28.5333836225358,-19.979290303129));
#8164=CARTESIAN_POINT('Ctrl Pts',(112.615139887071,-28.8442353486906,-20.1969510250481));
#8165=CARTESIAN_POINT('Ctrl Pts',(112.69050805907,-29.0683579299111,-20.3538833459017));
#8166=CARTESIAN_POINT('',(112.210338970459,-28.9151973766901,-20.8032248493236));
#8167=CARTESIAN_POINT('Origin',(112.69050805907,-28.7815697117356,-20.7634593680462));
#8168=CARTESIAN_POINT('Ctrl Pts',(111.25002,-27.8391205459255,-19.4931620633859));
#8169=CARTESIAN_POINT('Ctrl Pts',(111.251074081573,-27.8406161104616,-19.4942092689479));
#8170=CARTESIAN_POINT('Ctrl Pts',(111.252127693846,-27.8420979127766,-19.4952529941773));
#8171=CARTESIAN_POINT('Ctrl Pts',(111.417133907034,-28.0781196306093,-19.6613230388068));
#8172=CARTESIAN_POINT('Ctrl Pts',(111.663374287101,-28.3173473444084,-19.9980914215369));
#8173=CARTESIAN_POINT('Ctrl Pts',(112.013223889936,-28.5859719278111,-20.4406871992016));
#8174=CARTESIAN_POINT('Ctrl Pts',(112.160093857434,-28.7761806457262,-20.6636648892345));
#8175=CARTESIAN_POINT('Ctrl Pts',(112.210338970459,-28.9151973766901,-20.8032248493236));
#8176=CARTESIAN_POINT('Ctrl Pts',(112.210338970459,-28.9151973766901,-20.8032248493235));
#8177=CARTESIAN_POINT('Ctrl Pts',(112.229584376519,-28.968445011645,-20.8566805575509));
#8178=CARTESIAN_POINT('Ctrl Pts',(112.24623206673,-29.0318333446894,-20.9972056039891));
#8179=CARTESIAN_POINT('Ctrl Pts',(112.250079192828,-29.0164127629088,-21.2397539951076));
#8180=CARTESIAN_POINT('Ctrl Pts',(112.25,-28.9593263178884,-21.3742885710248));
#8181=CARTESIAN_POINT('Ctrl Pts',(112.25,-28.9204256629291,-21.4353844726811));
#8182=CARTESIAN_POINT('Ctrl Pts',(112.220837594869,-28.9834149959574,-20.7007579326442));
#8183=CARTESIAN_POINT('Ctrl Pts',(112.24361438559,-29.0564965462563,-20.7707493068261));
#8184=CARTESIAN_POINT('Ctrl Pts',(112.257958004769,-29.1509679265559,-20.946746875585));
#8185=CARTESIAN_POINT('Ctrl Pts',(112.253066008313,-29.1486967194662,-21.25480503651));
#8186=CARTESIAN_POINT('Ctrl Pts',(112.250283448633,-29.0805827970182,-21.4266987035769));
#8187=CARTESIAN_POINT('Ctrl Pts',(112.25,-29.0318590458897,-21.5040673018664));
#8188=CARTESIAN_POINT('Ctrl Pts',(112.334038784464,-29.0936792340821,-20.4889183816081));
#8189=CARTESIAN_POINT('Ctrl Pts',(112.361745288331,-29.213791764034,-20.5932851173736));
#8190=CARTESIAN_POINT('Ctrl Pts',(112.375816193809,-29.3783508150264,-20.842228939219));
#8191=CARTESIAN_POINT('Ctrl Pts',(112.364295859966,-29.4100106095283,-21.2835497946439));
#8192=CARTESIAN_POINT('Ctrl Pts',(112.359021794822,-29.3217144925251,-21.5310469391213));
#8193=CARTESIAN_POINT('Ctrl Pts',(112.358503243625,-29.2537022862839,-21.6408021023463));
#8194=CARTESIAN_POINT('Ctrl Pts',(112.571399613983,-29.0952345071658,-20.3727025278967));
#8195=CARTESIAN_POINT('Ctrl Pts',(112.599923685075,-29.2545290866092,-20.4927297839924));
#8196=CARTESIAN_POINT('Ctrl Pts',(112.621273088847,-29.4689254211245,-20.7850486770664));
#8197=CARTESIAN_POINT('Ctrl Pts',(112.621132347711,-29.519073244081,-21.294777049614));
#8198=CARTESIAN_POINT('Ctrl Pts',(112.619278499994,-29.4221859873454,-21.5742291241855));
#8199=CARTESIAN_POINT('Ctrl Pts',(112.619100306101,-29.3460698322958,-21.6977335551699));
#8200=CARTESIAN_POINT('Ctrl Pts',(112.69050805907,-29.0683579299111,-20.3538833459017));
#8201=CARTESIAN_POINT('Ctrl Pts',(112.719376360618,-29.2400494566392,-20.4741030471634));
#8202=CARTESIAN_POINT('Ctrl Pts',(112.744348062414,-29.4680540527971,-20.7769239883739));
#8203=CARTESIAN_POINT('Ctrl Pts',(112.750118790034,-29.5191334866322,-21.2945704524858));
#8204=CARTESIAN_POINT('Ctrl Pts',(112.75,-29.4221173029503,-21.5743515247391));
#8205=CARTESIAN_POINT('Ctrl Pts',(112.75,-29.3460698322958,-21.6977335551699));
#8206=CARTESIAN_POINT('',(112.25,-28.9204256629303,-21.4353844726819));
#8207=CARTESIAN_POINT('',(112.75,-29.3460698322958,-21.6977335551699));
#8208=CARTESIAN_POINT('Origin',(112.75,-28.9204256629279,-21.4353844726803));
#8209=CARTESIAN_POINT('Ctrl Pts',(112.75,-29.3460698322958,-21.6977335551699));
#8210=CARTESIAN_POINT('Ctrl Pts',(112.75,-29.4221173029503,-21.5743515247391));
#8211=CARTESIAN_POINT('Ctrl Pts',(112.750118790034,-29.5191334866322,-21.2945704524858));
#8212=CARTESIAN_POINT('Ctrl Pts',(112.744348062414,-29.4680540527971,-20.7769239883739));
#8213=CARTESIAN_POINT('Ctrl Pts',(112.719376360618,-29.2400494566392,-20.4741030471634));
#8214=CARTESIAN_POINT('Ctrl Pts',(112.69050805907,-29.0683579299111,-20.3538833459017));
#8215=CARTESIAN_POINT('Ctrl Pts',(112.210338970459,-28.9151973766901,-20.8032248493235));
#8216=CARTESIAN_POINT('Ctrl Pts',(112.229584376519,-28.968445011645,-20.8566805575509));
#8217=CARTESIAN_POINT('Ctrl Pts',(112.24623206673,-29.0318333446894,-20.9972056039891));
#8218=CARTESIAN_POINT('Ctrl Pts',(112.250079192828,-29.0164127629088,-21.2397539951076));
#8219=CARTESIAN_POINT('Ctrl Pts',(112.25,-28.9593263178884,-21.3742885710248));
#8220=CARTESIAN_POINT('Ctrl Pts',(112.25,-28.9204256629291,-21.4353844726811));
#8221=CARTESIAN_POINT('Ctrl Pts',(112.25,-28.9204256629279,-21.4353844726803));
#8222=CARTESIAN_POINT('Ctrl Pts',(112.25,-28.9090486621032,-21.4538429098891));
#8223=CARTESIAN_POINT('Ctrl Pts',(112.25,-28.8961164441736,-21.4712471562497));
#8224=CARTESIAN_POINT('Ctrl Pts',(112.25,-29.3460698322958,-21.6977335551699));
#8225=CARTESIAN_POINT('Ctrl Pts',(112.25,-29.3233158306464,-21.7346504295876));
#8226=CARTESIAN_POINT('Ctrl Pts',(112.25,-29.2974513947871,-21.7694589223087));
#8227=CARTESIAN_POINT('Ctrl Pts',(112.75,-29.3460698322958,-21.6977335551699));
#8228=CARTESIAN_POINT('Ctrl Pts',(112.75,-29.3233158306464,-21.7346504295876));
#8229=CARTESIAN_POINT('Ctrl Pts',(112.75,-29.2974513947871,-21.7694589223087));
#8230=CARTESIAN_POINT('',(112.25,-28.8961164441736,-21.4712471562497));
#8231=CARTESIAN_POINT('',(112.75,-29.2974513947871,-21.7694589223087));
#8232=CARTESIAN_POINT('Origin',(112.75,-28.8961164441736,-21.4712471562497));
#8233=CARTESIAN_POINT('Origin',(112.75,-28.4947814935601,-21.1730353901907));
#8234=CARTESIAN_POINT('Origin',(112.25,-28.4947814935601,-21.1730353901907));
#8235=CARTESIAN_POINT('Origin',(112.75,0.,0.));
#8236=CARTESIAN_POINT('',(112.25,28.9146311692733,-21.4463074757612));
#8237=CARTESIAN_POINT('',(112.75,29.3162232688465,-21.744172857369));
#8238=CARTESIAN_POINT('Origin',(112.75,28.9146311692733,-21.4463074757612));
#8239=CARTESIAN_POINT('Origin',(112.75,0.,0.));
#8240=CARTESIAN_POINT('Origin',(112.25,0.,0.));
#8241=CARTESIAN_POINT('Ctrl Pts',(112.25,28.9146311692733,-21.4463074757612));
#8242=CARTESIAN_POINT('Ctrl Pts',(112.25,28.9363805775405,-21.4169841939371));
#8243=CARTESIAN_POINT('Ctrl Pts',(112.25,28.9536397788694,-21.3848125979805));
#8244=CARTESIAN_POINT('Ctrl Pts',(112.25,29.3162232688465,-21.744172857369));
#8245=CARTESIAN_POINT('Ctrl Pts',(112.25,29.359722085381,-21.6855262937209));
#8246=CARTESIAN_POINT('Ctrl Pts',(112.25,29.3942404880387,-21.6211831018076));
#8247=CARTESIAN_POINT('Ctrl Pts',(112.75,29.3162232688465,-21.744172857369));
#8248=CARTESIAN_POINT('Ctrl Pts',(112.75,29.359722085381,-21.6855262937209));
#8249=CARTESIAN_POINT('Ctrl Pts',(112.75,29.3942404880387,-21.6211831018076));
#8250=CARTESIAN_POINT('',(112.25,28.9536397788694,-21.3848125979805));
#8251=CARTESIAN_POINT('',(112.75,29.3942404880387,-21.6211831018076));
#8252=CARTESIAN_POINT('Origin',(112.75,28.9536397788694,-21.3848125979805));
#8253=CARTESIAN_POINT('Origin',(112.75,28.5130390697,-21.1484420941534));
#8254=CARTESIAN_POINT('Origin',(112.25,28.5130390697,-21.1484420941534));
#8255=CARTESIAN_POINT('Ctrl Pts',(112.25,28.9536397788694,-21.3848125979805));
#8256=CARTESIAN_POINT('Ctrl Pts',(112.25,29.0051663820182,-21.2941650861348));
#8257=CARTESIAN_POINT('Ctrl Pts',(112.251213916363,29.0733794954674,-21.054699798184));
#8258=CARTESIAN_POINT('Ctrl Pts',(112.2362181633,28.9989821962964,-20.8444570854512));
#8259=CARTESIAN_POINT('Ctrl Pts',(112.212313291603,28.9304814815412,-20.7750280055153));
#8260=CARTESIAN_POINT('Ctrl Pts',(112.25,29.0689887747938,-21.4466942511762));
#8261=CARTESIAN_POINT('Ctrl Pts',(112.250683350153,29.13308925417,-21.3317113298506));
#8262=CARTESIAN_POINT('Ctrl Pts',(112.259251647142,29.2081332296038,-21.0251173519211));
#8263=CARTESIAN_POINT('Ctrl Pts',(112.251122615557,29.0927579738133,-20.7631289493882));
#8264=CARTESIAN_POINT('Ctrl Pts',(112.223090247376,28.9985039856537,-20.6726893507705));
#8265=CARTESIAN_POINT('Ctrl Pts',(112.35850323549,29.2986272830306,-21.5698891729283));
#8266=CARTESIAN_POINT('Ctrl Pts',(112.359753381015,29.3871984515425,-21.4063694367809));
#8267=CARTESIAN_POINT('Ctrl Pts',(112.37473596764,29.4708563391466,-20.9634821185303));
#8268=CARTESIAN_POINT('Ctrl Pts',(112.370685583517,29.2639650419114,-20.5956668247422));
#8269=CARTESIAN_POINT('Ctrl Pts',(112.336738485082,29.108967178359,-20.4617681664367));
#8270=CARTESIAN_POINT('Ctrl Pts',(112.6191003061,29.3942404880387,-21.6211831018076));
#8271=CARTESIAN_POINT('Ctrl Pts',(112.619529903601,29.4930413409958,-21.4369864270513));
#8272=CARTESIAN_POINT('Ctrl Pts',(112.625838815179,29.5826965451508,-20.9336181742273));
#8273=CARTESIAN_POINT('Ctrl Pts',(112.609545242253,29.3168858989036,-20.5007680105507));
#8274=CARTESIAN_POINT('Ctrl Pts',(112.574275499832,29.1119467254608,-20.3469941545704));
#8275=CARTESIAN_POINT('Ctrl Pts',(112.75,29.3942404880387,-21.6211831018076));
#8276=CARTESIAN_POINT('Ctrl Pts',(112.75,29.4929730584221,-21.4371430467893));
#8277=CARTESIAN_POINT('Ctrl Pts',(112.751820886684,29.5855427442341,-20.9321344815135));
#8278=CARTESIAN_POINT('Ctrl Pts',(112.729327107129,29.3064587580122,-20.482942987764));
#8279=CARTESIAN_POINT('Ctrl Pts',(112.69346956053,29.0859085247919,-20.3287954706486));
#8280=CARTESIAN_POINT('',(112.212313291603,28.9304814815412,-20.7750280055153));
#8281=CARTESIAN_POINT('',(112.69346956053,29.0859085247919,-20.3287954706486));
#8282=CARTESIAN_POINT('Origin',(112.69346956053,28.799473797246,-20.738618782401));
#8283=CARTESIAN_POINT('Ctrl Pts',(112.69346956053,29.0859085247919,-20.3287954706486));
#8284=CARTESIAN_POINT('Ctrl Pts',(112.729327107129,29.3064587580122,-20.482942987764));
#8285=CARTESIAN_POINT('Ctrl Pts',(112.751820886684,29.5855427442341,-20.9321344815135));
#8286=CARTESIAN_POINT('Ctrl Pts',(112.75,29.4929730584221,-21.4371430467893));
#8287=CARTESIAN_POINT('Ctrl Pts',(112.75,29.3942404880387,-21.6211831018076));
#8288=CARTESIAN_POINT('Ctrl Pts',(112.25,28.9536397788694,-21.3848125979805));
#8289=CARTESIAN_POINT('Ctrl Pts',(112.25,29.0051663820182,-21.2941650861348));
#8290=CARTESIAN_POINT('Ctrl Pts',(112.251213916363,29.0733794954674,-21.054699798184));
#8291=CARTESIAN_POINT('Ctrl Pts',(112.2362181633,28.9989821962964,-20.8444570854512));
#8292=CARTESIAN_POINT('Ctrl Pts',(112.212313291603,28.9304814815412,-20.7750280055153));
#8293=CARTESIAN_POINT('Ctrl Pts',(112.212313291603,28.9304814815413,-20.7750280055154));
#8294=CARTESIAN_POINT('Ctrl Pts',(112.174896712766,28.823262232401,-20.6663556530323));
#8295=CARTESIAN_POINT('Ctrl Pts',(112.110386398428,28.7238182829987,-20.5528420766632));
#8296=CARTESIAN_POINT('Ctrl Pts',(112.0269900662,28.6310936267471,-20.428392212966));
#8297=CARTESIAN_POINT('Ctrl Pts',(112.223090247376,28.9985039856538,-20.6726893507705));
#8298=CARTESIAN_POINT('Ctrl Pts',(112.191654000496,28.8858683916681,-20.5666111029548));
#8299=CARTESIAN_POINT('Ctrl Pts',(112.133010923384,28.7774455185696,-20.4556488091126));
#8300=CARTESIAN_POINT('Ctrl Pts',(112.053905292058,28.6722373413903,-20.3365892473574));
#8301=CARTESIAN_POINT('Ctrl Pts',(112.336738132433,29.1089674843103,-20.4617678927546));
#8302=CARTESIAN_POINT('Ctrl Pts',(112.305874815523,28.9749102083327,-20.3588432018227));
#8303=CARTESIAN_POINT('Ctrl Pts',(112.245469496434,28.8420072549894,-20.2545495357673));
#8304=CARTESIAN_POINT('Ctrl Pts',(112.159959787356,28.7121443983265,-20.1497145417864));
#8305=CARTESIAN_POINT('Ctrl Pts',(112.574275499832,29.1119467254608,-20.3469941545704));
#8306=CARTESIAN_POINT('Ctrl Pts',(112.526694805095,28.9507076278922,-20.2344539933638));
#8307=CARTESIAN_POINT('Ctrl Pts',(112.442013229966,28.7960077172497,-20.1260077708188));
#8308=CARTESIAN_POINT('Ctrl Pts',(112.330208961335,28.6528968737154,-20.0261538913547));
#8309=CARTESIAN_POINT('Ctrl Pts',(112.69346956053,29.0859085247919,-20.3287954706486));
#8310=CARTESIAN_POINT('Ctrl Pts',(112.6373443181,28.9133028046319,-20.2081574517535));
#8311=CARTESIAN_POINT('Ctrl Pts',(112.540578201479,28.750166561012,-20.0941378629353));
#8312=CARTESIAN_POINT('Ctrl Pts',(112.415482869156,28.6039002401476,-19.9919090424547));
#8313=CARTESIAN_POINT('Ctrl Pts',(112.212313291603,28.9304814815413,-20.7750280055154));
#8314=CARTESIAN_POINT('Ctrl Pts',(112.174896712766,28.823262232401,-20.6663556530323));
#8315=CARTESIAN_POINT('Ctrl Pts',(112.110386398428,28.7238182829987,-20.5528420766632));
#8316=CARTESIAN_POINT('Ctrl Pts',(112.0269900662,28.6310936267471,-20.428392212966));
#8317=CARTESIAN_POINT('Ctrl Pts',(112.415482869156,28.6039002401476,-19.9919090424547));
#8318=CARTESIAN_POINT('Ctrl Pts',(112.540578201479,28.750166561012,-20.0941378629353));
#8319=CARTESIAN_POINT('Ctrl Pts',(112.6373443181,28.9133028046319,-20.2081574517535));
#8320=CARTESIAN_POINT('Ctrl Pts',(112.69346956053,29.0859085247919,-20.3287954706486));
#8321=CARTESIAN_POINT('Ctrl Pts',(111.276111730606,25.1218450416943,-16.3982263763818));
#8322=CARTESIAN_POINT('Ctrl Pts',(111.315487031563,25.1082239357789,-16.4199152825132));
#8323=CARTESIAN_POINT('Ctrl Pts',(111.346725549043,25.0719180591407,-16.48336203314));
#8324=CARTESIAN_POINT('Ctrl Pts',(111.397384323953,25.0158380271103,-16.6138468223182));
#8325=CARTESIAN_POINT('Ctrl Pts',(111.452583983586,24.9526480629686,-16.862388135597));
#8326=CARTESIAN_POINT('Ctrl Pts',(111.514453690509,24.9887399356792,-17.3096794325704));
#8327=CARTESIAN_POINT('Ctrl Pts',(111.530941836354,25.2152678864871,-17.6234425019666));
#8328=CARTESIAN_POINT('Ctrl Pts',(111.53194721671,25.3955923735806,-17.749550487249));
#8329=CARTESIAN_POINT('Ctrl Pts',(111.273212310903,25.1202645585628,-16.4007429818977));
#8330=CARTESIAN_POINT('Ctrl Pts',(111.308211626155,25.1067083716807,-16.4224716287149));
#8331=CARTESIAN_POINT('Ctrl Pts',(111.335974001269,25.0705964184935,-16.4860174709264));
#8332=CARTESIAN_POINT('Ctrl Pts',(111.380987514712,25.0149286428355,-16.6166017264126));
#8333=CARTESIAN_POINT('Ctrl Pts',(111.430014480607,24.9525076589513,-16.8650928785224));
#8334=CARTESIAN_POINT('Ctrl Pts',(111.484927329576,24.9896751166908,-17.3114143231285));
#8335=CARTESIAN_POINT('Ctrl Pts',(111.499542452637,25.215873599929,-17.6238919084278));
#8336=CARTESIAN_POINT('Ctrl Pts',(111.500434117042,25.3956710344754,-17.7496054978975));
#8337=CARTESIAN_POINT('Ctrl Pts',(111.270312891219,25.1186402797162,-16.4032320827271));
#8338=CARTESIAN_POINT('Ctrl Pts',(111.30093622086,25.1050838447453,-16.4249611078668));
#8339=CARTESIAN_POINT('Ctrl Pts',(111.325222450284,25.0689711843594,-16.4885080285156));
#8340=CARTESIAN_POINT('Ctrl Pts',(111.364590719514,25.0133020506974,-16.6190943552036));
#8341=CARTESIAN_POINT('Ctrl Pts',(111.407445052415,24.9508787085163,-16.8675891058875));
#8342=CARTESIAN_POINT('Ctrl Pts',(111.455401387536,24.9880427085084,-17.313915839433));
#8343=CARTESIAN_POINT('Ctrl Pts',(111.468143725479,25.2142398450303,-17.6263955126143));
#8344=CARTESIAN_POINT('Ctrl Pts',(111.468921687534,25.3940372179904,-17.7521092127681));
#8345=CARTESIAN_POINT('Ctrl Pts',(111.267414371106,25.1169727090913,-16.4056929066198));
#8346=CARTESIAN_POINT('Ctrl Pts',(111.29366439674,25.1033516006127,-16.4273818111079));
#8347=CARTESIAN_POINT('Ctrl Pts',(111.314489936221,25.0670457162997,-16.4908285576098));
#8348=CARTESIAN_POINT('Ctrl Pts',(111.348262227674,25.0109656678417,-16.6213133424693));
#8349=CARTESIAN_POINT('Ctrl Pts',(111.385061755427,24.947775672834,-16.8698546571454));
#8350=CARTESIAN_POINT('Ctrl Pts',(111.42630795173,24.9838675015459,-17.3171459924607));
#8351=CARTESIAN_POINT('Ctrl Pts',(111.437299975678,25.2103954652648,-17.6309091141147));
#8352=CARTESIAN_POINT('Ctrl Pts',(111.43797022478,25.3907199736729,-17.7570171153657));
#8353=CARTESIAN_POINT('',(111.267414371106,25.1169727091037,-16.4056929066007));
#8354=CARTESIAN_POINT('Ctrl Pts',(111.43797022478,25.3907199736729,-17.7570171153657));
#8355=CARTESIAN_POINT('Ctrl Pts',(111.437299975678,25.2103954652648,-17.6309091141147));
#8356=CARTESIAN_POINT('Ctrl Pts',(111.42630795173,24.9838675015459,-17.3171459924607));
#8357=CARTESIAN_POINT('Ctrl Pts',(111.385061755427,24.947775672834,-16.8698546571454));
#8358=CARTESIAN_POINT('Ctrl Pts',(111.348262227674,25.0109656678417,-16.6213133424693));
#8359=CARTESIAN_POINT('Ctrl Pts',(111.314489936221,25.0670457162997,-16.4908285576098));
#8360=CARTESIAN_POINT('Ctrl Pts',(111.29366439674,25.1033516006127,-16.4273818111079));
#8361=CARTESIAN_POINT('Ctrl Pts',(111.267414371106,25.1169727090913,-16.4056929066198));
#8362=CARTESIAN_POINT('',(111.276111730606,25.1218450416943,-16.3982263763818));
#8363=CARTESIAN_POINT('Origin',(111.276111730606,24.698421944556,-16.1323074398432));
#8364=CARTESIAN_POINT('Ctrl Pts',(111.276111730606,25.1218450416943,-16.3982263763818));
#8365=CARTESIAN_POINT('Ctrl Pts',(111.315487031563,25.1082239357789,-16.4199152825132));
#8366=CARTESIAN_POINT('Ctrl Pts',(111.346725549043,25.0719180591407,-16.48336203314));
#8367=CARTESIAN_POINT('Ctrl Pts',(111.397384323953,25.0158380271103,-16.6138468223182));
#8368=CARTESIAN_POINT('Ctrl Pts',(111.452583983586,24.9526480629686,-16.862388135597));
#8369=CARTESIAN_POINT('Ctrl Pts',(111.514453690509,24.9887399356792,-17.3096794325704));
#8370=CARTESIAN_POINT('Ctrl Pts',(111.530941836354,25.2152678864871,-17.6234425019666));
#8371=CARTESIAN_POINT('Ctrl Pts',(111.53194721671,25.3955923735806,-17.749550487249));
#8372=CARTESIAN_POINT('Ctrl Pts',(111.25002,25.1309915186814,-16.3839331446379));
#8373=CARTESIAN_POINT('Ctrl Pts',(111.251692928498,25.1303973413323,-16.3848445415405));
#8374=CARTESIAN_POINT('Ctrl Pts',(111.253365859519,25.1298046504564,-16.3857569094856));
#8375=CARTESIAN_POINT('Ctrl Pts',(111.262063272066,25.1267310373252,-16.3905052687635));
#8376=CARTESIAN_POINT('Ctrl Pts',(111.269087756297,25.1242748465575,-16.3943573946764));
#8377=CARTESIAN_POINT('Ctrl Pts',(111.276111730567,25.1218450417079,-16.3982263763601));
#8378=CARTESIAN_POINT('Ctrl Pts',(111.25002,25.1309915186814,-16.3839331446379));
#8379=CARTESIAN_POINT('Ctrl Pts',(111.251507045075,25.1302932763525,-16.3850041647114));
#8380=CARTESIAN_POINT('Ctrl Pts',(111.252994092394,25.1295970414115,-16.3860764957784));
#8381=CARTESIAN_POINT('Ctrl Pts',(111.260725101788,25.1259878322525,-16.3916582359499));
#8382=CARTESIAN_POINT('Ctrl Pts',(111.266969030786,25.1231082924774,-16.3961893716194));
#8383=CARTESIAN_POINT('Ctrl Pts',(111.273212310868,25.1202645585746,-16.4007429818789));
#8384=CARTESIAN_POINT('Ctrl Pts',(111.25002,25.1309915186814,-16.3839331446379));
#8385=CARTESIAN_POINT('Ctrl Pts',(111.25132116165,25.1301892113918,-16.385163787897));
#8386=CARTESIAN_POINT('Ctrl Pts',(111.252622325267,25.1293888980881,-16.3863957337539));
#8387=CARTESIAN_POINT('Ctrl Pts',(111.259386931512,25.1252385203426,-16.3928072605937));
#8388=CARTESIAN_POINT('Ctrl Pts',(111.26485030527,25.121921650719,-16.3980084540655));
#8389=CARTESIAN_POINT('Ctrl Pts',(111.270312891188,25.1186402797261,-16.4032320827112));
#8390=CARTESIAN_POINT('Ctrl Pts',(111.25002,25.1309915186814,-16.3839331446379));
#8391=CARTESIAN_POINT('Ctrl Pts',(111.251135278227,25.1300851464558,-16.3853234110967));
#8392=CARTESIAN_POINT('Ctrl Pts',(111.252250558141,25.1291802204834,-16.386714623408));
#8393=CARTESIAN_POINT('Ctrl Pts',(111.258048794517,25.1244831202487,-16.3939523141289));
#8394=CARTESIAN_POINT('Ctrl Pts',(111.262731752785,25.1207150181556,-16.3998144934267));
#8395=CARTESIAN_POINT('Ctrl Pts',(111.26741437108,25.1169727090992,-16.4056929066068));
#8396=CARTESIAN_POINT('',(111.25002,25.1309915186814,-16.3839331446378));
#8397=CARTESIAN_POINT('Ctrl Pts',(111.26741437108,25.1169727090992,-16.4056929066068));
#8398=CARTESIAN_POINT('Ctrl Pts',(111.262731752785,25.1207150181556,-16.3998144934267));
#8399=CARTESIAN_POINT('Ctrl Pts',(111.258048794517,25.1244831202487,-16.3939523141289));
#8400=CARTESIAN_POINT('Ctrl Pts',(111.252250558141,25.1291802204834,-16.386714623408));
#8401=CARTESIAN_POINT('Ctrl Pts',(111.251135278227,25.1300851464558,-16.3853234110967));
#8402=CARTESIAN_POINT('Ctrl Pts',(111.25002,25.1309915186814,-16.3839331446379));
#8403=CARTESIAN_POINT('Ctrl Pts',(111.25002,25.1309915186814,-16.3839331446379));
#8404=CARTESIAN_POINT('Ctrl Pts',(111.251692928498,25.1303973413323,-16.3848445415405));
#8405=CARTESIAN_POINT('Ctrl Pts',(111.253365859519,25.1298046504564,-16.3857569094856));
#8406=CARTESIAN_POINT('Ctrl Pts',(111.262063272066,25.1267310373252,-16.3905052687635));
#8407=CARTESIAN_POINT('Ctrl Pts',(111.269087756297,25.1242748465575,-16.3943573946764));
#8408=CARTESIAN_POINT('Ctrl Pts',(111.276111730567,25.1218450417079,-16.3982263763601));
#8409=CARTESIAN_POINT('Origin',(111.25002,-27.2655441095745,-20.3123141076749));
#8410=CARTESIAN_POINT('',(111.25002,-28.0674718775032,-20.9097351108418));
#8411=CARTESIAN_POINT('Origin',(111.25002,-27.2655441095745,-20.3123141076749));
#8412=CARTESIAN_POINT('',(112.25,-28.8693836068765,-21.5071441655886));
#8413=CARTESIAN_POINT('Origin',(111.25002,-28.8693836068765,-21.5071441655886));
#8414=CARTESIAN_POINT('Origin',(112.25,-27.2655441095745,-20.3123141076749));
#8415=CARTESIAN_POINT('Origin',(112.25,-28.4947814935601,-21.1730353901907));
#8416=CARTESIAN_POINT('',(112.25,-29.2974513947871,-21.7694589223087));
#8417=CARTESIAN_POINT('Origin',(112.25,0.,0.));
#8418=CARTESIAN_POINT('',(112.25,29.3162232688465,-21.744172857369));
#8419=CARTESIAN_POINT('Origin',(112.25,28.5130390697,-21.1484420941534));
#8420=CARTESIAN_POINT('',(112.25,29.0859085247916,-20.3287954706484));
#8421=CARTESIAN_POINT('Origin',(112.25,29.0859085247916,-20.3287954706484));
#8422=CARTESIAN_POINT('',(112.25,25.3958217808792,-17.7497108729641));
#8423=CARTESIAN_POINT('Origin',(112.25,25.9686912359708,-16.9300642494591));
#8424=CARTESIAN_POINT('',(112.25,25.1309915186814,-16.3839331446378));
#8425=CARTESIAN_POINT('Ctrl Pts',(92.5,-27.8391205459255,-19.4931620633859));
#8426=CARTESIAN_POINT('Ctrl Pts',(92.5010540973847,-27.8406161129551,-19.4942092706939));
#8427=CARTESIAN_POINT('Ctrl Pts',(92.5021077253847,-27.8420979123505,-19.4952529954704));
#8428=CARTESIAN_POINT('Ctrl Pts',(92.6671160807818,-28.078120764728,-19.6613234660196));
#8429=CARTESIAN_POINT('Ctrl Pts',(92.9133596370345,-28.3173507521597,-19.9980921317462));
#8430=CARTESIAN_POINT('Ctrl Pts',(93.2632146361177,-28.5859761488408,-20.4406879015468));
#8431=CARTESIAN_POINT('Ctrl Pts',(93.4100879636396,-28.77618396049,-20.6636654159641));
#8432=CARTESIAN_POINT('Ctrl Pts',(93.4603353852738,-28.9152019847293,-20.8032262206032));
#8433=CARTESIAN_POINT('Ctrl Pts',(92.5,-27.8391205459255,-19.4931620633859));
#8434=CARTESIAN_POINT('Ctrl Pts',(92.5012841801016,-27.840175885998,-19.4938641986318));
#8435=CARTESIAN_POINT('Ctrl Pts',(92.5024062709883,-27.8417881812199,-19.4950658105331));
#8436=CARTESIAN_POINT('Ctrl Pts',(92.6963892699973,-28.0329091403155,-19.6295501551343));
#8437=CARTESIAN_POINT('Ctrl Pts',(92.9768671530471,-28.2957360643629,-19.8699552718392));
#8438=CARTESIAN_POINT('Ctrl Pts',(93.3225362993829,-28.66965451359,-20.2511753462174));
#8439=CARTESIAN_POINT('Ctrl Pts',(93.445756515824,-28.898518897587,-20.4648595383769));
#8440=CARTESIAN_POINT('Ctrl Pts',(93.4813332595712,-29.0516365762717,-20.5982926337822));
#8441=CARTESIAN_POINT('Ctrl Pts',(92.5,-27.8391205459255,-19.4931620633859));
#8442=CARTESIAN_POINT('Ctrl Pts',(92.5014268210817,-27.8401557568188,-19.493886925857));
#8443=CARTESIAN_POINT('Ctrl Pts',(92.5027894692076,-27.8410773641603,-19.4945322422648));
#8444=CARTESIAN_POINT('Ctrl Pts',(92.7234112628758,-27.9981495863087,-19.6045153962563));
#8445=CARTESIAN_POINT('Ctrl Pts',(93.0487706900479,-28.2289840171429,-19.7661474048049));
#8446=CARTESIAN_POINT('Ctrl Pts',(93.4813597014216,-28.6464701704841,-20.0584743564725));
#8447=CARTESIAN_POINT('Ctrl Pts',(93.6492491603642,-28.9288543413089,-20.2562018815552));
#8448=CARTESIAN_POINT('Ctrl Pts',(93.7022873062803,-29.1221128419272,-20.3915229405112));
#8449=CARTESIAN_POINT('Ctrl Pts',(92.5,-27.8391205459255,-19.4931620633859));
#8450=CARTESIAN_POINT('Ctrl Pts',(92.5015811460766,-27.8398683294401,-19.4936856670397));
#8451=CARTESIAN_POINT('Ctrl Pts',(92.503161588077,-27.8406158818941,-19.4942091089032));
#8452=CARTESIAN_POINT('Ctrl Pts',(92.7506741211713,-27.9576571315816,-19.5761622742158));
#8453=CARTESIAN_POINT('Ctrl Pts',(93.1200394555515,-28.1349031829336,-19.7002712954904));
#8454=CARTESIAN_POINT('Ctrl Pts',(93.6448219541758,-28.5333818667056,-19.9792890736834));
#8455=CARTESIAN_POINT('Ctrl Pts',(93.8651319454594,-28.8442349254857,-20.1969507287168));
#8456=CARTESIAN_POINT('Ctrl Pts',(93.9405030779106,-29.0683579299111,-20.3538833459017));
#8457=CARTESIAN_POINT('',(93.4603353852738,-28.9152019847293,-20.8032262206032));
#8458=CARTESIAN_POINT('Origin',(93.9405030779106,-28.7815697117356,-20.7634593680462));
#8459=CARTESIAN_POINT('Ctrl Pts',(92.5,-27.8391205459255,-19.4931620633859));
#8460=CARTESIAN_POINT('Ctrl Pts',(92.5010540973847,-27.8406161129551,-19.4942092706939));
#8461=CARTESIAN_POINT('Ctrl Pts',(92.5021077253847,-27.8420979123505,-19.4952529954704));
#8462=CARTESIAN_POINT('Ctrl Pts',(92.6671160807818,-28.078120764728,-19.6613234660196));
#8463=CARTESIAN_POINT('Ctrl Pts',(92.9133596370345,-28.3173507521597,-19.9980921317462));
#8464=CARTESIAN_POINT('Ctrl Pts',(93.2632146361177,-28.5859761488408,-20.4406879015468));
#8465=CARTESIAN_POINT('Ctrl Pts',(93.4100879636396,-28.77618396049,-20.6636654159641));
#8466=CARTESIAN_POINT('Ctrl Pts',(93.4603353852738,-28.9152019847293,-20.8032262206032));
#8467=CARTESIAN_POINT('Ctrl Pts',(93.4603353852738,-28.9152019847293,-20.8032262206032));
#8468=CARTESIAN_POINT('Ctrl Pts',(93.4795932221253,-28.9684820604658,-20.8567143224641));
#8469=CARTESIAN_POINT('Ctrl Pts',(93.496242093624,-29.0318914503923,-20.9973568589214));
#8470=CARTESIAN_POINT('Ctrl Pts',(93.5000799263379,-29.0163570493329,-21.2400762564423));
#8471=CARTESIAN_POINT('Ctrl Pts',(93.5,-28.9591513531262,-21.3746685082874));
#8472=CARTESIAN_POINT('Ctrl Pts',(93.5,-28.9201843964979,-21.4357755092703));
#8473=CARTESIAN_POINT('Ctrl Pts',(93.4708343224225,-28.9834192805005,-20.7007594271927));
#8474=CARTESIAN_POINT('Ctrl Pts',(93.4936258898495,-29.0565450135431,-20.7707932052849));
#8475=CARTESIAN_POINT('Ctrl Pts',(93.5079643943132,-29.1510544765229,-20.9469355065714));
#8476=CARTESIAN_POINT('Ctrl Pts',(93.5030573169128,-29.1486424935789,-21.2552153165919));
#8477=CARTESIAN_POINT('Ctrl Pts',(93.5002791718868,-29.0803679163159,-21.4271816655015));
#8478=CARTESIAN_POINT('Ctrl Pts',(93.5000000000005,-29.0315546160544,-21.5045607115951));
#8479=CARTESIAN_POINT('Ctrl Pts',(93.5840310382082,-29.0936859834422,-20.4889164718768));
#8480=CARTESIAN_POINT('Ctrl Pts',(93.611755507317,-29.2138706269401,-20.5933463946356));
#8481=CARTESIAN_POINT('Ctrl Pts',(93.625815624676,-29.3785051101197,-20.842494337773));
#8482=CARTESIAN_POINT('Ctrl Pts',(93.614274147299,-29.409970848079,-21.2841394116728));
#8483=CARTESIAN_POINT('Ctrl Pts',(93.6090079747307,-29.3214278820861,-21.5317400283444));
#8484=CARTESIAN_POINT('Ctrl Pts',(93.6084972475681,-29.2532772112817,-21.6415024688571));
#8485=CARTESIAN_POINT('Ctrl Pts',(93.8213951920955,-29.0952353859192,-20.3727031432064));
#8486=CARTESIAN_POINT('Ctrl Pts',(93.8499375829285,-29.2546256957238,-20.4928028187387));
#8487=CARTESIAN_POINT('Ctrl Pts',(93.8712846682953,-29.4691160110106,-20.7853594350982));
#8488=CARTESIAN_POINT('Ctrl Pts',(93.8711274770187,-29.5190334971286,-21.2954494709022));
#8489=CARTESIAN_POINT('Ctrl Pts',(93.8692758113582,-29.4218632718706,-21.5750063090571));
#8490=CARTESIAN_POINT('Ctrl Pts',(93.8691003061007,-29.3455872994326,-21.6985156283477));
#8491=CARTESIAN_POINT('Ctrl Pts',(93.9405030779106,-29.0683579299111,-20.3538833459017));
#8492=CARTESIAN_POINT('Ctrl Pts',(93.969389833188,-29.2401527847928,-20.4741753983155));
#8493=CARTESIAN_POINT('Ctrl Pts',(93.994363140436,-29.4682528762917,-20.7772454892437));
#8494=CARTESIAN_POINT('Ctrl Pts',(94.0001198895068,-29.519091468834,-21.2952483514377));
#8495=CARTESIAN_POINT('Ctrl Pts',(94.,-29.4217941567906,-21.5751289965025));
#8496=CARTESIAN_POINT('Ctrl Pts',(94.,-29.3455872994326,-21.6985156283477));
#8497=CARTESIAN_POINT('',(93.5,-28.9201843964995,-21.4357755092713));
#8498=CARTESIAN_POINT('Origin',(94.,-28.9201843964963,-21.4357755092692));
#8499=CARTESIAN_POINT('Ctrl Pts',(93.4603353852738,-28.9152019847293,-20.8032262206032));
#8500=CARTESIAN_POINT('Ctrl Pts',(93.4795932221253,-28.9684820604658,-20.8567143224641));
#8501=CARTESIAN_POINT('Ctrl Pts',(93.496242093624,-29.0318914503923,-20.9973568589214));
#8502=CARTESIAN_POINT('Ctrl Pts',(93.5000799263379,-29.0163570493329,-21.2400762564423));
#8503=CARTESIAN_POINT('Ctrl Pts',(93.5,-28.9591513531262,-21.3746685082874));
#8504=CARTESIAN_POINT('Ctrl Pts',(93.5,-28.9201843964979,-21.4357755092703));
#8505=CARTESIAN_POINT('Ctrl Pts',(93.5,-28.9201843964963,-21.4357755092692));
#8506=CARTESIAN_POINT('Ctrl Pts',(93.5,-28.9089113856967,-21.4540276571933));
#8507=CARTESIAN_POINT('Ctrl Pts',(93.5,-28.8961164441736,-21.4712471562497));
#8508=CARTESIAN_POINT('Ctrl Pts',(93.5,-29.3455872994326,-21.6985156283477));
#8509=CARTESIAN_POINT('Ctrl Pts',(93.5,-29.3230412778333,-21.7350199241959));
#8510=CARTESIAN_POINT('Ctrl Pts',(93.5,-29.2974513947871,-21.7694589223087));
#8511=CARTESIAN_POINT('Ctrl Pts',(94.,-29.3455872994326,-21.6985156283477));
#8512=CARTESIAN_POINT('Ctrl Pts',(94.,-29.3230412778333,-21.7350199241959));
#8513=CARTESIAN_POINT('Ctrl Pts',(94.,-29.2974513947871,-21.7694589223087));
#8514=CARTESIAN_POINT('',(93.5,-28.8961164441736,-21.4712471562497));
#8515=CARTESIAN_POINT('Origin',(94.,-28.8961164441736,-21.4712471562497));
#8516=CARTESIAN_POINT('Origin',(93.5,-28.4947814935601,-21.1730353901907));
#8517=CARTESIAN_POINT('Origin',(94.,0.,0.));
#8518=CARTESIAN_POINT('',(93.5,28.8961164441736,-21.4712471562497));
#8519=CARTESIAN_POINT('',(94.,29.2974513947871,-21.7694589223087));
#8520=CARTESIAN_POINT('Origin',(94.,28.8961164441736,-21.4712471562497));
#8521=CARTESIAN_POINT('Origin',(94.,0.,0.));
#8522=CARTESIAN_POINT('',(93.5,-28.8693996454318,-21.5071561140087));
#8523=CARTESIAN_POINT('Origin',(93.5,0.,0.));
#8524=CARTESIAN_POINT('',(93.5,28.8693996454318,-21.5071561140087));
#8525=CARTESIAN_POINT('Origin',(93.5,0.,0.));
#8526=CARTESIAN_POINT('Origin',(93.5,0.,0.));
#8527=CARTESIAN_POINT('Ctrl Pts',(93.5,28.8961164441736,-21.4712471562497));
#8528=CARTESIAN_POINT('Ctrl Pts',(93.5,28.908911385657,-21.4540276572466));
#8529=CARTESIAN_POINT('Ctrl Pts',(93.5,28.9201843964266,-21.4357755093821));
#8530=CARTESIAN_POINT('Ctrl Pts',(93.5,29.2974513947871,-21.7694589223087));
#8531=CARTESIAN_POINT('Ctrl Pts',(93.5,29.323041277754,-21.7350199243026));
#8532=CARTESIAN_POINT('Ctrl Pts',(93.5,29.3455872992932,-21.6985156285735));
#8533=CARTESIAN_POINT('Ctrl Pts',(94.,29.2974513947871,-21.7694589223087));
#8534=CARTESIAN_POINT('Ctrl Pts',(94.,29.323041277754,-21.7350199243026));
#8535=CARTESIAN_POINT('Ctrl Pts',(94.,29.3455872992932,-21.6985156285735));
#8536=CARTESIAN_POINT('',(93.5,28.9201843964266,-21.4357755093821));
#8537=CARTESIAN_POINT('',(94.,29.3455872992932,-21.6985156285735));
#8538=CARTESIAN_POINT('Origin',(94.,28.9201843964266,-21.4357755093821));
#8539=CARTESIAN_POINT('Origin',(94.,28.4947814935601,-21.1730353901907));
#8540=CARTESIAN_POINT('Origin',(93.5,28.4947814935601,-21.1730353901907));
#8541=CARTESIAN_POINT('Ctrl Pts',(93.9405030779107,29.0683579299111,-20.3538833459017));
#8542=CARTESIAN_POINT('Ctrl Pts',(93.9693903587262,29.2401559102653,-20.4741775867949));
#8543=CARTESIAN_POINT('Ctrl Pts',(93.9943620834698,29.4682414181403,-20.7772280422969));
#8544=CARTESIAN_POINT('Ctrl Pts',(94.0001206029465,29.5190992277428,-21.2952383794464));
#8545=CARTESIAN_POINT('Ctrl Pts',(94.,29.4217955431191,-21.5751267519692));
#8546=CARTESIAN_POINT('Ctrl Pts',(94.,29.3455872992932,-21.6985156285735));
#8547=CARTESIAN_POINT('Ctrl Pts',(93.8213951920955,29.0952353859192,-20.3727031432064));
#8548=CARTESIAN_POINT('Ctrl Pts',(93.8499381022017,29.2546285955198,-20.4928050037182));
#8549=CARTESIAN_POINT('Ctrl Pts',(93.8712838450654,29.4691050494206,-20.7853425174384));
#8550=CARTESIAN_POINT('Ctrl Pts',(93.8711282806152,29.5190408602879,-21.2954394440297));
#8551=CARTESIAN_POINT('Ctrl Pts',(93.8692758145501,29.4218646594567,-21.5750040622916));
#8552=CARTESIAN_POINT('Ctrl Pts',(93.8691003061004,29.3455872992932,-21.6985156285735));
#8553=CARTESIAN_POINT('Ctrl Pts',(93.5840310382082,29.0936859834422,-20.4889164718768));
#8554=CARTESIAN_POINT('Ctrl Pts',(93.6117560117097,29.2138728134654,-20.5933482945345));
#8555=CARTESIAN_POINT('Ctrl Pts',(93.6258152564801,29.3784965694285,-20.8424799694159));
#8556=CARTESIAN_POINT('Ctrl Pts',(93.614275118818,29.40997694419,-21.2841305042314));
#8557=CARTESIAN_POINT('Ctrl Pts',(93.6090079840191,29.3214291218581,-21.5317380316487));
#8558=CARTESIAN_POINT('Ctrl Pts',(93.6084972475672,29.253277211157,-21.641502469058));
#8559=CARTESIAN_POINT('Ctrl Pts',(93.4708343224225,28.9834192805005,-20.7007594271927));
#8560=CARTESIAN_POINT('Ctrl Pts',(93.4936263044977,29.0565463439233,-20.7707944794129));
#8561=CARTESIAN_POINT('Ctrl Pts',(93.5079639222804,29.1510497079424,-20.9469253878013));
#8562=CARTESIAN_POINT('Ctrl Pts',(93.5030580354934,29.148646875538,-21.2552091475721));
#8563=CARTESIAN_POINT('Ctrl Pts',(93.5002791769641,29.0803688043068,-21.4271802578926));
#8564=CARTESIAN_POINT('Ctrl Pts',(93.5,29.0315546159651,-21.5045607117367));
#8565=CARTESIAN_POINT('Ctrl Pts',(93.4603353852738,28.9152019847293,-20.8032262206032));
#8566=CARTESIAN_POINT('Ctrl Pts',(93.4795935724841,28.9684830297929,-20.8567152955758));
#8567=CARTESIAN_POINT('Ctrl Pts',(93.4962413889799,29.0318883453771,-20.9973488168951));
#8568=CARTESIAN_POINT('Ctrl Pts',(93.5000804019643,29.0163605948249,-21.2400714482869));
#8569=CARTESIAN_POINT('Ctrl Pts',(93.5,28.959152061995,-21.3746673966839));
#8570=CARTESIAN_POINT('Ctrl Pts',(93.5,28.9201843964266,-21.4357755093821));
#8571=CARTESIAN_POINT('',(93.4603353852738,28.9152019847293,-20.8032262206032));
#8572=CARTESIAN_POINT('Ctrl Pts',(93.5,28.9201843964266,-21.4357755093821));
#8573=CARTESIAN_POINT('Ctrl Pts',(93.5,28.959152061995,-21.3746673966839));
#8574=CARTESIAN_POINT('Ctrl Pts',(93.5000804019643,29.0163605948249,-21.2400714482869));
#8575=CARTESIAN_POINT('Ctrl Pts',(93.4962413889799,29.0318883453771,-20.9973488168951));
#8576=CARTESIAN_POINT('Ctrl Pts',(93.4795935724841,28.9684830297929,-20.8567152955758));
#8577=CARTESIAN_POINT('Ctrl Pts',(93.4603353852738,28.9152019847293,-20.8032262206032));
#8578=CARTESIAN_POINT('',(93.9405030779107,29.0683579299111,-20.3538833459017));
#8579=CARTESIAN_POINT('Origin',(93.9405030779107,28.7815697117356,-20.7634593680462));
#8580=CARTESIAN_POINT('Ctrl Pts',(93.9405030779107,29.0683579299111,-20.3538833459017));
#8581=CARTESIAN_POINT('Ctrl Pts',(93.9693903587262,29.2401559102653,-20.4741775867949));
#8582=CARTESIAN_POINT('Ctrl Pts',(93.9943620834698,29.4682414181403,-20.7772280422969));
#8583=CARTESIAN_POINT('Ctrl Pts',(94.0001206029465,29.5190992277428,-21.2952383794464));
#8584=CARTESIAN_POINT('Ctrl Pts',(94.,29.4217955431191,-21.5751267519692));
#8585=CARTESIAN_POINT('Ctrl Pts',(94.,29.3455872992932,-21.6985156285735));
#8586=CARTESIAN_POINT('Ctrl Pts',(92.5,27.8391205459255,-19.4931620633859));
#8587=CARTESIAN_POINT('Ctrl Pts',(92.501581146076,27.8398683294418,-19.4936856670409));
#8588=CARTESIAN_POINT('Ctrl Pts',(92.5031615880764,27.840615881895,-19.4942091089038));
#8589=CARTESIAN_POINT('Ctrl Pts',(92.7506741211915,27.9576571315511,-19.5761622741943));
#8590=CARTESIAN_POINT('Ctrl Pts',(93.1200394555551,28.1349031829286,-19.7002712954869));
#8591=CARTESIAN_POINT('Ctrl Pts',(93.6448219541868,28.53338186669,-19.9792890736724));
#8592=CARTESIAN_POINT('Ctrl Pts',(93.8651319454594,28.8442349254857,-20.1969507287168));
#8593=CARTESIAN_POINT('Ctrl Pts',(93.9405030779107,29.0683579299111,-20.3538833459017));
#8594=CARTESIAN_POINT('Ctrl Pts',(92.5,27.8391205459255,-19.4931620633859));
#8595=CARTESIAN_POINT('Ctrl Pts',(92.5014268210806,27.8401557568206,-19.4938869258583));
#8596=CARTESIAN_POINT('Ctrl Pts',(92.502789469207,27.8410773641615,-19.4945322422656));
#8597=CARTESIAN_POINT('Ctrl Pts',(92.7234112628961,27.9981495862779,-19.6045153962346));
#8598=CARTESIAN_POINT('Ctrl Pts',(93.0487706900515,28.2289840171381,-19.7661474048014));
#8599=CARTESIAN_POINT('Ctrl Pts',(93.4813597014326,28.6464701704685,-20.0584743564615));
#8600=CARTESIAN_POINT('Ctrl Pts',(93.6492491603642,28.928854341309,-20.2562018815553));
#8601=CARTESIAN_POINT('Ctrl Pts',(93.7022873062803,29.1221128419272,-20.3915229405112));
#8602=CARTESIAN_POINT('Ctrl Pts',(92.5,27.8391205459255,-19.4931620633859));
#8603=CARTESIAN_POINT('Ctrl Pts',(92.5012841800999,27.8401758859999,-19.4938641986331));
#8604=CARTESIAN_POINT('Ctrl Pts',(92.5024062709878,27.8417881812215,-19.4950658105342));
#8605=CARTESIAN_POINT('Ctrl Pts',(92.6963892700104,28.0329091402559,-19.6295501550924));
#8606=CARTESIAN_POINT('Ctrl Pts',(92.9768671530495,28.295736064353,-19.8699552718323));
#8607=CARTESIAN_POINT('Ctrl Pts',(93.32253629939,28.6696545135592,-20.2511753461959));
#8608=CARTESIAN_POINT('Ctrl Pts',(93.445756515824,28.898518897587,-20.4648595383769));
#8609=CARTESIAN_POINT('Ctrl Pts',(93.4813332595712,29.0516365762717,-20.5982926337823));
#8610=CARTESIAN_POINT('Ctrl Pts',(92.5,27.8391205459255,-19.4931620633859));
#8611=CARTESIAN_POINT('Ctrl Pts',(92.5010540973824,27.8406161129572,-19.4942092706954));
#8612=CARTESIAN_POINT('Ctrl Pts',(92.5021077253842,27.8420979123524,-19.4952529954717));
#8613=CARTESIAN_POINT('Ctrl Pts',(92.667116080795,28.0781207646682,-19.6613234659774));
#8614=CARTESIAN_POINT('Ctrl Pts',(92.9133596370368,28.31735075215,-19.9980921317393));
#8615=CARTESIAN_POINT('Ctrl Pts',(93.2632146361248,28.5859761488099,-20.4406879015253));
#8616=CARTESIAN_POINT('Ctrl Pts',(93.4100879636397,28.7761839604901,-20.6636654159642));
#8617=CARTESIAN_POINT('Ctrl Pts',(93.4603353852738,28.9152019847293,-20.8032262206032));
#8618=CARTESIAN_POINT('',(92.5,27.8391205459255,-19.4931620633859));
#8619=CARTESIAN_POINT('Ctrl Pts',(93.4603353852738,28.9152019847293,-20.8032262206032));
#8620=CARTESIAN_POINT('Ctrl Pts',(93.4100879636397,28.7761839604901,-20.6636654159642));
#8621=CARTESIAN_POINT('Ctrl Pts',(93.2632146361248,28.5859761488099,-20.4406879015253));
#8622=CARTESIAN_POINT('Ctrl Pts',(92.9133596370368,28.31735075215,-19.9980921317393));
#8623=CARTESIAN_POINT('Ctrl Pts',(92.667116080795,28.0781207646682,-19.6613234659774));
#8624=CARTESIAN_POINT('Ctrl Pts',(92.5021077253842,27.8420979123524,-19.4952529954717));
#8625=CARTESIAN_POINT('Ctrl Pts',(92.5010540973824,27.8406161129572,-19.4942092706954));
#8626=CARTESIAN_POINT('Ctrl Pts',(92.5,27.8391205459255,-19.4931620633859));
#8627=CARTESIAN_POINT('Ctrl Pts',(92.5,27.8391205459255,-19.4931620633859));
#8628=CARTESIAN_POINT('Ctrl Pts',(92.501581146076,27.8398683294418,-19.4936856670409));
#8629=CARTESIAN_POINT('Ctrl Pts',(92.5031615880764,27.840615881895,-19.4942091089038));
#8630=CARTESIAN_POINT('Ctrl Pts',(92.7506741211915,27.9576571315511,-19.5761622741943));
#8631=CARTESIAN_POINT('Ctrl Pts',(93.1200394555551,28.1349031829286,-19.7002712954869));
#8632=CARTESIAN_POINT('Ctrl Pts',(93.6448219541868,28.53338186669,-19.9792890736724));
#8633=CARTESIAN_POINT('Ctrl Pts',(93.8651319454594,28.8442349254857,-20.1969507287168));
#8634=CARTESIAN_POINT('Ctrl Pts',(93.9405030779107,29.0683579299111,-20.3538833459017));
#8635=CARTESIAN_POINT('Origin',(93.5,28.4947814935601,-21.1730353901907));
#8636=CARTESIAN_POINT('',(93.5,29.2974513947871,-21.7694589223087));
#8637=CARTESIAN_POINT('',(93.5,29.0683579299111,-20.3538833459017));
#8638=CARTESIAN_POINT('Origin',(16.,26.2000630402119,-18.345481642326));
#8639=CARTESIAN_POINT('',(56.4405030779107,29.0683579299111,-20.3538833459017));
#8640=CARTESIAN_POINT('',(56.,29.0683579299111,-20.3538833459017));
#8641=CARTESIAN_POINT('',(55.,27.8391205459255,-19.4931620633859));
#8642=CARTESIAN_POINT('Ctrl Pts',(55.,27.8391205459255,-19.4931620633859));
#8643=CARTESIAN_POINT('Ctrl Pts',(55.001581146074,27.8398683294451,-19.4936856670432));
#8644=CARTESIAN_POINT('Ctrl Pts',(55.0031615876251,27.8406158866672,-19.4942091122454));
#8645=CARTESIAN_POINT('Ctrl Pts',(55.2506742244763,27.9576560394012,-19.5761615094632));
#8646=CARTESIAN_POINT('Ctrl Pts',(55.6200397220175,28.1349007116166,-19.7002695650557));
#8647=CARTESIAN_POINT('Ctrl Pts',(56.1448220295024,28.5333776245939,-19.9792861033251));
#8648=CARTESIAN_POINT('Ctrl Pts',(56.3651319454595,28.8442349254858,-20.1969507287169));
#8649=CARTESIAN_POINT('Ctrl Pts',(56.4405030779107,29.0683579299111,-20.3538833459017));
#8650=CARTESIAN_POINT('',(46.317539824732,27.8391205459256,-19.4931620633859));
#8651=CARTESIAN_POINT('',(46.,27.8391205459255,-19.4931620633859));
#8652=CARTESIAN_POINT('',(44.,26.2000630402119,-18.345481642326));
#8653=CARTESIAN_POINT('Ctrl Pts',(44.,26.2000630402119,-18.345481642326));
#8654=CARTESIAN_POINT('Ctrl Pts',(44.0021516697664,26.2008512741593,-18.3460335696778));
#8655=CARTESIAN_POINT('Ctrl Pts',(44.0043023889239,26.2016397249737,-18.3465856488816));
#8656=CARTESIAN_POINT('Ctrl Pts',(44.3882215500898,26.3421479062046,-18.4449705365595));
#8657=CARTESIAN_POINT('Ctrl Pts',(44.9617981565788,26.5578579897149,-18.5960123631014));
#8658=CARTESIAN_POINT('Ctrl Pts',(45.7941568250578,27.0883507341128,-18.9674673816942));
#8659=CARTESIAN_POINT('Ctrl Pts',(46.164847045371,27.5204321473961,-19.2700140443956));
#8660=CARTESIAN_POINT('Ctrl Pts',(46.317539824732,27.8391205459255,-19.4931620633859));
#8661=CARTESIAN_POINT('',(16.4999725239658,26.2000630402117,-18.3454816423258));
#8662=CARTESIAN_POINT('',(16.,26.2000630402119,-18.345481642326));
#8663=CARTESIAN_POINT('',(16.2859692343314,25.3804978043442,-17.7716158861168));
#8664=CARTESIAN_POINT('Ctrl Pts',(16.2859692343314,25.3804978043442,-17.7716158861168));
#8665=CARTESIAN_POINT('Ctrl Pts',(16.4250038892314,25.6377691697364,-17.9517592355299));
#8666=CARTESIAN_POINT('Ctrl Pts',(16.4983624157751,25.9187129614041,-18.1484781962689));
#8667=CARTESIAN_POINT('Ctrl Pts',(16.4999725239658,26.2000630402117,-18.3454816423258));
#8668=CARTESIAN_POINT('',(111.25002,25.3804978043442,-17.7716158861168));
#8669=CARTESIAN_POINT('',(16.,25.3804978043442,-17.7716158861168));
#8670=CARTESIAN_POINT('',(111.25002,27.8391205459255,-19.4931620633859));
#8671=CARTESIAN_POINT('',(111.25002,17.3873791024417,-12.1747739172396));
#8672=CARTESIAN_POINT('',(98.5,27.8391205459255,-19.4931620633859));
#8673=CARTESIAN_POINT('',(79.75,27.8391205459255,-19.4931620633859));
#8674=CARTESIAN_POINT('',(75.1905030779107,29.0683579299111,-20.3538833459017));
#8675=CARTESIAN_POINT('',(74.75,29.0683579299111,-20.3538833459017));
#8676=CARTESIAN_POINT('',(73.75,27.8391205459256,-19.4931620633859));
#8677=CARTESIAN_POINT('Ctrl Pts',(73.75,27.8391205459255,-19.4931620633859));
#8678=CARTESIAN_POINT('Ctrl Pts',(73.7515811460741,27.8398683294455,-19.4936856670435));
#8679=CARTESIAN_POINT('Ctrl Pts',(73.7531623761723,27.8406161722818,-19.4942093122349));
#8680=CARTESIAN_POINT('Ctrl Pts',(73.8776204517474,27.8994758670571,-19.5354233142134));
#8681=CARTESIAN_POINT('Ctrl Pts',(74.1242122717453,28.0163968249316,-19.6172922502917));
#8682=CARTESIAN_POINT('Ctrl Pts',(74.4746525235738,28.2137461115587,-19.7554777084483));
#8683=CARTESIAN_POINT('Ctrl Pts',(74.7378089719265,28.413715253975,-19.8954976093776));
#8684=CARTESIAN_POINT('Ctrl Pts',(74.9155372410288,28.5955311677636,-20.0228064827788));
#8685=CARTESIAN_POINT('Ctrl Pts',(75.0693552064414,28.7923731776683,-20.1606367419505));
#8686=CARTESIAN_POINT('Ctrl Pts',(75.1528175116851,28.9562964276985,-20.2754170373094));
#8687=CARTESIAN_POINT('Ctrl Pts',(75.1905030779107,29.0683579299111,-20.3538833459017));
#8688=CARTESIAN_POINT('',(61.,27.8391205459256,-19.4931620633859));
#8689=CARTESIAN_POINT('Origin',(92.5,27.2655441095745,-20.3123141076749));
#8690=CARTESIAN_POINT('Origin',(93.5,27.2655441095745,-20.3123141076749));
#8691=CARTESIAN_POINT('',(92.5,28.0674718775032,-20.9097351108418));
#8692=CARTESIAN_POINT('Origin',(92.5,28.8693996454318,-21.5071561140087));
#8693=CARTESIAN_POINT('Origin',(92.5,27.2655441095745,-20.3123141076749));
#8694=CARTESIAN_POINT('Origin',(93.5,0.,-18.25));
#8695=CARTESIAN_POINT('Origin',(93.5,-27.2655441095745,-20.3123141076749));
#8696=CARTESIAN_POINT('Origin',(93.5,0.,-18.25));
#8697=CARTESIAN_POINT('Ctrl Pts',(73.75,-27.8391205459255,-19.4931620633859));
#8698=CARTESIAN_POINT('Ctrl Pts',(73.7510540973846,-27.8406161129549,-19.4942092706937));
#8699=CARTESIAN_POINT('Ctrl Pts',(73.7521077252567,-27.8420979052431,-19.495252992544));
#8700=CARTESIAN_POINT('Ctrl Pts',(73.9171161100568,-28.0781223941806,-19.6613241363657));
#8701=CARTESIAN_POINT('Ctrl Pts',(74.1633597126162,-28.3173549074472,-19.9980938310248));
#8702=CARTESIAN_POINT('Ctrl Pts',(74.5132146575301,-28.5859791045358,-20.4406890931703));
#8703=CARTESIAN_POINT('Ctrl Pts',(74.6600879636396,-28.7761839604899,-20.6636654159641));
#8704=CARTESIAN_POINT('Ctrl Pts',(74.7103353852738,-28.9152019847293,-20.8032262206032));
#8705=CARTESIAN_POINT('Ctrl Pts',(73.75,-27.8391205459255,-19.4931620633859));
#8706=CARTESIAN_POINT('Ctrl Pts',(73.7512841801015,-27.8401758859978,-19.4938641986316));
#8707=CARTESIAN_POINT('Ctrl Pts',(73.7524062708604,-27.8417881741126,-19.4950658076068));
#8708=CARTESIAN_POINT('Ctrl Pts',(73.9463892992722,-28.0329107697681,-19.6295508254805));
#8709=CARTESIAN_POINT('Ctrl Pts',(74.2268672286288,-28.2957402196503,-19.8699569711179));
#8710=CARTESIAN_POINT('Ctrl Pts',(74.5725363207954,-28.6696574692849,-20.2511765378409));
#8711=CARTESIAN_POINT('Ctrl Pts',(74.695756515824,-28.8985188975869,-20.4648595383768));
#8712=CARTESIAN_POINT('Ctrl Pts',(74.7313332595712,-29.0516365762717,-20.5982926337823));
#8713=CARTESIAN_POINT('Ctrl Pts',(73.75,-27.8391205459255,-19.4931620633859));
#8714=CARTESIAN_POINT('Ctrl Pts',(73.7514268210816,-27.8401557568187,-19.4938869258569));
#8715=CARTESIAN_POINT('Ctrl Pts',(73.7527894690158,-27.8410773661903,-19.4945322436862));
#8716=CARTESIAN_POINT('Ctrl Pts',(73.9734113067891,-27.9981491214804,-19.6045150707802));
#8717=CARTESIAN_POINT('Ctrl Pts',(74.2987708034206,-28.2289829647617,-19.7661466679196));
#8718=CARTESIAN_POINT('Ctrl Pts',(74.7313597335407,-28.6464683655392,-20.0584730926365));
#8719=CARTESIAN_POINT('Ctrl Pts',(74.8992491603642,-28.9288543413089,-20.2562018815552));
#8720=CARTESIAN_POINT('Ctrl Pts',(74.9522873062803,-29.1221128419272,-20.3915229405112));
#8721=CARTESIAN_POINT('Ctrl Pts',(73.75,-27.8391205459255,-19.4931620633859));
#8722=CARTESIAN_POINT('Ctrl Pts',(73.7515811460764,-27.83986832944,-19.4936856670396));
#8723=CARTESIAN_POINT('Ctrl Pts',(73.7531615878851,-27.8406158839241,-19.4942091103246));
#8724=CARTESIAN_POINT('Ctrl Pts',(74.0006741650845,-27.9576566667534,-19.5761619487397));
#8725=CARTESIAN_POINT('Ctrl Pts',(74.3700395689241,-28.1349021305524,-19.7002705586052));
#8726=CARTESIAN_POINT('Ctrl Pts',(74.8948219862948,-28.5333800617607,-19.9792878098475));
#8727=CARTESIAN_POINT('Ctrl Pts',(75.1151319454594,-28.8442349254856,-20.1969507287168));
#8728=CARTESIAN_POINT('Ctrl Pts',(75.1905030779106,-29.0683579299111,-20.3538833459017));
#8729=CARTESIAN_POINT('',(74.7103353852738,-28.9152019847293,-20.8032262206032));
#8730=CARTESIAN_POINT('Origin',(75.1905030779107,-28.7815697117356,-20.7634593680462));
#8731=CARTESIAN_POINT('Ctrl Pts',(73.75,-27.8391205459255,-19.4931620633859));
#8732=CARTESIAN_POINT('Ctrl Pts',(73.7510540973846,-27.8406161129549,-19.4942092706937));
#8733=CARTESIAN_POINT('Ctrl Pts',(73.7521077252567,-27.8420979052431,-19.495252992544));
#8734=CARTESIAN_POINT('Ctrl Pts',(73.9171161100568,-28.0781223941806,-19.6613241363657));
#8735=CARTESIAN_POINT('Ctrl Pts',(74.1633597126162,-28.3173549074472,-19.9980938310248));
#8736=CARTESIAN_POINT('Ctrl Pts',(74.5132146575301,-28.5859791045358,-20.4406890931703));
#8737=CARTESIAN_POINT('Ctrl Pts',(74.6600879636396,-28.7761839604899,-20.6636654159641));
#8738=CARTESIAN_POINT('Ctrl Pts',(74.7103353852738,-28.9152019847293,-20.8032262206032));
#8739=CARTESIAN_POINT('Ctrl Pts',(74.7103353852738,-28.9152019847293,-20.8032262206032));
#8740=CARTESIAN_POINT('Ctrl Pts',(74.7295932221254,-28.9684820604658,-20.8567143224642));
#8741=CARTESIAN_POINT('Ctrl Pts',(74.7462421127467,-29.0318914948384,-20.997356827954));
#8742=CARTESIAN_POINT('Ctrl Pts',(74.750079934746,-29.0163570751697,-21.2400762417202));
#8743=CARTESIAN_POINT('Ctrl Pts',(74.75,-28.9591513531261,-21.3746685082876));
#8744=CARTESIAN_POINT('Ctrl Pts',(74.75,-28.9201843964978,-21.4357755092705));
#8745=CARTESIAN_POINT('Ctrl Pts',(74.7208343224225,-28.9834192805005,-20.7007594271927));
#8746=CARTESIAN_POINT('Ctrl Pts',(74.7436258898496,-29.0565450135431,-20.770793205285));
#8747=CARTESIAN_POINT('Ctrl Pts',(74.7579643956869,-29.1510545299996,-20.9469354730706));
#8748=CARTESIAN_POINT('Ctrl Pts',(74.753057318573,-29.1486425250376,-21.2552153031263));
#8749=CARTESIAN_POINT('Ctrl Pts',(74.7502791718868,-29.0803679163158,-21.4271816655017));
#8750=CARTESIAN_POINT('Ctrl Pts',(74.7500000000005,-29.0315546160542,-21.5045607115954));
#8751=CARTESIAN_POINT('Ctrl Pts',(74.834025444507,-29.0936908811199,-20.4889121637944));
#8752=CARTESIAN_POINT('Ctrl Pts',(74.8617499136158,-29.2138755246178,-20.5933420865532));
#8753=CARTESIAN_POINT('Ctrl Pts',(74.8758089021635,-29.3785109800006,-20.8424948022766));
#8754=CARTESIAN_POINT('Ctrl Pts',(74.8642673150371,-29.4099767731525,-21.284140295248));
#8755=CARTESIAN_POINT('Ctrl Pts',(74.8590004060412,-29.3214343215709,-21.5317440055415));
#8756=CARTESIAN_POINT('Ctrl Pts',(74.8584896788786,-29.2532836507665,-21.6415064460542));
#8757=CARTESIAN_POINT('Ctrl Pts',(75.0713951920955,-29.0952353859191,-20.3727031432065));
#8758=CARTESIAN_POINT('Ctrl Pts',(75.0999375829285,-29.2546256957239,-20.4928028187388));
#8759=CARTESIAN_POINT('Ctrl Pts',(75.1212846894158,-29.4691160632851,-20.7853593835758));
#8760=CARTESIAN_POINT('Ctrl Pts',(75.1211274859511,-29.5190335180645,-21.295449453658));
#8761=CARTESIAN_POINT('Ctrl Pts',(75.1192758113583,-29.4218632718705,-21.5750063090574));
#8762=CARTESIAN_POINT('Ctrl Pts',(75.1191003061007,-29.3455872994324,-21.6985156283481));
#8763=CARTESIAN_POINT('Ctrl Pts',(75.1905030779107,-29.0683579299111,-20.3538833459017));
#8764=CARTESIAN_POINT('Ctrl Pts',(75.219389833188,-29.2401527847929,-20.4741753983156));
#8765=CARTESIAN_POINT('Ctrl Pts',(75.24436316912,-29.4682530033855,-20.7772453835673));
#8766=CARTESIAN_POINT('Ctrl Pts',(75.250119902119,-29.5190915418121,-21.2952483000133));
#8767=CARTESIAN_POINT('Ctrl Pts',(75.25,-29.4217941567904,-21.5751289965028));
#8768=CARTESIAN_POINT('Ctrl Pts',(75.25,-29.3455872994324,-21.6985156283481));
#8769=CARTESIAN_POINT('',(74.75,-28.9201843964994,-21.4357755092715));
#8770=CARTESIAN_POINT('Origin',(75.25,-28.9201843964962,-21.4357755092694));
#8771=CARTESIAN_POINT('Ctrl Pts',(74.7103353852738,-28.9152019847293,-20.8032262206032));
#8772=CARTESIAN_POINT('Ctrl Pts',(74.7295932221254,-28.9684820604658,-20.8567143224642));
#8773=CARTESIAN_POINT('Ctrl Pts',(74.7462421127467,-29.0318914948384,-20.997356827954));
#8774=CARTESIAN_POINT('Ctrl Pts',(74.750079934746,-29.0163570751697,-21.2400762417202));
#8775=CARTESIAN_POINT('Ctrl Pts',(74.75,-28.9591513531261,-21.3746685082876));
#8776=CARTESIAN_POINT('Ctrl Pts',(74.75,-28.9201843964978,-21.4357755092705));
#8777=CARTESIAN_POINT('Ctrl Pts',(74.75,-28.9201843964962,-21.4357755092694));
#8778=CARTESIAN_POINT('Ctrl Pts',(74.75,-28.9089113856966,-21.4540276571934));
#8779=CARTESIAN_POINT('Ctrl Pts',(74.75,-28.8961164441736,-21.4712471562498));
#8780=CARTESIAN_POINT('Ctrl Pts',(74.75,-29.3455872994324,-21.6985156283481));
#8781=CARTESIAN_POINT('Ctrl Pts',(74.75,-29.3230412778331,-21.7350199241961));
#8782=CARTESIAN_POINT('Ctrl Pts',(74.75,-29.2974513947871,-21.7694589223088));
#8783=CARTESIAN_POINT('Ctrl Pts',(75.25,-29.3455872994324,-21.6985156283481));
#8784=CARTESIAN_POINT('Ctrl Pts',(75.25,-29.3230412778331,-21.7350199241961));
#8785=CARTESIAN_POINT('Ctrl Pts',(75.25,-29.2974513947871,-21.7694589223088));
#8786=CARTESIAN_POINT('',(74.75,-28.8961164441736,-21.4712471562498));
#8787=CARTESIAN_POINT('Origin',(75.25,-28.8961164441736,-21.4712471562498));
#8788=CARTESIAN_POINT('Origin',(74.75,-28.49478149356,-21.1730353901907));
#8789=CARTESIAN_POINT('Origin',(75.25,0.,0.));
#8790=CARTESIAN_POINT('',(74.75,28.8961164441736,-21.4712471562497));
#8791=CARTESIAN_POINT('',(75.25,29.2974513947871,-21.7694589223088));
#8792=CARTESIAN_POINT('Origin',(75.25,28.8961164441736,-21.4712471562497));
#8793=CARTESIAN_POINT('Origin',(75.25,0.,0.));
#8794=CARTESIAN_POINT('',(74.75,-28.8693996454318,-21.5071561140087));
#8795=CARTESIAN_POINT('Origin',(74.75,0.,0.));
#8796=CARTESIAN_POINT('',(74.75,28.8693996454318,-21.5071561140087));
#8797=CARTESIAN_POINT('Origin',(74.75,0.,0.));
#8798=CARTESIAN_POINT('Origin',(74.75,0.,0.));
#8799=CARTESIAN_POINT('Ctrl Pts',(74.75,28.8961164441736,-21.4712471562497));
#8800=CARTESIAN_POINT('Ctrl Pts',(74.75,28.908911385657,-21.4540276572467));
#8801=CARTESIAN_POINT('Ctrl Pts',(74.75,28.9201843964266,-21.4357755093822));
#8802=CARTESIAN_POINT('Ctrl Pts',(74.75,29.2974513947871,-21.7694589223088));
#8803=CARTESIAN_POINT('Ctrl Pts',(74.75,29.3230412777539,-21.7350199243027));
#8804=CARTESIAN_POINT('Ctrl Pts',(74.75,29.3455872992931,-21.6985156285736));
#8805=CARTESIAN_POINT('Ctrl Pts',(75.25,29.2974513947871,-21.7694589223088));
#8806=CARTESIAN_POINT('Ctrl Pts',(75.25,29.3230412777539,-21.7350199243027));
#8807=CARTESIAN_POINT('Ctrl Pts',(75.25,29.3455872992931,-21.6985156285736));
#8808=CARTESIAN_POINT('',(74.75,28.9201843964266,-21.4357755093822));
#8809=CARTESIAN_POINT('',(75.25,29.3455872992931,-21.6985156285736));
#8810=CARTESIAN_POINT('Origin',(75.25,28.9201843964266,-21.4357755093822));
#8811=CARTESIAN_POINT('Origin',(75.25,28.49478149356,-21.1730353901907));
#8812=CARTESIAN_POINT('Origin',(74.75,28.49478149356,-21.1730353901907));
#8813=CARTESIAN_POINT('Ctrl Pts',(75.1905030779107,29.0683579299111,-20.3538833459017));
#8814=CARTESIAN_POINT('Ctrl Pts',(75.209761265121,29.1828899168139,-20.4340795064972));
#8815=CARTESIAN_POINT('Ctrl Pts',(75.2364045955012,29.3823669053574,-20.6476721852438));
#8816=CARTESIAN_POINT('Ctrl Pts',(75.2511798934231,29.5451577642571,-21.1412980181949));
#8817=CARTESIAN_POINT('Ctrl Pts',(75.25,29.459899665032,-21.5134323136672));
#8818=CARTESIAN_POINT('Ctrl Pts',(75.25,29.3455872992931,-21.6985156285736));
#8819=CARTESIAN_POINT('Ctrl Pts',(75.0713951920955,29.0952353859191,-20.3727031432065));
#8820=CARTESIAN_POINT('Ctrl Pts',(75.090423798833,29.2014975256529,-20.4527710502143));
#8821=CARTESIAN_POINT('Ctrl Pts',(75.1150096356484,29.3874332037196,-20.6605675267434));
#8822=CARTESIAN_POINT('Ctrl Pts',(75.1237039799817,29.5438337717853,-21.1424376296852));
#8823=CARTESIAN_POINT('Ctrl Pts',(75.119363568775,29.4600033395384,-21.5132482791508));
#8824=CARTESIAN_POINT('Ctrl Pts',(75.1191003061004,29.3455872992931,-21.6985156285736));
#8825=CARTESIAN_POINT('Ctrl Pts',(74.834025444507,29.0936908811199,-20.4889121637944));
#8826=CARTESIAN_POINT('Ctrl Pts',(74.8525087601747,29.1738154344687,-20.5585333788995));
#8827=CARTESIAN_POINT('Ctrl Pts',(74.8728851356565,29.3151109785068,-20.7365697996009));
#8828=CARTESIAN_POINT('Ctrl Pts',(74.8698050242576,29.432920496401,-21.1497334400585));
#8829=CARTESIAN_POINT('Ctrl Pts',(74.8592557835556,29.3555115166936,-21.4768597901409));
#8830=CARTESIAN_POINT('Ctrl Pts',(74.8584896788777,29.2532836506418,-21.6415064462549));
#8831=CARTESIAN_POINT('Ctrl Pts',(74.7208343224225,28.9834192805005,-20.7007594271927));
#8832=CARTESIAN_POINT('Ctrl Pts',(74.7360289771393,29.0321706561157,-20.7474494620062));
#8833=CARTESIAN_POINT('Ctrl Pts',(74.7542670055274,29.1155038948943,-20.8718242941925));
#8834=CARTESIAN_POINT('Ctrl Pts',(74.7563014197666,29.1701940322953,-21.1622862595122));
#8835=CARTESIAN_POINT('Ctrl Pts',(74.7504187654461,29.1047758984776,-21.3884900309707));
#8836=CARTESIAN_POINT('Ctrl Pts',(74.75,29.031554615965,-21.5045607117368));
#8837=CARTESIAN_POINT('Ctrl Pts',(74.7103353852738,28.9152019847293,-20.8032262206032));
#8838=CARTESIAN_POINT('Ctrl Pts',(74.7231741767474,28.9507226814384,-20.8388856039183));
#8839=CARTESIAN_POINT('Ctrl Pts',(74.7409363970008,29.008721409146,-20.937239010973));
#8840=CARTESIAN_POINT('Ctrl Pts',(74.7507865956154,29.0364334671138,-21.1674707529657));
#8841=CARTESIAN_POINT('Ctrl Pts',(74.75,28.9786358947792,-21.344113340335));
#8842=CARTESIAN_POINT('Ctrl Pts',(74.75,28.9201843964266,-21.4357755093822));
#8843=CARTESIAN_POINT('',(74.7103353852738,28.9152019847293,-20.8032262206032));
#8844=CARTESIAN_POINT('Ctrl Pts',(74.75,28.9201843964266,-21.4357755093822));
#8845=CARTESIAN_POINT('Ctrl Pts',(74.75,28.9786358947792,-21.344113340335));
#8846=CARTESIAN_POINT('Ctrl Pts',(74.7507865956154,29.0364334671138,-21.1674707529657));
#8847=CARTESIAN_POINT('Ctrl Pts',(74.7409363970008,29.008721409146,-20.937239010973));
#8848=CARTESIAN_POINT('Ctrl Pts',(74.7231741767474,28.9507226814384,-20.8388856039183));
#8849=CARTESIAN_POINT('Ctrl Pts',(74.7103353852738,28.9152019847293,-20.8032262206032));
#8850=CARTESIAN_POINT('Origin',(75.1905030779107,28.7815697117355,-20.7634593680462));
#8851=CARTESIAN_POINT('Ctrl Pts',(75.1905030779107,29.0683579299111,-20.3538833459017));
#8852=CARTESIAN_POINT('Ctrl Pts',(75.209761265121,29.1828899168139,-20.4340795064972));
#8853=CARTESIAN_POINT('Ctrl Pts',(75.2364045955012,29.3823669053574,-20.6476721852438));
#8854=CARTESIAN_POINT('Ctrl Pts',(75.2511798934231,29.5451577642571,-21.1412980181949));
#8855=CARTESIAN_POINT('Ctrl Pts',(75.25,29.459899665032,-21.5134323136672));
#8856=CARTESIAN_POINT('Ctrl Pts',(75.25,29.3455872992931,-21.6985156285736));
#8857=CARTESIAN_POINT('Ctrl Pts',(73.75,27.8391205459255,-19.4931620633859));
#8858=CARTESIAN_POINT('Ctrl Pts',(73.7515811460741,27.8398683294455,-19.4936856670435));
#8859=CARTESIAN_POINT('Ctrl Pts',(73.7531623761723,27.8406161722818,-19.4942093122349));
#8860=CARTESIAN_POINT('Ctrl Pts',(73.8776204517474,27.8994758670571,-19.5354233142134));
#8861=CARTESIAN_POINT('Ctrl Pts',(74.1242122717453,28.0163968249316,-19.6172922502917));
#8862=CARTESIAN_POINT('Ctrl Pts',(74.4746525235738,28.2137461115587,-19.7554777084483));
#8863=CARTESIAN_POINT('Ctrl Pts',(74.7378089719265,28.413715253975,-19.8954976093776));
#8864=CARTESIAN_POINT('Ctrl Pts',(74.9155372410288,28.5955311677636,-20.0228064827788));
#8865=CARTESIAN_POINT('Ctrl Pts',(75.0693552064414,28.7923731776683,-20.1606367419505));
#8866=CARTESIAN_POINT('Ctrl Pts',(75.1528175116851,28.9562964276985,-20.2754170373094));
#8867=CARTESIAN_POINT('Ctrl Pts',(75.1905030779107,29.0683579299111,-20.3538833459017));
#8868=CARTESIAN_POINT('Ctrl Pts',(73.75,27.8391205459255,-19.4931620633859));
#8869=CARTESIAN_POINT('Ctrl Pts',(73.7514055927994,27.840117416388,-19.4938600795983));
#8870=CARTESIAN_POINT('Ctrl Pts',(73.7528107959537,27.8411147872045,-19.4945584461624));
#8871=CARTESIAN_POINT('Ctrl Pts',(73.8634634441731,27.9196131176104,-19.5495235688497));
#8872=CARTESIAN_POINT('Ctrl Pts',(74.0824872275565,28.0751462160978,-19.6584290168515));
#8873=CARTESIAN_POINT('Ctrl Pts',(74.3848208797744,28.3113716541611,-19.8238358493003));
#8874=CARTESIAN_POINT('Ctrl Pts',(74.602017775115,28.5211638848271,-19.9707339506705));
#8875=CARTESIAN_POINT('Ctrl Pts',(74.7438677155411,28.6972835227509,-20.0940542487715));
#8876=CARTESIAN_POINT('Ctrl Pts',(74.8637562063569,28.8802271534576,-20.2221527580598));
#8877=CARTESIAN_POINT('Ctrl Pts',(74.9256104712297,29.0251458323267,-20.3236259094313));
#8878=CARTESIAN_POINT('Ctrl Pts',(74.9522873062804,29.1221128419272,-20.3915229405112));
#8879=CARTESIAN_POINT('Ctrl Pts',(73.75,27.8391205459255,-19.4931620633859));
#8880=CARTESIAN_POINT('Ctrl Pts',(73.7512293589849,27.8403634756304,-19.4940413410059));
#8881=CARTESIAN_POINT('Ctrl Pts',(73.7524599347067,27.8416179325838,-19.4949007461791));
#8882=CARTESIAN_POINT('Ctrl Pts',(73.8492787648291,27.9389967310662,-19.564197049399));
#8883=CARTESIAN_POINT('Ctrl Pts',(74.0407471028051,28.1256999655167,-19.7115585503139));
#8884=CARTESIAN_POINT('Ctrl Pts',(74.2953712941089,28.3701919145159,-19.9462316457866));
#8885=CARTESIAN_POINT('Ctrl Pts',(74.4692465144117,28.5601503350228,-20.138313627683));
#8886=CARTESIAN_POINT('Ctrl Pts',(74.5789272524452,28.7093699281937,-20.2846301594427));
#8887=CARTESIAN_POINT('Ctrl Pts',(74.6692445110903,28.8598156595805,-20.4278041805651));
#8888=CARTESIAN_POINT('Ctrl Pts',(74.7134337168451,28.9752091766419,-20.5316357985482));
#8889=CARTESIAN_POINT('Ctrl Pts',(74.7313332595712,29.0516365762717,-20.5982926337823));
#8890=CARTESIAN_POINT('Ctrl Pts',(73.75,27.8391205459255,-19.4931620633859));
#8891=CARTESIAN_POINT('Ctrl Pts',(73.7510540973762,27.8406161129624,-19.494209270699));
#8892=CARTESIAN_POINT('Ctrl Pts',(73.7521082507815,27.8421095310506,-19.4952596711639));
#8893=CARTESIAN_POINT('Ctrl Pts',(73.8350803011654,27.9595648070881,-19.5780719112961));
#8894=CARTESIAN_POINT('Ctrl Pts',(73.9994748478303,28.1650793759877,-19.7773761309735));
#8895=CARTESIAN_POINT('Ctrl Pts',(74.2331016823828,28.3693833352099,-20.0852865668986));
#8896=CARTESIAN_POINT('Ctrl Pts',(74.4085393146178,28.5084381241194,-20.3098560408453));
#8897=CARTESIAN_POINT('Ctrl Pts',(74.5270248273526,28.6236095831867,-20.4712624065175));
#8898=CARTESIAN_POINT('Ctrl Pts',(74.6295701376277,28.7449299801495,-20.624725098417));
#8899=CARTESIAN_POINT('Ctrl Pts',(74.6852116744567,28.8456929726097,-20.7334458182838));
#8900=CARTESIAN_POINT('Ctrl Pts',(74.7103353852738,28.9152019847293,-20.8032262206032));
#8901=CARTESIAN_POINT('Ctrl Pts',(74.7103353852738,28.9152019847293,-20.8032262206032));
#8902=CARTESIAN_POINT('Ctrl Pts',(74.6852116744567,28.8456929726097,-20.7334458182838));
#8903=CARTESIAN_POINT('Ctrl Pts',(74.6295701376277,28.7449299801495,-20.624725098417));
#8904=CARTESIAN_POINT('Ctrl Pts',(74.5270248273526,28.6236095831867,-20.4712624065175));
#8905=CARTESIAN_POINT('Ctrl Pts',(74.4085393146178,28.5084381241194,-20.3098560408453));
#8906=CARTESIAN_POINT('Ctrl Pts',(74.2331016823828,28.3693833352099,-20.0852865668986));
#8907=CARTESIAN_POINT('Ctrl Pts',(73.9994748478303,28.1650793759877,-19.7773761309735));
#8908=CARTESIAN_POINT('Ctrl Pts',(73.8350803011654,27.9595648070881,-19.5780719112961));
#8909=CARTESIAN_POINT('Ctrl Pts',(73.7521082507815,27.8421095310506,-19.4952596711639));
#8910=CARTESIAN_POINT('Ctrl Pts',(73.7510540973762,27.8406161129624,-19.494209270699));
#8911=CARTESIAN_POINT('Ctrl Pts',(73.75,27.8391205459255,-19.4931620633859));
#8912=CARTESIAN_POINT('Origin',(74.75,28.49478149356,-21.1730353901907));
#8913=CARTESIAN_POINT('',(74.75,29.2974513947871,-21.7694589223088));
#8914=CARTESIAN_POINT('Origin',(73.75,27.2655441095745,-20.3123141076749));
#8915=CARTESIAN_POINT('Origin',(74.75,27.2655441095745,-20.3123141076749));
#8916=CARTESIAN_POINT('',(73.75,28.0674718775032,-20.9097351108418));
#8917=CARTESIAN_POINT('Origin',(73.75,28.8693996454318,-21.5071561140087));
#8918=CARTESIAN_POINT('Origin',(73.75,27.2655441095745,-20.3123141076749));
#8919=CARTESIAN_POINT('Origin',(74.75,2.22044604925031E-15,-18.25));
#8920=CARTESIAN_POINT('Origin',(74.75,-27.2655441095745,-20.3123141076749));
#8921=CARTESIAN_POINT('Origin',(74.75,2.22044604925031E-15,-18.25));
#8922=CARTESIAN_POINT('Ctrl Pts',(55.,-27.8391205459255,-19.4931620633859));
#8923=CARTESIAN_POINT('Ctrl Pts',(55.0010540973852,-27.8406161129536,-19.4942092706928));
#8924=CARTESIAN_POINT('Ctrl Pts',(55.0021077250848,-27.8420978956462,-19.4952529885925));
#8925=CARTESIAN_POINT('Ctrl Pts',(55.1671161496029,-28.0781245944244,-19.6613250415587));
#8926=CARTESIAN_POINT('Ctrl Pts',(55.4133598146699,-28.317360515736,-19.9980961245164));
#8927=CARTESIAN_POINT('Ctrl Pts',(55.7632146863087,-28.5859830903419,-20.4406907000449));
#8928=CARTESIAN_POINT('Ctrl Pts',(55.9100879636397,-28.77618396049,-20.6636654159641));
#8929=CARTESIAN_POINT('Ctrl Pts',(55.9603353852738,-28.9152019847293,-20.8032262206032));
#8930=CARTESIAN_POINT('Ctrl Pts',(55.,-27.8391205459255,-19.4931620633859));
#8931=CARTESIAN_POINT('Ctrl Pts',(55.0012841801018,-27.8401758859966,-19.4938641986308));
#8932=CARTESIAN_POINT('Ctrl Pts',(55.0024062706886,-27.8417881645157,-19.4950658036553));
#8933=CARTESIAN_POINT('Ctrl Pts',(55.1963893388184,-28.0329129700118,-19.6295517306732));
#8934=CARTESIAN_POINT('Ctrl Pts',(55.4768673306826,-28.2957458279393,-19.8699592646095));
#8935=CARTESIAN_POINT('Ctrl Pts',(55.8225363495739,-28.669661455091,-20.2511781447154));
#8936=CARTESIAN_POINT('Ctrl Pts',(55.9457565158241,-28.898518897587,-20.4648595383769));
#8937=CARTESIAN_POINT('Ctrl Pts',(55.9813332595713,-29.0516365762717,-20.5982926337823));
#8938=CARTESIAN_POINT('Ctrl Pts',(55.,-27.8391205459255,-19.4931620633859));
#8939=CARTESIAN_POINT('Ctrl Pts',(55.0014268210816,-27.8401557568174,-19.493886925856));
#8940=CARTESIAN_POINT('Ctrl Pts',(55.0027894687578,-27.8410773689298,-19.4945322456044));
#8941=CARTESIAN_POINT('Ctrl Pts',(55.2234113661077,-27.9981484942345,-19.6045146315781));
#8942=CARTESIAN_POINT('Ctrl Pts',(55.548770956501,-28.2289815458427,-19.7661456743819));
#8943=CARTESIAN_POINT('Ctrl Pts',(55.9813597767083,-28.6464659284263,-20.0584713861518));
#8944=CARTESIAN_POINT('Ctrl Pts',(56.1492491603642,-28.928854341309,-20.2562018815552));
#8945=CARTESIAN_POINT('Ctrl Pts',(56.2022873062803,-29.1221128419272,-20.3915229405112));
#8946=CARTESIAN_POINT('Ctrl Pts',(55.,-27.8391205459255,-19.4931620633859));
#8947=CARTESIAN_POINT('Ctrl Pts',(55.0015811460762,-27.8398683294388,-19.4936856670388));
#8948=CARTESIAN_POINT('Ctrl Pts',(55.0031615876273,-27.8406158866636,-19.4942091122428));
#8949=CARTESIAN_POINT('Ctrl Pts',(55.2506742244033,-27.9576560395072,-19.5761615095374));
#8950=CARTESIAN_POINT('Ctrl Pts',(55.6200397220047,-28.1349007116334,-19.7002695650675));
#8951=CARTESIAN_POINT('Ctrl Pts',(56.1448220294625,-28.5333776246478,-19.9792861033628));
#8952=CARTESIAN_POINT('Ctrl Pts',(56.3651319454595,-28.8442349254857,-20.1969507287169));
#8953=CARTESIAN_POINT('Ctrl Pts',(56.4405030779107,-29.0683579299111,-20.3538833459017));
#8954=CARTESIAN_POINT('',(55.9603353852738,-28.9152019847293,-20.8032262206032));
#8955=CARTESIAN_POINT('Origin',(56.4405030779107,-28.7815697117356,-20.7634593680462));
#8956=CARTESIAN_POINT('Ctrl Pts',(55.,-27.8391205459255,-19.4931620633859));
#8957=CARTESIAN_POINT('Ctrl Pts',(55.0010540973852,-27.8406161129536,-19.4942092706928));
#8958=CARTESIAN_POINT('Ctrl Pts',(55.0021077250848,-27.8420978956462,-19.4952529885925));
#8959=CARTESIAN_POINT('Ctrl Pts',(55.1671161496029,-28.0781245944244,-19.6613250415587));
#8960=CARTESIAN_POINT('Ctrl Pts',(55.4133598146699,-28.317360515736,-19.9980961245164));
#8961=CARTESIAN_POINT('Ctrl Pts',(55.7632146863087,-28.5859830903419,-20.4406907000449));
#8962=CARTESIAN_POINT('Ctrl Pts',(55.9100879636397,-28.77618396049,-20.6636654159641));
#8963=CARTESIAN_POINT('Ctrl Pts',(55.9603353852738,-28.9152019847293,-20.8032262206032));
#8964=CARTESIAN_POINT('Ctrl Pts',(55.9603353852738,-28.9152019847293,-20.8032262206032));
#8965=CARTESIAN_POINT('Ctrl Pts',(55.9795932221254,-28.9684820604658,-20.8567143224641));
#8966=CARTESIAN_POINT('Ctrl Pts',(55.9962421385261,-29.0318915547544,-20.997356786207));
#8967=CARTESIAN_POINT('Ctrl Pts',(56.000079946079,-29.0163571099975,-21.2400762218761));
#8968=CARTESIAN_POINT('Ctrl Pts',(56.,-28.9591513531261,-21.3746685082875));
#8969=CARTESIAN_POINT('Ctrl Pts',(56.,-28.9201843964978,-21.4357755092704));
#8970=CARTESIAN_POINT('Ctrl Pts',(55.9708343224225,-28.9834192805005,-20.7007594271927));
#8971=CARTESIAN_POINT('Ctrl Pts',(55.9936258898496,-29.0565450135431,-20.7707932052849));
#8972=CARTESIAN_POINT('Ctrl Pts',(56.0079643975384,-29.1510546020894,-20.9469354279075));
#8973=CARTESIAN_POINT('Ctrl Pts',(56.0030573208112,-29.1486425674437,-21.2552152849766));
#8974=CARTESIAN_POINT('Ctrl Pts',(56.0002791718869,-29.0803679163158,-21.4271816655016));
#8975=CARTESIAN_POINT('Ctrl Pts',(56.0000000000005,-29.0315546160542,-21.5045607115953));
#8976=CARTESIAN_POINT('Ctrl Pts',(56.0840181624033,-29.0936972571125,-20.4889065553605));
#8977=CARTESIAN_POINT('Ctrl Pts',(56.1117426315121,-29.2138819006104,-20.5933364781194));
#8978=CARTESIAN_POINT('Ctrl Pts',(56.1258001524877,-29.3785186252218,-20.842495401281));
#8979=CARTESIAN_POINT('Ctrl Pts',(56.1142584211886,-29.4099844896288,-21.2841414425084));
#8980=CARTESIAN_POINT('Ctrl Pts',(56.1089905528189,-29.3214427047497,-21.531749183215));
#8981=CARTESIAN_POINT('Ctrl Pts',(56.1084798256563,-29.2532920339453,-21.6415116237277));
#8982=CARTESIAN_POINT('Ctrl Pts',(56.3213951920955,-29.0952353859192,-20.3727031432064));
#8983=CARTESIAN_POINT('Ctrl Pts',(56.3499375829285,-29.2546256957239,-20.4928028187387));
#8984=CARTESIAN_POINT('Ctrl Pts',(56.3712847178884,-29.4691161337574,-20.7853593141164));
#8985=CARTESIAN_POINT('Ctrl Pts',(56.3711274979905,-29.5190335462826,-21.2954494304171));
#8986=CARTESIAN_POINT('Ctrl Pts',(56.3692758113583,-29.4218632718705,-21.5750063090573));
#8987=CARTESIAN_POINT('Ctrl Pts',(56.3691003061007,-29.3455872994324,-21.698515628348));
#8988=CARTESIAN_POINT('Ctrl Pts',(56.4405030779107,-29.0683579299111,-20.3538833459017));
#8989=CARTESIAN_POINT('Ctrl Pts',(56.4693898331881,-29.2401527847929,-20.4741753983156));
#8990=CARTESIAN_POINT('Ctrl Pts',(56.4943632077891,-29.468253174716,-20.7772452411057));
#8991=CARTESIAN_POINT('Ctrl Pts',(56.5001199191185,-29.5190916401851,-21.2952482306973));
#8992=CARTESIAN_POINT('Ctrl Pts',(56.5,-29.4217941567904,-21.5751289965027));
#8993=CARTESIAN_POINT('Ctrl Pts',(56.5,-29.3455872994325,-21.698515628348));
#8994=CARTESIAN_POINT('',(56.,-28.9201843964994,-21.4357755092715));
#8995=CARTESIAN_POINT('Origin',(56.5,-28.9201843964963,-21.4357755092693));
#8996=CARTESIAN_POINT('Ctrl Pts',(55.9603353852738,-28.9152019847293,-20.8032262206032));
#8997=CARTESIAN_POINT('Ctrl Pts',(55.9795932221254,-28.9684820604658,-20.8567143224641));
#8998=CARTESIAN_POINT('Ctrl Pts',(55.9962421385261,-29.0318915547544,-20.997356786207));
#8999=CARTESIAN_POINT('Ctrl Pts',(56.000079946079,-29.0163571099975,-21.2400762218761));
#9000=CARTESIAN_POINT('Ctrl Pts',(56.,-28.9591513531261,-21.3746685082875));
#9001=CARTESIAN_POINT('Ctrl Pts',(56.,-28.9201843964978,-21.4357755092704));
#9002=CARTESIAN_POINT('Ctrl Pts',(56.,-28.9201843964963,-21.4357755092693));
#9003=CARTESIAN_POINT('Ctrl Pts',(56.,-28.9089113856966,-21.4540276571934));
#9004=CARTESIAN_POINT('Ctrl Pts',(56.,-28.8961164441736,-21.4712471562497));
#9005=CARTESIAN_POINT('Ctrl Pts',(56.,-29.3455872994325,-21.698515628348));
#9006=CARTESIAN_POINT('Ctrl Pts',(56.,-29.3230412778332,-21.735019924196));
#9007=CARTESIAN_POINT('Ctrl Pts',(56.,-29.2974513947871,-21.7694589223087));
#9008=CARTESIAN_POINT('Ctrl Pts',(56.5,-29.3455872994325,-21.698515628348));
#9009=CARTESIAN_POINT('Ctrl Pts',(56.5,-29.3230412778332,-21.735019924196));
#9010=CARTESIAN_POINT('Ctrl Pts',(56.5,-29.2974513947871,-21.7694589223087));
#9011=CARTESIAN_POINT('',(56.,-28.8961164441736,-21.4712471562497));
#9012=CARTESIAN_POINT('Origin',(56.5,-28.8961164441736,-21.4712471562497));
#9013=CARTESIAN_POINT('Origin',(56.,-28.49478149356,-21.1730353901907));
#9014=CARTESIAN_POINT('Origin',(56.5,0.,0.));
#9015=CARTESIAN_POINT('',(56.,28.8961164441736,-21.4712471562497));
#9016=CARTESIAN_POINT('',(56.5,29.2974513947871,-21.7694589223088));
#9017=CARTESIAN_POINT('Origin',(56.5,28.8961164441736,-21.4712471562497));
#9018=CARTESIAN_POINT('Origin',(56.5,0.,0.));
#9019=CARTESIAN_POINT('',(56.,-28.8693996454318,-21.5071561140087));
#9020=CARTESIAN_POINT('Origin',(56.,0.,0.));
#9021=CARTESIAN_POINT('',(56.,28.8693996454318,-21.5071561140087));
#9022=CARTESIAN_POINT('Origin',(56.,0.,0.));
#9023=CARTESIAN_POINT('Origin',(56.,0.,0.));
#9024=CARTESIAN_POINT('Ctrl Pts',(56.,28.8961164441736,-21.4712471562497));
#9025=CARTESIAN_POINT('Ctrl Pts',(56.,28.908911385657,-21.4540276572467));
#9026=CARTESIAN_POINT('Ctrl Pts',(56.,28.9201843964266,-21.4357755093822));
#9027=CARTESIAN_POINT('Ctrl Pts',(56.,29.2974513947871,-21.7694589223088));
#9028=CARTESIAN_POINT('Ctrl Pts',(56.,29.3230412777539,-21.7350199243027));
#9029=CARTESIAN_POINT('Ctrl Pts',(56.,29.3455872992931,-21.6985156285736));
#9030=CARTESIAN_POINT('Ctrl Pts',(56.5,29.2974513947871,-21.7694589223088));
#9031=CARTESIAN_POINT('Ctrl Pts',(56.5,29.3230412777539,-21.7350199243027));
#9032=CARTESIAN_POINT('Ctrl Pts',(56.5,29.3455872992931,-21.6985156285736));
#9033=CARTESIAN_POINT('',(56.,28.9201843964266,-21.4357755093822));
#9034=CARTESIAN_POINT('',(56.5,29.3455872992931,-21.6985156285736));
#9035=CARTESIAN_POINT('Origin',(56.5,28.9201843964266,-21.4357755093822));
#9036=CARTESIAN_POINT('Origin',(56.5,28.49478149356,-21.1730353901907));
#9037=CARTESIAN_POINT('Origin',(56.,28.49478149356,-21.1730353901907));
#9038=CARTESIAN_POINT('Ctrl Pts',(56.,28.9201843964266,-21.4357755093822));
#9039=CARTESIAN_POINT('Ctrl Pts',(56.,28.959152061995,-21.374667396684));
#9040=CARTESIAN_POINT('Ctrl Pts',(56.0000804216111,29.0163606553305,-21.2400714131573));
#9041=CARTESIAN_POINT('Ctrl Pts',(55.9962414337067,29.0318884493703,-20.9973487432548));
#9042=CARTESIAN_POINT('Ctrl Pts',(55.9795935724842,28.9684830297929,-20.8567152955759));
#9043=CARTESIAN_POINT('Ctrl Pts',(55.9603353852738,28.9152019847293,-20.8032262206032));
#9044=CARTESIAN_POINT('Ctrl Pts',(56.,29.031554615965,-21.5045607117368));
#9045=CARTESIAN_POINT('Ctrl Pts',(56.0002791769641,29.0803688043067,-21.4271802578927));
#9046=CARTESIAN_POINT('Ctrl Pts',(56.0030580392872,29.1486469491632,-21.2552091152391));
#9047=CARTESIAN_POINT('Ctrl Pts',(56.0079639253133,29.151049832971,-20.9469253079556));
#9048=CARTESIAN_POINT('Ctrl Pts',(55.9936263044977,29.0565463439233,-20.770794479413));
#9049=CARTESIAN_POINT('Ctrl Pts',(55.9708343224225,28.9834192805005,-20.7007594271927));
#9050=CARTESIAN_POINT('Ctrl Pts',(56.1084798256553,29.2532920338206,-21.6415116239285));
#9051=CARTESIAN_POINT('Ctrl Pts',(56.1089905621073,29.3214439445217,-21.5317471865192));
#9052=CARTESIAN_POINT('Ctrl Pts',(56.1142593925858,29.4099905853007,-21.2841325340387));
#9053=CARTESIAN_POINT('Ctrl Pts',(56.1257997840635,29.3785100835877,-20.8424810312264));
#9054=CARTESIAN_POINT('Ctrl Pts',(56.1117431359048,29.2138840871356,-20.5933383780182));
#9055=CARTESIAN_POINT('Ctrl Pts',(56.0840181624033,29.0936972571125,-20.4889065553605));
#9056=CARTESIAN_POINT('Ctrl Pts',(56.3691003061004,29.3455872992931,-21.6985156285736));
#9057=CARTESIAN_POINT('Ctrl Pts',(56.3692758145501,29.4218646594566,-21.5750040622917));
#9058=CARTESIAN_POINT('Ctrl Pts',(56.3711283014517,29.5190409088266,-21.2954394023605));
#9059=CARTESIAN_POINT('Ctrl Pts',(56.3712838944077,29.4691051708761,-20.7853423944953));
#9060=CARTESIAN_POINT('Ctrl Pts',(56.3499381022017,29.2546285955198,-20.4928050037182));
#9061=CARTESIAN_POINT('Ctrl Pts',(56.3213951920955,29.0952353859191,-20.3727031432065));
#9062=CARTESIAN_POINT('Ctrl Pts',(56.5,29.3455872992931,-21.6985156285736));
#9063=CARTESIAN_POINT('Ctrl Pts',(56.5,29.421795543119,-21.5751267519693));
#9064=CARTESIAN_POINT('Ctrl Pts',(56.5001206324166,29.5190993983971,-21.2952382575084));
#9065=CARTESIAN_POINT('Ctrl Pts',(56.4943621505601,29.4682417151292,-20.7772277921757));
#9066=CARTESIAN_POINT('Ctrl Pts',(56.4693903587262,29.2401559102653,-20.474177586795));
#9067=CARTESIAN_POINT('Ctrl Pts',(56.4405030779107,29.0683579299111,-20.3538833459017));
#9068=CARTESIAN_POINT('',(55.9603353852738,28.9152019847293,-20.8032262206032));
#9069=CARTESIAN_POINT('Origin',(56.4405030779107,28.7815697117356,-20.7634593680462));
#9070=CARTESIAN_POINT('Ctrl Pts',(56.4405030779107,29.0683579299111,-20.3538833459017));
#9071=CARTESIAN_POINT('Ctrl Pts',(56.4693903587262,29.2401559102653,-20.474177586795));
#9072=CARTESIAN_POINT('Ctrl Pts',(56.4943621505601,29.4682417151292,-20.7772277921757));
#9073=CARTESIAN_POINT('Ctrl Pts',(56.5001206324166,29.5190993983971,-21.2952382575084));
#9074=CARTESIAN_POINT('Ctrl Pts',(56.5,29.421795543119,-21.5751267519693));
#9075=CARTESIAN_POINT('Ctrl Pts',(56.5,29.3455872992931,-21.6985156285736));
#9076=CARTESIAN_POINT('Ctrl Pts',(56.,28.9201843964266,-21.4357755093822));
#9077=CARTESIAN_POINT('Ctrl Pts',(56.,28.959152061995,-21.374667396684));
#9078=CARTESIAN_POINT('Ctrl Pts',(56.0000804216111,29.0163606553305,-21.2400714131573));
#9079=CARTESIAN_POINT('Ctrl Pts',(55.9962414337067,29.0318884493703,-20.9973487432548));
#9080=CARTESIAN_POINT('Ctrl Pts',(55.9795935724842,28.9684830297929,-20.8567152955759));
#9081=CARTESIAN_POINT('Ctrl Pts',(55.9603353852738,28.9152019847293,-20.8032262206032));
#9082=CARTESIAN_POINT('Ctrl Pts',(55.,27.8391205459255,-19.4931620633859));
#9083=CARTESIAN_POINT('Ctrl Pts',(55.001581146074,27.8398683294451,-19.4936856670432));
#9084=CARTESIAN_POINT('Ctrl Pts',(55.0031615876251,27.8406158866672,-19.4942091122454));
#9085=CARTESIAN_POINT('Ctrl Pts',(55.2506742244763,27.9576560394012,-19.5761615094632));
#9086=CARTESIAN_POINT('Ctrl Pts',(55.6200397220175,28.1349007116166,-19.7002695650557));
#9087=CARTESIAN_POINT('Ctrl Pts',(56.1448220295024,28.5333776245939,-19.9792861033251));
#9088=CARTESIAN_POINT('Ctrl Pts',(56.3651319454595,28.8442349254858,-20.1969507287169));
#9089=CARTESIAN_POINT('Ctrl Pts',(56.4405030779107,29.0683579299111,-20.3538833459017));
#9090=CARTESIAN_POINT('Ctrl Pts',(55.,27.8391205459255,-19.4931620633859));
#9091=CARTESIAN_POINT('Ctrl Pts',(55.0014268210773,27.8401557568245,-19.493886925861));
#9092=CARTESIAN_POINT('Ctrl Pts',(55.0027894687558,27.8410773689343,-19.4945322456076));
#9093=CARTESIAN_POINT('Ctrl Pts',(55.223411366181,27.9981484941275,-19.6045146315032));
#9094=CARTESIAN_POINT('Ctrl Pts',(55.5487709565138,28.2289815458263,-19.7661456743704));
#9095=CARTESIAN_POINT('Ctrl Pts',(55.9813597767481,28.6464659283723,-20.058471386114));
#9096=CARTESIAN_POINT('Ctrl Pts',(56.1492491603643,28.9288543413092,-20.2562018815554));
#9097=CARTESIAN_POINT('Ctrl Pts',(56.2022873062804,29.1221128419272,-20.3915229405112));
#9098=CARTESIAN_POINT('Ctrl Pts',(55.,27.8391205459256,-19.4931620633859));
#9099=CARTESIAN_POINT('Ctrl Pts',(55.0012841800952,27.8401758860039,-19.4938641986359));
#9100=CARTESIAN_POINT('Ctrl Pts',(55.0024062706869,27.8417881645219,-19.4950658036597));
#9101=CARTESIAN_POINT('Ctrl Pts',(55.196389338868,28.0329129698008,-19.6295517305256));
#9102=CARTESIAN_POINT('Ctrl Pts',(55.4768673306913,28.2957458279053,-19.8699592645858));
#9103=CARTESIAN_POINT('Ctrl Pts',(55.822536349601,28.6696614549828,-20.2511781446401));
#9104=CARTESIAN_POINT('Ctrl Pts',(55.945756515824,28.8985188975869,-20.4648595383769));
#9105=CARTESIAN_POINT('Ctrl Pts',(55.9813332595712,29.0516365762717,-20.5982926337823));
#9106=CARTESIAN_POINT('Ctrl Pts',(55.,27.8391205459256,-19.4931620633859));
#9107=CARTESIAN_POINT('Ctrl Pts',(55.0010540973765,27.8406161129617,-19.4942092706985));
#9108=CARTESIAN_POINT('Ctrl Pts',(55.0021077250834,27.8420978956534,-19.4952529885976));
#9109=CARTESIAN_POINT('Ctrl Pts',(55.1671161496527,28.0781245942129,-19.6613250414102));
#9110=CARTESIAN_POINT('Ctrl Pts',(55.4133598146787,28.3173605157023,-19.998096124493));
#9111=CARTESIAN_POINT('Ctrl Pts',(55.7632146863358,28.5859830902333,-20.4406906999695));
#9112=CARTESIAN_POINT('Ctrl Pts',(55.9100879636397,28.7761839604901,-20.6636654159642));
#9113=CARTESIAN_POINT('Ctrl Pts',(55.9603353852738,28.9152019847293,-20.8032262206032));
#9114=CARTESIAN_POINT('Ctrl Pts',(55.9603353852738,28.9152019847293,-20.8032262206032));
#9115=CARTESIAN_POINT('Ctrl Pts',(55.9100879636397,28.7761839604901,-20.6636654159642));
#9116=CARTESIAN_POINT('Ctrl Pts',(55.7632146863358,28.5859830902333,-20.4406906999695));
#9117=CARTESIAN_POINT('Ctrl Pts',(55.4133598146787,28.3173605157023,-19.998096124493));
#9118=CARTESIAN_POINT('Ctrl Pts',(55.1671161496527,28.0781245942129,-19.6613250414102));
#9119=CARTESIAN_POINT('Ctrl Pts',(55.0021077250834,27.8420978956534,-19.4952529885976));
#9120=CARTESIAN_POINT('Ctrl Pts',(55.0010540973765,27.8406161129617,-19.4942092706985));
#9121=CARTESIAN_POINT('Ctrl Pts',(55.,27.8391205459256,-19.4931620633859));
#9122=CARTESIAN_POINT('Origin',(56.,28.49478149356,-21.1730353901907));
#9123=CARTESIAN_POINT('',(56.,29.2974513947871,-21.7694589223088));
#9124=CARTESIAN_POINT('Origin',(55.,27.2655441095745,-20.3123141076749));
#9125=CARTESIAN_POINT('Origin',(56.,27.2655441095745,-20.3123141076749));
#9126=CARTESIAN_POINT('',(55.,28.0674718775032,-20.9097351108418));
#9127=CARTESIAN_POINT('Origin',(55.,28.8693996454318,-21.5071561140087));
#9128=CARTESIAN_POINT('Origin',(55.,27.2655441095745,-20.3123141076749));
#9129=CARTESIAN_POINT('Origin',(56.,0.,-18.25));
#9130=CARTESIAN_POINT('Origin',(56.,-27.2655441095745,-20.3123141076749));
#9131=CARTESIAN_POINT('Origin',(56.,0.,-18.25));
#9132=CARTESIAN_POINT('Ctrl Pts',(44.,-26.2000630402119,-18.345481642326));
#9133=CARTESIAN_POINT('Ctrl Pts',(44.0017213358138,-26.2016395081049,-18.3465854970284));
#9134=CARTESIAN_POINT('Ctrl Pts',(44.0034419111399,-26.2031992200031,-18.3476796074203));
#9135=CARTESIAN_POINT('Ctrl Pts',(44.3105772400812,-26.4874135254508,-18.5486693061956));
#9136=CARTESIAN_POINT('Ctrl Pts',(44.7694385252648,-26.7540953618663,-18.9476820342911));
#9137=CARTESIAN_POINT('Ctrl Pts',(45.4353254600503,-27.1529369156692,-19.4645184339472));
#9138=CARTESIAN_POINT('Ctrl Pts',(45.7318776362968,-27.4822929968675,-19.7657047131186));
#9139=CARTESIAN_POINT('Ctrl Pts',(45.8540318597856,-27.7274241205602,-19.9698441994231));
#9140=CARTESIAN_POINT('Ctrl Pts',(44.,-26.2000630402119,-18.345481642326));
#9141=CARTESIAN_POINT('Ctrl Pts',(44.0019463765908,-26.2011457609072,-18.3460231253943));
#9142=CARTESIAN_POINT('Ctrl Pts',(44.0036501848927,-26.2029014706931,-18.3476715825292));
#9143=CARTESIAN_POINT('Ctrl Pts',(44.3385570820791,-26.4322361162435,-18.5066817216636));
#9144=CARTESIAN_POINT('Ctrl Pts',(44.8256295246219,-26.7412377787251,-18.7986228224974));
#9145=CARTESIAN_POINT('Ctrl Pts',(45.4839676533062,-27.244138079499,-19.2687393305921));
#9146=CARTESIAN_POINT('Ctrl Pts',(45.7630402297972,-27.6034453122944,-19.5626441471747));
#9147=CARTESIAN_POINT('Ctrl Pts',(45.8749042444387,-27.8615864410456,-19.7639582691292));
#9148=CARTESIAN_POINT('Ctrl Pts',(44.,-26.2000630402119,-18.345481642326));
#9149=CARTESIAN_POINT('Ctrl Pts',(44.0020457687796,-26.2011928394046,-18.3462727362374));
#9150=CARTESIAN_POINT('Ctrl Pts',(44.0039793792909,-26.2020892670814,-18.3469004216541));
#9151=CARTESIAN_POINT('Ctrl Pts',(44.3632990859827,-26.3915705488975,-18.4795766435317));
#9152=CARTESIAN_POINT('Ctrl Pts',(44.8940415571246,-26.6677048602663,-18.6729279699102));
#9153=CARTESIAN_POINT('Ctrl Pts',(45.636299950146,-27.2160304097038,-19.0568696530194));
#9154=CARTESIAN_POINT('Ctrl Pts',(45.9577246705676,-27.6213112590847,-19.3406503588478));
#9155=CARTESIAN_POINT('Ctrl Pts',(46.0879631433443,-27.9129295013591,-19.5448436503678));
#9156=CARTESIAN_POINT('Ctrl Pts',(44.,-26.2000630402119,-18.345481642326));
#9157=CARTESIAN_POINT('Ctrl Pts',(44.0021516697665,-26.2008512741581,-18.346033569677));
#9158=CARTESIAN_POINT('Ctrl Pts',(44.0043023889249,-26.2016397249735,-18.3465856488814));
#9159=CARTESIAN_POINT('Ctrl Pts',(44.3882215501012,-26.3421479061811,-18.4449705365434));
#9160=CARTESIAN_POINT('Ctrl Pts',(44.961798156581,-26.5578579897115,-18.596012363099));
#9161=CARTESIAN_POINT('Ctrl Pts',(45.7941568250628,-27.0883507341015,-18.9674673816866));
#9162=CARTESIAN_POINT('Ctrl Pts',(46.164847045371,-27.5204321473962,-19.2700140443957));
#9163=CARTESIAN_POINT('Ctrl Pts',(46.317539824732,-27.8391205459255,-19.4931620633859));
#9164=CARTESIAN_POINT('',(45.8540318597856,-27.7274241205602,-19.9698441994231));
#9165=CARTESIAN_POINT('Origin',(46.317539824732,-27.55233232775,-19.9027380855304));
#9166=CARTESIAN_POINT('Ctrl Pts',(44.,-26.2000630402119,-18.345481642326));
#9167=CARTESIAN_POINT('Ctrl Pts',(44.0017213358138,-26.2016395081049,-18.3465854970284));
#9168=CARTESIAN_POINT('Ctrl Pts',(44.0034419111399,-26.2031992200031,-18.3476796074203));
#9169=CARTESIAN_POINT('Ctrl Pts',(44.3105772400812,-26.4874135254508,-18.5486693061956));
#9170=CARTESIAN_POINT('Ctrl Pts',(44.7694385252648,-26.7540953618663,-18.9476820342911));
#9171=CARTESIAN_POINT('Ctrl Pts',(45.4353254600503,-27.1529369156692,-19.4645184339472));
#9172=CARTESIAN_POINT('Ctrl Pts',(45.7318776362968,-27.4822929968675,-19.7657047131186));
#9173=CARTESIAN_POINT('Ctrl Pts',(45.8540318597856,-27.7274241205602,-19.9698441994231));
#9174=CARTESIAN_POINT('Ctrl Pts',(46.4496420402795,-28.0674718905923,-20.909735093272));
#9175=CARTESIAN_POINT('Ctrl Pts',(46.4500147642967,-28.1603254990796,-20.7850962037639));
#9176=CARTESIAN_POINT('Ctrl Pts',(46.4449194842548,-28.2863921808053,-20.4924000191559));
#9177=CARTESIAN_POINT('Ctrl Pts',(46.4127659578097,-28.2536749494377,-19.9367093996346));
#9178=CARTESIAN_POINT('Ctrl Pts',(46.3601268419408,-28.0168891132307,-19.6176369542697));
#9179=CARTESIAN_POINT('Ctrl Pts',(46.317539824732,-27.8391205459255,-19.4931620633859));
#9180=CARTESIAN_POINT('Ctrl Pts',(46.3354933805893,-28.0677989678534,-20.909296052213));
#9181=CARTESIAN_POINT('Ctrl Pts',(46.335839648939,-28.1589096748623,-20.7868545576855));
#9182=CARTESIAN_POINT('Ctrl Pts',(46.3311860946614,-28.283647122505,-20.5003834001883));
#9183=CARTESIAN_POINT('Ctrl Pts',(46.3005160775828,-28.2585351168888,-19.9587620669593));
#9184=CARTESIAN_POINT('Ctrl Pts',(46.2475820522663,-28.0408045286111,-19.6465130602386));
#9185=CARTESIAN_POINT('Ctrl Pts',(46.2027514840381,-27.8760250236423,-19.5190028568769));
#9186=CARTESIAN_POINT('Ctrl Pts',(46.1077669725787,-28.0031426481092,-20.859766320142));
#9187=CARTESIAN_POINT('Ctrl Pts',(46.1080611063054,-28.0830154054565,-20.752094307416));
#9188=CARTESIAN_POINT('Ctrl Pts',(46.1041952681055,-28.1948741131025,-20.5015261801436));
#9189=CARTESIAN_POINT('Ctrl Pts',(46.0764741500173,-28.1878393970291,-20.0333372559547));
#9190=CARTESIAN_POINT('Ctrl Pts',(46.022973950388,-28.0215345032708,-19.7626936476288));
#9191=CARTESIAN_POINT('Ctrl Pts',(45.973970965112,-27.894694489043,-19.6488870091076));
#9192=CARTESIAN_POINT('Ctrl Pts',(45.9825029579041,-27.8375945261388,-20.7356869226299));
#9193=CARTESIAN_POINT('Ctrl Pts',(45.9827892818064,-27.8962873219294,-20.6562223735836));
#9194=CARTESIAN_POINT('Ctrl Pts',(45.9790353475584,-27.980994735704,-20.4734732371292));
#9195=CARTESIAN_POINT('Ctrl Pts',(45.9530162812845,-27.9894992494977,-20.1344218270208));
#9196=CARTESIAN_POINT('Ctrl Pts',(45.9058241072352,-27.879965960451,-19.9422029280375));
#9197=CARTESIAN_POINT('Ctrl Pts',(45.8644680521121,-27.7945052808029,-19.8669012342761));
#9198=CARTESIAN_POINT('Ctrl Pts',(45.9597136322236,-27.7479626676545,-20.6687765884106));
#9199=CARTESIAN_POINT('Ctrl Pts',(45.9600118114373,-27.7958852726793,-20.6037150463208));
#9200=CARTESIAN_POINT('Ctrl Pts',(45.9559355874039,-27.8664766510289,-20.4550989689252));
#9201=CARTESIAN_POINT('Ctrl Pts',(45.9302127662477,-27.8802971424512,-20.1806232551571));
#9202=CARTESIAN_POINT('Ctrl Pts',(45.8881014735526,-27.7957927980236,-20.0267800404801));
#9203=CARTESIAN_POINT('Ctrl Pts',(45.8540318597856,-27.7274241205602,-19.9698441994231));
#9204=CARTESIAN_POINT('',(45.9597136322236,-27.7479626676545,-20.6687765884105));
#9205=CARTESIAN_POINT('',(46.4496420403321,-28.0674718905923,-20.9097350932721));
#9206=CARTESIAN_POINT('Origin',(46.4496420402795,-27.6665080000834,-20.6110246004734));
#9207=CARTESIAN_POINT('Ctrl Pts',(46.4496420402795,-28.0674718905923,-20.909735093272));
#9208=CARTESIAN_POINT('Ctrl Pts',(46.4500147642967,-28.1603254990796,-20.7850962037639));
#9209=CARTESIAN_POINT('Ctrl Pts',(46.4449194842548,-28.2863921808053,-20.4924000191559));
#9210=CARTESIAN_POINT('Ctrl Pts',(46.4127659578097,-28.2536749494377,-19.9367093996346));
#9211=CARTESIAN_POINT('Ctrl Pts',(46.3601268419408,-28.0168891132307,-19.6176369542697));
#9212=CARTESIAN_POINT('Ctrl Pts',(46.317539824732,-27.8391205459255,-19.4931620633859));
#9213=CARTESIAN_POINT('Ctrl Pts',(45.8540318597856,-27.7274241205602,-19.9698441994231));
#9214=CARTESIAN_POINT('Ctrl Pts',(45.8626821224373,-27.7447829031179,-19.9843001889394));
#9215=CARTESIAN_POINT('Ctrl Pts',(45.8707639897902,-27.7610355725698,-20.0009429735352));
#9216=CARTESIAN_POINT('Ctrl Pts',(45.8782876030601,-27.7759007493695,-20.0195334232321));
#9217=CARTESIAN_POINT('Ctrl Pts',(45.8857119104788,-27.7905697173818,-20.037878493433));
#9218=CARTESIAN_POINT('Ctrl Pts',(45.8925919518931,-27.8038872345519,-20.0581211850613));
#9219=CARTESIAN_POINT('Ctrl Pts',(45.8989225075978,-27.815542074967,-20.0800062084214));
#9220=CARTESIAN_POINT('Ctrl Pts',(45.9012416878593,-27.8198117911029,-20.0880237216647));
#9221=CARTESIAN_POINT('Ctrl Pts',(45.9034870217925,-27.8238579888184,-20.0962613278743));
#9222=CARTESIAN_POINT('Ctrl Pts',(45.9056579771859,-27.827664168374,-20.1047052053056));
#9223=CARTESIAN_POINT('Ctrl Pts',(45.9120580273967,-27.8388849149363,-20.1295980426703));
#9224=CARTESIAN_POINT('Ctrl Pts',(45.9178265124233,-27.8480749459689,-20.1562702058565));
#9225=CARTESIAN_POINT('Ctrl Pts',(45.9229657784149,-27.8549310995242,-20.184245459966));
#9226=CARTESIAN_POINT('Ctrl Pts',(45.9255012229874,-27.8583135664656,-20.1980469846026));
#9227=CARTESIAN_POINT('Ctrl Pts',(45.9278837326788,-27.8611287254061,-20.2121658795057));
#9228=CARTESIAN_POINT('Ctrl Pts',(45.9301146169316,-27.8633443010947,-20.2265469964811));
#9229=CARTESIAN_POINT('Ctrl Pts',(45.9328187827406,-27.8660299106312,-20.2439790639542));
#9230=CARTESIAN_POINT('Ctrl Pts',(45.9353001573977,-27.8678344911858,-20.2617961937351));
#9231=CARTESIAN_POINT('Ctrl Pts',(45.9375773279111,-27.8687662827983,-20.2798638335318));
#9232=CARTESIAN_POINT('Ctrl Pts',(45.9419023687143,-27.8705360390463,-20.3141797878612));
#9233=CARTESIAN_POINT('Ctrl Pts',(45.9454657841778,-27.8690217921479,-20.3494509881907));
#9234=CARTESIAN_POINT('Ctrl Pts',(45.9483944622912,-27.8642145658375,-20.384840940649));
#9235=CARTESIAN_POINT('Ctrl Pts',(45.9502777096605,-27.8611233431248,-20.4075979771977));
#9236=CARTESIAN_POINT('Ctrl Pts',(45.95189835136,-27.8566701267973,-20.4304052553569));
#9237=CARTESIAN_POINT('Ctrl Pts',(45.953288726105,-27.8508452329992,-20.4530489206088));
#9238=CARTESIAN_POINT('Ctrl Pts',(45.9535779692384,-27.8496334657829,-20.4577595388894));
#9239=CARTESIAN_POINT('Ctrl Pts',(45.953857243664,-27.8483623098685,-20.4624630926836));
#9240=CARTESIAN_POINT('Ctrl Pts',(45.9541266421577,-27.847032485444,-20.46715806012));
#9241=CARTESIAN_POINT('Ctrl Pts',(45.9563742340078,-27.8359377591983,-20.5063281772287));
#9242=CARTESIAN_POINT('Ctrl Pts',(45.9579282026863,-27.8207493601468,-20.5448630127316));
#9243=CARTESIAN_POINT('Ctrl Pts',(45.9588213752897,-27.8018500130876,-20.5817359337923));
#9244=CARTESIAN_POINT('Ctrl Pts',(45.9591280085202,-27.7953617175214,-20.5943946996999));
#9245=CARTESIAN_POINT('Ctrl Pts',(45.959356798443,-27.788436385812,-20.606857284771));
#9246=CARTESIAN_POINT('Ctrl Pts',(45.9595091862299,-27.7810906965097,-20.6190813875417));
#9247=CARTESIAN_POINT('Ctrl Pts',(45.9597218434099,-27.7708397859589,-20.6361401248378));
#9248=CARTESIAN_POINT('Ctrl Pts',(45.9597871330496,-27.7597755335126,-20.6527389946939));
#9249=CARTESIAN_POINT('Ctrl Pts',(45.9597136322236,-27.7479626676545,-20.6687765884105));
#9250=CARTESIAN_POINT('Origin',(46.4494897427832,0.,0.));
#9251=CARTESIAN_POINT('',(46.4494897427832,-28.0289697229728,-20.9613180947351));
#9252=CARTESIAN_POINT('',(45.9595917942265,-27.7086386404246,-20.7217601736525));
#9253=CARTESIAN_POINT('Origin',(46.4494897427832,-27.6285558697875,-20.6618706933818));
#9254=CARTESIAN_POINT('',(45.9595917942265,27.7086386404246,-20.7217601736524));
#9255=CARTESIAN_POINT('Origin',(45.9595917942265,0.,0.));
#9256=CARTESIAN_POINT('',(46.4494897427832,28.0289697229729,-20.9613180947351));
#9257=CARTESIAN_POINT('Origin',(46.4494897427832,27.6285558697875,-20.6618706933818));
#9258=CARTESIAN_POINT('Origin',(46.4494897427832,0.,0.));
#9259=CARTESIAN_POINT('Ctrl Pts',(45.9597136322236,-27.7479626676545,-20.6687765884105));
#9260=CARTESIAN_POINT('Ctrl Pts',(45.9596324801405,-27.7349201228748,-20.6864836401491));
#9261=CARTESIAN_POINT('Ctrl Pts',(45.9595917942265,-27.7218113285512,-20.7041459723411));
#9262=CARTESIAN_POINT('Ctrl Pts',(45.9595917942265,-27.7086386404246,-20.7217601736525));
#9263=CARTESIAN_POINT('Ctrl Pts',(45.9825029578938,-27.8375945246428,-20.735686924652));
#9264=CARTESIAN_POINT('Ctrl Pts',(45.9824453533362,-27.8245117467351,-20.7534056929829));
#9265=CARTESIAN_POINT('Ctrl Pts',(45.9824157676599,-27.8113750073609,-20.7710844429589));
#9266=CARTESIAN_POINT('Ctrl Pts',(45.9824157676599,-27.7981825318352,-20.7887251035036));
#9267=CARTESIAN_POINT('Ctrl Pts',(46.1077669776547,-28.0031426386103,-20.8597663224901));
#9268=CARTESIAN_POINT('Ctrl Pts',(46.1077224101306,-27.9900535197733,-20.8773878591719));
#9269=CARTESIAN_POINT('Ctrl Pts',(46.1077002784968,-27.9769335522059,-20.8949907546806));
#9270=CARTESIAN_POINT('Ctrl Pts',(46.1077002784968,-27.9637862665089,-20.9125709884748));
#9271=CARTESIAN_POINT('Ctrl Pts',(46.3354933805831,-28.0677989617132,-20.9092960604749));
#9272=CARTESIAN_POINT('Ctrl Pts',(46.3354112369615,-28.0548713024967,-20.9266489068164));
#9273=CARTESIAN_POINT('Ctrl Pts',(46.3353698756161,-28.0419291365251,-20.9439890790482));
#9274=CARTESIAN_POINT('Ctrl Pts',(46.3353698756161,-28.0289697229728,-20.9613180947351));
#9275=CARTESIAN_POINT('Ctrl Pts',(46.4496420402795,-28.0674718841426,-20.9097351019295));
#9276=CARTESIAN_POINT('Ctrl Pts',(46.4495406001756,-28.0546533117279,-20.9269416767183));
#9277=CARTESIAN_POINT('Ctrl Pts',(46.4494897427832,-28.0418193351365,-20.9441359028205));
#9278=CARTESIAN_POINT('Ctrl Pts',(46.4494897427832,-28.0289697229728,-20.9613180947351));
#9279=CARTESIAN_POINT('Ctrl Pts',(46.4494897427832,-28.0289697229728,-20.9613180947351));
#9280=CARTESIAN_POINT('Ctrl Pts',(46.4494897427832,-28.0418193351365,-20.9441359028205));
#9281=CARTESIAN_POINT('Ctrl Pts',(46.4495406001756,-28.0546533117279,-20.9269416767183));
#9282=CARTESIAN_POINT('Ctrl Pts',(46.4496420402795,-28.0674718841426,-20.9097351019295));
#9283=CARTESIAN_POINT('Ctrl Pts',(45.9597136322236,-27.7479626676545,-20.6687765884105));
#9284=CARTESIAN_POINT('Ctrl Pts',(45.9596324801405,-27.7349201228748,-20.6864836401491));
#9285=CARTESIAN_POINT('Ctrl Pts',(45.9595917942265,-27.7218113285512,-20.7041459723411));
#9286=CARTESIAN_POINT('Ctrl Pts',(45.9595917942265,-27.7086386404246,-20.7217601736525));
#9287=CARTESIAN_POINT('Ctrl Pts',(46.317539824732,27.8391205459256,-19.4931620633859));
#9288=CARTESIAN_POINT('Ctrl Pts',(46.3459311695378,27.957632924129,-19.5761453239751));
#9289=CARTESIAN_POINT('Ctrl Pts',(46.3934813711452,28.1638388600544,-19.7991355545274));
#9290=CARTESIAN_POINT('Ctrl Pts',(46.4409197000949,28.3233058844233,-20.3271917026988));
#9291=CARTESIAN_POINT('Ctrl Pts',(46.4502011263053,28.2067523033232,-20.7227767590098));
#9292=CARTESIAN_POINT('Ctrl Pts',(46.4496420402795,28.0674718905923,-20.909735093272));
#9293=CARTESIAN_POINT('Ctrl Pts',(46.2027514840381,27.8760250236423,-19.5190028568768));
#9294=CARTESIAN_POINT('Ctrl Pts',(46.2326385295236,27.9858780269548,-19.604009659118));
#9295=CARTESIAN_POINT('Ctrl Pts',(46.2813364156223,28.175620059653,-19.8247872272147));
#9296=CARTESIAN_POINT('Ctrl Pts',(46.3276916851135,28.3202528391879,-20.3393338315225));
#9297=CARTESIAN_POINT('Ctrl Pts',(46.3360127831139,28.2044650283668,-20.7256338104218));
#9298=CARTESIAN_POINT('Ctrl Pts',(46.3354933805893,28.0677989678534,-20.909296052213));
#9299=CARTESIAN_POINT('Ctrl Pts',(45.9739709651121,27.894694489043,-19.6488870091076));
#9300=CARTESIAN_POINT('Ctrl Pts',(46.0066396219627,27.9792544985282,-19.724758101455));
#9301=CARTESIAN_POINT('Ctrl Pts',(46.057499109934,28.1242506339484,-19.9177209209598));
#9302=CARTESIAN_POINT('Ctrl Pts',(46.1016454316995,28.2287696028276,-20.3615557704957));
#9303=CARTESIAN_POINT('Ctrl Pts',(46.1082081731687,28.1229517841301,-20.6982583010531));
#9304=CARTESIAN_POINT('Ctrl Pts',(46.1077669725787,28.0031426481091,-20.859766320142));
#9305=CARTESIAN_POINT('Ctrl Pts',(45.8644680521121,27.7945052808029,-19.8669012342761));
#9306=CARTESIAN_POINT('Ctrl Pts',(45.8920387555275,27.8514790672349,-19.9171023634503));
#9307=CARTESIAN_POINT('Ctrl Pts',(45.9360903885564,27.9481271809343,-20.051714124174));
#9308=CARTESIAN_POINT('Ctrl Pts',(45.97636906507,28.0086606312129,-20.3718254861483));
#9309=CARTESIAN_POINT('Ctrl Pts',(45.9829324437576,27.9256337198247,-20.6164900990604));
#9310=CARTESIAN_POINT('Ctrl Pts',(45.9825029579041,27.8375945261387,-20.7356869226299));
#9311=CARTESIAN_POINT('Ctrl Pts',(45.8540318597856,27.7274241205602,-19.9698441994231));
#9312=CARTESIAN_POINT('Ctrl Pts',(45.8767449356303,27.7730032388691,-20.0078014267944));
#9313=CARTESIAN_POINT('Ctrl Pts',(45.9147850969162,27.8488259460553,-20.1140789916453));
#9314=CARTESIAN_POINT('Ctrl Pts',(45.9527357600759,27.8906750592809,-20.3726280932889));
#9315=CARTESIAN_POINT('Ctrl Pts',(45.9601609010442,27.8198465751917,-20.5711842752758));
#9316=CARTESIAN_POINT('Ctrl Pts',(45.9597136322236,27.7479626676545,-20.6687765884105));
#9317=CARTESIAN_POINT('',(45.8540318597856,27.7274241205602,-19.9698441994231));
#9318=CARTESIAN_POINT('Origin',(46.317539824732,27.55233232775,-19.9027380855304));
#9319=CARTESIAN_POINT('',(46.4496420403321,28.0674718905923,-20.9097350932721));
#9320=CARTESIAN_POINT('Ctrl Pts',(46.317539824732,27.8391205459256,-19.4931620633859));
#9321=CARTESIAN_POINT('Ctrl Pts',(46.3459311695378,27.957632924129,-19.5761453239751));
#9322=CARTESIAN_POINT('Ctrl Pts',(46.3934813711452,28.1638388600544,-19.7991355545274));
#9323=CARTESIAN_POINT('Ctrl Pts',(46.4409197000949,28.3233058844233,-20.3271917026988));
#9324=CARTESIAN_POINT('Ctrl Pts',(46.4502011263053,28.2067523033232,-20.7227767590098));
#9325=CARTESIAN_POINT('Ctrl Pts',(46.4496420402795,28.0674718905923,-20.909735093272));
#9326=CARTESIAN_POINT('',(45.9597136322236,27.7479626676545,-20.6687765884105));
#9327=CARTESIAN_POINT('Origin',(46.4496420402795,27.6665080000834,-20.6110246004734));
#9328=CARTESIAN_POINT('Ctrl Pts',(45.9597136322236,27.7479626676545,-20.6687765884105));
#9329=CARTESIAN_POINT('Ctrl Pts',(45.9601609010442,27.8198465751917,-20.5711842752758));
#9330=CARTESIAN_POINT('Ctrl Pts',(45.9527357600759,27.8906750592809,-20.3726280932889));
#9331=CARTESIAN_POINT('Ctrl Pts',(45.9147850969162,27.8488259460553,-20.1140789916453));
#9332=CARTESIAN_POINT('Ctrl Pts',(45.8767449356303,27.7730032388691,-20.0078014267944));
#9333=CARTESIAN_POINT('Ctrl Pts',(45.8540318597856,27.7274241205602,-19.9698441994231));
#9334=CARTESIAN_POINT('Ctrl Pts',(44.,26.2000630402119,-18.345481642326));
#9335=CARTESIAN_POINT('Ctrl Pts',(44.0021516697664,26.2008512741593,-18.3460335696778));
#9336=CARTESIAN_POINT('Ctrl Pts',(44.0043023889239,26.2016397249737,-18.3465856488816));
#9337=CARTESIAN_POINT('Ctrl Pts',(44.3882215500898,26.3421479062046,-18.4449705365595));
#9338=CARTESIAN_POINT('Ctrl Pts',(44.9617981565788,26.5578579897149,-18.5960123631014));
#9339=CARTESIAN_POINT('Ctrl Pts',(45.7941568250578,27.0883507341128,-18.9674673816942));
#9340=CARTESIAN_POINT('Ctrl Pts',(46.164847045371,27.5204321473961,-19.2700140443956));
#9341=CARTESIAN_POINT('Ctrl Pts',(46.317539824732,27.8391205459255,-19.4931620633859));
#9342=CARTESIAN_POINT('Ctrl Pts',(44.,26.2000630402119,-18.345481642326));
#9343=CARTESIAN_POINT('Ctrl Pts',(44.0020457687792,26.2011928394062,-18.3462727362385));
#9344=CARTESIAN_POINT('Ctrl Pts',(44.0039793792899,26.2020892670814,-18.3469004216541));
#9345=CARTESIAN_POINT('Ctrl Pts',(44.3632990859714,26.3915705489208,-18.4795766435477));
#9346=CARTESIAN_POINT('Ctrl Pts',(44.8940415571225,26.6677048602698,-18.6729279699126));
#9347=CARTESIAN_POINT('Ctrl Pts',(45.6362999501411,27.216030409715,-19.0568696530271));
#9348=CARTESIAN_POINT('Ctrl Pts',(45.9577246705675,27.6213112590846,-19.3406503588477));
#9349=CARTESIAN_POINT('Ctrl Pts',(46.0879631433443,27.9129295013591,-19.5448436503678));
#9350=CARTESIAN_POINT('Ctrl Pts',(44.,26.2000630402119,-18.345481642326));
#9351=CARTESIAN_POINT('Ctrl Pts',(44.0019463765901,26.2011457609085,-18.3460231253951));
#9352=CARTESIAN_POINT('Ctrl Pts',(44.0036501848918,26.2029014706936,-18.3476715825295));
#9353=CARTESIAN_POINT('Ctrl Pts',(44.3385570820696,26.4322361162888,-18.5066817216954));
#9354=CARTESIAN_POINT('Ctrl Pts',(44.8256295246202,26.7412377787321,-18.7986228225023));
#9355=CARTESIAN_POINT('Ctrl Pts',(45.4839676533021,27.2441380795208,-19.2687393306075));
#9356=CARTESIAN_POINT('Ctrl Pts',(45.7630402297972,27.6034453122945,-19.5626441471748));
#9357=CARTESIAN_POINT('Ctrl Pts',(45.8749042444387,27.8615864410456,-19.7639582691292));
#9358=CARTESIAN_POINT('Ctrl Pts',(44.,26.2000630402119,-18.345481642326));
#9359=CARTESIAN_POINT('Ctrl Pts',(44.0017213358128,26.2016395081066,-18.3465854970296));
#9360=CARTESIAN_POINT('Ctrl Pts',(44.0034419111391,26.2031992200035,-18.3476796074206));
#9361=CARTESIAN_POINT('Ctrl Pts',(44.3105772400718,26.4874135254961,-18.5486693062271));
#9362=CARTESIAN_POINT('Ctrl Pts',(44.7694385252631,26.7540953618735,-18.9476820342959));
#9363=CARTESIAN_POINT('Ctrl Pts',(45.4353254600462,27.152936915691,-19.4645184339625));
#9364=CARTESIAN_POINT('Ctrl Pts',(45.7318776362968,27.4822929968676,-19.7657047131186));
#9365=CARTESIAN_POINT('Ctrl Pts',(45.8540318597856,27.7274241205602,-19.9698441994231));
#9366=CARTESIAN_POINT('Ctrl Pts',(45.8540318597856,27.7274241205602,-19.9698441994231));
#9367=CARTESIAN_POINT('Ctrl Pts',(45.7318776362968,27.4822929968676,-19.7657047131186));
#9368=CARTESIAN_POINT('Ctrl Pts',(45.4353254600462,27.152936915691,-19.4645184339625));
#9369=CARTESIAN_POINT('Ctrl Pts',(44.7694385252631,26.7540953618735,-18.9476820342959));
#9370=CARTESIAN_POINT('Ctrl Pts',(44.3105772400718,26.4874135254961,-18.5486693062271));
#9371=CARTESIAN_POINT('Ctrl Pts',(44.0034419111391,26.2031992200035,-18.3476796074206));
#9372=CARTESIAN_POINT('Ctrl Pts',(44.0017213358128,26.2016395081066,-18.3465854970296));
#9373=CARTESIAN_POINT('Ctrl Pts',(44.,26.2000630402119,-18.345481642326));
#9374=CARTESIAN_POINT('Ctrl Pts',(45.9595917942265,27.7086386404246,-20.7217601736524));
#9375=CARTESIAN_POINT('Ctrl Pts',(45.9595917942265,27.721811463249,-20.7041457922265));
#9376=CARTESIAN_POINT('Ctrl Pts',(45.9596324821836,27.7349204534334,-20.6864831914153));
#9377=CARTESIAN_POINT('Ctrl Pts',(45.9597136322645,27.7479626742168,-20.6687765795012));
#9378=CARTESIAN_POINT('Ctrl Pts',(45.9824157676599,27.7981825318353,-20.7887251035036));
#9379=CARTESIAN_POINT('Ctrl Pts',(45.9824157676599,27.811375142261,-20.7710842625737));
#9380=CARTESIAN_POINT('Ctrl Pts',(45.9824453547866,27.8245120783096,-20.7534052439502));
#9381=CARTESIAN_POINT('Ctrl Pts',(45.982502957923,27.8375945312251,-20.7356869157372));
#9382=CARTESIAN_POINT('Ctrl Pts',(46.1077002784968,27.963786266509,-20.9125709884748));
#9383=CARTESIAN_POINT('Ctrl Pts',(46.1077002784968,27.9769336866439,-20.8949905749133));
#9384=CARTESIAN_POINT('Ctrl Pts',(46.1077224112526,27.9900538515003,-20.8773874125968));
#9385=CARTESIAN_POINT('Ctrl Pts',(46.107766977677,28.0031426451963,-20.8597663136237));
#9386=CARTESIAN_POINT('Ctrl Pts',(46.3353698756161,28.0289697229729,-20.9613180947351));
#9387=CARTESIAN_POINT('Ctrl Pts',(46.3353698756161,28.041929269042,-20.9439889018497));
#9388=CARTESIAN_POINT('Ctrl Pts',(46.3354112390296,28.0548716301267,-20.9266484670483));
#9389=CARTESIAN_POINT('Ctrl Pts',(46.3354933806245,28.0677989682174,-20.9092960517439));
#9390=CARTESIAN_POINT('Ctrl Pts',(46.4494897427832,28.0289697229729,-20.9613180947351));
#9391=CARTESIAN_POINT('Ctrl Pts',(46.4494897427832,28.0418194665306,-20.9441357271235));
#9392=CARTESIAN_POINT('Ctrl Pts',(46.4495406027294,28.0546536365933,-20.9269412406573));
#9393=CARTESIAN_POINT('Ctrl Pts',(46.4496420403306,28.0674718905923,-20.9097350932721));
#9394=CARTESIAN_POINT('Ctrl Pts',(46.4496420403306,28.0674718905923,-20.9097350932721));
#9395=CARTESIAN_POINT('Ctrl Pts',(46.4495406027294,28.0546536365933,-20.9269412406573));
#9396=CARTESIAN_POINT('Ctrl Pts',(46.4494897427832,28.0418194665306,-20.9441357271235));
#9397=CARTESIAN_POINT('Ctrl Pts',(46.4494897427832,28.0289697229729,-20.9613180947351));
#9398=CARTESIAN_POINT('Ctrl Pts',(45.9595917942265,27.7086386404246,-20.7217601736524));
#9399=CARTESIAN_POINT('Ctrl Pts',(45.9595917942265,27.7218114610396,-20.7041457951808));
#9400=CARTESIAN_POINT('Ctrl Pts',(45.9596324821699,27.7349204490361,-20.6864831973401));
#9401=CARTESIAN_POINT('Ctrl Pts',(45.9597136322236,27.7479626676545,-20.6687765884105));
#9402=CARTESIAN_POINT('Origin',(46.,0.,0.));
#9403=CARTESIAN_POINT('',(46.,28.0674718775032,-20.9097351108418));
#9404=CARTESIAN_POINT('',(55.,-28.0674718775032,-20.9097351108418));
#9405=CARTESIAN_POINT('Origin',(55.,0.,0.));
#9406=CARTESIAN_POINT('',(46.,-28.0674718775032,-20.9097351108418));
#9407=CARTESIAN_POINT('Origin',(46.,27.2655441095745,-20.3123141076749));
#9408=CARTESIAN_POINT('Origin',(44.,25.6264866038609,-19.164633686615));
#9409=CARTESIAN_POINT('',(44.,26.4273143102316,-19.7635284893217));
#9410=CARTESIAN_POINT('Origin',(44.,28.0289697229729,-20.9613180947351));
#9411=CARTESIAN_POINT('Origin',(44.,25.6264866038609,-19.164633686615));
#9412=CARTESIAN_POINT('Ctrl Pts',(14.,-25.1168460393825,-16.4056101695108));
#9413=CARTESIAN_POINT('Ctrl Pts',(14.0018736990463,-25.1158618333862,-16.4071169803045));
#9414=CARTESIAN_POINT('Ctrl Pts',(14.0037467233265,-25.1148788805173,-16.4086239191837));
#9415=CARTESIAN_POINT('Ctrl Pts',(14.2832928448869,-24.968915082408,-16.633986122817));
#9416=CARTESIAN_POINT('Ctrl Pts',(14.7036097044074,-24.8182696995685,-17.0197662717454));
#9417=CARTESIAN_POINT('Ctrl Pts',(15.3512171558389,-24.8031847927756,-17.699389932667));
#9418=CARTESIAN_POINT('Ctrl Pts',(15.6879697965899,-24.9963015516868,-18.1185905076943));
#9419=CARTESIAN_POINT('Ctrl Pts',(15.8287753874651,-25.2576272512259,-18.2999554778852));
#9420=CARTESIAN_POINT('Ctrl Pts',(14.,-25.1168460393825,-16.4056101695108));
#9421=CARTESIAN_POINT('Ctrl Pts',(14.0020433940684,-25.1159661931423,-16.4069545658732));
#9422=CARTESIAN_POINT('Ctrl Pts',(14.004044479238,-25.1151151406439,-16.408267544574));
#9423=CARTESIAN_POINT('Ctrl Pts',(14.3078944050673,-24.9851788777434,-16.6083542177908));
#9424=CARTESIAN_POINT('Ctrl Pts',(14.7609130837768,-24.8763532036093,-16.9639350551886));
#9425=CARTESIAN_POINT('Ctrl Pts',(15.4220724164976,-24.949411828679,-17.5951333727945));
#9426=CARTESIAN_POINT('Ctrl Pts',(15.7163389264669,-25.1858567440489,-17.9566930752485));
#9427=CARTESIAN_POINT('Ctrl Pts',(15.8272051278694,-25.4089798724087,-18.0850134601391));
#9428=CARTESIAN_POINT('Ctrl Pts',(14.,-25.1168460393825,-16.4056101695108));
#9429=CARTESIAN_POINT('Ctrl Pts',(14.0021960050475,-25.1160776541229,-16.4067847079482));
#9430=CARTESIAN_POINT('Ctrl Pts',(14.0043606458396,-25.1153430011057,-16.4079181109237));
#9431=CARTESIAN_POINT('Ctrl Pts',(14.3311343483211,-25.0019838270833,-16.5824885408759));
#9432=CARTESIAN_POINT('Ctrl Pts',(14.8202905950785,-24.9156607785837,-16.8954281857457));
#9433=CARTESIAN_POINT('Ctrl Pts',(15.5548785744038,-25.0194698781698,-17.4389625553823));
#9434=CARTESIAN_POINT('Ctrl Pts',(15.9075847662479,-25.2627025124066,-17.7300403696605));
#9435=CARTESIAN_POINT('Ctrl Pts',(16.0455824629919,-25.4676686411638,-17.83265356317));
#9436=CARTESIAN_POINT('Ctrl Pts',(14.,-25.1168460393825,-16.4056101695108));
#9437=CARTESIAN_POINT('Ctrl Pts',(14.0023421238079,-25.1162008376738,-16.4065979676978));
#9438=CARTESIAN_POINT('Ctrl Pts',(14.0046834041581,-25.1155566706692,-16.4075859603886));
#9439=CARTESIAN_POINT('Ctrl Pts',(14.3541160561086,-25.0200255710412,-16.5554319594576));
#9440=CARTESIAN_POINT('Ctrl Pts',(14.8795121305092,-24.9346890976119,-16.8172933493357));
#9441=CARTESIAN_POINT('Ctrl Pts',(15.6890214447986,-24.9794034662316,-17.3019014330894));
#9442=CARTESIAN_POINT('Ctrl Pts',(16.1099622457373,-25.1633741991696,-17.6195843010503));
#9443=CARTESIAN_POINT('Ctrl Pts',(16.2859692343314,-25.3804978043442,-17.7716158861168));
#9444=CARTESIAN_POINT('',(15.8287753874651,-25.2576272512259,-18.2999554778852));
#9445=CARTESIAN_POINT('Origin',(16.2859692343314,-25.0937095861687,-18.1811919082613));
#9446=CARTESIAN_POINT('Ctrl Pts',(14.,-25.1168460393825,-16.4056101695108));
#9447=CARTESIAN_POINT('Ctrl Pts',(14.0018736990463,-25.1158618333862,-16.4071169803045));
#9448=CARTESIAN_POINT('Ctrl Pts',(14.0037467233265,-25.1148788805173,-16.4086239191837));
#9449=CARTESIAN_POINT('Ctrl Pts',(14.2832928448869,-24.968915082408,-16.633986122817));
#9450=CARTESIAN_POINT('Ctrl Pts',(14.7036097044074,-24.8182696995685,-17.0197662717454));
#9451=CARTESIAN_POINT('Ctrl Pts',(15.3512171558389,-24.8031847927756,-17.699389932667));
#9452=CARTESIAN_POINT('Ctrl Pts',(15.6879697965899,-24.9963015516868,-18.1185905076943));
#9453=CARTESIAN_POINT('Ctrl Pts',(15.8287753874651,-25.2576272512259,-18.2999554778852));
#9454=CARTESIAN_POINT('Ctrl Pts',(15.8287753874651,-25.2576272512259,-18.2999554778852));
#9455=CARTESIAN_POINT('Ctrl Pts',(15.9400031113851,-25.4640584204776,-18.4432226074628));
#9456=CARTESIAN_POINT('Ctrl Pts',(15.99868993262,-25.6894639824901,-18.5996994501608));
#9457=CARTESIAN_POINT('Ctrl Pts',(15.9999780191726,-25.9151738101785,-18.756432080956));
#9458=CARTESIAN_POINT('Ctrl Pts',(15.8279902576673,-25.3333035618173,-18.1924844690121));
#9459=CARTESIAN_POINT('Ctrl Pts',(15.9393690205237,-25.5393437955528,-18.3356879371495));
#9460=CARTESIAN_POINT('Ctrl Pts',(15.9983934766005,-25.7647714102651,-18.4924059265874));
#9461=CARTESIAN_POINT('Ctrl Pts',(15.9999684261809,-25.9902583295178,-18.6492003527279));
#9462=CARTESIAN_POINT('Ctrl Pts',(15.9264490103006,-25.4481279170856,-17.9525078198866));
#9463=CARTESIAN_POINT('Ctrl Pts',(16.0441157942076,-25.6649995303267,-18.1039874285408));
#9464=CARTESIAN_POINT('Ctrl Pts',(16.1065094132002,-25.9018449739318,-18.2694381450974));
#9465=CARTESIAN_POINT('Ctrl Pts',(16.1083936672892,-26.1393649192341,-18.4353679148728));
#9466=CARTESIAN_POINT('Ctrl Pts',(16.1657758486616,-25.424083222754,-17.8021347246434));
#9467=CARTESIAN_POINT('Ctrl Pts',(16.2976492442685,-25.6677435183521,-17.9727545310773));
#9468=CARTESIAN_POINT('Ctrl Pts',(16.3673617438286,-25.933975388761,-18.1591579377317));
#9469=CARTESIAN_POINT('Ctrl Pts',(16.3690681615532,-26.2005657197144,-18.3458336223029));
#9470=CARTESIAN_POINT('Ctrl Pts',(16.2859692343314,-25.3804978043442,-17.7716158861168));
#9471=CARTESIAN_POINT('Ctrl Pts',(16.4250038892314,-25.6377691697364,-17.9517592355299));
#9472=CARTESIAN_POINT('Ctrl Pts',(16.4983624157751,-25.9187129614041,-18.1484781962689));
#9473=CARTESIAN_POINT('Ctrl Pts',(16.4999725239658,-26.2000630402117,-18.3454816423258));
#9474=CARTESIAN_POINT('',(15.9999780191726,-25.9151738101785,-18.756432080956));
#9475=CARTESIAN_POINT('Origin',(16.4999725239658,-25.9132748220362,-18.7550576644703));
#9476=CARTESIAN_POINT('Ctrl Pts',(15.8287753874651,-25.2576272512259,-18.2999554778852));
#9477=CARTESIAN_POINT('Ctrl Pts',(15.9400031113851,-25.4640584204776,-18.4432226074628));
#9478=CARTESIAN_POINT('Ctrl Pts',(15.99868993262,-25.6894639824901,-18.5996994501608));
#9479=CARTESIAN_POINT('Ctrl Pts',(15.9999780191726,-25.9151738101785,-18.756432080956));
#9480=CARTESIAN_POINT('Ctrl Pts',(15.9999780191726,-25.9151738101786,-18.7564320809561));
#9481=CARTESIAN_POINT('Ctrl Pts',(15.999992671688,-25.9177413524805,-18.7582149792187));
#9482=CARTESIAN_POINT('Ctrl Pts',(16.,-25.9202825339208,-18.7600353347363));
#9483=CARTESIAN_POINT('Ctrl Pts',(16.,-25.9227966334373,-18.7618926204541));
#9484=CARTESIAN_POINT('Ctrl Pts',(15.9999684261809,-25.9902583295178,-18.6492003527279));
#9485=CARTESIAN_POINT('Ctrl Pts',(15.9999912456291,-25.9936610155867,-18.651574266495));
#9486=CARTESIAN_POINT('Ctrl Pts',(16.0000016343136,-25.9970316131711,-18.6539924667522));
#9487=CARTESIAN_POINT('Ctrl Pts',(16.,-26.0003704177792,-18.6564552558916));
#9488=CARTESIAN_POINT('Ctrl Pts',(16.1083937178536,-26.1393648900391,-18.4353679561542));
#9489=CARTESIAN_POINT('Ctrl Pts',(16.1084241232755,-26.1445652717316,-18.4390158914992));
#9490=CARTESIAN_POINT('Ctrl Pts',(16.1084379217426,-26.149730430909,-18.4427280818419));
#9491=CARTESIAN_POINT('Ctrl Pts',(16.1084349318701,-26.1548459472747,-18.4464939544341));
#9492=CARTESIAN_POINT('Ctrl Pts',(16.3690681615532,-26.2005657197143,-18.3458336223029));
#9493=CARTESIAN_POINT('Ctrl Pts',(16.3690906556319,-26.2068027380494,-18.3502068967701));
#9494=CARTESIAN_POINT('Ctrl Pts',(16.3691013335342,-26.2129709019869,-18.3546373115244));
#9495=CARTESIAN_POINT('Ctrl Pts',(16.3691003061004,-26.2191066630138,-18.3591515542932));
#9496=CARTESIAN_POINT('Ctrl Pts',(16.4999725239658,-26.2000630402116,-18.3454816423258));
#9497=CARTESIAN_POINT('Ctrl Pts',(16.49999083961,-26.2064639863855,-18.3499636330884));
#9498=CARTESIAN_POINT('Ctrl Pts',(16.5,-26.21281246591,-18.3545207036383));
#9499=CARTESIAN_POINT('Ctrl Pts',(16.5,-26.2191066630138,-18.3591515542932));
#9500=CARTESIAN_POINT('',(16.,-25.9227966334373,-18.7618926204541));
#9501=CARTESIAN_POINT('',(16.5,-26.2191066630138,-18.3591515542932));
#9502=CARTESIAN_POINT('Origin',(16.5,-25.9227966334373,-18.7618926204541));
#9503=CARTESIAN_POINT('Ctrl Pts',(16.5,-26.2191066630138,-18.3591515542932));
#9504=CARTESIAN_POINT('Ctrl Pts',(16.5,-26.21281246591,-18.3545207036383));
#9505=CARTESIAN_POINT('Ctrl Pts',(16.49999083961,-26.2064639863855,-18.3499636330884));
#9506=CARTESIAN_POINT('Ctrl Pts',(16.4999725239658,-26.2000630402116,-18.3454816423258));
#9507=CARTESIAN_POINT('Ctrl Pts',(15.9999780191726,-25.9151738101786,-18.7564320809561));
#9508=CARTESIAN_POINT('Ctrl Pts',(15.999992671688,-25.9177413524805,-18.7582149792187));
#9509=CARTESIAN_POINT('Ctrl Pts',(16.,-25.9202825339208,-18.7600353347363));
#9510=CARTESIAN_POINT('Ctrl Pts',(16.,-25.9227966334373,-18.7618926204541));
#9511=CARTESIAN_POINT('Ctrl Pts',(16.,-25.9227966334373,-18.7618926204541));
#9512=CARTESIAN_POINT('Ctrl Pts',(16.,-26.090539765382,-18.8853068351047));
#9513=CARTESIAN_POINT('Ctrl Pts',(16.,-26.1210805819684,-19.0913070419363));
#9514=CARTESIAN_POINT('Ctrl Pts',(16.,-26.1516213985547,-19.2973072487679));
#9515=CARTESIAN_POINT('Ctrl Pts',(16.,-26.0269004570462,-19.4640810879684));
#9516=CARTESIAN_POINT('Ctrl Pts',(16.,-26.2191066630138,-18.3591515542932));
#9517=CARTESIAN_POINT('Ctrl Pts',(16.,-26.5545929269031,-18.6059799835943));
#9518=CARTESIAN_POINT('Ctrl Pts',(16.,-26.6156745600758,-19.0179803972575));
#9519=CARTESIAN_POINT('Ctrl Pts',(16.,-26.6767561932485,-19.4299808109207));
#9520=CARTESIAN_POINT('Ctrl Pts',(16.,-26.4273143102316,-19.7635284893217));
#9521=CARTESIAN_POINT('Ctrl Pts',(16.5,-26.2191066630138,-18.3591515542932));
#9522=CARTESIAN_POINT('Ctrl Pts',(16.5,-26.5545929269031,-18.6059799835943));
#9523=CARTESIAN_POINT('Ctrl Pts',(16.5,-26.6156745600758,-19.0179803972575));
#9524=CARTESIAN_POINT('Ctrl Pts',(16.5,-26.6767561932485,-19.4299808109207));
#9525=CARTESIAN_POINT('Ctrl Pts',(16.5,-26.4273143102316,-19.7635284893217));
#9526=CARTESIAN_POINT('',(16.,-26.0269004570462,-19.4640810879683));
#9527=CARTESIAN_POINT('',(16.5,-26.4273143102316,-19.7635284893217));
#9528=CARTESIAN_POINT('Origin',(16.5,-26.0269004570462,-19.4640810879683));
#9529=CARTESIAN_POINT('Origin',(16.5,-25.6264866038609,-19.164633686615));
#9530=CARTESIAN_POINT('Origin',(16.,-25.6264866038609,-19.164633686615));
#9531=CARTESIAN_POINT('Origin',(16.5,0.,0.));
#9532=CARTESIAN_POINT('',(16.,26.0269004570462,-19.4640810879683));
#9533=CARTESIAN_POINT('',(16.5,26.4273143102316,-19.7635284893217));
#9534=CARTESIAN_POINT('Origin',(16.5,26.0269004570462,-19.4640810879683));
#9535=CARTESIAN_POINT('Origin',(16.5,0.,0.));
#9536=CARTESIAN_POINT('Origin',(16.,0.,0.));
#9537=CARTESIAN_POINT('Ctrl Pts',(16.,26.0269004570462,-19.4640810879683));
#9538=CARTESIAN_POINT('Ctrl Pts',(16.,26.1516213985546,-19.2973072487679));
#9539=CARTESIAN_POINT('Ctrl Pts',(16.,26.1210805819683,-19.0913070419363));
#9540=CARTESIAN_POINT('Ctrl Pts',(16.,26.090539765382,-18.8853068351047));
#9541=CARTESIAN_POINT('Ctrl Pts',(16.,25.9227966334373,-18.7618926204542));
#9542=CARTESIAN_POINT('Ctrl Pts',(15.9999999999999,26.4273143102316,-19.7635284893217));
#9543=CARTESIAN_POINT('Ctrl Pts',(15.9999999999999,26.6767561932485,-19.4299808109208));
#9544=CARTESIAN_POINT('Ctrl Pts',(15.9999999999999,26.6156745600758,-19.0179803972575));
#9545=CARTESIAN_POINT('Ctrl Pts',(15.9999999999999,26.5545929269031,-18.6059799835943));
#9546=CARTESIAN_POINT('Ctrl Pts',(15.9999999999999,26.2191066630138,-18.3591515542932));
#9547=CARTESIAN_POINT('Ctrl Pts',(16.5,26.4273143102316,-19.7635284893217));
#9548=CARTESIAN_POINT('Ctrl Pts',(16.5,26.6767561932485,-19.4299808109208));
#9549=CARTESIAN_POINT('Ctrl Pts',(16.5,26.6156745600758,-19.0179803972575));
#9550=CARTESIAN_POINT('Ctrl Pts',(16.5,26.5545929269031,-18.6059799835943));
#9551=CARTESIAN_POINT('Ctrl Pts',(16.5,26.2191066630138,-18.3591515542932));
#9552=CARTESIAN_POINT('',(16.,25.9227966334373,-18.7618926204542));
#9553=CARTESIAN_POINT('',(16.5,26.2191066630138,-18.3591515542932));
#9554=CARTESIAN_POINT('Origin',(16.5,25.9227966334373,-18.7618926204541));
#9555=CARTESIAN_POINT('Origin',(16.5,25.6264866038609,-19.164633686615));
#9556=CARTESIAN_POINT('Origin',(16.,25.6264866038609,-19.164633686615));
#9557=CARTESIAN_POINT('Ctrl Pts',(16.4999725239658,26.2000630402114,-18.3454816423257));
#9558=CARTESIAN_POINT('Ctrl Pts',(16.49999083961,26.2064639863854,-18.3499636330883));
#9559=CARTESIAN_POINT('Ctrl Pts',(16.5,26.2128124659099,-18.3545207036383));
#9560=CARTESIAN_POINT('Ctrl Pts',(16.5,26.2191066630138,-18.3591515542932));
#9561=CARTESIAN_POINT('Ctrl Pts',(16.3690681615532,26.2005657197141,-18.3458336223027));
#9562=CARTESIAN_POINT('Ctrl Pts',(16.3690906556319,26.2068027380493,-18.35020689677));
#9563=CARTESIAN_POINT('Ctrl Pts',(16.3691013335342,26.2129709019868,-18.3546373115244));
#9564=CARTESIAN_POINT('Ctrl Pts',(16.3691003061004,26.2191066630138,-18.3591515542932));
#9565=CARTESIAN_POINT('Ctrl Pts',(16.1083937178536,26.1393648900389,-18.4353679561541));
#9566=CARTESIAN_POINT('Ctrl Pts',(16.1084241232755,26.1445652717316,-18.4390158914991));
#9567=CARTESIAN_POINT('Ctrl Pts',(16.1084379217426,26.1497304309089,-18.4427280818419));
#9568=CARTESIAN_POINT('Ctrl Pts',(16.1084349318701,26.1548459472747,-18.4464939544341));
#9569=CARTESIAN_POINT('Ctrl Pts',(15.9999684261809,25.9902583295178,-18.6492003527278));
#9570=CARTESIAN_POINT('Ctrl Pts',(15.9999912456291,25.9936610155867,-18.6515742664949));
#9571=CARTESIAN_POINT('Ctrl Pts',(16.0000016343136,25.9970316131711,-18.6539924667522));
#9572=CARTESIAN_POINT('Ctrl Pts',(16.,26.0003704177792,-18.6564552558916));
#9573=CARTESIAN_POINT('Ctrl Pts',(15.9999780191727,25.9151738101785,-18.756432080956));
#9574=CARTESIAN_POINT('Ctrl Pts',(15.999992671688,25.9177413524804,-18.7582149792187));
#9575=CARTESIAN_POINT('Ctrl Pts',(16.,25.9202825339207,-18.7600353347363));
#9576=CARTESIAN_POINT('Ctrl Pts',(16.,25.9227966334373,-18.7618926204541));
#9577=CARTESIAN_POINT('',(15.9999780191726,25.9151738101785,-18.756432080956));
#9578=CARTESIAN_POINT('Ctrl Pts',(16.,25.9227966334373,-18.7618926204541));
#9579=CARTESIAN_POINT('Ctrl Pts',(16.,25.9202825339207,-18.7600353347363));
#9580=CARTESIAN_POINT('Ctrl Pts',(15.999992671688,25.9177413524804,-18.7582149792187));
#9581=CARTESIAN_POINT('Ctrl Pts',(15.9999780191727,25.9151738101785,-18.756432080956));
#9582=CARTESIAN_POINT('Origin',(16.4999725239658,25.9132748220362,-18.7550576644703));
#9583=CARTESIAN_POINT('Ctrl Pts',(16.4999725239658,26.2000630402114,-18.3454816423257));
#9584=CARTESIAN_POINT('Ctrl Pts',(16.49999083961,26.2064639863854,-18.3499636330883));
#9585=CARTESIAN_POINT('Ctrl Pts',(16.5,26.2128124659099,-18.3545207036383));
#9586=CARTESIAN_POINT('Ctrl Pts',(16.5,26.2191066630138,-18.3591515542932));
#9587=CARTESIAN_POINT('Ctrl Pts',(16.2859692343314,25.3804978043442,-17.7716158861168));
#9588=CARTESIAN_POINT('Ctrl Pts',(16.4250038892314,25.6377691697364,-17.9517592355299));
#9589=CARTESIAN_POINT('Ctrl Pts',(16.4983624157751,25.9187129614041,-18.1484781962689));
#9590=CARTESIAN_POINT('Ctrl Pts',(16.4999725239658,26.2000630402117,-18.3454816423258));
#9591=CARTESIAN_POINT('Ctrl Pts',(16.1657758486616,25.424083222754,-17.8021347246434));
#9592=CARTESIAN_POINT('Ctrl Pts',(16.2976492442685,25.6677435183521,-17.9727545310773));
#9593=CARTESIAN_POINT('Ctrl Pts',(16.3673617438285,25.9339753887611,-18.1591579377317));
#9594=CARTESIAN_POINT('Ctrl Pts',(16.3690681615532,26.2005657197144,-18.3458336223029));
#9595=CARTESIAN_POINT('Ctrl Pts',(15.9264490103006,25.4481279170856,-17.9525078198866));
#9596=CARTESIAN_POINT('Ctrl Pts',(16.0441157942076,25.6649995303267,-18.1039874285409));
#9597=CARTESIAN_POINT('Ctrl Pts',(16.1065094132002,25.901844973932,-18.2694381450976));
#9598=CARTESIAN_POINT('Ctrl Pts',(16.1083936672892,26.1393649192341,-18.4353679148728));
#9599=CARTESIAN_POINT('Ctrl Pts',(15.8279902576673,25.3333035618173,-18.1924844690121));
#9600=CARTESIAN_POINT('Ctrl Pts',(15.9393690205238,25.539343795553,-18.3356879371495));
#9601=CARTESIAN_POINT('Ctrl Pts',(15.9983934766005,25.7647714102655,-18.4924059265876));
#9602=CARTESIAN_POINT('Ctrl Pts',(15.9999684261809,25.9902583295178,-18.6492003527279));
#9603=CARTESIAN_POINT('Ctrl Pts',(15.8287753874651,25.2576272512259,-18.2999554778852));
#9604=CARTESIAN_POINT('Ctrl Pts',(15.9400031113852,25.4640584204777,-18.4432226074629));
#9605=CARTESIAN_POINT('Ctrl Pts',(15.99868993262,25.6894639824904,-18.599699450161));
#9606=CARTESIAN_POINT('Ctrl Pts',(15.9999780191726,25.9151738101785,-18.756432080956));
#9607=CARTESIAN_POINT('',(15.8287753874651,25.2576272512259,-18.2999554778852));
#9608=CARTESIAN_POINT('Ctrl Pts',(15.9999780191726,25.9151738101785,-18.756432080956));
#9609=CARTESIAN_POINT('Ctrl Pts',(15.99868993262,25.6894639824904,-18.599699450161));
#9610=CARTESIAN_POINT('Ctrl Pts',(15.9400031113852,25.4640584204777,-18.4432226074629));
#9611=CARTESIAN_POINT('Ctrl Pts',(15.8287753874651,25.2576272512259,-18.2999554778852));
#9612=CARTESIAN_POINT('Origin',(16.2859692343314,25.0937095861687,-18.1811919082613));
#9613=CARTESIAN_POINT('Ctrl Pts',(14.,25.1168460393825,-16.4056101695108));
#9614=CARTESIAN_POINT('Ctrl Pts',(14.0023421238058,25.1162008376756,-16.406597967695));
#9615=CARTESIAN_POINT('Ctrl Pts',(14.0046834041609,25.1155566706692,-16.4075859603887));
#9616=CARTESIAN_POINT('Ctrl Pts',(14.3541160560996,25.0200255710355,-16.5554319594672));
#9617=CARTESIAN_POINT('Ctrl Pts',(14.8795121305094,24.9346890976112,-16.8172933493381));
#9618=CARTESIAN_POINT('Ctrl Pts',(15.6890214447968,24.9794034662308,-17.3019014330921));
#9619=CARTESIAN_POINT('Ctrl Pts',(16.1099622457376,25.1633741991699,-17.6195843010505));
#9620=CARTESIAN_POINT('Ctrl Pts',(16.2859692343314,25.3804978043442,-17.7716158861168));
#9621=CARTESIAN_POINT('Ctrl Pts',(14.,25.1168460393825,-16.4056101695108));
#9622=CARTESIAN_POINT('Ctrl Pts',(14.0021960050458,25.1160776541249,-16.4067847079452));
#9623=CARTESIAN_POINT('Ctrl Pts',(14.0043606458421,25.1153430011056,-16.4079181109238));
#9624=CARTESIAN_POINT('Ctrl Pts',(14.331134348312,25.0019838270775,-16.5824885408856));
#9625=CARTESIAN_POINT('Ctrl Pts',(14.8202905950785,24.9156607785831,-16.8954281857482));
#9626=CARTESIAN_POINT('Ctrl Pts',(15.5548785744019,25.019469878169,-17.438962555385));
#9627=CARTESIAN_POINT('Ctrl Pts',(15.9075847662481,25.2627025124069,-17.7300403696607));
#9628=CARTESIAN_POINT('Ctrl Pts',(16.0455824629919,25.4676686411638,-17.83265356317));
#9629=CARTESIAN_POINT('Ctrl Pts',(14.,25.1168460393825,-16.4056101695108));
#9630=CARTESIAN_POINT('Ctrl Pts',(14.0020433940673,25.1159661931444,-16.40695456587));
#9631=CARTESIAN_POINT('Ctrl Pts',(14.0040444792403,25.1151151406439,-16.408267544574));
#9632=CARTESIAN_POINT('Ctrl Pts',(14.3078944050605,24.9851788777346,-16.6083542178052));
#9633=CARTESIAN_POINT('Ctrl Pts',(14.760913083777,24.8763532036082,-16.9639350551919));
#9634=CARTESIAN_POINT('Ctrl Pts',(15.4220724164961,24.9494118286776,-17.5951333727984));
#9635=CARTESIAN_POINT('Ctrl Pts',(15.716338926467,25.1858567440492,-17.9566930752486));
#9636=CARTESIAN_POINT('Ctrl Pts',(15.8272051278694,25.4089798724087,-18.0850134601391));
#9637=CARTESIAN_POINT('Ctrl Pts',(14.,25.1168460393825,-16.4056101695108));
#9638=CARTESIAN_POINT('Ctrl Pts',(14.0018736990457,25.1158618333885,-16.407116980301));
#9639=CARTESIAN_POINT('Ctrl Pts',(14.0037467233287,25.1148788805172,-16.4086239191838));
#9640=CARTESIAN_POINT('Ctrl Pts',(14.2832928448799,24.968915082399,-16.6339861228315));
#9641=CARTESIAN_POINT('Ctrl Pts',(14.7036097044076,24.8182696995672,-17.0197662717489));
#9642=CARTESIAN_POINT('Ctrl Pts',(15.3512171558375,24.8031847927741,-17.699389932671));
#9643=CARTESIAN_POINT('Ctrl Pts',(15.6879697965901,24.9963015516871,-18.1185905076944));
#9644=CARTESIAN_POINT('Ctrl Pts',(15.8287753874651,25.2576272512259,-18.2999554778852));
#9645=CARTESIAN_POINT('',(14.,25.1168460393825,-16.4056101695108));
#9646=CARTESIAN_POINT('Ctrl Pts',(15.8287753874651,25.2576272512259,-18.2999554778852));
#9647=CARTESIAN_POINT('Ctrl Pts',(15.6879697965901,24.9963015516871,-18.1185905076944));
#9648=CARTESIAN_POINT('Ctrl Pts',(15.3512171558375,24.8031847927741,-17.699389932671));
#9649=CARTESIAN_POINT('Ctrl Pts',(14.7036097044076,24.8182696995672,-17.0197662717489));
#9650=CARTESIAN_POINT('Ctrl Pts',(14.2832928448799,24.968915082399,-16.6339861228315));
#9651=CARTESIAN_POINT('Ctrl Pts',(14.0037467233287,25.1148788805172,-16.4086239191838));
#9652=CARTESIAN_POINT('Ctrl Pts',(14.0018736990457,25.1158618333885,-16.407116980301));
#9653=CARTESIAN_POINT('Ctrl Pts',(14.,25.1168460393825,-16.4056101695108));
#9654=CARTESIAN_POINT('Ctrl Pts',(14.,25.1168460393825,-16.4056101695108));
#9655=CARTESIAN_POINT('Ctrl Pts',(14.0023421238058,25.1162008376756,-16.406597967695));
#9656=CARTESIAN_POINT('Ctrl Pts',(14.0046834041609,25.1155566706692,-16.4075859603887));
#9657=CARTESIAN_POINT('Ctrl Pts',(14.3541160560996,25.0200255710355,-16.5554319594672));
#9658=CARTESIAN_POINT('Ctrl Pts',(14.8795121305094,24.9346890976112,-16.8172933493381));
#9659=CARTESIAN_POINT('Ctrl Pts',(15.6890214447968,24.9794034662308,-17.3019014330921));
#9660=CARTESIAN_POINT('Ctrl Pts',(16.1099622457376,25.1633741991699,-17.6195843010505));
#9661=CARTESIAN_POINT('Ctrl Pts',(16.2859692343314,25.3804978043442,-17.7716158861168));
#9662=CARTESIAN_POINT('Origin',(16.,2.22044604925031E-15,-16.5));
#9663=CARTESIAN_POINT('Origin',(16.,0.,0.));
#9664=CARTESIAN_POINT('Origin',(14.,0.,0.));
#9665=CARTESIAN_POINT('Origin',(14.,0.,0.));
#9666=CARTESIAN_POINT('Origin',(62.,27.2655441095745,-20.3123141076749));
#9667=CARTESIAN_POINT('',(62.,28.0674718775032,-20.9097351108418));
#9668=CARTESIAN_POINT('Origin',(62.,27.2655441095745,-20.3123141076749));
#9669=CARTESIAN_POINT('Origin',(62.,28.8693996454318,-21.5071561140087));
#9670=CARTESIAN_POINT('Origin',(62.,0.,0.));
#9671=CARTESIAN_POINT('Origin',(62.,0.,0.));
#9672=CARTESIAN_POINT('Origin',(61.,-27.2655441095745,-20.3123141076749));
#9673=CARTESIAN_POINT('',(73.75,-28.0674718775032,-20.9097351108418));
#9674=CARTESIAN_POINT('',(61.,-28.0674718775032,-20.9097351108418));
#9675=CARTESIAN_POINT('Origin',(73.75,-27.2655441095745,-20.3123141076749));
#9676=CARTESIAN_POINT('Origin',(61.,0.,0.));
#9677=CARTESIAN_POINT('',(61.,28.0674718775032,-20.9097351108418));
#9678=CARTESIAN_POINT('Origin',(73.75,0.,0.));
#9679=CARTESIAN_POINT('Origin',(61.,27.2655441095745,-20.3123141076749));
#9680=CARTESIAN_POINT('Origin',(80.75,27.2655441095745,-20.3123141076749));
#9681=CARTESIAN_POINT('',(80.75,28.0674718775032,-20.9097351108418));
#9682=CARTESIAN_POINT('Origin',(80.75,27.2655441095745,-20.3123141076749));
#9683=CARTESIAN_POINT('Origin',(80.75,28.8693996454318,-21.5071561140087));
#9684=CARTESIAN_POINT('Origin',(80.75,0.,0.));
#9685=CARTESIAN_POINT('Origin',(80.75,0.,0.));
#9686=CARTESIAN_POINT('Origin',(79.75,-27.2655441095745,-20.3123141076749));
#9687=CARTESIAN_POINT('',(92.5,-28.0674718775032,-20.9097351108418));
#9688=CARTESIAN_POINT('',(79.75,-28.0674718775032,-20.9097351108418));
#9689=CARTESIAN_POINT('Origin',(92.5,-27.2655441095745,-20.3123141076749));
#9690=CARTESIAN_POINT('Origin',(79.75,0.,0.));
#9691=CARTESIAN_POINT('',(79.75,28.0674718775032,-20.9097351108418));
#9692=CARTESIAN_POINT('Origin',(92.5,0.,0.));
#9693=CARTESIAN_POINT('Origin',(79.75,27.2655441095745,-20.3123141076749));
#9694=CARTESIAN_POINT('Origin',(99.5,27.2655441095745,-20.3123141076749));
#9695=CARTESIAN_POINT('',(99.5,28.0674718775032,-20.9097351108418));
#9696=CARTESIAN_POINT('Origin',(99.5,27.2655441095745,-20.3123141076749));
#9697=CARTESIAN_POINT('Origin',(99.5,28.8693996454318,-21.5071561140087));
#9698=CARTESIAN_POINT('Origin',(99.5,0.,0.));
#9699=CARTESIAN_POINT('Origin',(99.5,0.,0.));
#9700=CARTESIAN_POINT('Origin',(98.5,-27.2655441095745,-20.3123141076749));
#9701=CARTESIAN_POINT('',(98.5,-28.0674718775032,-20.9097351108418));
#9702=CARTESIAN_POINT('Origin',(98.5,0.,0.));
#9703=CARTESIAN_POINT('',(111.25002,28.0674718775032,-20.9097351108418));
#9704=CARTESIAN_POINT('',(98.5,28.0674718775032,-20.9097351108418));
#9705=CARTESIAN_POINT('Origin',(111.25002,0.,0.));
#9706=CARTESIAN_POINT('Origin',(98.5,27.2655441095745,-20.3123141076749));
#9707=CARTESIAN_POINT('',(111.25002,28.2619506738093,-20.397013332877));
#9708=CARTESIAN_POINT('Origin',(111.25002,27.2655441095745,-20.3123141076749));
#9709=CARTESIAN_POINT('Origin',(111.25002,27.2655441095745,-20.3123141076749));
#9710=CARTESIAN_POINT('Origin',(118.24998,0.,0.));
#9711=CARTESIAN_POINT('Origin',(118.24998,0.,0.));
#9712=CARTESIAN_POINT('Origin',(117.25,-27.6637503333098,-20.5911411072963));
#9713=CARTESIAN_POINT('',(130.,-28.4659257194067,-21.188229584777));
#9714=CARTESIAN_POINT('',(117.25,-28.4659257194067,-21.188229584777));
#9715=CARTESIAN_POINT('Origin',(130.,-27.6637503333098,-20.5911411072963));
#9716=CARTESIAN_POINT('Origin',(117.25,0.,0.));
#9717=CARTESIAN_POINT('',(130.,28.4659257194067,-21.188229584777));
#9718=CARTESIAN_POINT('',(117.25,28.4659257194067,-21.188229584777));
#9719=CARTESIAN_POINT('Origin',(130.,0.,0.));
#9720=CARTESIAN_POINT('Origin',(137.,27.2655441095745,-20.3123141076749));
#9721=CARTESIAN_POINT('',(137.,28.0674718775032,-20.9097351108418));
#9722=CARTESIAN_POINT('Origin',(137.,27.2655441095745,-20.3123141076749));
#9723=CARTESIAN_POINT('Origin',(137.,28.8693996454318,-21.5071561140087));
#9724=CARTESIAN_POINT('Origin',(137.,0.,0.));
#9725=CARTESIAN_POINT('Origin',(137.,0.,0.));
#9726=CARTESIAN_POINT('Origin',(136.,-27.2655441095745,-20.3123141076749));
#9727=CARTESIAN_POINT('',(136.,-28.0674718775032,-20.9097351108418));
#9728=CARTESIAN_POINT('Origin',(136.,0.,0.));
#9729=CARTESIAN_POINT('',(136.,28.0674718775032,-20.9097351108418));
#9730=CARTESIAN_POINT('Origin',(136.,27.2655441095745,-20.3123141076749));
#9731=CARTESIAN_POINT('Origin',(178.,0.,0.));
#9732=CARTESIAN_POINT('Origin',(178.,0.,0.));
#9733=CARTESIAN_POINT('Origin',(176.,0.,0.));
#9734=CARTESIAN_POINT('Origin',(0.,0.,0.));
#9735=CARTESIAN_POINT('',(111.25002,25.1168460393825,-16.4056101695108));
#9736=CARTESIAN_POINT('Origin',(111.25002,0.,0.));
#9737=CARTESIAN_POINT('',(16.,25.1168460393825,-16.4056101695108));
#9738=CARTESIAN_POINT('',(117.25,25.1168460393825,-16.4056101695108));
#9739=CARTESIAN_POINT('Origin',(130.,-27.6637503333098,-20.5911411072963));
#9740=CARTESIAN_POINT('Origin',(130.,-29.2681011055037,-21.7853180622577));
#9741=CARTESIAN_POINT('Origin',(130.,0.,0.));
#9742=CARTESIAN_POINT('Origin',(130.,29.2681011055036,-21.7853180622577));
#9743=CARTESIAN_POINT('Origin',(130.,27.6637503333098,-20.5911411072963));
#9744=CARTESIAN_POINT('Origin',(130.,27.6637503333098,-20.5911411072963));
#9745=CARTESIAN_POINT('Origin',(117.25,27.6637503333098,-20.5911411072963));
#9746=CARTESIAN_POINT('Origin',(111.25002,0.,0.));
#9747=CARTESIAN_POINT('',(112.25,28.8693836068765,-21.5071441655886));
#9748=CARTESIAN_POINT('Origin',(111.25002,28.8693836068765,-21.5071441655886));
#9749=CARTESIAN_POINT('Origin',(112.25,0.,0.));
#9750=CARTESIAN_POINT('Origin',(111.25002,27.2655441095745,-20.3123141076749));
#9751=CARTESIAN_POINT('Origin',(112.25,27.2655441095745,-20.3123141076749));
#9752=CARTESIAN_POINT('Origin',(111.25002,29.2583373099128,-20.4817108640945));
#9753=CARTESIAN_POINT('Origin',(111.25002,27.2655441095745,-20.3123141076749));
#9754=CARTESIAN_POINT('Origin',(111.25002,28.4126855107479,-18.6740264021378));
#9755=CARTESIAN_POINT('Origin',(111.25002,17.960944067264,-11.3556382559915));
#9756=CARTESIAN_POINT('Origin',(111.25002,25.9540627691665,-16.9524802248687));
#9757=CARTESIAN_POINT('Ctrl Pts',(111.43797022478,25.3907199736729,-17.7570171153657));
#9758=CARTESIAN_POINT('Ctrl Pts',(111.43797022478,24.6117146162856,-17.2115516918175));
#9759=CARTESIAN_POINT('Ctrl Pts',(111.43797022478,25.1317669599401,-16.4153560908599));
#9760=CARTESIAN_POINT('Ctrl Pts',(111.344840061774,25.3804978043443,-17.7716158861169));
#9761=CARTESIAN_POINT('Ctrl Pts',(111.344840061774,24.5873572479584,-17.2162528896758));
#9762=CARTESIAN_POINT('Ctrl Pts',(111.344840061774,25.1168460393825,-16.4056101695108));
#9763=CARTESIAN_POINT('Ctrl Pts',(111.25002,25.3804978043443,-17.7716158861169));
#9764=CARTESIAN_POINT('Ctrl Pts',(111.25002,24.5873572479584,-17.2162528896758));
#9765=CARTESIAN_POINT('Ctrl Pts',(111.25002,25.1168460393825,-16.4056101695108));
#9766=CARTESIAN_POINT('Origin',(111.25002,25.9540742406952,-16.9524638418278));
#9767=CARTESIAN_POINT('Origin',(111.25002,25.9540574961312,-16.9524529047544));
#9768=CARTESIAN_POINT('Origin',(111.25002,0.,0.));
#9769=CARTESIAN_POINT('Origin',(16.,25.9540742406952,-16.9524638418278));
#9770=CARTESIAN_POINT('Origin',(92.5,-27.2655441095745,-20.3123141076749));
#9771=CARTESIAN_POINT('Origin',(92.5,-28.8693996454318,-21.5071561140087));
#9772=CARTESIAN_POINT('Origin',(92.5,0.,0.));
#9773=CARTESIAN_POINT('Origin',(73.75,-27.2655441095745,-20.3123141076749));
#9774=CARTESIAN_POINT('Origin',(73.75,-28.8693996454318,-21.5071561140087));
#9775=CARTESIAN_POINT('Origin',(73.75,0.,0.));
#9776=CARTESIAN_POINT('Origin',(55.,-27.2655441095745,-20.3123141076749));
#9777=CARTESIAN_POINT('Origin',(55.,-27.2655441095745,-20.3123141076749));
#9778=CARTESIAN_POINT('Origin',(55.,-28.8693996454318,-21.5071561140087));
#9779=CARTESIAN_POINT('Origin',(55.,0.,0.));
#9780=CARTESIAN_POINT('Origin',(46.,-27.2655441095745,-20.3123141076749));
#9781=CARTESIAN_POINT('Origin',(44.,-25.6264866038609,-19.164633686615));
#9782=CARTESIAN_POINT('',(44.,-26.4273143102316,-19.7635284893217));
#9783=CARTESIAN_POINT('Origin',(44.,-25.6264866038609,-19.164633686615));
#9784=CARTESIAN_POINT('Origin',(44.,-28.0289697229729,-20.9613180947351));
#9785=CARTESIAN_POINT('Origin',(44.,0.,0.));
#9786=CARTESIAN_POINT('Origin',(44.,0.,0.));
#9787=CARTESIAN_POINT('Origin',(16.,25.6264866038609,-19.164633686615));
#9788=CARTESIAN_POINT('',(16.,26.4273143102316,-19.7635284893217));
#9789=CARTESIAN_POINT('Origin',(16.,0.,0.));
#9790=CARTESIAN_POINT('',(16.,-26.4273143102316,-19.7635284893217));
#9791=CARTESIAN_POINT('Origin',(16.,-25.6264866038609,-19.164633686615));
#9792=CARTESIAN_POINT('Origin',(28.,11.5,-21.5));
#9793=CARTESIAN_POINT('',(33.,20.,-20.));
#9794=CARTESIAN_POINT('',(23.,17.,-23.));
#9795=CARTESIAN_POINT('',(14.864406779661,14.5593220338983,-25.4406779661017));
#9796=CARTESIAN_POINT('',(23.,-17.,-23.));
#9797=CARTESIAN_POINT('',(23.,17.,-23.));
#9798=CARTESIAN_POINT('',(33.,-20.,-20.));
#9799=CARTESIAN_POINT('',(13.4661016949153,-14.1398305084746,-25.8601694915254));
#9800=CARTESIAN_POINT('',(33.,11.5,-20.));
#9801=CARTESIAN_POINT('Origin',(169.,23.,-20.));
#9802=CARTESIAN_POINT('',(23.,20.,-20.));
#9803=CARTESIAN_POINT('',(84.5,20.,-20.));
#9804=CARTESIAN_POINT('',(23.,-20.,-20.));
#9805=CARTESIAN_POINT('',(84.5,-20.,-20.));
#9806=CARTESIAN_POINT('',(23.,-23.,-20.));
#9807=CARTESIAN_POINT('',(23.,-23.,-20.));
#9808=CARTESIAN_POINT('',(169.,-23.,-20.));
#9809=CARTESIAN_POINT('',(169.,-23.,-20.));
#9810=CARTESIAN_POINT('',(169.,-20.,-20.));
#9811=CARTESIAN_POINT('',(169.,-23.,-20.));
#9812=CARTESIAN_POINT('',(159.,-20.,-20.));
#9813=CARTESIAN_POINT('',(180.5,-20.,-20.));
#9814=CARTESIAN_POINT('',(159.,20.,-20.));
#9815=CARTESIAN_POINT('',(159.,11.5,-20.));
#9816=CARTESIAN_POINT('',(169.,20.,-20.));
#9817=CARTESIAN_POINT('',(180.5,20.,-20.));
#9818=CARTESIAN_POINT('',(169.,23.,-20.));
#9819=CARTESIAN_POINT('',(169.,-23.,-20.));
#9820=CARTESIAN_POINT('',(23.,23.,-20.));
#9821=CARTESIAN_POINT('',(169.,23.,-20.));
#9822=CARTESIAN_POINT('',(23.,-23.,-20.));
#9823=CARTESIAN_POINT('Origin',(164.,11.5,-21.5));
#9824=CARTESIAN_POINT('',(169.,-17.,-23.));
#9825=CARTESIAN_POINT('',(180.059322033898,-13.6822033898305,-26.3177966101695));
#9826=CARTESIAN_POINT('',(169.,17.,-23.));
#9827=CARTESIAN_POINT('',(169.,-17.,-23.));
#9828=CARTESIAN_POINT('',(175.610169491525,15.0169491525424,-24.9830508474576));
#9829=CARTESIAN_POINT('Origin',(23.,0.,-10.));
#9830=CARTESIAN_POINT('',(23.,23.,-17.));
#9831=CARTESIAN_POINT('',(23.,23.,-17.));
#9832=CARTESIAN_POINT('',(23.,23.,-20.));
#9833=CARTESIAN_POINT('Origin',(169.,0.,-10.));
#9834=CARTESIAN_POINT('',(169.,23.,-17.));
#9835=CARTESIAN_POINT('',(169.,17.,-23.));
#9836=CARTESIAN_POINT('',(169.,23.,-20.));
#9837=CARTESIAN_POINT('Origin',(169.,0.,-10.));
#9838=CARTESIAN_POINT('',(169.,-23.,-17.));
#9839=CARTESIAN_POINT('',(169.,-23.,-17.));
#9840=CARTESIAN_POINT('',(169.,-23.,0.));
#9841=CARTESIAN_POINT('Origin',(23.,0.,-10.));
#9842=CARTESIAN_POINT('',(23.,-23.,-17.));
#9843=CARTESIAN_POINT('',(23.,-17.,-23.));
#9844=CARTESIAN_POINT('',(23.,-23.,0.));
#9845=CARTESIAN_POINT('Origin',(0.,23.,-17.));
#9846=CARTESIAN_POINT('',(0.,23.,-17.));
#9847=CARTESIAN_POINT('',(192.,23.,-17.));
#9848=CARTESIAN_POINT('Origin',(0.,17.,-23.));
#9849=CARTESIAN_POINT('',(0.,17.,-23.));
#9850=CARTESIAN_POINT('Origin',(0.,-17.,-23.));
#9851=CARTESIAN_POINT('',(0.,-17.,-23.));
#9852=CARTESIAN_POINT('Origin',(0.,-23.,-17.));
#9853=CARTESIAN_POINT('',(0.,-23.,-17.));
#9854=CARTESIAN_POINT('Origin',(0.,-23.,0.));
#9855=CARTESIAN_POINT('',(192.,-23.,-17.));
#9856=CARTESIAN_POINT('Origin',(192.,-17.,-23.));
#9857=CARTESIAN_POINT('',(192.,-17.,-23.));
#9858=CARTESIAN_POINT('Origin',(192.,17.,-23.));
#9859=CARTESIAN_POINT('',(192.,17.,-23.));
#9860=CARTESIAN_POINT('Origin',(192.,23.,-17.));
#9861=CARTESIAN_POINT('Origin',(176.,2.22044604925031E-15,-16.5));
#9862=CARTESIAN_POINT('Origin',(117.25,25.9540742406952,-16.9524638418278));
#9863=CARTESIAN_POINT('Origin',(112.25,0.,-18.25));
#9864=CARTESIAN_POINT('Origin',(93.5,0.,0.));
#9865=CARTESIAN_POINT('Origin',(74.75,0.,0.));
#9866=CARTESIAN_POINT('Origin',(56.,0.,0.));
#9867=UNCERTAINTY_MEASURE_WITH_UNIT(LENGTH_MEASURE(0.01),#9871,
'DISTANCE_ACCURACY_VALUE',
'Maximum model space distance between geometric entities at asserted c
onnectivities');
#9868=UNCERTAINTY_MEASURE_WITH_UNIT(LENGTH_MEASURE(0.01),#9871,
'DISTANCE_ACCURACY_VALUE',
'Maximum model space distance between geometric entities at asserted c
onnectivities');
#9869=(
GEOMETRIC_REPRESENTATION_CONTEXT(3)
GLOBAL_UNCERTAINTY_ASSIGNED_CONTEXT((#9867))
GLOBAL_UNIT_ASSIGNED_CONTEXT((#9871,#9873,#9874))
REPRESENTATION_CONTEXT('','3D')
);
#9870=(
GEOMETRIC_REPRESENTATION_CONTEXT(3)
GLOBAL_UNCERTAINTY_ASSIGNED_CONTEXT((#9868))
GLOBAL_UNIT_ASSIGNED_CONTEXT((#9871,#9873,#9874))
REPRESENTATION_CONTEXT('','3D')
);
#9871=(
LENGTH_UNIT()
NAMED_UNIT(*)
SI_UNIT(.MILLI.,.METRE.)
);
#9872=(
LENGTH_UNIT()
NAMED_UNIT(*)
SI_UNIT(.CENTI.,.METRE.)
);
#9873=(
NAMED_UNIT(*)
PLANE_ANGLE_UNIT()
SI_UNIT($,.RADIAN.)
);
#9874=(
NAMED_UNIT(*)
SI_UNIT($,.STERADIAN.)
SOLID_ANGLE_UNIT()
);
#9875=SHAPE_DEFINITION_REPRESENTATION(#9876,#9877);
#9876=PRODUCT_DEFINITION_SHAPE('',$,#9879);
#9877=SHAPE_REPRESENTATION('',(#3993),#9869);
#9878=PRODUCT_DEFINITION_CONTEXT('part definition',#9883,'design');
#9879=PRODUCT_DEFINITION('UntereHaelfte','UntereHaelfte',#9880,#9878);
#9880=PRODUCT_DEFINITION_FORMATION('',$,#9885);
#9881=PRODUCT_RELATED_PRODUCT_CATEGORY('UntereHaelfte','UntereHaelfte',
(#9885));
#9882=APPLICATION_PROTOCOL_DEFINITION('international standard',
'automotive_design',2009,#9883);
#9883=APPLICATION_CONTEXT(
'Core Data for Automotive Mechanical Design Process');
#9884=PRODUCT_CONTEXT('part definition',#9883,'mechanical');
#9885=PRODUCT('UntereHaelfte','UntereHaelfte',$,(#9884));
#9886=PRESENTATION_STYLE_ASSIGNMENT((#9887));
#9887=SURFACE_STYLE_USAGE(.BOTH.,#9890);
#9888=SURFACE_STYLE_RENDERING_WITH_PROPERTIES($,#9894,(#9889));
#9889=SURFACE_STYLE_TRANSPARENT(0.);
#9890=SURFACE_SIDE_STYLE('',(#9891,#9888));
#9891=SURFACE_STYLE_FILL_AREA(#9892);
#9892=FILL_AREA_STYLE('',(#9893));
#9893=FILL_AREA_STYLE_COLOUR('',#9894);
#9894=COLOUR_RGB('',0.749019607843137,0.749019607843137,0.749019607843137);
ENDSEC;
END-ISO-10303-21;
